case,time_s,current_A,current_density_A_cm2,temperature_experiment_C,temperature_model_C,voltage_experiment_V,voltage_model_V,temperature_min_C,temperature_max_C,ice_fraction_average,ice_fraction_max,ice_fraction_ccl_average,liquid_fraction_max,gas_porosity_min,gas_porosity_ccl_average,d_h2_effective_average_m2_s,d_o2_effective_average_m2_s,d_o2_effective_ccl_average_m2_s,d_water_cathode_average_m2_s,d_liquid_capillary_cathode_average_m2_s,lambda_pem_average,lambda_pem_min,lambda_pem_max,membrane_water_average_kg_m3,anode_pem_water_flux_kg_m2_s,pem_cathode_water_flux_kg_m2_s,active_area_factor,reversible_voltage_V,activation_loss_V,ohmic_loss_V,concentration_loss_V,limiting_current_A_m2,exchange_current_density_A_m2,hydration_activity_factor,effective_exchange_current_density_A_m2,transport_limited,electrochemical_heat_average_W_m3,phase_change_heat_average_W_m3,current_residual_max_A_m2,water_balance_residual_kg_m2_s,temperature_error_C,voltage_error_V
-20C,0.0,2.0,0.006,-19.99535477911209,-19.999999999999943,0.799,0.8004105944645273,-20.0,-20.0,0.0,0.0,0.0,0.0,0.3916,0.4207,5.8250858666895474e-05,1.131008128078977e-05,4.508498249818243e-06,1.2749546171072103e-05,2.5700596554644503e-08,3.0,3.0,3.0,116.09999999999997,-1.1443590000000278e-08,1.1443590000000278e-08,1.0,1.2587413364496227,0.4569164793598695,0.0014129888211639006,1.27380406196203e-06,256902.0089629809,0.11196583330000066,1.0,0.11196583330000066,False,124809.8081791502,0.0,7.105427357601002e-15,8.470329472543003e-22,-0.00464522088785202,0.0014105944645272928
-20C,0.2,2.1,0.006,-19.99535477911209,-19.998304915415332,0.799,0.8004171282602417,-19.999138324423456,-19.997937485562858,0.0,0.0,0.0,0.0,0.3916,0.4207,5.8251553042643224e-05,1.1310219706501729e-05,4.508530179989924e-06,1.274970221460195e-05,2.5702630791933808e-08,2.9999901433333336,2.9930490326922023,3.0069072829005963,116.09961854699999,-1.1408897065673346e-08,3.088031357249987e-09,1.0,1.2587385890822782,0.4569072134418067,0.0014129733181495962,1.2740620802495447e-06,256851.7078635938,0.11198628595699832,0.999986857842547,0.1119848142155957,False,124808.60821666819,0.0,7.105427357601002e-15,4.235164736271502e-22,-0.0029501363032409245,0.0014171282602416513
-20C,0.4,2.0,0.007,-19.993905207799145,-19.996809947339813,0.8,0.7889797737988764,-19.998026405643714,-19.996203941960545,0.0,0.0,0.0,0.0,0.3916,0.4207,5.825215655412571e-05,1.1310340153099105e-05,4.508566540003176e-06,1.2749837990766265e-05,2.5704398558448797e-08,2.9999838998220048,2.9887445280057627,3.0112251188971073,116.09937692311156,-1.1392256848949339e-08,2.3632402295270117e-09,1.0,1.258737207813773,0.46810750300812676,0.0016484445656924278,1.486441077490531e-06,256852.1229173908,0.11200432690888683,0.9999785332688164,0.11200192254210967,False,148060.65452732978,0.0,1.4210854715202004e-14,1.0587911840678754e-21,-0.0029047395406678334,-0.01102022620112364
-20C,0.6,2.0,0.007,-19.992502715071993,-19.99509136852575,0.8,0.788987763813756,-19.99664670702768,-19.994286307677754,0.0,0.0,0.0,0.0,0.3916,0.4207,5.825284898951201e-05,1.1310477818842945e-05,4.508611265879965e-06,1.2749993177604775e-05,2.5706418265957238e-08,2.999977975573991,2.9862684487644304,3.0137124171510803,116.09914765471345,-1.1382686854384271e-08,2.3719053852508247e-09,1.0,1.2587354520164655,0.468097790260278,0.0016484114473214724,1.4864951101456098e-06,256844.53125297662,0.11202506967456254,0.9999706344220363,0.11202177999364511,False,148058.9425559751,0.0,1.4210854715202004e-14,0.0,-0.002588653453756251,-0.011012236186244029
-20C,0.8,2.1,0.006,-19.99106601796501,-19.993533035924827,0.8,0.8004397317871126,-19.99521179242592,-19.99262387502091,0.0,0.0,0.0,0.0,0.3916,0.4207,5.825347333941632e-05,1.1310601528849722e-05,4.508656406988176e-06,1.2750132632521502e-05,2.5708231955192882e-08,2.999971976587869,2.9855728080295614,3.014410165928558,116.0989154939505,-1.1380003806045135e-08,3.108952320015807e-09,1.0,1.2587340976863113,0.4568801998818131,0.001412891917101931,1.2741002837759157e-06,256848.84805305867,0.11204388139060355,0.9999626359740301,0.1120396949801095,False,124804.45697206381,0.0,7.105427357601002e-15,7.411538288475128e-22,-0.0024670179598160757,0.0004397317871125406
-20C,1.0,2.0,0.006,-19.98963334868654,-19.992247410573782,0.8,0.800445922398371,-19.993864435352748,-19.99135043221193,0.0,0.0,0.0,0.0,0.3916,0.4207,5.825398668015365e-05,1.131070228227449e-05,4.508698011976162e-06,1.2750246209109425e-05,2.5709707816973458e-08,2.9999657364694796,2.9851270286686313,3.014847042205526,116.09867400136886,-1.1378280046715759e-08,3.113519954175827e-09,1.0,1.2587331097681485,0.4568730524517519,0.0014128608409800629,1.2740770455229995e-06,256854.83649299006,0.11205940327155288,0.9999543160752931,0.11205428395821111,False,124803.32003703012,0.0,7.105427357601002e-15,4.499862532288471e-22,-0.002614061887243224,0.00044592239837093484
-20C,1.2,2.0,0.007,-19.988242898954383,-19.990952358210905,0.8,0.7890073727947566,-19.992537521310766,-19.990071176161962,0.0,0.0,0.0,0.0,0.3916,0.4207,5.825450567779031e-05,1.1310803693010441e-05,4.508739263680212e-06,1.2750360526666316e-05,2.5711193522885988e-08,2.9999594951296165,2.983655789963241,3.0163170282264207,116.0984324615161,-1.1372588539521373e-08,2.3854702612427545e-09,1.0,1.2587319700595776,0.468074806620457,0.0016483041905762717,1.4864537876907135e-06,256855.8692709516,0.1120750409832697,0.9999459945999086,0.11206898832584114,False,148054.7410601991,0.0,1.4210854715202004e-14,0.0,-0.0027094592565219955,-0.01099262720524341
-20C,1.4,2.1,0.007,-19.986818077674656,-19.989339571822313,0.8,0.7890148625895539,-19.99106015894975,-19.988403328085184,0.0,0.0,0.0,0.0,0.3916,0.4207,5.8255155806991173e-05,1.131093097793075e-05,4.5087862051850925e-06,1.2750504011485572e-05,2.57130596752472e-08,2.9999535697619417,2.9829163848152183,3.0170535265225187,116.09820314978712,-1.1369732061750665e-08,2.3874273821812192e-09,1.0,1.2587303408970312,0.4680657272690177,0.0016482645328739448,1.4865055857469983e-06,256848.55627251032,0.11209451814945155,0.9999380944530855,0.11208757887699938,False,148053.13626792544,0.0,1.4210854715202004e-14,1.0587911840678754e-22,-0.002521494147657677,-0.010985137410446155
-20C,1.6,1.8,0.007,-19.985473550325025,-19.987760617840763,0.8,0.7890223240286611,-19.98954580488393,-19.986786813914478,0.0,0.0,0.0,0.0,0.3916,0.4207,5.825579099844164e-05,1.1311055201655352e-05,4.508833721372385e-06,1.27506440455024e-05,2.571488055380682e-08,2.9999476448440068,2.9824093462521497,3.0175560894939975,116.09797385546305,-1.1367773679130766e-08,2.390071577249499e-09,1.0,1.2587288840628672,0.46805685039685696,0.0016482231240251203,1.4865133240349614e-06,256848.82111620778,0.11211358976983582,0.999930194952696,0.11210576367539851,False,148051.5375512511,0.0,1.4210854715202004e-14,-3.970466940254533e-22,-0.0022870675157378173,-0.010977675971338918
-20C,1.8,2.2,0.006,-19.984094614370747,-19.98620699300463,0.8,0.8004746046611284,-19.988011147557586,-19.985221501948587,0.0,0.0,0.0,0.0,0.3916,0.4207,5.825641558908627e-05,1.1311177065992139e-05,4.508881655586273e-06,1.2750781419845682e-05,2.5716666556499214e-08,2.9999417195593745,2.983262080487875,3.0166847706203317,116.09774454694777,-1.137107552554273e-08,3.1215323028330195e-09,1.0,1.258727559040085,0.4568389568236833,0.0014127234276447844,1.2741276286525557e-06,256850.76816604394,0.11213235838343015,0.9999222950102098,0.11212364513966681,False,124798.05240383318,0.0,7.105427357601002e-15,3.441071348220595e-22,-0.0021123786338819173,0.00047460466112836386
-20C,2.0,2.0,0.007,-19.98264301189576,-19.984979727893347,0.8,0.7890356695500839,-19.9866329363243,-19.984061341176613,0.0,0.0,0.0,0.0,0.3916,0.4207,5.825690665712481e-05,1.131127214826782e-05,4.508923708343647e-06,1.2750888603501904e-05,2.571805883134576e-08,2.999935477863599,2.982435820829258,3.017503482469364,116.09750299332129,-1.1367876693395884e-08,2.3928006452244163e-09,1.0,1.2587266805995163,0.46804138418384966,0.001648140402103915,1.4864634788984666e-06,256860.25387309992,0.11214718645650171,0.9999139732601633,0.11213753879966899,False,148048.67808844242,0.0,1.4210854715202004e-14,-2.9116757561866574e-22,-0.002336715997586225,-0.010964330449916182
-20C,2.2,2.1,0.006,-19.981233739111815,-19.983487073173876,0.8,0.8004875479833239,-19.985177262670135,-19.98256581552127,0.0,0.0,0.0,0.0,0.3916,0.4207,5.8257508172476546e-05,1.1311389120777847e-05,4.508969413274944e-06,1.2751020463422298e-05,2.5719773336380495e-08,2.9999294765833495,2.983107638962551,3.0168147606201363,116.09727074377564,-1.1370479386837473e-08,3.1230482549138207e-09,1.0,1.258725219782725,0.4568237425593169,0.0014126551270135757,1.2741130706206655e-06,256856.46184416243,0.11216522347109796,0.9999059720934489,0.11215467680994713,False,124795.67530150161,0.0,7.105427357601002e-15,4.235164736271502e-22,-0.0022533340620611853,0.00048754798332384386
-20C,2.4,2.0,0.006,-19.97982836914474,-19.98224486698578,0.8,0.8004935204066017,-19.98383451636809,-19.981374282053935,0.0,0.0,0.0,0.0,0.3916,0.4207,5.8258006785557864e-05,1.1311485568403234e-05,4.509010698718547e-06,1.2751129186200012e-05,2.5721186068576918e-08,2.9999232344975,2.983481130231591,3.0164253349490493,116.09702917505322,-1.1371924581443498e-08,3.124415425327489e-09,1.0,1.2587242733885193,0.456816857193981,0.0014126216982399402,1.2740896965995296e-06,256862.43368350627,0.11218023615286567,0.9998976499252279,0.11216875449730747,False,124794.57843772238,0.0,7.105427357601002e-15,3.441071348220595e-22,-0.0024164978410396998,0.0004935204066016663
-20C,2.6,2.0,0.006,-19.978465069634865,-19.98098585853046,0.8,0.8004993956848565,-19.98251923374687,-19.98015435549806,0.0,0.0,0.0,0.0,0.3916,0.4207,5.825851326682273e-05,1.1311583541484084e-05,4.509051465683079e-06,1.2751239628582058e-05,2.5722621506294287e-08,2.999916991268462,2.983722057070419,3.0161688294452844,116.09678756208945,-1.1372856628789528e-08,3.1240573677756395e-09,1.0,1.2587231297179649,0.45680987062799855,0.00141258931122411,1.2740938856332187e-06,256862.86648493508,0.11219545379837811,0.9998893262848308,0.11218303671068115,False,124793.49941508607,0.0,7.105427357601002e-15,5.558653716356346e-22,-0.0025207888955947055,0.0004993956848564629
-20C,2.8,2.0,0.006,-19.977105534431615,-19.979718097334853,0.8,0.800505390076436,-19.98122416227966,-19.978909757948514,0.0,0.0,0.0,0.0,0.3916,0.4207,5.8259023816394026e-05,1.1311682386720434e-05,4.509091732500323e-06,1.2751351054121216e-05,2.5724070000561664e-08,2.99991074773232,2.98385779753891,3.016019461627542,116.09654593724075,-1.1373382656087165e-08,3.12409750702894e-09,1.0,1.258722053270663,0.456802831319549,0.0014125577824854857,1.274092192637654e-06,256864.49387067274,0.11221077917127224,0.999881002286966,0.1121974263451731,False,124792.39851672435,0.0,7.105427357601002e-15,7.080666043453917e-22,-0.0026125629032378583,0.0005053900764359076
-20C,3.0,2.2,0.006,-19.975673343168808,-19.97844911316278,0.8,0.8005113089940689,-19.979936174750634,-19.97765825111125,0.0,0.0,0.0,0.0,0.3916,0.4207,5.825953494093444e-05,1.1311781396786244e-05,4.509131811006136e-06,1.2751462665468129e-05,2.5725521023643553e-08,2.9999045040166292,2.9839529394639515,3.015910581847347,116.09630430544354,-1.1373751341586523e-08,3.1242917187143653e-09,1.0,1.2587208943246324,0.4567957846612305,0.001412526572555262,1.2740967776944894e-06,256864.85695342039,0.11222612127082417,0.9998726781016987,0.11221183242802497,False,124791.31147950991,0.0,7.105427357601002e-15,3.705769144237564e-22,-0.0027757699939741087,0.0005113089940688154
-20C,3.2,2.1,0.006,-19.974206805547624,-19.977180860717965,0.8,0.8005172632165455,-19.97865468049514,-19.97640319079673,0.0,0.0,0.0,0.0,0.3916,0.4207,5.826004576488899e-05,1.1311880409887821e-05,4.509171709959775e-06,1.2751574280237178e-05,2.5726972184323912e-08,2.9998982600591457,2.984011391043984,3.015838983016072,116.09606266428891,-1.1373978331308667e-08,3.1246270076099372e-09,1.0,1.2587197754145625,0.4567887424460573,0.0014124956536727222,1.2740982869893295e-06,256865.83930934258,0.11224145646589452,0.9998643536460485,0.11222623132156272,False,124790.21795839387,0.0,7.105427357601002e-15,5.178150634581953e-22,-0.0029740551703412166,0.0005172632165454383
-20C,3.4,2.0,0.006,-19.972820922226305,-19.975915478543214,0.8,0.8005232424500509,-19.977378847664568,-19.97514863766952,0.0,0.0,0.0,0.0,0.3916,0.4207,5.8260555370521694e-05,1.1311979239400675e-05,4.50921144434382e-06,1.275168568805167e-05,2.572842072274148e-08,2.9998920157981463,2.9840435286574563,3.0157940635368257,116.09582101138825,-1.1374103610915693e-08,3.1250628243538123e-09,1.0,1.2587186990926984,0.45678171757553326,0.0014124649704402162,1.2740966739896313e-06,256867.44815407987,0.11225675889004758,0.9998560288377338,0.11224059715399794,False,124789.11984388415,0.0,7.105427357601002e-15,5.839895124624375e-22,-0.0030945563169098023,0.0005232424500508648
-20C,3.6,2.1,0.006,-19.97143886873448,-19.974652199716445,0.8,0.8005291297651336,-19.976105950061708,-19.973895324272604,0.0,0.0,0.0,0.0,0.3916,0.4207,5.826106409242863e-05,1.1312077920555241e-05,4.50925109113504e-06,1.275179692862591e-05,2.5729867137963413e-08,2.9998857713579685,2.984064945887079,3.015759822637592,116.09557935155337,-1.1374187351116612e-08,3.125538693194189e-09,1.0,1.2587175436799123,0.45677470541300386,0.001412434400436915,1.274101337991879e-06,256867.78952294734,0.11227203780659262,0.9998477038425255,0.11225493920664284,False,124788.03861062745,0.0,7.105427357601002e-15,1.885971796620903e-22,-0.003213330981964191,0.0005291297651335292
-20C,3.8,2.1,0.007,-19.970022418720248,-19.97339272747061,0.8,0.7890897264747878,-19.974837511770318,-19.97264505093048,0.0,0.0,0.0,0.0,0.3916,0.4207,5.8261571234049134e-05,1.1312176320360513e-05,4.509290602309287e-06,1.2751907852042759e-05,2.5731309478923555e-08,2.9998795266157257,2.982925374041941,3.01689537191087,116.09533768002855,-1.1369778152547001e-08,2.395928117585518e-09,1.0,1.2587164722248532,0.46797745179507005,0.0016478074763592707,1.4864786359099687e-06,256869.3895356806,0.11228727260222701,0.9998393784965995,0.11226923685168891,False,148037.09564360225,0.0,1.4210854715202004e-14,2.117582368135751e-22,-0.003370308750362483,-0.010910273525212233
-20C,4.0,2.0,0.006,-19.968648126966286,-19.97189786737684,0.8,0.8005420665715051,-19.97345246872939,-19.97110422051614,0.0,0.0,0.0,0.0,0.3916,0.4207,5.826217479860145e-05,1.1312293985103688e-05,4.509334420223011e-06,1.2752040492298702e-05,2.573303519417992e-08,2.9998735231589087,2.9833967711335054,3.0164101451925625,116.09510534624975,-1.1371606287129261e-08,3.1270835146678075e-09,1.0,1.2587149972823803,0.4567592842810431,0.0014123723030570131,1.2741267751856858e-06,256865.45602793782,0.11230535717647021,0.9998313748758395,0.11228641967167244,False,124785.66270495774,0.0,7.105427357601002e-15,6.352747104407253e-22,-0.003249740410552704,0.0005420665715050177
-20C,4.2,1.9,0.006,-19.967353781243105,-19.970675272867368,0.8,0.8005478949194115,-19.972151039905697,-19.969913165629094,0.0,0.0,0.0,0.0,0.3916,0.4207,5.826266541884948e-05,1.131238914605247e-05,4.5093744915679825e-06,1.2752147764640963e-05,2.5734429645583513e-08,2.9998672784421596,2.983677631300752,3.016113658769384,116.09486367571157,-1.1372692758227258e-08,3.1287988702676665e-09,1.0,1.2587140268420551,0.4567525174958254,0.0014123403203531463,1.2741064651402134e-06,256870.7904195935,0.11232014993236436,0.9998230496658745,0.11230027484430481,False,124784.59230130186,0.0,7.105427357601002e-15,6.88214269644119e-22,-0.0033214916242627623,0.0005478949194114291
-20C,4.4,2.0,0.006,-19.966062995180636,-19.969437466714425,0.801,0.8005536952165535,-19.970876982732193,-19.96870018806692,0.0,0.0,0.0,0.0,0.3916,0.4207,5.826316335927623e-05,1.1312485668950433e-05,4.509414068151161e-06,1.2752256572271395e-05,2.5735844386369526e-08,2.999861033001078,2.983826996886816,3.0159503108651475,116.0946219771417,-1.1373271254952688e-08,3.1287748687695123e-09,1.0,1.2587129377191357,0.4567456590611505,0.0014123093336215803,1.2741078101793162e-06,256871.7749860353,0.11233512858064115,0.9998147235422578,0.11231431552593771,False,124783.52704930145,0.0,7.105427357601002e-15,7.940933880509066e-22,-0.003374471533788892,-0.00044630478344653834
-20C,4.6,2.0,0.007,-19.964737756967992,-19.96819619108328,0.801,0.789113989578868,-19.96961631191857,-19.967474507358588,0.0,0.0,0.0,0.0,0.3916,0.4207,5.8263663090487643e-05,1.1312582558806185e-05,4.50945329786825e-06,1.2752365793563334e-05,2.5737264682939295e-08,2.999854787261241,2.982760972155267,3.0170119145422007,116.09438026701004,-1.1369146529120792e-08,2.3988053256846968e-09,1.0,1.2587118829474246,0.4679487453081247,0.0016476615742762161,1.4864861557181647e-06,256873.36185360447,0.11235015107175415,0.9998063970723609,0.11232839975358597,False,148031.89693749388,0.0,1.4210854715202004e-14,2.6469779601696886e-22,-0.0034584341152879006,-0.01188601042113202
-20C,4.8,2.0,0.006,-19.963416191841873,-19.96671741246604,0.801,0.8005664574208281,-19.968241598664292,-19.96595378025833,0.0,0.0,0.0,0.0,0.3916,0.4207,5.826426019832266e-05,1.1312698907640686e-05,4.509496771816236e-06,1.2752496950431317e-05,2.5738971270460466e-08,2.999848782830335,2.9832845246602737,3.016473807264028,116.09414789553396,-1.1371176225233578e-08,3.129819926917025e-09,1.0,1.2587104237838251,0.4567304448789742,0.0014122473509236698,1.2741330991410576e-06,256869.4365308038,0.11236805036372872,0.9997983923510226,0.11234539610527472,False,124781.1832101326,0.0,7.105427357601002e-15,6.617444900424221e-22,-0.00330122062416649,-0.0004335425791719416
-20C,5.0,2.0,0.007,-19.962098284320717,-19.965424345532426,0.801,0.7891268785836997,-19.966920481493702,-19.964674094436788,0.0,0.0,0.0,0.0,0.3916,0.4207,5.826478016712435e-05,1.1312799886835837e-05,4.509537807694299e-06,1.2752610781524034e-05,2.5740451568722394e-08,2.9998426195564423,2.9825694524502486,3.0171829894737052,116.0939093768343,-1.136840943052303e-08,2.40103068984251e-09,1.0,1.2587092848445258,0.46793333353004596,0.0016475862116950043,1.486519085118114e-06,256870.48418062812,0.11238370394750434,0.9997901759204151,0.11236012314026321,False,148029.13528968787,0.0,1.4210854715202004e-14,-2.6469779601696886e-22,-0.003326061211708975,-0.01187312141630037
-20C,5.2,2.2,0.007,-19.960707765800493,-19.963891189090646,0.801,0.7891340523399103,-19.965489917172704,-19.963098757516605,0.0,0.0,0.0,0.0,0.3916,0.4207,5.82653988753981e-05,1.1312920531310913e-05,4.509583020008861e-06,1.2752746780750484e-05,2.574222124660365e-08,2.999836689766792,2.982129230278106,3.0176165137730067,116.09367989397482,-1.1366708833281536e-08,2.40148071611753e-09,1.0,1.2587078173090975,0.46792473140666974,0.0016475470155317602,1.4865469858608114e-06,256867.21891527428,0.11240226662040056,0.9997822708018986,0.11237779336502453,False,148027.59821305875,0.0,1.4210854715202004e-14,-3.441071348220595e-22,-0.0031834232901530868,-0.011865947660089748
-20C,5.4,2.0,0.007,-19.95932112290177,-19.962390901943337,0.801,0.7891411681395355,-19.964026057073198,-19.961577054599672,0.0,0.0,0.0,0.0,0.3916,0.4207,5.826600286273896e-05,1.1313038251823934e-05,4.509628815437562e-06,1.2752879483874253e-05,2.5743947640552766e-08,2.999830760107282,2.981874850053927,3.017861769944642,116.09345041615181,-1.1365726358502282e-08,2.4031116784187024e-09,1.0,1.258706486995143,0.4679163260267121,0.001647506279454891,1.4865494405960764e-06,256868.31669901154,0.11242043407917242,0.9997743659037517,0.11239506819612913,False,148026.0735544307,0.0,1.4210854715202004e-14,-4.764560328305439e-22,-0.0030697790415672443,-0.011858831860464547
-20C,5.6,1.9,0.007,-19.958052539033645,-19.960907916164643,0.801,0.7891482476439537,-19.96255152665998,-19.96008931102054,0.0,0.0,0.0,0.0,0.3916,0.4207,5.826659952878351e-05,1.1313154405318473e-05,4.509674829148266e-06,1.2753010420540824e-05,2.5745650889532e-08,2.999824830099674,2.9817250975193894,3.018000887717387,116.09322092485736,-1.1365148236568618e-08,2.4043360996906105e-09,1.0,1.258705223258284,0.4679080242503904,0.0016474648165957975,1.486547344072253e-06,256870.1832607398,0.11243839470425725,0.9997664605884318,0.11241213590772034,False,148024.55667255353,0.0,1.4210854715202004e-14,1.3234889800848443e-22,-0.002855377130998704,-0.011851752356046297
-20C,5.8,2.0,0.006,-19.956787439576374,-19.95951718840098,0.801,0.8006007710165698,-19.961107382293903,-19.958718876434887,0.0,0.0,0.0,0.0,0.3916,0.4207,5.8267158119516723e-05,1.1313262919725333e-05,4.5097195000894325e-06,1.2753132745872193e-05,2.5747241717316002e-08,2.9998188246520194,2.982645537045474,3.017059248644496,116.09298851403317,-1.1368710903316155e-08,3.1354986044514073e-09,1.0,1.258704053150347,0.45668993231087773,0.0014120756803406805,1.2741425589137936e-06,256874.83379265142,0.11245524039706141,0.9997584547514828,0.11242807736807264,False,124774.88135600189,0.0,7.105427357601002e-15,7.940933880509066e-22,-0.002729748824606304,-0.00039922898343025537
-20C,6.0,2.0,0.006,-19.95548786883316,-19.95835624582452,0.802,0.800606291248988,-19.959801414682715,-19.95762930735401,0.0,0.0,0.0,0.0,0.3916,0.4207,5.826762340017731e-05,1.1313352694914786e-05,4.509759445018193e-06,1.2753233946994851e-05,2.5748557053941257e-08,2.999812577559221,2.983185606559875,3.0165006176906486,116.09274675154184,-1.1370799637783265e-08,3.1361992090933153e-09,1.0,1.2587031456684115,0.4566835375849526,0.0014120427126917364,1.2741217791645236e-06,256880.2004124954,0.11246930452473804,0.9997501268294333,0.11244120146302501,False,124773.86753921252,0.0,7.105427357601002e-15,1.852884572118782e-22,-0.0028683769913584456,-0.0013937087510120794
-20C,6.2,2.2,0.005,-19.954115714078767,-19.957247743492047,0.797,0.8141061922398766,-19.958574815350772,-19.9565833581419,0.0,0.0,0.0,0.0,0.3916,0.4207,5.8268068604451674e-05,1.131343843599026e-05,4.509797068722296e-06,1.275333060057084e-05,2.5749813461849888e-08,2.9998062395203067,2.9845266330481732,3.0151340172080694,116.09250146943586,-1.1375988199684737e-08,4.0113940207446485e-09,1.0,1.258702281244039,0.4434183518188292,0.0011766754549839087,1.0617303491659617e-06,256885.4690964498,0.1124827348912454,0.9997416777214138,0.11245367809486669,False,101912.12239977403,0.0,7.105427357601002e-15,4.235164736271502e-22,-0.0031320294132797244,0.017106192239876528
-20C,6.4,3.7,0.01,-19.952086185736107,-19.955922790091563,0.765,0.7625256541888668,-19.957345424177362,-19.955252021471324,0.0,0.0,0.0,0.0,0.3916,0.4207,5.8268605214599104e-05,1.1313542343467746e-05,4.50983632108497e-06,1.2753447732636371e-05,2.5751337840854747e-08,2.9998000279280688,2.9801865681437243,3.019502019895458,116.09226108081626,-1.1359195308471435e-08,8.402520366257141e-10,1.0,1.258700699589707,0.49381960606312936,0.00235331552530611,2.123812404682658e-06,256869.2789957266,0.11249878968029772,0.9997333972287935,0.11246879719121158,False,219612.59437132944,0.0,1.4210854715202004e-14,1.0587911840678754e-21,-0.0038366043554560747,-0.0024743458111332606
-20C,6.6,5.3,0.015,-19.948801165481086,-19.953446724200404,0.739,0.731871773080189,-19.95544007414972,-19.95252134630016,0.0,0.0,0.0,0.0,0.3916,0.4207,5.82696103821154e-05,1.1313740057422152e-05,4.509898964751038e-06,1.2753670610184972e-05,2.5754241823489545e-08,2.999794773752341,2.97206499264473,3.027688948599034,116.09205774421558,-1.1327773523641606e-08,-1.1309204115295547e-06,1.0,1.258698029332681,0.5232931522313335,0.003529917726675255,3.1862944833013933e-06,256850.37777682403,0.11252879847729291,0.9997263930803827,0.1124980098193733,False,343493.2171348996,0.0,2.842170943040401e-14,-2.117582368135751e-21,-0.004645558719317933,-0.007128226919810965
-20C,6.8,6.8,0.02,-19.944201846122212,-19.948906772337182,0.718,0.7098530449525008,-19.952402292493645,-19.947302819985254,0.0,0.0,0.0,0.0,0.3916,0.4207,5.827145875124415e-05,1.1314106006901798e-05,4.510002427879758e-06,1.275408313505294e-05,2.5759620681934012e-08,3.000408163350346,2.9626069095191867,3.0404041064164775,116.11579592165839,-1.129120641231601e-08,-2.959481485700628e-06,1.0,1.2586922525088922,0.5441296747278798,0.004705282887570616,4.2499409409547e-06,256786.44003583377,0.11258383990728406,1.0005443288754154,0.11264512254225074,False,471470.4346786038,0.0,2.842170943040401e-14,4.235164736271502e-22,-0.004704926214969873,-0.008146955047499183
-20C,7.0,9.3,0.025,-19.937825035820026,-19.9429779249933,0.699,0.6926203090092556,-19.948033294479416,-19.940557802549307,0.0,0.0,0.0,0.0,0.3916,0.4207,5.827386023268482e-05,1.1314582476730286e-05,4.510146902013202e-06,1.2754620246495959e-05,2.576662226399016e-08,3.0018796242280876,2.9520400322525004,3.056838570510652,116.17274145762697,-1.1250342577041033e-08,-5.43151674374386e-06,1.0,1.2586858274817405,0.5601822276054491,0.005877976967835035,5.313899200819448e-06,256746.30209190937,0.11265575758096594,1.0025085219462355,0.11293835702122758,False,602525.0160627062,0.0,2.842170943040401e-14,0.0,-0.005152889173274389,-0.006379690990744313
-20C,7.2,11.0,0.032,-19.929496322579922,-19.93543978247996,0.682,0.6733382513629016,-19.942232771768687,-19.93210286533565,0.0,0.0,0.0,0.0,0.3916,0.4207,5.8276907875277474e-05,1.131518692435575e-05,4.510337127919662e-06,1.2755301623819209e-05,2.5775504029398796e-08,3.0047348978056827,2.939020571660813,3.0805980100173653,116.2832405450799,-1.119999238833969e-08,-8.961010555882173e-06,1.0,1.2586777624210528,0.5778175681837141,0.007515138689800936,6.804184636165595e-06,256698.674792565,0.1127472576829113,1.00632815897829,0.11346074025389499,False,790118.6396200537,0.0,5.684341886080802e-14,0.0,-0.005943459900038306,-0.008661748637098454
-20C,7.4,11.7,0.038,-19.92003469485607,-19.925850054072555,0.667,0.6599328656042591,-19.93468421409068,-19.921426879594776,0.0,0.0,0.0,0.0,0.3916,0.4207,5.8280782090023675e-05,1.1315954798642572e-05,4.5105834588601115e-06,1.2756167227560717e-05,2.578678829946468e-08,3.0093315045333773,2.9259882699101523,3.1091703065716483,116.46112922544168,-1.114959804315282e-08,-1.011740490476407e-05,1.0,1.2586677503957333,0.5898188639889507,0.008907937984148693,8.082818374865343e-06,256647.97312305242,0.11286376004583897,1.0125001778351583,0.11427457711755659,False,953858.3136528361,0.0,5.684341886080802e-14,8.470329472543003e-21,-0.005815359216484239,-0.007067134395740915
-20C,7.6,13.3,0.04,-19.909472025613894,-19.915222311554402,0.653,0.6562168521639966,-19.925549059788125,-19.909922365889514,0.0,0.0,0.0,0.0,0.3916,0.4207,5.828506189908654e-05,1.1316800940622453e-05,4.510875785927877e-06,1.2757121060338039e-05,2.579922012608027e-08,3.013666738151639,2.9180013544356513,3.1254665642387067,116.62890276646841,-1.1118712581747172e-08,-2.298184778141807e-05,1.0,1.258657945430418,0.5930724329670418,0.00936015092940221,8.509369977389367e-06,256634.37927007687,0.11299300320430458,1.0183472159606417,0.11506611023613544,False,1008611.1390707112,0.0,5.684341886080802e-14,6.776263578034403e-21,-0.005750285940507638,0.0032168521639965864
-20C,7.8,14.9,0.046,-19.897330862705047,-19.90356192742135,0.64,0.6452234445935335,-19.9154483711917,-19.897402880054898,4.571155805256125e-10,1.4792134417051758e-08,1.3215899129001554e-08,1.2371597535355805e-07,0.3916,0.42069987625139826,5.8289759050013135e-05,1.1317728032882217e-05,4.511197401850657e-06,1.2758166146158135e-05,2.5812845739133196e-08,3.0188845922792638,2.908325355250136,3.142280147673912,116.83083372120747,-1.1081307380934564e-08,-4.203099348469187e-05,0.9999998900507604,1.2586460954096825,0.602671348686128,0.010741513174531602,9.788955489297074e-06,256592.8953252465,0.11313496201033069,1.025418207570084,0.11601063720286009,False,1175381.7431496005,62.09750687839097,5.684341886080802e-14,1.8689781981166137e-18,-0.006231064716303081,0.005223444593533522
-20C,8.0,16.4,0.05,-19.88363509283107,-19.89021638186503,0.628,0.6400974341536402,-19.90381899061512,-19.883126965501845,0.0,0.0,0.0,0.0,0.3916,0.4207,5.829513390734344e-05,1.1318788918770332e-05,4.511572418749162e-06,1.2759362053886557e-05,2.582843821738019e-08,3.036935792155837,2.9009133840978882,3.227698496968306,117.52941515643084,-1.1052655342556903e-08,1.2324783183267642e-08,1.0,1.258633104804147,0.6069293795079791,0.011595648146488986,1.0642996038854045e-05,256558.31804438884,0.11329763954921233,1.0501647128291658,0.1189811831014209,False,1285433.9850724817,171.30441896236132,5.684341886080802e-14,2.7816561987831223e-18,-0.006581289033960047,0.012097434153640174
-20C,8.2,18.2,0.056,-19.868254150812646,-19.8763144055159,0.616,0.6305260803883899,-19.8910310434932,-19.868554349965933,1.8767020490339624e-09,5.8474952618225205e-08,5.4258279594636764e-08,2.1736161784271887e-07,0.3916,0.42069974405560995,5.8300727884046244e-05,1.1319888211349373e-05,4.511972441240986e-06,1.2760601256430204e-05,2.5844600895960302e-08,3.0369257243490537,2.893371660773522,3.1973093632420317,117.52902553230837,-1.102348711728758e-08,-4.181803937971294e-05,0.9999995486000763,1.2586207506997051,0.615099212869894,0.012983535207281903,1.1922234139363942e-05,256557.71966523168,0.11346733026668594,1.0501507872099654,0.11915775241434876,False,1456092.424188864,138.13394860278478,1.1368683772161603e-13,5.178759439512792e-18,-0.008060254703252667,0.014526080388389873
-20C,8.4,19.6,0.061,-19.851221578230565,-19.859760410990276,0.606,0.6250274684905994,-19.876600439154146,-19.85095080487369,0.0,0.0,0.0,0.0,0.3916,0.4207,5.8307399682851075e-05,1.1321203354165942e-05,4.512440523009099e-06,1.2762083781059788e-05,2.5863941974233076e-08,3.0548871714270875,2.8871079741909527,3.280495419766459,118.22413353422826,-1.0999285728368673e-08,1.25291072744965e-08,1.0,1.2586037254190292,0.6195156251243895,0.01404763943609291,1.2992367947396427e-05,256488.0614371786,0.11366969930417939,1.0752159051081887,0.12221946862071888,False,1596367.4448140014,252.50174319482525,1.1368683772161603e-13,-1.531435568635775e-18,-0.008538832759711568,0.019027468490599442
-20C,8.6,21.4,0.066,-19.83252215544735,-19.84249840681764,0.595,0.6182254207442721,-19.860734937589314,-19.832867563993375,2.7083145719094096e-09,8.327037253675356e-08,7.830144872945165e-08,3.0953052752525614e-07,0.3916,0.42069963064045274,5.8314352916021064e-05,1.1322567388656257e-05,4.512935285131501e-06,1.2763621419939782e-05,2.5884013628955507e-08,3.054877038608884,2.8815705975677184,3.2480270838836196,118.2237413941638,-1.0977875475964566e-08,-4.162176873530863e-05,0.9999993485737898,1.2585883820069468,0.6251555737198078,0.015193327846483244,1.4059696383716528e-05,256487.16766685146,0.1138810797792986,1.075201639556006,0.12244504392914729,False,1740958.7459711675,205.0824316283412,1.1368683772161603e-13,-1.3484764520288461e-18,-0.009976251370289901,0.02322542074427214
-20C,8.8,23.8,0.074,-19.81157153000359,-19.82267021370339,0.586,0.6099538308720597,-19.84317128346956,-19.811920813200487,0.0,0.0,0.0,0.0,0.3916,0.4207,5.832234201307178e-05,1.1324140706272016e-05,4.51350444689657e-06,1.2765394977979362e-05,2.5907168281615247e-08,3.0727542884052057,2.873504451714774,3.333082632671401,118.91559096128145,-1.0946696847418929e-08,1.273261978843863e-08,1.0,1.2585682377788219,0.631675766930549,0.016922867864801388,1.577211141178773e-05,256413.9149044774,0.1141243337812216,1.10059190691072,0.12560431814119016,False,1970719.8198796322,333.0323922554681,1.1368683772161603e-13,2.8223137802513287e-18,-0.011098683699799494,0.02395383087205971
-20C,9.0,25.1,0.078,-19.7886399100623,-19.801310901808165,0.576,0.6053091599922749,-19.823672401416417,-19.789513590569186,4.288319466004854e-09,1.1298413701691765e-07,1.0711302103037682e-07,4.1998178412581313e-07,0.3916,0.42069949473156415,5.833095359200515e-05,1.1325828571776622e-05,4.514111953055726e-06,1.2767297662730008e-05,2.5932031714426267e-08,3.072744090588714,2.868118373976172,3.3008010662762515,118.91519630578323,-1.0925877986749037e-08,-4.1417541670092494e-05,0.9999991088769812,1.2585490610031367,0.6353936653832322,0.01782960768492409,1.662794270546091e-05,256404.93919192307,0.11438691030293686,1.1005772964637104,0.12589152430710804,False,2088334.4205877737,225.90775246001934,1.1368683772161603e-13,3.1213164106320967e-18,-0.012670991745864058,0.029309159992274902
-20C,9.2,26.7,0.083,-19.764193545311173,-19.77865515506113,0.568,0.6015226040006381,-19.80284519346,-19.76617406970655,1.7848332396274109e-06,5.025114468932316e-05,4.9195870034473e-05,0.00018639880718194962,0.3916,0.4204683329793902,5.8339996291547476e-05,1.1327338490848684e-05,4.5112176346051325e-06,1.2768999753320337e-05,2.595756818332872e-08,3.090576397109756,2.863476756074065,3.378357610874991,119.60530656814754,-1.0907944044679843e-08,-4.1130227736661276e-05,0.9995907764092504,1.2585282032596738,0.6381400248754445,0.018847873638398085,1.7700745193189805e-05,256352.92634271074,0.11466603601737668,1.1263488379197304,0.1291011035712297,False,2231821.9733072245,18427.106937908633,1.1368683772161603e-13,-3.3745792618611326e-18,-0.014461609749957915,0.03352260400063811
-20C,9.4,27.8,0.09,-19.738355627919475,-19.75380873174518,0.559,0.5959699338059451,-19.77994875855265,-19.740032869078675,5.820940499202382e-10,1.5430296107980903e-08,0.0,1.2905358860690318e-07,0.3916,0.4207,5.835006039265988e-05,1.1329588621962767e-05,4.515510295235756e-06,1.2771536264758028e-05,2.5987436426492262e-08,3.1082623934005125,2.8579552196046225,3.4305151838076737,120.28975462459981,-1.0886611447540848e-08,1.3109683761336016e-08,1.0,1.2585034509285788,0.6422102009283214,0.020304115559898313,1.920063441405286e-05,256319.01019121477,0.11497287708260653,1.1523533719706518,0.1324893825913089,False,2435344.534969848,396.6956466704848,1.1368683772161603e-13,6.532318089225164e-18,-0.015453103825706194,0.03696993380594504
-20C,9.6,29.4,0.092,-19.711132557521893,-19.727444879638995,0.551,0.5940272325943693,-19.756797331439373,-19.712907500075772,1.7321930000407115e-06,3.531374936700096e-05,3.530756170055598e-05,0.00013126737862663505,0.3916,0.4205334483036726,5.8360595397240615e-05,1.1331380120647963e-05,4.513710976369628e-06,1.2773555772366796e-05,2.6017299565147592e-08,3.108252059071695,2.85712347829396,3.3907575833929755,120.2893546860746,-1.0883417289827844e-08,-4.10792327957992e-05,0.9997062907001745,1.2584801928203182,0.6436928600140543,0.020740468219877652,1.963199201692485e-05,256294.6824222106,0.11529928946975106,1.152338046701725,0.13282473469233133,False,2494934.0251398236,17621.499648811812,1.1368683772161603e-13,-2.7223638924753213e-18,-0.016312322117101985,0.04302723259436925
-20C,9.8,30.9,0.097,-19.682289826550175,-19.700318669864117,0.544,0.5909209682338431,-19.7298646921316,-19.68479693625528,3.6375173304343317e-06,8.951589746416437e-05,8.843449098870546e-05,0.000228958030408015,0.3916,0.42038751722027823,5.837155119810604e-05,1.133341289507323e-05,4.512150039202189e-06,1.2775847263537097e-05,2.604874679689789e-08,3.125899069671855,2.8548519821037885,3.467919964524868,120.97229399630078,-1.0874650020037649e-08,-4.078961021121291e-05,0.9992644654442083,1.2584542679219277,0.6457857265935567,0.021726865504805824,2.0707589722012193e-05,256240.3223453045,0.11563603676973391,1.1787312188688912,0.13620355040694057,False,2639751.0278946194,21587.02423093802,1.1368683772161603e-13,-1.5043305143236374e-18,-0.01802884331394239,0.04692096823384306
-20C,10.0,32.7,0.102,-19.651711527514692,-19.672347836343732,0.538,0.5880142482483666,-19.70307080452912,-19.650108974547237,5.086190414793658e-06,0.00014086999001499144,0.00013849251150492586,0.00019102592810565886,0.3916,0.42037543328568794,5.838284027446457e-05,1.1335633460425271e-05,4.512752668849467e-06,1.2778350446297578e-05,2.6081514899162262e-08,3.1434609712663404,2.8535411926442005,3.5108754022544293,121.65193958800735,-1.086959945353432e-08,-4.0626275291729524e-05,0.9988482902000893,1.2584297973377474,0.6476962267521045,0.022697543766935196,2.1778570341123946e-05,256251.54465508435,0.11598422345369534,1.2054446434677109,0.1396515373924926,False,2784895.827323741,18589.88946367191,1.1368683772161603e-13,-7.77237432400546e-18,-0.020636308829040217,0.05001424824836653
-20C,10.2,34.1,0.106,-19.619464591518124,-19.642755012609143,0.531,0.5861952108860343,-19.675014772465374,-19.623247203518957,6.553123391490444e-06,0.00018684903615840342,0.00018308577161708025,0.00017099843439685213,0.3916,0.42035115352061103,5.839475808323396e-05,1.1337938898224574e-05,4.513279609815603e-06,1.2780949303453157e-05,2.611600228228831e-08,3.1609525326939187,2.854545289470486,3.5488802505227754,122.32886301525465,-1.0873508678592831e-08,-4.048234687315444e-05,0.9984776525849633,1.2584025594314985,0.6487520206556887,0.02343268869093917,2.2639198836284163e-05,256227.23784799394,0.11635365839815785,1.2324998578761122,0.14318755388749826,False,2900009.416776258,16383.21487721919,2.2737367544323206e-13,-1.1838132470826102e-17,-0.023290421091019198,0.055195210886034296
-20C,10.4,35.9,0.113,-19.58555566752341,-19.611048280939457,0.525,0.5810825512825837,-19.64547201595937,-19.59331398663963,3.8165584858735486e-06,9.820327788767527e-05,8.217151516735429e-05,0.00018747452103334969,0.3916,0.42043038183330533,5.840748487035526e-05,1.134022641751788e-05,4.515476017084299e-06,1.2783527961565611e-05,2.615180740662062e-08,3.1696620407156217,2.853316261425916,3.535382746735098,122.66592097569455,-1.0868771822488372e-08,-4.052648601402843e-05,0.999316551119543,1.2583718417287941,0.6523794052293871,0.024885739813259613,2.414540356376507e-05,256176.03582929916,0.11675069297378413,1.2461399420545798,0.1453882683702835,False,3109203.2967575155,34938.556994087485,0.0,2.2971533529536625e-18,-0.02549261341604847,0.05608255128258366
-20C,10.6,37.4,0.117,-19.54993045199214,-19.57819027893194,0.52,0.5795342272497142,-19.61406778398276,-19.544987313752415,6.874981541499459e-06,0.00016640501579315764,0.00014887876393181662,0.00025364464758575404,0.3916,0.42030315919743705,5.842077001735802e-05,1.1342759540894791e-05,4.514570970302581e-06,1.278638348246322e-05,2.6190119992027928e-08,3.1871106269189786,2.8538558734711637,3.6005420614180452,123.34118126176445,-1.0870884488103533e-08,-4.0283231535265394e-05,0.9987619646073026,1.2583431160138607,0.6531815666680266,0.02560231618721452,2.5005908905450857e-05,256169.88893498274,0.11716346809341077,1.2738067173014147,0.1490588438050851,False,3224808.552549233,18338.00470269634,2.2737367544323206e-13,-2.6359665318553827e-17,-0.028259826939802224,0.05953422724971413
-20C,10.8,39.6,0.126,-19.512346954953415,-19.54298674379956,0.513,0.5740293971072963,-19.58085946619306,-19.523170908959514,8.812686532425123e-06,0.00022981183427946757,0.00021044486725170768,0.000257508724493456,0.3916,0.42024032862531463,5.8434988889972604e-05,1.1345595876522597e-05,4.514427633120912e-06,1.2789580806261837e-05,2.6232002418190327e-08,3.2044342010130995,2.849988323464484,3.6493650975444933,124.01160357920693,-1.085594313217317e-08,-4.010018941999013e-05,0.9982503160098041,1.2583088740758603,0.6568530119533176,0.027399519337514697,2.6945677731814e-05,256096.4077505179,0.11760720887074254,1.3017285031278012,0.15282479219119993,False,3494101.4987597396,23674.950650705407,2.2737367544323206e-13,-2.6969529040576923e-18,-0.03063978884614471,0.06102939710729627
-20C,11.0,40.5,0.131,-19.473188116194308,-19.505331664900694,0.511,0.571960660439305,-19.545897134235275,-19.4851118190833,1.4549447172835242e-05,0.00032179857293655685,0.00030056276712021407,0.0003419307175955862,0.3916,0.4200644538760638,5.844992864704527e-05,1.1347859468615194e-05,4.512948735153975e-06,1.2792132491893495e-05,2.6274055461417398e-08,3.2216992024773448,2.848732559431926,3.6892509347105915,124.67975913587324,-1.0851113745201394e-08,-3.9958271888590776e-05,0.9975017230501498,1.2582758635343794,0.6579799531424099,0.02830722514256632,2.802481009815349e-05,256069.491771246,0.11808357462243674,1.3300101015290056,0.1566599868138839,False,3641051.529918918,46260.45690969701,2.2737367544323206e-13,-1.3566079683224874e-17,-0.03214354870638658,0.06096066043930504
-20C,11.2,41.9,0.134,-19.432962161201402,-19.467327324285122,0.507,0.5715230864166655,-19.508730731094857,-19.428839691091014,1.7008588334344557e-05,0.0003903915187045957,0.00036682600427373176,0.0002550593141819548,0.3916,0.4200868620906502,5.846551447017921e-05,1.1351231235938433e-05,4.514117495486498e-06,1.279593339323969e-05,2.632038940477671e-08,3.2389030873627336,2.851101272319975,3.7247969435344794,125.34554948093778,-1.0860309739175876e-08,-3.9822800189335975e-05,0.9969515438065082,1.258240896999408,0.6579191422958784,0.0287699948004982,2.867348636594605e-05,256061.4333502155,0.1185661709983928,1.3586475033944903,0.16059855752698046,False,3726229.152744622,21712.85101715896,2.2737367544323206e-13,2.910405206765776e-18,-0.03436516308372006,0.06452308641666549
-20C,11.4,43.8,0.143,-19.39104885190491,-19.427033433910935,0.504,0.566695611648793,-19.470614116854335,-19.40083122523319,2.3101927969441924e-05,0.0004845486531006669,0.0004588751766945413,0.0003791431178807787,0.3916,0.41987276716013455,5.848174790893907e-05,1.1353663979749525e-05,4.511973068409751e-06,1.2798675758990374e-05,2.63652473029808e-08,3.256033808945534,2.848653264782127,3.7668847353555726,126.00850840619218,-1.0850858718352662e-08,-3.9674227593260305e-05,0.9961876241378782,1.2582023592472342,0.660964070996432,0.03051205539823589,3.062120377337352e-05,255964.51294200702,0.11907983652298033,1.3876201701486224,0.16460763524427766,False,3997628.635880703,22486.833897823886,2.2737367544323206e-13,2.204657355113493e-17,-0.0359845820060265,0.062695611648793
-20C,11.6,45.4,0.144,-19.34733006577775,-19.382912034705015,0.501,0.567816870261873,-19.43061888813068,-19.358294200028524,3.461645454661485e-05,0.0006029677405553149,0.0005750080759990224,0.0004402557634588228,0.3916,0.419693306450766,5.849872897108662e-05,1.13559038983181e-05,4.510673375588981e-06,1.280120075810404e-05,2.6414777961086053e-08,3.2731153665033608,2.85304806656142,3.7990975788205557,126.66956468368002,-1.0867898400205529e-08,-3.956320185666326e-05,0.9952244291185727,1.2581638545331915,0.6597869989514469,0.030529140561991717,3.084475787984085e-05,255935.94403732457,0.11964465946876263,1.4169686222501199,0.16872311272638083,False,4020641.894162544,107282.3817475911,2.2737367544323206e-13,3.916680348103885e-18,-0.035581968927264285,0.066816870261873
-20C,11.8,47.1,0.15,-19.301939615369232,-19.340215197375755,0.498,0.565397553778434,-19.388186202704134,-19.31653175313096,4.420355765149563e-05,0.0007121387887465754,0.0006816991062764781,0.000492071369859109,0.3916,0.41953607923403924,5.851611874729023e-05,1.1358492027714865e-05,4.509275316745456e-06,1.2804118285787664e-05,2.646283712739007e-08,3.290134521503063,2.8545502077565046,3.8360228553757647,127.32820598216853,-1.0873727670929503e-08,-3.943246402487123e-05,0.9943401314998915,1.2581236926695094,0.6610927528759403,0.03160123902201878,3.2146993116263746e-05,255873.6628128872,0.1201936081256782,1.4466704187871717,0.1728963964262885,False,4199276.6125875395,132286.42765327127,2.2737367544323206e-13,4.87890977618477e-18,-0.03827558200652348,0.06739755377843404
-20C,12.0,48.3,0.154,-19.25513738408463,-19.29737686836907,0.495,0.5644590889935013,-19.345218245551763,-19.240006491579294,5.3769185989373086e-05,0.000826061066298892,0.0007927449200126908,0.00042380006231770634,0.3916,0.41949447890294755,5.853394065906508e-05,1.1362042064505593e-05,4.509916988018923e-06,1.280812014544267e-05,2.6514374817095804e-08,3.3071119505329296,2.8576973162909267,3.869696810882687,127.98523248562438,-1.0885934999490339e-08,-3.930922979269441e-05,0.9934203370218533,1.2580865085125477,0.6613548377352982,0.032239572533531984,3.300925021620213e-05,255898.0812673616,0.12074672027437881,1.476762201269851,0.17714094513810663,False,4315681.061983494,18125.00722647829,2.2737367544323206e-13,2.2595450900955716e-17,-0.042239484284440465,0.06945908899350128
-20C,12.2,50.9,0.162,-19.206363781584567,-19.252468587179692,0.493,0.5609161310521991,-19.301766718644274,-19.194425655686217,6.078565126544481e-05,0.0009310217139204181,0.0008946001479147324,0.0003905492433096807,0.3916,0.4194267867596025,5.8552114962566584e-05,1.1365658944186068e-05,4.510252245496611e-06,1.2812197355264293e-05,2.6568469608070934e-08,3.32403630185825,2.85676999657,3.9088902144119717,128.64020488191426,-1.088236832914605e-08,-3.9165270327696116e-05,0.992577204370547,1.2580459327518714,0.6633871346369868,0.033707930354201096,3.473670848441576e-05,255890.06343064609,0.12132909003025272,1.5072247375276826,0.18151279771039172,False,4557440.672468435,28350.637645074745,2.2737367544323206e-13,-5.875020522155827e-18,-0.04610480559512453,0.06791613105219907
-20C,12.4,52.2,0.167,-19.155564528274223,-19.203316117546223,0.49,0.5594916923722125,-19.25589870921158,-19.177173928997604,6.674530284235654e-05,0.0010318696142020544,0.000992398248178423,0.00045652066688235595,0.3916,0.4192636738489433,5.857173325114061e-05,1.1368682301999092e-05,4.509000709704699e-06,1.2815605504071706e-05,2.6624091084988288e-08,3.3408830146560677,2.8571702805594463,3.947642391781601,129.29217266718982,-1.08839508406779e-08,-3.902711258475239e-05,0.9917681374941137,1.257998615281826,0.6639333143349431,0.034537773174910476,3.583539976005957e-05,255775.33035081124,0.12196948045596212,1.5380131730515312,0.1860464470680263,False,4705383.7579994025,94261.42537908994,2.2737367544323206e-13,-8.267041565201971e-18,-0.04775158927199996,0.06949169237221253
-20C,12.6,53.9,0.172,-19.103318246367817,-19.153435006316954,0.489,0.5581309522942368,-19.20826072936103,-19.096361397251712,7.657285714766538e-05,0.0011505582000549415,0.0011076766989295557,0.0004416640876425578,0.3916,0.419163813911751,5.859153488833203e-05,1.137253174039058e-05,4.5090531723259244e-06,1.2819944870985748e-05,2.6684694897562812e-08,3.357685869321346,2.8584685533704914,3.983565355823613,129.9424431427361,-1.0889006692849045e-08,-3.8897877450673335e-05,0.9908150639756248,1.2579555827541313,0.6644324768219153,0.03535523840249488,3.6915235484305004e-05,255802.66543597594,0.12262256436434747,1.5691889203385487,0.19065062264530205,False,4853427.49327797,79299.94918138719,2.2737367544323206e-13,5.0076587841674236e-18,-0.050116759949137446,0.06913095229423682
-20C,12.8,55.7,0.176,-19.049313542595623,-19.10306142177629,0.487,0.5574511989490941,-19.158081393666492,-19.071246854583592,8.303485898920535e-05,0.0012591416707951933,0.0012127548375071402,0.0004447194528145219,0.3916,0.41905839878226386,5.8612342354544955e-05,1.1376559635422523e-05,4.5086905241761495e-06,1.2824485407203572e-05,2.6744707764029318e-08,3.3744188317514645,2.8605970833346803,4.019944450800607,130.59000878878166,-1.0897272473928484e-08,-3.8766620990330394e-05,0.9899468942453618,1.2579077315830023,0.6644614284054797,0.03595731056722495,3.7793661203436847e-05,255738.79279504842,0.12328538270347754,1.6007036139775312,0.19535944399968838,False,4969959.8709813105,24045.694806346346,2.2737367544323206e-13,2.981555974335137e-19,-0.05374787918066559,0.07045119894909413
-20C,13.0,56.5,0.18,-18.994126214383098,-19.049602534498945,0.486,0.5568139564138302,-19.108173923940058,-19.017465207159233,9.576594951910003e-05,0.0013869417134886493,0.0013369523141384565,0.00047553797545527607,0.3916,0.4189013848345251,5.863313171937693e-05,1.1379520741996418e-05,4.508008463314796e-06,1.2827823381886872e-05,2.680571491124799e-08,3.3911094965283906,2.8639359773990147,4.05323419080324,131.2359375156487,-1.0910224695281016e-08,-3.865036889464088e-05,0.9889214580594634,1.2578617995641677,0.6644592534957342,0.036549926968342694,3.8662686260479545e-05,255746.02110514574,0.12399242683665564,1.6326091770728348,0.20018853169047798,False,5086424.48256843,113452.32116922324,2.2737367544323206e-13,5.990217002982412e-18,-0.055476320115847244,0.07081395641383026
-20C,13.2,58.3,0.185,-18.937757407420886,-18.99711801508036,0.485,0.5556058234693787,-19.055752198226088,-18.93159323722523,0.00010600371419841323,0.0015121961015163233,0.0014583362516708458,0.0004662255669729548,0.3916,0.4187904592648228,5.8654531644131176e-05,1.1383585420568389e-05,4.507843049484042e-06,1.2832405383186184e-05,2.686871068273233e-08,3.407750090228236,2.866378133430824,4.088201166021768,131.87992849183271,-1.091970267462974e-08,-3.852544402982073e-05,0.987919987209487,1.2578145705318127,0.6648315305706597,0.03733746608866614,3.975040310813239e-05,255735.52659551092,0.12469023680506054,1.6648914882931087,0.20508795505046737,False,5234555.330828435,63892.992468932665,2.2737367544323206e-13,3.6266562669640123e-17,-0.059360607659474596,0.07060582346937871
-20C,13.4,59.7,0.189,-18.879828857804963,-18.942033522387874,0.485,0.5550450596551245,-19.002139880038072,-18.912334406863806,0.00011479398981849626,0.001631890671431662,0.001574187025048531,0.0005394785182434853,0.3916,0.41860224995866874,5.867685976293819e-05,1.1386746339673901e-05,4.506285582792272e-06,1.2835968601086944e-05,2.6930097883636445e-08,3.424322738278468,2.869164714301242,4.12375496677225,132.5212899713767,-1.093051349295651e-08,-3.840135856980267e-05,0.9869648445949375,1.257762451067077,0.6647613337764919,0.037915420435415306,4.063720004528934e-05,255639.4048383314,0.12542652639610694,1.6975154658674623,0.21013810823916407,False,5350978.993730684,130332.32026641522,2.2737367544323206e-13,-9.18861341181465e-18,-0.06220466458291085,0.07004505965512453
-20C,13.6,61.4,0.195,-18.82040590505613,-18.885609536283795,0.484,0.5533570557650113,-18.947950269941686,-18.823521777522046,0.00012865485049152513,0.0017736230775833558,0.001711692160090914,0.000527573810348815,0.3916,0.41847717815781305,5.869922868513168e-05,1.1390940882291328e-05,4.506179326295098e-06,1.2840696994582952e-05,2.6998963620695626e-08,3.4408560836456035,2.8705067247791245,4.159546150567684,133.16113043708484,-1.0935739414420811e-08,-3.827448463256961e-05,0.9858320268059498,1.2577140029830656,0.665427888528113,0.03888712272856307,4.193596137821703e-05,255673.21341896063,0.1261848944978266,1.7305374986652813,0.21527386409124957,False,5530926.664396167,109721.16826814934,2.2737367544323206e-13,1.4643505592132344e-17,-0.06520363122766426,0.06935705576501128
-20C,13.8,61.8,0.199,-18.76018287478757,-18.828080589596283,0.489,0.5528698163720395,-18.890525455653545,-18.78559934244373,0.00014008381399660075,0.0019077482355311223,0.001841527231730145,0.0005596799805461825,0.3916,0.4183180592313855,5.8722876648173085e-05,1.1395160894700517e-05,4.505192630114219e-06,1.284545409948058e-05,2.706723701231323e-08,3.4573209023136053,2.8727384796440467,4.195823361274161,133.7983189195365,-1.0944408459864518e-08,-3.814686398121683e-05,0.9847632527658284,1.2576594745132883,0.6652973439709384,0.039449490882368876,4.282328794155408e-05,255589.6649551041,0.12696248530131538,1.763899140088411,0.22053676405602055,False,5647349.450320298,74219.21258640417,2.2737367544323206e-13,6.965998958219366e-18,-0.0678977148087121,0.06386981637203948
-20C,14.0,62.2,0.2,-18.70032242179482,-18.76688321075619,0.496,0.5541026761072593,-18.833680733583492,-18.726898740969915,0.00015902610733712732,0.0020668548934910072,0.0019963274242828354,0.0005920786799080682,0.3916,0.41812825430502204,5.8746487561243294e-05,1.1398345460419948e-05,4.504188212212816e-06,1.2849043973564306e-05,2.7138005359324753e-08,3.473744640235256,2.8795438178211357,4.2243907582859785,134.43391757710438,-1.0970779542816293e-08,-3.805144506578072e-05,0.9834900512054646,1.2576069247593338,0.6640558379459203,0.03940536189900064,4.304880715353819e-05,255594.8526065429,0.12779453125186022,1.797655798367651,0.22593773999051697,False,5668180.740084118,181465.7833467023,2.2737367544323206e-13,9.053088140253962e-18,-0.06656078896137174,0.05810267610725928
-20C,14.2,61.8,0.201,-18.64115015702762,-18.710947811572595,0.502,0.5553177957718564,-18.774717757150057,-18.637673824339657,0.00017214500355197305,0.0022111780006908825,0.0021360590677289852,0.0005371603338476761,0.3916,0.41804453477906534,5.87702071130595e-05,1.1402914812803337e-05,4.504477243385607e-06,1.2854194879887399e-05,2.7205297631132924e-08,3.49012727338703,2.8880281383033806,4.25114223529884,135.06792548007803,-1.1003636115077177e-08,-3.7957753041052444e-05,0.9823417997886906,1.257557154838843,0.6628401748643299,0.039355913624823394,4.3270577833239906e-05,255617.43768234312,0.12855945020742957,1.8318083706402697,0.2313378366063337,False,5689045.700944502,30595.514793016257,2.2737367544323206e-13,1.531435568635775e-18,-0.06979765454497411,0.05331779577185636
-20C,14.4,62.1,0.2,-18.582533091790246,-18.651322802304662,0.507,0.5576586369684936,-18.716416330427393,-18.60726710126582,0.00018750940825253433,0.0023557373542209123,0.0022763370904248397,0.0006131031617308935,0.3916,0.41782944185767135,5.8793832579360575e-05,1.1406467885734031e-05,4.5027344830935285e-06,1.2858200162100178e-05,2.7274989593645656e-08,3.5064608267019635,2.8988120255608196,4.275128141687445,135.70003399336596,-1.1045376224089898e-08,-3.788060119523571e-05,0.9811900217268811,1.2575023799526932,0.6608866655469693,0.03891400622675358,4.307121047673195e-05,255578.0226906674,0.12937949310415608,1.8663407853640392,0.236924250328396,False,5646411.772461012,151965.77102251112,2.2737367544323206e-13,2.1955093992831465e-18,-0.06878971051441596,0.0506586369684936
-20C,14.6,61.8,0.199,-18.524466778000225,-18.594479136750294,0.512,0.5599869264542063,-18.658801070396805,-18.524510052934062,0.00020151222948503096,0.002502149372656577,0.0024181900840998445,0.0005448117070735041,0.3916,0.41775451830676186,5.881707873621982e-05,1.1410753530911375e-05,4.503326800153497e-06,1.286303125302737e-05,2.734368799382067e-08,3.5227698515510437,2.9128413398786064,4.294030273131931,136.33119325502537,-1.1099693511875971e-08,-3.7816964389977915e-05,0.9800262955741649,1.2574541184243497,0.6589544043406386,0.03846993353467162,4.2854094833152846e-05,255640.32564928042,0.13016579223957206,1.9013062018103009,0.24254183524858627,False,5603997.601334956,73776.42185861322,2.2737367544323206e-13,2.3181597700455692e-17,-0.07001235875006984,0.047986926454206325
-20C,14.8,61.9,0.199,-18.466996189724306,-18.537770907949437,0.517,0.5617438238392247,-18.60140383283965,-18.506298095281807,0.00021265130899897466,0.0026369447230818258,0.0025486209741870597,0.0005802528875959432,0.3916,0.41758952585929765,5.884003176090833e-05,1.1414265772787825e-05,4.502377582833122e-06,1.2866990507506275e-05,2.740880236089875e-08,3.539043952837131,2.9256589209340462,4.314550292876652,136.96100097479695,-1.1149287824424697e-08,-3.7750505703231856e-05,0.9789571458142723,1.257402400131161,0.6573908896243633,0.038224820308064324,4.286635950863932e-05,255624.18016627282,0.13095462651455797,1.9366841868644775,0.24828091294342128,False,5593295.961309896,150614.65653875464,2.2737367544323206e-13,-1.7780915628762273e-17,-0.07077471822513104,0.044743823839224706
-20C,15.0,62.1,0.2,-18.409760826411052,-18.479901249669325,0.521,0.562931964083294,-18.544779969921592,-18.416447069769447,0.00022825122659940003,0.0027866656573256785,0.0026938536510901956,0.0005570421842269201,0.3916,0.4174662920728659,5.8862809263966826e-05,1.1418504650112129e-05,4.502337643823585e-06,1.2871768878308221e-05,2.7480464165721785e-08,3.555296905592019,2.938594492819632,4.334761667976234,137.58999024641113,-1.1199369984584841e-08,-3.768397826766968e-05,0.9777676448171313,1.2573532486852919,0.6562044344547416,0.03817376673782085,4.30834094353369e-05,255677.36498891894,0.13176417981284805,1.9725066703167864,0.2541274072287573,False,5614129.39036857,143289.66525076816,2.2737367544323206e-13,1.2691941681658436e-17,-0.07014042325827319,0.04193196408329403
-20C,15.2,61.7,0.2,-18.353037832523135,-18.42466069548456,0.526,0.56466206478353,-18.48714495627101,-18.35239061987781,0.0002400340654365925,0.0029265699273838533,0.002829205896722166,0.0005205048838759314,0.3916,0.4173676669887371,5.888579802818736e-05,1.1422750214602724e-05,4.502464283995993e-06,1.2876554787370346e-05,2.754670827239144e-08,3.5715211858637947,2.9519927518348466,4.354332248808422,138.21786989292883,-1.1251228722149413e-08,-3.761840741174627e-05,0.9766600006106109,1.2573042871343743,0.6546669888993986,0.03793214376670175,4.3089684743962764e-05,255695.50929007915,0.1325412759570255,2.00875931526237,0.26002939907736144,False,5603538.017854116,56198.43731953644,2.2737367544323206e-13,5.6107462426124854e-18,-0.07162286296142639,0.03866206478352996
-20C,15.4,61.8,0.199,-18.296860798181505,-18.36832242061547,0.53,0.5669444383237048,-18.430416351571097,-18.338555800819847,0.0002499787547660687,0.00305804149491269,0.0029563348554883274,0.000578418821329391,0.3916,0.4171830922704181,5.890860389888869e-05,1.1426055057959098e-05,4.50108284401929e-06,1.2880280247153892e-05,2.7610762552502858e-08,3.5877101495884554,2.9658283979314755,4.373235034305922,138.84438278907322,-1.1304763747580494e-08,-3.7558792137639745e-05,0.9756204690541403,1.257252723877419,0.6527603549150599,0.03750504302508935,4.288761356488894e-05,255667.36749788135,0.13333818480308715,2.0454288537371332,0.26608464910325436,False,5561617.899405655,148889.73162875097,2.2737367544323206e-13,3.3610267347050637e-18,-0.07146162243396503,0.036944438323704754
-20C,15.6,62.0,0.199,-18.240850076894837,-18.312462366256455,0.534,0.5686554631969544,-18.374578653992216,-18.244113720582618,0.00026380594737745924,0.0032027263881332538,0.0030965061411343266,0.0005382185249821053,0.3916,0.4170824535563377,5.8931057720273794e-05,1.1430378337522207e-05,4.501309739612989e-06,1.2885153762297761e-05,2.7680105028329014e-08,3.603880471404411,2.980536992981811,4.390915105608448,139.4701742433507,-1.1361705674799615e-08,-3.7500795131432325e-05,0.974475206524073,1.25720537461389,0.6512379112706519,0.03726911350088138,4.288664540238281e-05,255728.95342803432,0.13413270870917104,2.0825550722425255,0.2722086888989326,False,5551195.678720724,91952.24748615586,2.2737367544323206e-13,-1.3864235280658388e-17,-0.07161228936161734,0.03465546319695434
-20C,15.8,61.9,0.2,-18.185156048897987,-18.257087440490267,0.538,0.5697985638510102,-18.31811241311638,-18.22575069978032,0.000275422545825491,0.0033382995226310798,0.0032277285196447955,0.0005921580536062844,0.3916,0.41689820122561644,5.89535777529532e-05,1.1433553295234292e-05,4.499946899521469e-06,1.288873280553684e-05,2.7742956106374522e-08,3.620018399787813,2.992959417850561,4.411545960583244,140.09471207178836,-1.1409769745072179e-08,-3.743452449647156e-05,0.9734039331776204,1.2571545688025931,0.6500875008615747,0.037225385500099024,4.311858990914024e-05,255692.21184540697,0.13492465838941464,2.1201085281216936,0.2784469831672283,False,5572093.273027181,158308.2168961112,2.2737367544323206e-13,2.981555974335137e-19,-0.07193139159227968,0.03179856385101021
-20C,16.0,62.0,0.2,-18.12978020882951,-18.20189565289857,0.54,0.5714846867833944,-18.26255711066068,-18.130081751233206,0.0002889695349750387,0.0034831072749415683,0.0033679525655929054,0.0005386499580643366,0.3916,0.41681081096174366,5.897602820774134e-05,1.1438023562616854e-05,4.500328882111037e-06,1.2893772016040815e-05,2.781209186587419e-08,3.6361351588791675,3.0068817799957928,4.4301310483230365,140.71843064862375,-1.1463671024637863e-08,-3.7372330027733183e-05,0.9722601027538217,1.2571075482902008,0.648583693533449,0.03699604964408941,4.311832926794603e-05,255748.8994868658,0.13571829620215908,2.1581173349986997,0.2847711025526663,False,5561771.124680782,74266.2593755467,2.2737367544323206e-13,-7.484383121938998e-18,-0.07211544406906256,0.03148468678339433
-20C,16.2,62.1,0.201,-18.074584041130002,-18.148319180108132,0.545,0.5726112793470302,-18.207071862966586,-18.075007802350683,0.0002961246529436691,0.0036103104240215573,0.0034904656227301573,0.00047320224565294117,0.3916,0.41675413256438104,5.8998344807437404e-05,1.1442555671235118e-05,4.501023601526047e-06,1.2898880938483223e-05,2.787796281692115e-08,3.6522251098929193,3.019429120215908,4.4504620820171406,141.34111175285597,-1.1512233806756523e-08,-3.7301177835256145e-05,0.9712615357857162,1.2570601640820784,0.6474501852007712,0.0369553620616875,4.3337472589511804e-05,255786.56482272688,0.13649283996535178,2.196570431676255,0.29119988109651646,False,5582648.6945591355,21260.66420305905,2.2737367544323206e-13,2.2273578380999082e-17,-0.07373513897812956,0.027611279347030115
-20C,16.4,62.0,0.2,-18.01967402859838,-18.090406049924837,0.549,0.5748306149534217,-18.152465603531,-18.047602473315635,0.00031466608003473075,0.0037642159611775677,0.0036401466681537636,0.0005723023509644695,0.3916,0.4165034638138013,5.9020579361535174e-05,1.1445016582496472e-05,4.498919124047689e-06,1.2901655056632386e-05,2.7943820023006005e-08,3.668284397359648,3.033879742804498,4.4682688433484925,141.96260617781837,-1.1568164994773182e-08,-3.724938373439082e-05,0.9700425157742427,1.2570089663377306,0.6455876646375882,0.036547550339414495,4.313640730624665e-05,255753.49251774218,0.1373346808523825,2.2354603718152912,0.29780910222761087,False,5541287.940291267,160621.63081983544,2.2737367544323206e-13,-1.4772254600114998e-18,-0.07073202132645662,0.02583061495342165
-20C,16.6,61.9,0.199,-17.965157503993815,-18.03796903596293,0.552,0.5770243356853229,-18.095552709624826,-17.98981646088845,0.0003256459783201032,0.0039046747054009125,0.00377614717940759,0.0005683767585840719,0.3916,0.4163751855555554,5.9042804208561515e-05,1.1449556935898017e-05,4.498227999234508e-06,1.2906773273194125e-05,2.800925510978354e-08,3.684315295463281,3.0481707290590485,4.486081691044281,142.58300193442895,-1.1623460270264455e-08,-3.719181919131444e-05,0.9689358653121015,1.2569610743519808,0.6437508547956755,0.03614295725642609,4.292661455628561e-05,255765.89546032643,0.13810106495342472,2.2747943315501575,0.30439267461556974,False,5500219.075562312,9425.321120893366,2.2737367544323206e-13,-9.252987915805977e-18,-0.0728115319691156,0.025024335685322807
-20C,16.8,62.2,0.2,-17.910795478329696,-17.981166853712324,0.555,0.5781196995136088,-18.042025901542644,-17.935831052486805,0.00034518755131191637,0.004062264057594153,0.00392934864300935,0.0005860576292907636,0.3916,0.41620117585865835,5.906457927670878e-05,1.1452203578057349e-05,4.497433395568314e-06,1.2909756760719195e-05,2.807525909543287e-08,3.7003274382783125,3.0618462857008333,4.50477117555028,143.20267186137067,-1.1676402869051612e-08,-3.713324933256603e-05,0.9676903256572011,1.2569129693209264,0.6426428618639204,0.03610725876863001,4.314917476737794e-05,255787.1886670755,0.13893571520171835,2.3145981695268265,0.31119019563679845,False,5521152.742493978,172035.45780624458,2.2737367544323206e-13,2.710505431213761e-20,-0.07037137538262783,0.023119699513608705
-20C,17.0,61.9,0.2,-17.856700053450815,-17.928683280851487,0.558,0.5797418327952086,-17.98642555100028,-17.855679839438437,0.0003588417955119458,0.004208707758044699,0.004071249395863231,0.0005446693459109294,0.3916,0.41610128158244475,5.908665515683258e-05,1.145652896632655e-05,4.497408015926542e-06,1.2914632652949927e-05,2.8140536435854195e-08,3.7163143344141614,3.075631508873977,4.52322783128136,143.821364741828,-1.1729757180246906e-08,-3.70719780722957e-05,0.9665376872276585,1.2568664348584164,0.6411903176138323,0.0358911299775106,4.3154471864847726e-05,255808.31263848752,0.13971105785069496,2.354858104161976,0.3179906253944839,False,5511222.327546933,48934.82684830814,2.2737367544323206e-13,2.3882940980782252e-17,-0.07198322740067198,0.021741832795208582
-20C,17.2,61.9,0.2,-17.803041430259576,-17.8749411632987,0.561,0.5813640883593932,-17.932302914074768,-17.80433856335972,0.0003704448614438609,0.004346784799440501,0.004204775674256731,0.0005134907312374941,0.3916,0.4159988846738314,5.910852827563454e-05,1.1460588186539415e-05,4.497397316564018e-06,1.2919208501189886e-05,2.8206826119600304e-08,3.7322748202951765,3.0893925435790277,4.54165394046362,144.43903554542334,-1.1783017078509604e-08,-3.701049410419126e-05,0.9654539725992509,1.2568189292352847,0.6397330371772435,0.035678643980796614,4.31597178513993e-05,255830.98954007946,0.14050914380664745,2.395573170698954,0.32497174455861133,False,5501291.164007389,67581.36968847715,2.2737367544323206e-13,-9.446111427779957e-18,-0.07189973303912467,0.020364088359393184
-20C,17.4,61.9,0.2,-17.749645565636364,-17.822083088007247,0.564,0.5829791149983746,-17.878410842257324,-17.750726765332246,0.0003788881274082322,0.004474672720516376,0.004328083059399308,0.0004756308896064346,0.3916,0.4159135625982497,5.913025008565213e-05,1.1464743527584132e-05,4.497616555396974e-06,1.2923892703822112e-05,2.8271824296037307e-08,3.748208804354607,3.103126682028832,4.56005109212666,145.0556807285233,-1.1836172845837295e-08,-3.694790940695831e-05,0.9644539711949238,1.2567722171774542,0.6382810848885477,0.03546885346302069,4.316382751121234e-05,255859.4877022699,0.14129821795307293,2.436745019007103,0.3320689563462893,False,5491404.254677841,43779.65477919941,2.2737367544323206e-13,1.1587410718438829e-17,-0.0724375223708833,0.01897911499837468
-20C,17.6,62.0,0.2,-17.696456467400644,-17.768419418338596,0.567,0.5845763291787816,-17.824210366475,-17.72287863977155,0.0003928978407140036,0.004616305194370426,0.004465503557099424,0.0005908401871664713,0.3916,0.4156626679793985,5.9151909389523134e-05,1.1467653084137983e-05,4.495143688838814e-06,1.2927172567573726e-05,2.8333722397355624e-08,3.7641099089089627,3.116066658514387,4.579443957965942,145.6710534747768,-1.1886241995946582e-08,-3.688918578394302e-05,0.9633403803585425,1.2567231123973097,0.6368409917947707,0.035262611162718685,4.3180261038757237e-05,255816.03865155907,0.14210351440123759,2.478358710076451,0.3392725701308734,False,5481626.390090105,46903.981742275864,2.2737367544323206e-13,-2.557023061171282e-17,-0.07196295093795158,0.017576329178781602
-20C,17.8,62.0,0.2,-17.643477332028418,-17.712882002989005,0.57,0.5861697176835251,-17.771235651009675,-17.669175045436447,0.0004099968809173382,0.00477073307631682,0.004615462398795315,0.0005742579275203893,0.3916,0.4155271154346205,5.9173380352542984e-05,1.1471002813233107e-05,4.4947995663893235e-06,1.2930948625826412e-05,2.840176274744365e-08,3.7799916054768166,3.1301779681074717,4.597245056332162,146.2856751319528,-1.1940872366603031e-08,-3.6832081459409926e-05,0.9621262329519014,1.2566759009227289,0.6354050336121353,0.03505796580443693,4.318382263151119e-05,255850.4321620169,0.14294140264156444,2.520451370470974,0.34663181253675085,False,5471871.94561662,165257.7707588008,2.2737367544323206e-13,-1.0950441942103595e-17,-0.06940467096058711,0.016169717683525153
-20C,18.0,61.8,0.199,-17.59088354988372,-17.66117738848982,0.573,0.5882860190214192,-17.716939371564507,-17.591078484402715,0.0004236651131259676,0.004915967041458041,0.004756210371417632,0.0005400918171145937,0.3916,0.41542060572313105,5.91949340237688e-05,1.1474926330115164e-05,4.4946787432861675e-06,1.2935371499402549e-05,2.8465302519378105e-08,3.7958486857898452,3.145242002676078,4.613691529798169,146.899344140067,-1.199917451679403e-08,-3.6778663417423474e-05,0.9609876603400935,1.2566302770487092,0.6336224136717687,0.034678872295472216,4.2972060049155746e-05,255872.34895636857,0.14372557573426858,2.5630114612607993,0.3539993107015956,False,5431621.7390492065,65094.302764110806,2.2737367544323206e-13,-9.317362419797304e-18,-0.07029383860609784,0.01528601902141924
-20C,18.2,61.8,0.199,-17.538679352747998,-17.60962906305781,0.576,0.5898540639018771,-17.664030866919745,-17.53753984718213,0.0004340781562502589,0.005051341242628472,0.00488708023112407,0.0005034517453991842,0.3916,0.41532645445302946,5.921616867466645e-05,1.1478908437138035e-05,4.494718392602685e-06,1.293986042004651e-05,2.8529041189524456e-08,3.811682735809385,3.159511788918572,4.631086511303864,147.5121218758232,-1.2054400351028057e-08,-3.672053441455675e-05,0.9599298642779692,1.2565849033797698,0.6322087473983663,0.03447911666465303,4.2975414873323203e-05,255903.87287977643,0.14451134243893654,2.6060453055220583,0.3615125680046466,False,5422070.440267108,53715.795190442346,2.2737367544323206e-13,7.704611688225116e-18,-0.07094971030981156,0.013854063901877156
-20C,18.4,61.8,0.199,-17.48675627971982,-17.557595532551773,0.579,0.5914179934723838,-17.611807961703676,-17.487165443956144,0.00044386001510877016,0.00518079463384384,0.005012056026811775,0.0004814388809136617,0.3916,0.41522338794326613,5.923724299136639e-05,1.1482812077909674e-05,4.494668541171838e-06,1.294426088782545e-05,2.859352048854668e-08,3.8274917280212857,3.1735168183417053,4.648793972384832,148.12392987442374,-1.2108602951355265e-08,-3.666126257345419e-05,0.9589204883249457,1.2565389730638357,0.630795424881339,0.03428257440047353,4.298030963934268e-05,255926.74165929496,0.1453085379857502,2.6495494183553605,0.3691864518917925,False,5412544.208723467,66763.56805899691,2.2737367544323206e-13,-2.3296794181282277e-17,-0.07083925283195214,0.012417993472383815
-20C,18.6,62.0,0.2,-17.43500715386101,-17.50599245280054,0.581,0.5924185395481116,-17.558636408444755,-17.462291240012974,0.00045780677103241673,0.005323698574741019,0.00515074563914376,0.0005857462761156146,0.3916,0.41498285645593425,5.9258392521895996e-05,1.1485736493618766e-05,4.492211015565751e-06,1.2947557501897516e-05,2.865357186995833e-08,3.843269098673027,3.185495414535299,4.669174232470923,148.73451411864613,-1.2154951950343885e-08,-3.6598028053059934e-05,0.9578012330318675,1.2564915842723448,0.6297679142788861,0.03426191691171692,4.321353363015414e-05,255881.48462929644,0.14610315877150995,2.693507302114159,0.37692344741239586,False,5433617.756056863,12254.82227366756,2.2737367544323206e-13,2.5444869735519182e-17,-0.07098529893952943,0.011418539548111672
-20C,18.8,62.0,0.199,-17.383438262067205,-17.450773633907005,0.584,0.5944978975196211,-17.508520335207862,-17.40910014500372,0.00047748365491831056,0.005488901469693307,0.005311644992371452,0.000614209521560306,0.3916,0.41479026518443224,5.927940492042831e-05,1.1488441733724627e-05,4.491013053475204e-06,1.295060704528958e-05,2.8719857036366035e-08,3.859025288592456,3.2003122252620986,4.685752092645337,149.34427866852806,-1.2212313102242734e-08,-3.6548331909876926e-05,0.9565039049900567,1.2564445682257512,0.6280049923638944,0.033898674276818835,4.3004065416878054e-05,255892.40267256042,0.1469579123741066,2.7379497887807234,0.38486214911558053,False,5393783.850431448,194368.86470433007,2.2737367544323206e-13,-8.267041565201971e-18,-0.06733537183979976,0.010497897519621158
-20C,19.0,61.9,0.2,-17.332224215564384,-17.402153237483816,0.587,0.5954710781964787,-17.454072609203735,-17.32722722550895,0.0004907576667601987,0.005636086976792549,0.0054542413854688125,0.0005473086863377283,0.3916,0.41471570368422694,5.930038267521625e-05,1.1492455728356358e-05,4.4912157255390014e-06,1.2955131911965348e-05,2.8780226535777535e-08,3.8747600515124487,3.213005685762199,4.70500680956138,149.95321399353173,-1.2261439495639955e-08,-3.648245626694503e-05,0.9553552120437869,1.2564017738753062,0.627008105478964,0.03387936709571125,4.3223104152147e-05,255928.55448571168,0.14771435739181743,2.7828784344654753,0.3927189175679642,False,5414930.650771482,20192.79236730027,2.2737367544323206e-13,3.8275724820527324e-17,-0.06992902191943173,0.008471078196478743
-20C,19.2,62.0,0.2,-17.2813135531451,-17.35075865980258,0.589,0.5969913689134317,-17.402926431509286,-17.279026642929296,0.0005020048527308985,0.00577311884087902,0.005586736402220087,0.0005095558131202373,0.3916,0.4146207573038897,5.932126722539569e-05,1.1496390985370671e-05,4.4912676754716265e-06,1.2959568019872395e-05,2.8844892728830793e-08,3.8904664230603716,3.2262213250836376,4.723601088660303,150.56105057243633,-1.2312590277420162e-08,-3.6419501591222474e-05,0.9542887788732075,1.2563561409193071,0.6256286926729483,0.03369284995458181,4.322937834531217e-05,255942.77720900543,0.14851788217701462,2.8282752102129516,0.40084847139584306,False,5405623.698111835,59868.06242450401,2.2737367544323206e-13,5.339695699491109e-18,-0.06944510665747927,0.007991368913431773
-20C,19.4,62.0,0.2,-17.230658994674275,-17.29877001149586,0.591,0.5985080695560491,-17.35167344609917,-17.234366617309547,0.0005130273369404055,0.005907335761736496,0.005716476566420502,0.0004990802735315293,0.3916,0.41450125750562217,5.934199106426315e-05,1.1500173791698062e-05,4.490978192444141e-06,1.2963832274277814e-05,2.891016276149145e-08,3.906145660314664,3.23953877823909,4.741983272870274,151.16783705417748,-1.2364134020413923e-08,-3.635826105716297e-05,0.953245344946991,1.2563102835160866,0.6242508307862559,0.03350814836256676,4.323481121492125e-05,255962.54906520364,0.14933481089584028,2.8741452855684413,0.4091423798909215,False,5396338.723256512,94220.9232992535,2.2737367544323206e-13,1.0083080204115191e-17,-0.06811101682158593,0.007508069556049102
-20C,19.6,62.1,0.2,-17.180265309287524,-17.247998880400672,0.594,0.6000117163116028,-17.299674021204765,-17.21994859538725,0.0005214526099413921,0.006035671816855774,0.00584050445696176,0.0005703890706905888,0.3916,0.414306573931649,5.9362752370296176e-05,1.150299026270923e-05,4.4892265810021395e-06,1.2967007205235858e-05,2.896824015380295e-08,3.9217913278544816,3.252142022031299,4.761254645335453,151.77332438796844,-1.2412901576932087e-08,-3.629643205657718e-05,0.9522486155824282,1.2562637458150607,0.622882731097643,0.0333260488960998,4.324950971507508e-05,255926.47708977322,0.15013662181658086,2.920471069921751,0.4175321272346891,False,5387133.662004271,138107.26049459877,2.2737367544323206e-13,-1.9027748127120603e-17,-0.06773357111314837,0.006011716311602799
-20C,19.8,62.0,0.2,-17.130190881011846,-17.196499228363336,0.596,0.6015045250992733,-17.248825698315443,-17.130067447221165,0.0005353774956009542,0.006181314764616756,0.005981660562236178,0.0005415623142385839,0.3916,0.41419363847293594,5.938331963427782e-05,1.1506872315483998e-05,4.489116464272195e-06,1.2971383337454688e-05,2.903416789988075e-08,3.9374175203808472,3.2659484260270877,4.778872421222986,152.37805803873877,-1.2466351215855874e-08,-3.6238323138380584e-05,0.9511151405382603,1.256219998723961,0.6215271035603561,0.03314511991643325,4.3250147898357285e-05,255974.01757394572,0.15095400871036627,2.967295916421641,0.4260284524968688,False,5377994.948887218,106601.62406043695,2.2737367544323206e-13,-2.076247160309741e-17,-0.06630834735149094,0.00550452509927335
-20C,20.0,61.9,0.199,-17.080544352814105,-17.1462655218873,0.599,0.6035210313421452,-17.197450173835904,-17.079435851343305,0.0005476203187769949,0.00632120573965839,0.0061171110610710915,0.0005201731822358888,0.3916,0.41407939669946553,5.940387632485317e-05,1.1510535378489764e-05,4.488850433035333e-06,1.2975512608479371e-05,2.9096639613946305e-08,3.95301866452012,3.280785795991439,4.79503997953615,152.98182231692863,-1.2523776121380232e-08,-3.618566921911605e-05,0.9500283903293354,1.2561756902087766,0.6198121850230772,0.03279943532303888,4.3038520515385836e-05,255991.65014988632,0.15175527067168815,3.0146051778290004,0.43462110156425204,False,5338822.000701351,81982.05022895617,2.2737367544323206e-13,-1.3654171109739321e-17,-0.06572116907319625,0.00452103134214521
-20C,20.2,62.0,0.2,-17.031206895426568,-17.09700588982571,0.601,0.6044601502960995,-17.146792805141274,-17.024723255044307,0.0005573124437154473,0.006453597084094721,0.006245001510340742,0.0004923152053767735,0.3916,0.4139796081902358,5.942417199319075e-05,1.1514289043586204e-05,4.488727859678481e-06,1.2979744012769903e-05,2.9158058923768564e-08,3.968597107822553,3.2935003912395575,4.813895241994926,153.58470807273278,-1.257298354387191e-08,-3.612150829037408e-05,0.949003115322025,1.256132374127851,0.6188407936155134,0.03278817118620671,4.325903003142203e-05,256020.75696236955,0.15254481781275328,3.062407835666905,0.4433310239833208,False,5359901.130724827,57657.97621546986,2.2737367544323206e-13,-2.256495771485456e-17,-0.06579899439914172,0.0034601502960994734
-20C,20.4,61.9,0.2,-16.982170677526245,-17.047916377726665,0.603,0.6059309603501983,-17.096624019883052,-16.974997044470967,0.0005636027474884901,0.006573979217194657,0.006360826841150852,0.00044769361710309447,0.3916,0.41390863085029406,5.9444502917892514e-05,1.1518264516530799e-05,4.4890120260923655e-06,1.2984225454998356e-05,2.9219654662270966e-08,3.9841478981807517,3.306699694039208,4.832133132402738,154.18652365959508,-1.2624070877794297e-08,-3.6058015452161305e-05,0.9480752535194986,1.256088756982504,0.617500417191667,0.032614115507614,4.326393302482082e-05,256040.74196723805,0.15333542026035304,3.1106903952928966,0.4522120044207633,False,5350897.0899896035,31621.058244731175,2.2737367544323206e-13,2.6894990141218544e-17,-0.06574570020042003,0.0029309603501983528
-20C,20.6,62.0,0.2,-16.93342436954048,-16.99775231508204,0.605,0.6073824321242466,-17.046323233451233,-16.952182560731103,0.0005774122483260394,0.006715667360571974,0.006498414099593151,0.0005922735834839265,0.3916,0.41362801600398585,5.946472536372663e-05,1.1520660697013328e-05,4.485968501895506e-06,1.2986926603905935e-05,2.9277275790644653e-08,3.999665665331696,3.319202516857373,4.851236286818832,154.7870612483366,-1.2672449879087285e-08,-3.600081361030474e-05,0.9469738869435709,1.2560428684037301,0.6161743544635173,0.032442800382465525,4.328143350069908e-05,255987.55495175728,0.15414724635179086,3.1594372969773405,0.46119385816151925,False,5342011.434807185,45749.21359789966,2.2737367544323206e-13,-1.9098898894689964e-17,-0.06432794554156018,0.002382432124246603
-20C,20.8,62.1,0.2,-16.884844169868916,-16.945155628962425,0.607,0.6088277339083547,-16.998343657894793,-16.902991466188553,0.0005965822257736061,0.006880048184020748,0.006658457023773788,0.0006111291360144496,0.3916,0.41344663666295145,5.948478181747278e-05,1.1523387978374249e-05,4.484811370230423e-06,1.2990000993803699e-05,2.934202284837018e-08,4.015164434089489,3.332902015104748,4.868702082555448,155.38686359926317,-1.272548516580165e-08,-3.594664810029794e-05,0.945693911385405,1.255998182008321,0.6148547028381192,0.03227245789307654,4.328736877070311e-05,256004.94296833247,0.15500271267084567,3.208694162235783,0.4703468240160537,False,5333163.551219135,189349.25533393575,2.2737367544323206e-13,6.762711050878334e-18,-0.060311459093508546,0.0018277339083546673
-20C,21.0,61.8,0.199,-16.83663537064699,-16.89880517183957,0.609,0.6107836892985007,-16.94586271095011,-16.81785680418136,0.0006073734119173268,0.007019457928253283,0.006793268035124122,0.0005183620499957906,0.3916,0.41340561649676116,5.950499296110343e-05,1.1527604999941045e-05,4.485384774900962e-06,1.299475472720627e-05,2.9401597812210594e-08,4.030639852919141,3.3476660393464543,4.8846754433330934,155.9857623079708,-1.2782626615373009e-08,-3.589152061941236e-05,0.9446167056584117,1.2559571243612766,0.613189504539711,0.03194085879360181,4.3071729463173576e-05,256041.34024260542,0.15576022743832701,3.258449238523212,0.4794277348102696,False,5294583.588295023,5681.991234159406,2.2737367544323206e-13,-1.2715658604181557e-17,-0.06216980119257798,0.0017836892985007013
-20C,21.2,62.0,0.2,-16.78872898814699,-16.846873715836864,0.611,0.611679106881666,-16.89938176707267,-16.802519849933105,0.0006275056343223724,0.007182698141483612,0.006952331779380516,0.0006068642808328198,0.3916,0.41315640168656537,5.9524702340784884e-05,1.1529666520527592e-05,4.483115412340084e-06,1.2997078623140194e-05,2.9463045819481617e-08,4.046091505763311,3.3602514570605435,4.9034110264382775,156.5837412730401,-1.2831333520674522e-08,-3.583505066015484e-05,0.9433468211844559,1.2559115979192004,0.6122531449371279,0.03193604468200621,4.3301418400260704e-05,256019.99349137844,0.156613023944375,3.3087029834554804,0.488829096612296,False,5315707.946852366,187058.47159282555,2.2737367544323206e-13,-1.0028870095490916e-17,-0.058144727689875,0.0006791068816660584
-20C,21.4,61.9,0.2,-16.74100463594799,-16.80034781847337,0.614,0.6130834300798063,-16.84704604976241,-16.72226889523995,0.0006412254630404593,0.0073304978634274294,0.007095600503749071,0.0005495402967340395,0.3916,0.41307184545090425,5.9544753312942215e-05,1.1533585453195229e-05,4.483107817324192e-06,1.3001496329056438e-05,2.9522459858175168e-08,4.0615188180951955,3.3733493822150495,4.921494412619622,157.18077826028403,-1.2882029178407345e-08,-3.5773722040891315e-05,0.9422040916318725,1.2558702932307528,0.610972628570343,0.03177092839988381,4.3306180719798394e-05,256038.23699936597,0.15738072159421265,3.3594552487012206,0.4981560147134404,False,5307110.926967823,26308.596690505703,2.2737367544323206e-13,-2.4401325144501884e-17,-0.05934318252537807,-0.0009165699201937327
-20C,21.6,61.9,0.2,-16.693563836618456,-16.75219290379829,0.616,0.6144944493002165,-16.7982056256414,-16.710413280263197,0.0006496726438933598,0.007460792699911805,0.007221430458313007,0.0005372626449668614,0.3916,0.4129603198913196,5.956461554801144e-05,1.1537546896744395e-05,4.482613198801027e-06,1.3005961956330042e-05,2.9584564295620196e-08,4.076912707636718,3.385752039054726,4.940444622515316,157.77652178554098,-1.2930020817411633e-08,-3.570932959548704e-05,0.9412012795926743,1.255826054617345,0.6096788343107273,0.0316094563264623,4.331467993888138e-05,256036.09251095902,0.1581789664477943,3.4106773094267395,0.5077756542215079,False,5298472.915211408,54885.124359658104,2.2737367544323206e-13,-5.42643187328995e-17,-0.05862906717983307,-0.001505550699783531
-20C,21.8,62.0,0.199,-16.646293127546517,-16.701745736049816,0.618,0.6164299751140878,-16.75020280708958,-16.649607577016127,0.0006641761886121005,0.007609087424977928,0.007365401346047527,0.0005513434386867041,0.3916,0.41279943479705483,5.958419503199245e-05,1.1540406717343926e-05,4.481762692649426e-06,1.3009185754096792e-05,2.9646586399677662e-08,4.092285834023876,3.4006974367684144,4.955981629834498,158.371461776724,-1.2987877094472884e-08,-3.566097307734266e-05,0.9400548176714835,1.2557832413722871,0.6080201729466687,0.03128999158069328,4.3101730837466526e-05,256059.80896887652,0.15901922778810507,3.4624126216653903,0.5175849525698426,False,5260190.846412505,143448.35961707594,2.2737367544323206e-13,8.05020113070487e-18,-0.05545260850329825,-0.0015700248859121801
-20C,22.0,61.9,0.2,-16.599245210432105,-16.65579279897503,0.619,0.617290775111086,-16.700951436868536,-16.577791073432138,0.0006745271107199226,0.007743484159723073,0.007495267261443796,0.0004997277722034564,0.3916,0.412721999204588,5.960370296035452e-05,1.1544108292438176e-05,4.4818397290685026e-06,1.3013358438748489e-05,2.9704592917498488e-08,4.107638110125753,3.4132330661309442,4.974537355102199,158.96559486186658,-1.3036391624668459e-08,-3.5596781065176576e-05,0.9390215417501916,1.2557428307548664,0.6071205521208696,0.031288182171923334,4.332135098746715e-05,256092.6923232114,0.1597882263861891,3.514662917395271,0.5273561448117196,False,5281354.299901523,29152.14762125212,2.2737367544323206e-13,-1.2244708285508166e-17,-0.056547588542922966,-0.0017092248889140071
-20C,22.2,62.1,0.2,-16.552366157575694,-16.605765477880823,0.621,0.6186806244891446,-16.653183397163843,-16.56306721211689,0.0006891303603170458,0.007889625237299051,0.007637116147512437,0.0005433369213361383,0.3916,0.4125356078339408,5.9623182503875736e-05,1.1546931666671738e-05,4.480424882065139e-06,1.3016541151520867e-05,2.976634846352743e-08,4.122962720196453,3.4262437942052104,4.992503024268369,159.55865727160273,-1.3086748847357132e-08,-3.553978609334457e-05,0.9378938426356296,1.2556985333533388,0.6058430671515815,0.03113150936680157,4.3332345811102055e-05,256077.7085165337,0.16062932066342328,3.567406611371062,0.5374414029176492,False,5272845.886200524,140365.03730493388,2.2737367544323206e-13,-6.545870616381233e-18,-0.05339932030512884,-0.0023193755108553704
-20C,22.4,61.8,0.2,-16.505765703284215,-16.559685824328483,0.623,0.6200544666801038,-16.604229179256265,-16.48027567857025,0.0006990974667473211,0.008023302065312172,0.007766280312982686,0.0004970541276351829,0.3916,0.4124535947002397,5.9642714989825866e-05,1.1550702381777056e-05,4.480434876123397e-06,1.3020791775821408e-05,2.9824969045802444e-08,4.1382627629410695,3.4393249437447455,5.010307236102717,160.15076892581936,-1.3137378270622601e-08,-3.5478637918025297e-05,0.9368678387273447,1.2556577990137745,0.604584331580697,0.030975664816673205,4.3335936300426985e-05,256102.38689057023,0.16140766820164779,3.62065574514237,0.5475070650503625,False,5264435.465686538,32700.72665444504,2.2737367544323206e-13,-1.0316861297557378e-17,-0.05392012104426769,-0.002945533319896221
-20C,22.6,61.9,0.199,-16.45949953849804,-16.512016315424887,0.625,0.6219444483040517,-16.55592352807605,-16.464858208626765,0.0007130125514195094,0.008166064345005193,0.007904880345566983,0.000590839636930218,0.3916,0.41222290539610285,5.966211050425944e-05,1.1553346817386109e-05,4.478046487866589e-06,1.3023772775962523e-05,2.988212336392734e-08,4.153531125823096,3.4528820182674704,5.0273620771391,160.74165456935376,-1.3189836885637928e-08,-3.5426913639430654e-05,0.9357677650308008,1.255614222023875,0.6029593909690799,0.030667250097243148,4.3132653500318793e-05,256065.51845495208,0.16221654344361558,3.6743866835816617,0.5577609206366043,False,5226601.003596378,33686.101272343156,2.2737367544323206e-13,-2.0881056215713012e-17,-0.052516776926847086,-0.0030555516959482887
-20C,22.8,61.8,0.199,-16.41346219785355,-16.462398225788945,0.627,0.6233057769676359,-16.510105645686167,-16.418311260354187,0.0007304358560253507,0.008324847127050396,0.008059345782265307,0.0005903407220110839,0.3916,0.4120664803763226,5.968116944515877e-05,1.1556109329741142e-05,4.477213826309937e-06,1.3026886880799105e-05,2.994441317404362e-08,4.168782514153387,3.4670645714146415,5.043633219889823,161.33188329773606,-1.3244739078435939e-08,-3.5375698260309754e-05,0.9345428506169772,1.255572193859804,0.6017081518441858,0.030515128470148756,4.3136577833405116e-05,256091.62380203884,0.16306246721752626,3.728652714730755,0.5682051475038105,False,5218308.857772893,171611.12826516188,2.2737367544323206e-13,2.5343225781848666e-18,-0.048936027935393867,-0.003694223032364108
-20C,23.0,61.9,0.201,-16.367654134387227,-16.41799492850504,0.629,0.6236007249866592,-16.460694240016778,-16.337936891462732,0.0007420244385819578,0.008465889281881595,0.008195822382129977,0.0005244550966658459,0.3916,0.41199687100539495,5.9700364915710755e-05,1.1559834261833809e-05,4.477339363313103e-06,1.3031085895158115e-05,3.0001195071927084e-08,4.184011822264045,3.477910769854643,5.064148736660212,161.92125752161851,-1.328671691153304e-08,-3.530351802486129e-05,0.9334615540146163,1.255532929736186,0.6012163241021672,0.030672305729689417,4.357491767017332e-05,256117.63537261065,0.16382294587519824,3.7834377527254683,0.5785724632706563,False,5268939.524875467,20270.413896485752,2.2737367544323206e-13,8.361909255294453e-18,-0.05034079411781178,-0.00539927501334081
-20C,23.2,61.8,0.199,-16.32207591054537,-16.371662535412213,0.63,0.6259972311313122,-16.413956282344884,-16.292362562575704,0.000747558190905898,0.008588150340496693,0.00831355043211421,0.00045463813764259637,0.3916,0.41194883443438196,5.971962807674964e-05,1.1563852328121638e-05,4.477879862755225e-06,1.3035615351700753e-05,3.006155672285764e-08,4.199210026924713,3.4928964440316794,5.07931173386137,162.50942804198635,-1.334472012880136e-08,-3.5250733108749626e-05,0.9325295297878726,1.2554914699126376,0.5992333086100625,0.030217785355657598,4.314481560528775e-05,256133.07308494145,0.16461996240842075,3.8387105671747195,0.5892918837010006,False,5201914.631309117,19902.251214634092,2.2737367544323206e-13,-6.051881001542525e-17,-0.049586624866844176,-0.004002768868687778
-20C,23.4,62.1,0.2,-16.276622676850867,-16.323545836194057,0.632,0.6268169103902118,-16.368080630972372,-16.27992974274099,0.0007622551500381263,0.008730248985890334,0.008451436292752927,0.0005283099515563495,0.3916,0.41173601892625417,5.973827886067778e-05,1.1566072677070207e-05,4.476062854247938e-06,1.3038118290515507e-05,3.011903405857637e-08,4.214385474082584,3.5052278236988035,5.0977361741643765,163.09671784699597,-1.3392442976605407e-08,-3.519252953944209e-05,0.9314387504635621,1.2554495143390365,0.5983655941390262,0.030223638973969444,4.337083582909522e-05,256131.69321556258,0.1654514708565392,3.894502676518133,0.6001736729407916,False,5223036.973429984,125489.59797784754,2.2737367544323206e-13,1.179069862577986e-18,-0.04692315934319069,-0.005183089609788194
-20C,23.6,61.9,0.2,-16.231349734060803,-16.27704889781387,0.634,0.628143346007592,-16.32016895059968,-16.247631992036418,0.0007744171383878794,0.008870193917335527,0.0085872191574926,0.0006298280738252139,0.3916,0.41149963994928446,5.975729312963326e-05,1.1568490635407646e-05,4.4734837906281405e-06,1.3040843989004983e-05,3.017377971666489e-08,4.229528909548437,3.5173200034174052,5.11652308016052,163.68276879952452,-1.3439235279415391e-08,-3.5133777412852243e-05,0.9303654995938154,1.2554067362389743,0.5971413298672167,0.030078672733648264,4.338763051726752e-05,256079.10841017717,0.16625868002843228,3.9507811432568705,0.6111121209161513,False,5214916.767630289,178131.31113358348,2.2737367544323206e-13,-1.7672495411513722e-17,-0.04569916375306704,-0.005856653992407979
-20C,23.8,61.7,0.199,-16.18652416312533,-16.23238879163239,0.635,0.6299764627579141,-16.273561002004328,-16.155843002760207,0.0007876157449025425,0.009016596424643909,0.008729104145116426,0.0005443546665164061,0.3916,0.4114434852792355,5.9776161097192245e-05,1.1572319807675366e-05,4.47395637444241e-06,1.3045160510470413e-05,3.0232817759463195e-08,4.24465394748049,3.5320530859027413,5.1317741207389975,164.26810776749497,-1.349626947953469e-08,-3.5081901215709005e-05,0.9292449641460839,1.2553687607640993,0.5955656527913582,0.02978347683306187,4.316838176522224e-05,256132.0985640525,0.16703743156089373,4.007597886285989,0.6220541023794764,False,5177676.27521197,28167.596314037946,2.2737367544323206e-13,1.796726287715822e-17,-0.04586462850705786,-0.005023537242085929
-20C,24.0,62.1,0.2,-16.141827766621123,-16.186510251963966,0.637,0.6307703448054196,-16.228095408993454,-16.117139672518476,0.0007991000657929538,0.009154742905433461,0.00886279597073461,0.0005136135718151827,0.3916,0.4113402490572025,5.979463856331685e-05,1.1575775449109803e-05,4.4737792299872755e-06,1.3049055960814689e-05,3.029259224375703e-08,4.259756619687071,3.54430125376388,5.150137520969527,164.85258118188963,-1.3543670802555405e-08,-3.501920892788297e-05,0.9281900208430593,1.255328499755897,0.5947230394962509,0.029791726137153276,4.338931707326843e-05,256159.09547286967,0.16784094383673573,4.064939882383965,0.6332700298072826,False,5198834.742544109,70188.37946693391,2.2737367544323206e-13,1.1478990501190278e-17,-0.04468248534284314,-0.006229655194580408
-20C,24.2,62.8,0.199,-16.096785231144555,-16.140354771824377,0.636,0.6326014094102799,-16.182061055534973,-16.071478696375095,0.00080963158239277,0.00928839991242126,0.008992059494771,0.0004969165243445232,0.3916,0.41122744633455827,5.981324091206055e-05,1.1579170689521557e-05,4.47337800920948e-06,1.3052883322733394e-05,3.035223052102942e-08,4.274832272215372,3.5584845712990445,5.165989654581761,165.43600893473484,-1.3598566012766132e-08,-3.49666178894824e-05,0.9271708369663704,1.2552876009228406,0.5931414838541268,0.02950152977341085,4.317788502320258e-05,256167.3197627293,0.16865291515003453,4.12279080346647,0.6446810638435291,False,5161687.160310814,79560.61622527886,2.2737367544323206e-13,-1.1180834903756764e-17,-0.04356954067982244,-0.0033985905897201407
-20C,24.4,64.2,0.205,-16.05086823268293,-16.09597458399446,0.633,0.6308154402529114,-16.136126435107712,-16.016796278192487,0.0008165659747369769,0.009413885223982737,0.009112891902528536,0.0004665936731750974,0.3916,0.4111379537273897,5.9831639503864926e-05,1.1582703663386175e-05,4.47324855274354e-06,1.305686594781714e-05,3.040915880803608e-08,4.2898852520760915,3.563396517359134,5.19386939343711,166.01855925534474,-1.3617577492904156e-08,-3.486518150162191e-05,0.9262188619484227,1.2552485994716205,0.5941323559227748,0.03025631583324262,4.448746269173037e-05,256197.10542512915,0.1694370825891656,4.181168632373492,0.656175135437684,False,5328522.643041113,40898.03607576848,0.0,2.257851024201063e-17,-0.04510635131153151,-0.0021845597470886435
-20C,24.6,65.7,0.21,-16.003652599771996,-16.04764171674634,0.63,0.6295987373000779,-16.089488522030763,-16.0239564761182,0.000823170436889709,0.009539723097138575,0.009234287720914966,0.0005971399835331237,0.3916,0.41088586489154144,5.985118763055748e-05,1.1585157773143605e-05,4.470469285801721e-06,1.3059632398816429e-05,3.046539117372659e-08,4.304881800161682,3.5657965115407597,5.22619354372684,166.59892566625706,-1.3626882543881858e-08,-3.475258222390733e-05,0.9252631487284426,1.2552025433841498,0.5946960876522968,0.030862111353984686,4.560707779060038e-05,256076.7816645065,0.17029492911083,4.239941914352471,0.6680775662260994,False,5466307.473736875,127134.72968865256,4.547473508864641e-13,1.0787811616230769e-17,-0.04398911697434471,-0.0004012626999221336
-20C,24.8,67.5,0.215,-15.954924907592996,-15.999068995219318,0.628,0.628411278160127,-16.04176998291274,-15.9245928303759,0.0008361233013564917,0.009688665152832301,0.009378231990253881,0.0005538747225369543,0.3916,0.41078670293265834,5.987100557382435e-05,1.1588859176371765e-05,4.470424846518186e-06,1.3063804889728171e-05,3.0528905386919754e-08,4.319842590531169,3.566432225896604,5.25964031177535,167.17790825355624,-1.362937007750024e-08,-3.463036041082193e-05,0.924130827524878,1.255160661070518,0.5952371752214775,0.03146550551334176,4.670217557163875e-05,256099.7019521344,0.17116108101219696,4.2991902980447465,0.6800254203800069,False,5604272.274122215,66209.88923490088,4.547473508864641e-13,2.1047074673374855e-17,-0.04414408762632149,0.00041127816012698215
-20C,25.0,70.0,0.223,-15.904148505481075,-15.949940882892804,0.626,0.625825349024885,-15.992712131191922,-15.866727757097408,0.0008428251560592933,0.009823422043499746,0.009507656352449316,0.0005012456408364217,0.3916,0.410711251448308,5.989144995766273e-05,1.1593035127308711e-05,4.470620714659365e-06,1.306851232532982e-05,3.0593349001089255e-08,4.334750743394697,3.561575401847403,5.301035957831264,167.75485376937473,-1.3610602732575312e-08,-3.447503530304584e-05,0.9231135869844993,1.2551161117094625,0.5967342232685394,0.03250808027009677,4.845914594131037e-05,256087.39739323157,0.17204128268005942,4.3588457456878835,0.6922441833247134,False,5830454.458752697,30077.048368143227,4.547473508864641e-13,-7.883843859864126e-17,-0.045792377411729035,-0.00017465097511504268
-20C,25.2,71.4,0.228,-15.851536353449985,-15.894885471568443,0.624,0.6247474107141092,-15.942437783063156,-15.847782721769306,0.0008600203295519074,0.009982090997054532,0.009661166799597784,0.0005900902663285454,0.3916,0.41046820923616345,5.991286721363262e-05,1.1595537546268204e-05,4.468404397770233e-06,1.3071333233975069e-05,3.0659942834878547e-08,4.349592011527125,3.5584056891676585,5.340681295116562,168.32921084609976,-1.3598374988510634e-08,-3.4334096710120354e-05,0.9219080544306549,1.2550658463873798,0.5971621788568223,0.03310667770504318,4.957911140511814e-05,255995.05392458278,0.1730326574326266,4.418848078155111,0.7048955317009865,False,5968704.939001625,146872.50892467817,4.547473508864641e-13,-1.282069068964109e-17,-0.04334911811845821,0.0007474107141092201
-20C,25.4,72.1,0.233,-15.798059647031648,-15.841750362458981,0.622,0.6236989256163828,-15.889054837230105,-15.755840698767884,0.0008724167832266606,0.010134742306755434,0.009808223922154921,0.0005678606263340033,0.3916,0.41034514010764694,5.9934987802946826e-05,1.1599908631491926e-05,4.467975834049629e-06,1.3076260639136353e-05,3.073025169104495e-08,4.364372587855458,3.555456539621406,5.380086840377982,168.90121915000617,-1.3586999202597327e-08,-3.418909465441639e-05,0.9207542687349645,1.255017760445742,0.5975687613703953,0.03369938798152712,5.068547743670526e-05,255976.68721939053,0.17399446482810468,4.479218606585166,0.7175983510680863,False,6107075.308582273,63663.97804181653,4.547473508864641e-13,-5.485385366418849e-18,-0.04369071542733316,0.0016989256163828514
-20C,25.6,73.8,0.235,-15.743558757743738,-15.785905306169752,0.621,0.6240576023497424,-15.83407872551328,-15.732356256707021,0.0008889539650996143,0.010298380092150831,0.009966511933865628,0.0006780890594137991,0.3916,0.41007962152513056,5.995789401407537e-05,1.1603039385074002e-05,4.465126333100195e-06,1.3079789852265239e-05,3.0798611452443385e-08,4.3790770340166905,3.55610128703161,5.416007484604908,169.47028121644593,-1.358953225038233e-08,-3.40638908572317e-05,0.9195135098592487,1.2549651152246968,0.5970049129371038,0.033851445773434206,5.1154164416399114e-05,255874.52409971663,0.17501065641308952,4.53988990950404,0.7305802534769608,False,6156916.542632706,39905.29248541358,4.547473508864641e-13,-2.4472475912071245e-17,-0.04234654842601415,0.0030576023497423943
-20C,25.8,75.4,0.241,-15.687552574803401,-15.72696789490351,0.619,0.6226061648921286,-15.782628783114774,-15.676036043568786,0.0009120029597283195,0.010485902991429576,0.01014831546304119,0.0006975404757871619,0.3916,0.4098758904680043,5.9980493312630855e-05,1.1605853025223398e-05,4.463775518222871e-06,1.3082961592070011e-05,3.0872392414955e-08,4.393741246424151,3.5538527923391294,5.453254827172204,170.03778623661458,-1.3580861443009545e-08,-3.3931616843138855e-05,0.9180898896067523,1.2549147111085035,0.597677345289329,0.03457872328471086,5.247764233491358e-05,255878.4064618197,0.17608907355787837,4.6010069536697795,0.7438245410443437,False,6324821.373155708,212212.80102877057,4.547473508864641e-13,1.4541861638461828e-17,-0.039415320100108175,0.003606164892128616
-20C,26.0,77.0,0.245,-15.630099978453512,-15.671439049388653,0.618,0.622078592337105,-15.722429500482292,-15.58673199729975,0.000929176413576896,0.010661088398992824,0.010317473822898894,0.0006517993607016308,0.3916,0.4097537361181368,6.0004132334542836e-05,1.1610288624956079e-05,4.463410618198401e-06,1.3087961722677762e-05,3.0945253971540644e-08,4.408348497016936,3.553074376745773,5.489423752630439,170.60308683455543,-1.3577886529132837e-08,-3.379996676528639e-05,0.9167667176245162,1.254864349145634,0.5977206384149906,0.03501174824174787,5.337015179044862e-05,255850.73633890704,0.17711074531360035,4.662498021920677,0.7570462446416271,False,6433754.0519562075,63693.92356434381,4.547473508864641e-13,1.95393560272622e-17,-0.04133907093514111,0.004078592337105058
-20C,26.2,78.7,0.251,-15.57115187687803,-15.613068091684795,0.617,0.620703872970359,-15.665289438741809,-15.52537565291999,0.0009437116069300411,0.010828446596688107,0.010478609382345122,0.0006227499319847002,0.3916,0.40962242272918264,6.002804613251999e-05,1.1614678618079932e-05,4.463001849845928e-06,1.3092910442199198e-05,3.102190100966545e-08,4.422899052044689,3.5498061533176073,5.5290757177797945,171.16619331412946,-1.3565273281832768e-08,-3.365442390028665e-05,0.9155075791227184,1.2548117950560573,0.5983228688481557,0.03573035381694802,5.4699420594645645e-05,255834.9862511911,0.17819062090591337,4.724361153418271,0.7707080140983419,False,6601877.192667277,90130.87336556095,4.547473508864641e-13,-1.237345729349082e-17,-0.041916214806764884,0.0037038729703590123
-20C,26.4,80.0,0.256,-15.510876700355976,-15.55431857453641,0.616,0.6198110581699746,-15.606655434027346,-15.465702504721662,0.0009515599880530909,0.010980060256859854,0.01062369864129707,0.0005642114860107518,0.3916,0.4095369801073015,6.005264350939251e-05,1.161959762439014e-05,4.463252246441038e-06,1.3098455503857976e-05,3.109912923279102e-08,4.437386932542952,3.5469567022611415,5.568351920356475,171.72687428941225,-1.3554285563000511e-08,-3.3507899835527254e-05,0.9143749056669778,1.2547584572372645,0.5985900216622861,0.03630156657600013,5.581082900358575e-05,255818.7799580294,0.17928364968839333,4.786567432063128,0.7846738232590089,False,6740384.729369039,36365.079726181524,4.547473508864641e-13,-2.1155494890623405e-17,-0.043441874180434326,0.0038110581699746238
-20C,26.6,82.0,0.262,-15.449117862326355,-15.490652614734984,0.614,0.6185240988793544,-15.546502245891133,-15.437233209264036,0.0009682883890632994,0.011147355585886842,0.010784796122957603,0.0007204286220300712,0.3916,0.40922225675909163,6.007804641320951e-05,1.1622852580035539e-05,4.459919518856246e-06,1.3102124726585518e-05,3.1177020607741284e-08,4.451795345280387,3.542638412125791,5.611562147776469,172.28447986235096,-1.353761676569201e-08,-3.335513584812403e-05,0.9131184152308922,1.2546983812610921,0.5991043826898073,0.03701273112834929,5.716856358113973e-05,255690.59592688672,0.18047515122394936,4.849039761835725,0.7990984001346793,False,6908683.382112307,165856.99776760122,4.547473508864641e-13,-1.0503208545953324e-17,-0.04153475240862825,0.0045240988793544545
-20C,26.8,84.2,0.267,-15.385393061506967,-15.428052417187473,0.614,0.617690138331685,-15.484989834470525,-15.337003558700303,0.000983221178134123,0.011322177596018033,0.010952725608334827,0.0006506351179548189,0.3916,0.4091230521691722,6.010374314487285e-05,1.1627622052288073e-05,4.4602300963107976e-06,1.3107501222579281e-05,3.125949147935428e-08,4.466154345323369,3.5390311134917916,5.650575300463922,172.84017316401435,-1.3523695624413602e-08,-3.3210801970592835e-05,0.911809962115407,1.2546443696407834,0.5993200630908498,0.0375758964964082,5.827172184040007e-05,255724.41083584205,0.18165384807777202,4.911904246853745,0.8135773083398128,False,7047344.140356294,90764.95792054631,4.547473508864641e-13,4.3090260092720767e-17,-0.04265935568050594,0.0036901383316849667
-20C,27.0,86.0,0.275,-15.319818389165029,-15.360922297826562,0.613,0.6156430398251184,-15.422559385446789,-15.307739486342939,0.0010059717842583842,0.0115186085121631,0.011142350894990586,0.0007309397280155249,0.3916,0.4088527802745776,6.01299593863942e-05,1.1630973285718938e-05,4.457970735255482e-06,1.3111278976628623e-05,3.134338026160814e-08,4.480451192074892,3.5314773370774133,5.696297450721837,173.3934611332983,-1.3494504234113809e-08,-3.304705262468425e-05,0.910334055642661,1.2545840900172096,0.6003188611210383,0.03856213132992002,6.0057741132915914e-05,255661.13062733161,0.18292575127873847,4.975101939823154,0.8284715920695219,False,7275731.988004053,210625.3626072674,4.547473508864641e-13,-6.0173220572945496e-18,-0.04110390866153324,0.002643039825118376
-20C,27.2,87.4,0.279,-15.252837320910864,-15.294935058161059,0.612,0.6152760085550254,-15.355853890470257,-15.200118730309498,0.0010248592473265745,0.011709317291077643,0.01132588258569593,0.0007098225591287805,0.3916,0.4086918994185426,6.015747125865332e-05,1.1635936897185035e-05,4.45731899877783e-06,1.3116874320463129e-05,3.143018492098962e-08,4.494677530575016,3.528002409989609,5.736853764712847,173.94402043325312,-1.3481106170086043e-08,-3.289938581007025e-05,0.9089072178639208,1.2545240841693415,0.6002113446077693,0.03897576793205154,6.0963074495302965e-05,255613.7595795243,0.18418402750627938,5.038591347112307,0.8434913905433489,False,7384695.243744961,108031.58766380507,4.547473508864641e-13,1.4840017235895342e-18,-0.042097737250195166,0.0032760085550254114
-20C,27.4,88.0,0.284,-15.18511126829302,-15.22447939499068,0.611,0.6145319942208035,-15.289185281190669,-15.168495327279118,0.0010484652976543805,0.011912961761134622,0.011522354628280896,0.0007579184604726502,0.3916,0.4084473260133115,6.018526990785857e-05,1.1639924365956581e-05,4.455413544681993e-06,1.3121369285260147e-05,3.1520570406994616e-08,4.508840280179066,3.5244741486568927,5.77733162544109,174.4921188429298,-1.3467494820785715e-08,-3.275549177310935e-05,0.9073815406587386,1.2544608917286892,0.6003414775624474,0.03952533008878047,6.208985665792822e-05,255568.02879073934,0.18553634706470293,5.102398640238952,0.8590003243802331,False,7523505.161961793,224945.42784854016,4.547473508864641e-13,2.2497195079074217e-18,-0.03936812669765999,0.003531994220803525
-20C,27.6,89.8,0.287,-15.116429731463176,-15.154793718633016,0.611,0.6146005456814478,-15.219068357815559,-15.11289444160576,0.0010706855275438138,0.012111850346995193,0.011714110002967475,0.0008696752995875807,0.3916,0.40814677343179556,6.0214121445443366e-05,1.1643454604390168e-05,4.452347596990281e-06,1.31253488267671e-05,3.160485583632404e-08,4.522925541270526,3.523421000362219,5.816046407398668,175.03721844716935,-1.3463464885453588e-08,-3.2620482329105586e-05,0.9058942606070777,1.2543954594165037,0.5999435024295682,0.039788614726672826,6.27965788148503e-05,255445.9258174614,0.186882919661299,5.166455987395077,0.8746611818285159,False,7602376.595941979,281446.80334935733,4.547473508864641e-13,-7.616520261710669e-18,-0.038363987169839575,0.003600545681447853
-20C,27.8,91.5,0.292,-15.046204802621478,-15.086343434086984,0.61,0.6138800168127199,-15.150388494868935,-14.98594799731319,0.001093916901716964,0.012323434396370592,0.011917953417969529,0.0007875447591192275,0.3916,0.408024326245558,6.024272658290331e-05,1.1648806770741465e-05,4.452498946193386e-06,1.3131382177926742e-05,3.1696987807857126e-08,4.536968184991678,3.5215841349619468,5.8524687917534495,175.5806687591779,-1.3456394468687615e-08,-3.248814313905156e-05,0.904315139841506,1.2543368312249863,0.600066869051289,0.04032604461419656,6.390074678087277e-05,255498.05194602406,0.1882144188002905,5.230918052783916,0.8903291837434824,False,7741262.169901617,104666.22242832744,4.547473508864641e-13,-1.5009423825346202e-17,-0.040138631465506336,0.0038800168127198775
-20C,28.0,92.9,0.297,-14.97466420609388,-15.011759796248043,0.611,0.6131949710136698,-15.082435234916147,-14.953637297231865,0.0011220886475443307,0.01254563234764298,0.012132505392970883,0.000826884723701667,0.3916,0.40776996913358643,6.027179097458067e-05,1.1652947733589296e-05,4.450683743146101e-06,1.3136050172409751e-05,3.17941291141368e-08,4.550953838143539,3.519331240440491,5.8905585897178065,176.12191353615495,-1.3447716710190213e-08,-3.235434843180768e-05,0.90265517942247,1.2542699569896352,0.6001493071908446,0.04086064548427039,6.503330085036205e-05,255446.6698785413,0.18967521335399545,5.2957161933250525,0.9066865266642093,False,7880045.718057547,267603.37132636044,4.547473508864641e-13,-6.098637220230962e-19,-0.03709559015416275,0.002194971013669833
-20C,28.2,92.9,0.3,-14.902736956889303,-14.940722608974056,0.613,0.6132913307830711,-15.008093681359014,-14.839905229213286,0.0011455614173001654,0.012759374328328195,0.012338333566760031,0.0007955660328943386,0.3916,0.40759656866238464,6.030165152772585e-05,1.1658183872385793e-05,4.44997876917577e-06,1.3141952728871259e-05,3.188797925801877e-08,4.564881874570117,3.5197137192448693,5.925035041349116,176.66092854586353,-1.3449239693265258e-08,-3.223155601828605e-05,0.9010647765522966,1.2542061261960733,0.5997382761994354,0.04111080140511206,6.571780845474515e-05,255424.9082429723,0.19107629420675243,5.360843836479696,0.9229878394372717,False,7958757.293084745,130672.24549197895,4.547473508864641e-13,-1.5842904245444434e-17,-0.03798565208475324,0.0002913307830710865
-20C,28.4,92.9,0.3,-14.831182629642033,-14.869975414472378,0.616,0.6145603778279892,-14.935718028331962,-14.767081249962132,0.0011610568273053659,0.01295422247950965,0.01252516317668424,0.0007253856772717228,0.3916,0.40748035969627217,6.033164971236354e-05,1.1663893527591355e-05,4.450071432481054e-06,1.3148389067466619e-05,3.198198752552629e-08,4.578757028164895,3.5253970857028576,5.951596025747924,177.1978969899814,-1.3471272526019048e-08,-3.213739770607561e-05,0.8996229288342298,1.2541427228853277,0.5985773617643465,0.040939249190056995,6.573410293492764e-05,255431.52004933715,0.19248116702960794,5.42631966235014,0.9396240697696031,False,7947103.968521678,61902.20445254484,4.547473508864641e-13,6.945670167485263e-18,-0.03879278483034554,-0.0014396221720107683
-20C,28.6,92.7,0.299,-14.76010950092618,-14.796836437455227,0.618,0.6162143258758898,-14.863359299027422,-14.731412416099658,0.0011845355948124736,0.013160316224597861,0.012723741072391442,0.0008667474805411047,0.3916,0.4071431699250503,6.036128752280687e-05,1.1667633203580949e-05,4.44665734870019e-06,1.3152604702218524e-05,3.207271201868116e-08,4.59258361161128,3.5336178951120916,5.974444489167079,177.7329857693566,-1.3503110549803917e-08,-3.206661223976882e-05,0.8980922022587493,1.2540757672536753,0.5971688176774744,0.04062707548669931,6.55482136118602e-05,255369.66284248812,0.19394357683352403,5.492161102889513,0.9566203042403869,False,7905476.478821824,133684.6992643695,4.547473508864641e-13,7.450840617227728e-17,-0.03672693652904613,-0.001785674124110237
-20C,28.8,92.8,0.3,-14.689464688744895,-14.722292972801199,0.621,0.6171005756070332,-14.793327496623363,-14.660915911011102,0.001212486090633633,0.013382484978925925,0.01293803804956622,0.0008269043904322553,0.3916,0.40696538421564926,6.0390423024428274e-05,1.1671996988380795e-05,4.446112990866147e-06,1.3157523877811077e-05,3.21712315150737e-08,4.6063877067794845,3.5428755179371896,5.994331017665301,178.26720425236599,-1.3538967880832942e-08,-3.2002080084378056e-05,0.8964423915477894,1.2540124306035447,0.596262052713803,0.04058402634390583,6.577593880277533e-05,255415.11448361076,0.1954446412445685,5.558491363320322,0.9738747100847063,False,7923778.001771963,253095.0030189273,4.547473508864641e-13,-1.0313473165768361e-17,-0.03282828405630411,-0.003899424392966755
-20C,29.0,92.8,0.299,-14.61914131348485,-14.650982566380605,0.623,0.6187418107483748,-14.719410626629099,-14.55974619570344,0.0012369161090481132,0.013598083074896319,0.013145835001758971,0.0008024642613299284,0.3916,0.4067817490045827,6.0419802101353224e-05,1.1677123329310482e-05,4.44534871978507e-06,1.3163302662131813e-05,3.22667646823989e-08,4.620163994886095,3.554739396296205,6.010408677182161,178.80034660209185,-1.3584904609078443e-08,-3.1952775108370684e-05,0.8948446984955684,1.2539493670753428,0.5948769207961766,0.04026506496107137,6.55705697200248e-05,255426.38030942573,0.1968906546250785,5.625285206014282,0.9910996408855881,False,7882344.615434218,167495.1953808638,4.547473508864641e-13,-1.0793910253451e-16,-0.0318412528957559,-0.004258189251625244
-20C,29.2,92.8,0.299,-14.549193118638161,-14.581226152656427,0.625,0.6199944423195587,-14.647314319506393,-14.483722696421069,0.001257134442599532,0.013803502761551945,0.013343403261079084,0.0007645693848027197,0.3916,0.4066222024351957,6.044891215887455e-05,1.1682223612961385e-05,4.444822017502478e-06,1.3169052072792833e-05,3.235924002484301e-08,4.633919029370429,3.566366382602507,6.026545763466925,179.3326664366356,-1.3629920066217115e-08,-3.190193151353186e-05,0.8933275515554404,1.2538879063085961,0.5937451087030494,0.04008277408887106,6.558119711702112e-05,255453.74296092798,0.19831472712309556,5.69257478375528,1.0084966034427512,False,7870880.371792225,125759.30167042234,4.547473508864641e-13,-3.8516282177547545e-17,-0.03203303401826574,-0.005005557680441308
-20C,29.4,93.0,0.3,-14.479511905252682,-14.510130779934116,0.627,0.6208660147545432,-14.576347702650423,-14.410205890117822,0.001277143281332945,0.014004365984965966,0.013536402129242214,0.0007475115061549774,0.3916,0.4064461888634021,6.0477811175587954e-05,1.1687219505818338e-05,4.444099310626413e-06,1.3174683806558853e-05,3.245422249567897e-08,4.647652148002294,3.576673363981865,6.044503276746317,179.86413812768876,-1.3669826939690408e-08,-3.1844175300961825e-05,0.8918472756917769,1.2538251349696656,0.5928548937768789,0.040038410999455105,6.581543878835153e-05,255471.05511440695,0.19977593425622261,5.760357599592912,1.0263207402240562,False,7889200.966441293,156773.2749647323,4.547473508864641e-13,-7.456600441269057e-17,-0.03061887468143354,-0.00613398524545683
-20C,29.6,92.3,0.299,-14.410468611294139,-14.439397193621346,0.629,0.622496244167191,-14.50407635616665,-14.396878358243896,0.001297079117260423,0.01420099297202589,0.013725457875371817,0.0008571327852088813,0.3916,0.4061495633517899,6.050691181846381e-05,1.1690841368664021e-05,4.441163933722535e-06,1.317876663376671e-05,3.254107662786755e-08,4.661354784316634,3.5881774382169245,6.060607843347762,180.39443015305375,-1.3714360749653289e-08,-3.17980786203003e-05,0.8903989427485539,1.2537602127585854,0.5914722004616244,0.039726138501670394,6.562962809966718e-05,255405.53426396463,0.20123958408296655,5.828591487663946,1.044387498057319,False,7847983.562718394,252894.21052535233,4.547473508864641e-13,-6.911788849595091e-18,-0.02892858232720741,-0.006503755832809044
-20C,29.8,93.0,0.299,-14.341793280675834,-14.372092314443819,0.631,0.6237294939707296,-14.43416568822147,-14.266822021623398,0.0013147110152496278,0.014400107779266426,0.013916560584365285,0.0007410727093764941,0.3916,0.4060730782602167,6.0535530571462174e-05,1.1696550811618531e-05,4.44195292986479e-06,1.3185202733097256e-05,3.263335431555759e-08,4.675043140954022,3.6009780982135955,6.074896318508275,180.92416955492067,-1.3763926147686348e-08,-3.17511605913834e-05,0.888936648453476,1.2537030504915734,0.5903604375639452,0.03954749354748584,6.56254094126426e-05,255487.91519813958,0.20264148990406794,5.8973577296380615,1.0623231699979452,False,7836696.703481845,52232.84116720007,4.547473508864641e-13,-2.1423157301955764e-17,-0.03029903376798515,-0.007270506029270374
-20C,30.0,92.7,0.299,-14.273270601666557,-14.299558402103855,0.633,0.6249685278035125,-14.366135613081667,-14.238055667131732,0.0013405483469884232,0.014613266375097644,0.014122112148094975,0.0007931524098148558,0.3916,0.4058138184477739,6.0563769618162496e-05,1.1700247012164744e-05,4.44008914526303e-06,1.318936935916753e-05,3.2727088411117904e-08,4.688711270382071,3.6132293238242386,6.0897292060230015,181.45312616378615,-1.3811354231286842e-08,-3.1709149213541036e-05,0.8873656867895559,1.2536391591267715,0.5892332580513238,0.03937172561842159,6.564765351362703e-05,255473.02097340702,0.20416242279008753,5.966627705684694,1.0809544217103055,False,7825356.9080731515,234371.40889631762,4.547473508864641e-13,-1.5910666881224778e-17,-0.026287800437298614,-0.008031472196487477
-20C,30.2,92.9,0.299,-14.20516192992486,-14.230798690926292,0.634,0.6261896759173079,-14.294780573059313,-14.13680954132127,0.0013629647808556236,0.014822413440655172,0.014323515151560806,0.0007782919678249736,0.3916,0.4056278362928189,6.0592142555080233e-05,1.1705241519803784e-05,4.439163079224455e-06,1.3194999531415175e-05,3.282012911601867e-08,4.702361286630251,3.6253775337474337,6.1046446645933194,181.98138179259067,-1.3858385278764205e-08,-3.166402359972424e-05,0.885828366215268,1.25357855310604,0.5881270874513292,0.03919612952639082,6.5660211011907e-05,255491.89983032877,0.20561395921638673,6.036413119687687,1.0994643028481117,False,7814180.805042085,153593.75604418514,4.547473508864641e-13,1.8173938916288268e-17,-0.025636761001432973,-0.0078103240826921105
-20C,30.4,92.9,0.299,-14.137304368696025,-14.162954167431735,0.636,0.6274073586144862,-14.224774266781594,-14.062002992471776,0.0013815502211960806,0.015021609015560697,0.01451491924523377,0.0007413222803720237,0.3916,0.4054735997040703,6.062045763968811e-05,1.1710248461963594e-05,4.43862976178963e-06,1.3200643720758964e-05,3.291106692299468e-08,4.715991848682688,3.6374588776708285,6.119620471391033,182.50888454402002,-1.3905157467604585e-08,-3.161707745544273e-05,0.8843691464278866,1.2535185926546966,0.5870228496628758,0.0390227120549838,6.567232235091544e-05,255511.59953651676,0.2070555269185183,6.1067081413887525,1.118220820964745,False,7803036.417945169,115231.30146916196,4.547473508864641e-13,-2.2524300133386355e-17,-0.02564979873571005,-0.008592641385513855
-20C,30.6,92.7,0.299,-14.069904996594774,-14.095170996834781,0.638,0.6286231246519999,-14.154691009026521,-14.031609687798323,0.0013969072853501016,0.015208855577243887,0.014694505194825597,0.0007742485762155785,0.3916,0.4052649172834143,6.06487493748832e-05,1.1715220104381212e-05,4.437031726166977e-06,1.3206248117666097e-05,3.30014629864059e-08,4.729596871586643,3.6485252330772995,6.135878719580862,183.03539893040306,-1.3947993732020113e-08,-3.156659213108658e-05,0.8830016000605412,1.253456402136705,0.5859151265232034,0.038852455709511444,6.56952519901547e-05,255489.3996174194,0.2085051221659024,6.177481899682074,1.137338394781439,False,7791909.572361557,73059.9386465394,4.547473508864641e-13,-1.8868505933036794e-17,-0.025266000240007358,-0.009376875348000135
-20C,30.8,92.7,0.299,-14.002958801626706,-14.023925839610001,0.64,0.6298357516320489,-14.088624541865045,-13.963255592539156,0.0014231817432346335,0.015425940285911668,0.014904015188822773,0.0008077615881944113,0.3916,0.4050172012777216,6.067659636737908e-05,1.1718483044303807e-05,4.435356235793462e-06,1.3209926340851563e-05,3.309195244062317e-08,4.743185434890743,3.661067879992749,6.150291588931793,183.56127633027174,-1.3996559641155867e-08,-3.152564278320488e-05,0.8814080583000521,1.2533958636945663,0.584811084931786,0.03868331697100227,6.57101597291928e-05,255501.61292779786,0.2100388689519396,6.248782320293138,1.1568367688301688,False,7780811.455831571,240388.71413556967,4.547473508864641e-13,1.4555414165617897e-17,-0.020967037983295356,-0.010164248367951156
-20C,31.0,92.7,0.299,-13.936355882656672,-13.958065711132576,0.641,0.6310264082459152,-14.017720551104617,-13.853187485599847,0.0014436552825893008,0.015630628557731292,0.01510092415455983,0.0007616496460000943,0.3916,0.4048671322283003,6.070454894071815e-05,1.1723566423681636e-05,4.43486216527408e-06,1.3215656695786572e-05,3.318135438062696e-08,4.756756341908503,3.673193525628574,6.165062752118233,184.08647043185903,-1.4043502287859738e-08,-3.1479423833192495e-05,0.8799122545193282,1.2533377147745612,0.5837312512559536,0.038514334750691534,6.572052200090997e-05,255526.11146145867,0.21146596377664892,6.320604333987379,1.1760842847132094,False,7769914.41489046,93019.34859643,4.547473508864641e-13,-3.8783944588879904e-17,-0.021709828475904303,-0.009973591754084854
-20C,31.2,92.9,0.299,-13.869986936641256,-13.891026871983456,0.643,0.6322231064444033,-13.94989768584162,-13.786201251489501,0.0014611184202983627,0.015824499272420946,0.015287004518589232,0.0007213584040134565,0.3916,0.40472130361552205,6.0732267143248224e-05,1.1728566578191378e-05,4.43445448335978e-06,1.3221293233597554e-05,3.327254003823925e-08,4.770307323908977,3.685208574392624,6.179956071719898,184.61089343527735,-1.4090016889896485e-08,-3.143209299245262e-05,0.8785003913603396,1.2532784455322843,0.5826414489888503,0.038348158201328024,6.573189770274151e-05,255547.8404404758,0.21292780580850343,6.392936893806954,1.1958446241088838,False,7758962.080597596,106379.12831681354,4.547473508864641e-13,-3.1848438816761693e-18,-0.021039935342200167,-0.010776893555596745
-20C,31.4,92.9,0.3,-13.803847692803263,-13.821286935465423,0.644,0.633038028211049,-13.882523509945372,-13.778388289246323,0.0014849939841257989,0.01603359766972925,0.015488527261862695,0.0007779090927017218,0.3916,0.40446237915735916,6.0759779827553165e-05,1.1732268339757328e-05,4.432349583208566e-06,1.3225466128453715e-05,3.3363645952775187e-08,4.783837902224724,3.6956832922400347,6.197036065702185,185.1345268160968,-1.4130570295710496e-08,-3.138049295285483e-05,0.8769731661541347,1.2532169561850057,0.5817990378241881,0.03831391560185516,6.597454791350865e-05,255533.33614969644,0.21445846255767112,6.46577820102334,1.2160468184991353,False,7777428.574737842,222330.73942117576,4.547473508864641e-13,-8.768485069976517e-18,-0.017439242662160126,-0.010961971788950975
-20C,31.6,93.0,0.299,-13.737985882812639,-13.75500670254894,0.646,0.6345893009465835,-13.812288826892825,-13.688597215970958,0.001506591345176738,0.01623783695422686,0.015685235593999713,0.0008486096831766672,0.3916,0.40419923335837593,6.078771582753253e-05,1.1736673464883042e-05,4.429823978087061e-06,1.3230431905868157e-05,3.345119096493237e-08,4.797341417993759,3.7073156632322477,6.212328842313522,185.65711287635844,-1.4175599262669154e-08,-3.133616105017013e-05,0.8754842635354169,1.2531560761876859,0.580478576330502,0.03802241723705429,6.578167354606769e-05,255488.79237282026,0.21592261156803172,6.539092655835839,1.2361294681617445,False,7737306.367216759,99374.4481747759,4.547473508864641e-13,2.9849441061241544e-18,-0.017020819736300652,-0.011410699053416518
-20C,31.8,92.8,0.3,-13.672500994698142,-13.685279075572453,0.647,0.6353915761757725,-13.747525781953641,-13.623656383024752,0.0015323939589138812,0.016457879889509187,0.015897569446563786,0.0008186383658761544,0.3916,0.4040131501847377,6.081510467539645e-05,1.1740780864077803e-05,4.429013932396514e-06,1.3235062064960433e-05,3.354541982097708e-08,4.8108306450864005,3.7186275727443876,6.228299925386301,186.1791459648437,-1.4219400692959428e-08,-3.128657696780772e-05,0.8738791081805897,1.2530968621973166,0.579650010229655,0.03798926521697236,6.60105749168877e-05,255527.84884400948,0.21747288920795885,6.612950261252414,1.2567582281189116,False,7755816.564042496,247024.20428431113,4.547473508864641e-13,5.041540102057596e-18,-0.01277808087431076,-0.011608423824227554
-20C,32.0,92.8,0.299,-13.607439912828882,-13.620567373961705,0.648,0.6369285342208165,-13.677624931877176,-13.51424158970724,0.0015533807891676245,0.01666381435827726,0.016095769347141325,0.0007662087943977245,0.3916,0.4038674883999712,6.084272085068668e-05,1.1745591479883059e-05,4.428577200491355e-06,1.3240484940959083e-05,3.36328155866572e-08,4.824298499281692,3.731716808597394,6.241526752340866,186.7003519222014,-1.427007356608881e-08,-3.1246166236496965e-05,0.8723827163603984,1.2530395371499632,0.5783451774062791,0.0377000230932691,6.580242959843902e-05,255540.2724219198,0.2189208498628853,6.687313254101235,1.2771615801786673,False,7715897.406427177,97791.34624506673,4.547473508864641e-13,-3.127245641262877e-17,-0.01312746113282337,-0.011071465779183498
-20C,32.2,92.7,0.3,-13.542745467857715,-13.554362178173392,0.65,0.6377182018536063,-13.609955220792983,-13.490547727660044,0.0015715126299133814,0.01685763343217404,0.016282012443086812,0.0008096745748541441,0.3916,0.40364124688080477,6.087013052430722e-05,1.1750203378416487e-05,4.426678311989461e-06,1.3245683808396769e-05,3.372221547624357e-08,4.837743345455687,3.7417821589715237,6.258847786439654,187.2206674691351,-1.4309034091051565e-08,-3.1191766577497145e-05,0.870978278546366,1.2529789181757656,0.5775257871812346,0.037668881877753906,6.60472631708721e-05,255514.84296702233,0.22041145115011757,6.762173009912646,1.2981586038577226,False,7734451.773612432,145901.112879777,4.547473508864641e-13,1.0462550964485118e-17,-0.01161671031567657,-0.012281798146393741
-20C,32.4,92.9,0.299,-13.478309010214762,-13.489595497922664,0.651,0.6392570302366714,-13.544248855432272,-13.38282695648337,0.0015872213050975676,0.01704638341965487,0.016462915832874795,0.0007023759121011914,0.3916,0.40356463565079387,6.089728821849395e-05,1.1755210217146858e-05,4.427338033751791e-06,1.325132788114737e-05,3.381095299132095e-08,4.851170329694253,3.755195756045494,6.271618052367601,187.74029175916755,-1.4360970064183494e-08,-3.11499326400191e-05,0.8696156711554949,1.252923658494599,0.5762159196182952,0.03738488235081567,6.582628881683952e-05,255576.3488461776,0.22187874193726728,6.837558811681744,1.3193017152118676,False,7694586.714393488,74932.15919882682,4.547473508864641e-13,7.234338995909528e-17,-0.011286487707902637,-0.01174296976332867
-20C,32.6,92.9,0.3,-13.414074198952765,-13.42353390951223,0.652,0.6400343721861764,-13.478045544254485,-13.35807841198232,0.0016078394473392204,0.01724456364198868,0.016653736712525624,0.0008321638604859684,0.3916,0.4032467167726669,6.092417255133695e-05,1.1758692055238245e-05,4.424127142528708e-06,1.325525286226857e-05,3.389557257598576e-08,4.864574372455753,3.7652784686839182,6.288796461354315,188.25902821403764,-1.4399996616388376e-08,-3.1099362620695456e-05,0.86817998973228,1.2528633875384916,0.5754068774778709,0.037356059302088705,6.607857235557672e-05,255522.44117215523,0.22338467055843397,6.913442756591123,1.3407799595285899,False,7713182.991862477,121605.80676482855,4.547473508864641e-13,2.2270190249210065e-17,-0.009459710559465151,-0.011965627813823598
-20C,32.8,92.8,0.3,-13.350191597741377,-13.354454425906226,0.654,0.6411826542498912,-13.41590847013714,-13.293922071537736,0.0016359551738087457,0.017470886645583213,0.016872519477428655,0.0008419627742159663,0.3916,0.4030142285946374,6.095096529863815e-05,1.1762153238136924e-05,4.422572728556612e-06,1.3259154559354352e-05,3.398759766672028e-08,4.877961522534971,3.7771855013224607,6.303652902568675,188.77711092210336,-1.4446101730052663e-08,-3.105583640088284e-05,0.8665359906836472,1.2528045717295853,0.5743535289722325,0.037202295896070596,6.609261139102878e-05,255536.03081371487,0.2249695000253887,6.989859756112272,1.3626323986328626,False,7702638.620294849,265727.0008117049,4.547473508864641e-13,9.053088140253962e-18,-0.004262828164849353,-0.012817345750108844
-20C,33.0,92.9,0.3,-13.286604283379097,-13.289798172007465,0.655,0.6423111886890872,-13.344868290655484,-13.246534900593588,0.001660040159577074,0.017683291894208007,0.017077517635322007,0.0009284195603657574,0.3916,0.40272500428779573,6.097807149169301e-05,1.1765445659846678e-05,4.419535493558808e-06,1.3262866016554436e-05,3.4069384425285365e-08,4.891324320397769,3.7879459015051085,6.319838061953007,189.29425119939364,-1.4487753622254763e-08,-3.100859414027076e-05,0.8649976060632243,1.252745272802619,0.5733187118757208,0.037049246761149936,6.612547666092767e-05,255472.96432429596,0.22646226541065093,7.06676777917138,1.3843043167961975,False,7692275.585958796,308782.243462961,4.547473508864641e-13,-1.7672495411513722e-17,-0.0031938886283686685,-0.012688811310912818
-20C,33.2,92.7,0.3,-13.223358896415368,-13.225097360948098,0.656,0.6434354710275633,-13.279255583704241,-13.18123898930628,0.0016843616086275276,0.017897972128605586,0.017284577646921588,0.0009089145765691573,0.3916,0.4025385010181992,6.1004965334917065e-05,1.1769757400199365e-05,4.4183882212642254e-06,1.3267726523861102e-05,3.415750730793995e-08,4.904666899539617,3.799273646243581,6.335287249207009,189.81060901218316,-1.4531608499291907e-08,-3.0960682696060126e-05,0.8634457365595479,1.252688093735936,0.5722881744667228,0.036898307487708504,6.614075394143713e-05,255477.5215826658,0.22796522405902833,7.1441909119536415,1.406231110367221,False,7681951.597543038,281505.0646688092,4.547473508864641e-13,2.3201926491189795e-17,-0.0017384645327300774,-0.012564528972436761
-20C,33.4,92.9,0.3,-13.160398896964447,-13.160715409024704,0.657,0.6445540349030097,-13.216067471229508,-13.069598380010802,0.0017096140248867664,0.018118323738066953,0.01749717076440785,0.0008196709592991824,0.3916,0.4024125848383071,6.103153225716405e-05,1.177462588173071e-05,4.418334241173188e-06,1.3273214630314623e-05,3.424914324959648e-08,4.917994268595859,3.81166344318606,6.349317767267605,190.3263781946597,-1.457958054773653e-08,-3.091639399437168e-05,0.8618544678312311,1.252633364283669,0.5712658201211936,0.03674736721705179,6.614204241386499e-05,255535.48024842978,0.22946992684531084,7.222159146268852,1.4283241154326576,False,7671680.120266211,143477.0622908939,4.547473508864641e-13,-7.467442462993912e-18,-0.00031651206025706813,-0.012445965096990363
-20C,33.6,92.9,0.299,-13.09761663364973,-13.097674310572074,0.658,0.6460421158754908,-13.148454064325676,-13.032764590011027,0.0017285930234284812,0.018320528026177417,0.017691824998251532,0.0008322501537583618,0.3916,0.40220870741771,6.105811772683605e-05,1.1779393914487382e-05,4.416769162018174e-06,1.3278589503603956e-05,3.433649906318622e-08,4.931298179283416,3.8239710986905773,6.362905666912129,190.84123953826813,-1.4627217956686658e-08,-3.0876135072457756e-05,0.8603993280138024,1.2525756979946137,0.5699930723200803,0.036474569664610185,6.594013443242549e-05,255520.51705558877,0.230952186237701,7.30062490833756,1.4507152488751327,False,7632488.746655288,68911.40360646362,4.547473508864641e-13,2.875507449338899e-17,-5.767692234392996e-05,-0.011957884124509266
-20C,33.8,93.1,0.3,-13.03500761138103,-13.036453053427977,0.66,0.6467895326138359,-13.085434498699499,-12.92548750007461,0.001739926245481102,0.018502159028240383,0.017865521353127897,0.0006757953496662349,0.3916,0.40218881961832637,6.108418479142519e-05,1.1784792116753875e-05,4.4181622680141525e-06,1.3284674749795278e-05,3.442337260175728e-08,4.944589095612218,3.835535041825192,6.378029524486115,191.35559800019283,-1.4671992123386689e-08,-3.0822260315264906e-05,0.8591023825168435,1.2525236171499603,0.5692181003885214,0.03644982868482791,6.615546277510873e-05,255605.33683452965,0.23240012570984658,7.379650738818737,1.4733878705893608,False,7651152.133940901,19612.555672736078,4.547473508864641e-13,-5.631075033346589e-18,-0.0014454420469469653,-0.01321046738616416
-20C,34.0,92.8,0.299,-12.972721003892428,-12.971577438050474,0.661,0.6482765080818814,-13.02234557175916,-12.908403490389162,0.0017611474858859136,0.01870046999069848,0.018056611298467647,0.000836665736943814,0.3916,0.4018386227093826,6.1110104522617e-05,1.1787798984791506e-05,4.414472275091165e-06,1.3288064310128609e-05,3.450631472853375e-08,4.957852925032256,3.8475651591181923,6.392015462836118,191.86890819874824,-1.4718555584300109e-08,-3.078521224460041e-05,0.8576771325014361,1.2524643455232984,0.5679391492829928,0.03618271948371458,6.59686747096359e-05,255533.73797172224,0.23394365117719607,7.459153391109896,1.4966651040358627,False,7612039.304668426,137165.4483640277,4.547473508864641e-13,-2.94462533783485e-17,0.001143565841953631,-0.012723491918118612
-20C,34.2,93.0,0.3,-12.910751617472538,-12.909164732955674,0.662,0.6490105853525059,-12.958430722276375,-12.84504139334399,0.0017786966442749623,0.018894617618992755,0.018243125620633755,0.0008026605533672258,0.3916,0.40168687221672295,6.113598478544251e-05,1.1792476753860018e-05,4.413799825006676e-06,1.329333743162402e-05,3.4593550568366136e-08,4.9710992381514,3.8582837000875942,6.408101073895,192.38154051645913,-1.4760050944196034e-08,-3.0732509266164e-05,0.8562876610229228,1.2524092429389557,0.567172578931677,0.036159877191609305,6.620146316348537e-05,255553.03355681224,0.23543751992032705,7.53919043319882,1.519917703618916,False,7630756.791988009,109893.48494144191,4.547473508864641e-13,-5.55653613398821e-18,0.0015868845168647283,-0.012989414647494146
-20C,34.4,92.8,0.3,-12.849043339980467,-12.846221686663512,0.663,0.6501182696977806,-12.895974212545752,-12.737996034073092,0.0017954203432985073,0.0190854850539283,0.01842624960413462,0.0007100949850794987,0.3916,0.4015930476613275,6.116172681993713e-05,1.1797200020745668e-05,4.4141686560888925e-06,1.3298661841567842e-05,3.46821802307748e-08,4.984328242922377,3.870282192898514,6.422472009522881,192.893503001096,-1.4806507986997297e-08,-3.068443143506449e-05,0.8549250226708113,1.2523555757611813,0.5661542896959952,0.03601681327316477,6.620309424065229e-05,255608.2179710123,0.2369530113775237,7.619764014025674,1.5435893813691546,False,7620585.218569512,105875.47535170084,4.547473508864641e-13,3.131989025767501e-17,0.002821653316955164,-0.012881730302219396
-20C,34.6,92.8,0.3,-12.787693656628376,-12.784029742203074,0.664,0.6512075311997211,-12.831891621734599,-12.717180677629983,0.0018154755156963521,0.019285439170294554,0.018618884173800112,0.0008165936597171803,0.3916,0.40129744413575774,6.118751515499673e-05,1.1800802773093747e-05,4.411090912765099e-06,1.330272312603295e-05,3.476407107223468e-08,4.997532116193645,3.8810267253939106,6.4382588527504145,193.40449289669408,-1.4848096744324181e-08,-3.0638124704004244e-05,0.8534932636781736,1.2522986504256906,0.5651496229773032,0.03587526375284726,6.623249581906344e-05,255556.10155531182,0.23845927277085485,7.7008268069607535,1.5672983234304265,False,7610582.817266106,14244.983322612288,4.547473508864641e-13,-1.9319127460976082e-17,0.003663914425301229,-0.012792468800278955
-20C,34.8,92.8,0.299,-12.726595365230013,-12.717219227398914,0.665,0.6526674318741418,-12.775877180382622,-12.654348047932274,0.0018454636764474906,0.019519594172128573,0.0188457342560175,0.0008709017775739101,0.3916,0.40101102629422075,6.121300474743646e-05,1.1803364933473215e-05,4.408639344236789e-06,1.3305611379551625e-05,3.4851510155252294e-08,5.010720435086779,3.8947170271495324,6.450084287532797,193.9148808378583,-1.490110017512688e-08,-3.0608371491672076e-05,0.8518093527262994,1.2522418964906206,0.5638950726837865,0.0356133629987056,6.602893398678411e-05,255550.02616648044,0.2400872540205179,7.782438041449018,1.5915752628690527,False,7571853.0110080065,280239.8111458929,4.547473508864641e-13,-4.4750444669339196e-17,0.00937613783109903,-0.012332568125858256
-20C,35.0,93.1,0.3,-12.665590843111476,-12.659122529645003,0.666,0.6533613382752725,-12.705267049997644,-12.590774052420898,0.0018631905111795109,0.019720002682884073,0.019038520648450026,0.0008124101954318791,0.3916,0.40088208998564007,6.1238766082066e-05,1.1808720519748919e-05,4.407948036399125e-06,1.3311648585898783e-05,3.4935753554342294e-08,5.023890423980942,3.9048815275956015,6.4664649175873,194.42455940806246,-1.494044256961628e-08,-3.0553835762347557e-05,0.8503802143806924,1.252188493928467,0.5631682674372805,0.0355926235146277,6.626470128630747e-05,255554.44807452295,0.2415112511116855,7.864581455311654,1.6151993441867798,False,7590804.974515405,21898.216534311417,4.547473508864641e-13,-4.404571325722362e-20,0.006468313466472253,-0.012638661724727496
-20C,35.2,93.1,0.3,-12.604675753156117,-12.596997605173954,0.667,0.65443261596944,-12.643172893085591,-12.5277062278102,0.0018856721978845361,0.019929614164828434,0.01924074104631859,0.0008556297661520543,0.3916,0.400636358975141,6.126431963423882e-05,1.1812190474380071e-05,4.405779097640473e-06,1.3315560171119352e-05,3.501816956524458e-08,5.03703775958462,3.9158093476884095,6.482034621993557,194.93336129592478,-1.4982748814853247e-08,-3.0506694449650954e-05,0.8488829648748578,1.2521335492321706,0.5621790509284988,0.03545559660299244,6.628573123927536e-05,255534.41734841,0.2430426201129313,7.947230459063321,1.6396307855035914,False,7580967.713779248,17210.630913378493,4.547473508864641e-13,2.2060126078290998e-17,0.007678147982163708,-0.012567384030560014
-20C,35.4,93.1,0.3,-12.543998198045347,-12.531451742577133,0.668,0.6555082450040894,-12.586702364187886,-12.466993251925146,0.001913977996748496,0.020155621901738884,0.019459292317032657,0.0008406670687179154,0.3916,0.4004283162829446,6.128953363995445e-05,1.1815411604815477e-05,4.404547852883705e-06,1.3319191263610173e-05,3.5107673204134534e-08,5.050169418312048,3.9278938984423193,6.496043884633017,195.44155648867624,-1.5029537449871888e-08,-3.0464949151025972e-05,0.8472669033534865,1.252077857896267,0.5611845539253801,0.03531876122323399,6.629774356343463e-05,255552.28350506217,0.2446680434100438,8.030429463829401,1.6647010854619204,False,7571090.495830215,258890.6881396329,4.547473508864641e-13,-1.441988889405721e-17,0.012546455468214646,-0.012491754995910598
-20C,35.6,92.8,0.299,-12.483705650468199,-12.472536184100022,0.669,0.6569309484373989,-12.518084289955254,-12.40902485885897,0.0019337167505551157,0.020357631653256446,0.01965384452735112,0.0008341837167513688,0.3916,0.4002440967475679,6.131507033017485e-05,1.18201828556584e-05,4.4030545194456445e-06,1.3324569764560378e-05,3.519143601782916e-08,5.063278549184602,3.9400210312742385,6.5094457796080025,195.94887985344405,-1.507647621173531e-08,-3.0424241396677945e-05,0.8458301828853947,1.2520238526438447,0.5599636911751468,0.03506311959721137,6.609343408770334e-05,255540.55398379458,0.2461376172502551,8.114135610014529,1.6892869705866282,False,7532832.764530694,112022.59458518925,4.547473508864641e-13,1.202109158743303e-17,0.011169466368176728,-0.012069051562601185
-20C,35.8,92.8,0.3,-12.423792961019492,-12.412859439878503,0.67,0.657624922345627,-12.457665174487886,-12.302425218732537,0.0019504504172742842,0.020551275020000356,0.019839801037366166,0.0007204322124934434,0.3916,0.4001689671483701,6.134007859469505e-05,1.1824831282222364e-05,4.403596131916903e-06,1.3329809809050667e-05,3.5276176233967653e-08,5.0763746580504,3.9513461784295436,6.524445086636267,196.4556992665505,-1.512032463237775e-08,-3.0372745248277427e-05,0.844458589452061,1.2519731611054699,0.5592355887830676,0.03504633579259889,6.63141841764785e-05,255604.87335678478,0.24763449357306977,8.1984103248345,1.7144275879465616,False,7551653.605641626,75942.29966598835,4.547473508864641e-13,6.830473686658678e-18,0.010933521140989555,-0.012375077654373068
-20C,36.0,92.7,0.3,-12.36415403224702,-12.351428987653946,0.671,0.6586893123589254,-12.397003411130981,-12.310737851494878,0.0019662036370129182,0.020737515946607766,0.020018788835827445,0.0008281156312330472,0.3916,0.3998831138421063,6.136507668327882e-05,1.1827886798044801e-05,4.400695146497423e-06,1.3333254208705048e-05,3.5354982998068215e-08,5.089442842810256,3.961877633068184,6.540256646877134,196.96143801675692,-1.5161088611635544e-08,-3.0324984394850085e-05,0.8431398958352095,1.251916794660432,0.5582467424907543,0.03491439312329183,6.634668746038754e-05,255540.227262429,0.249184145053205,8.283158019992795,1.740267430004273,False,7541879.592663678,222600.63327087407,4.547473508864641e-13,-2.710505431213761e-20,0.012725044593073775,-0.01231068764107468
-20C,36.2,92.9,0.3,-12.304686179801754,-12.290603026860992,0.672,0.6597415835666567,-12.336003006432065,-12.248592640046638,0.0019855737270078437,0.020936590544302372,0.02021046307993155,0.0008630100328770154,0.3916,0.3996571047441772,6.138997539532041e-05,1.183153999877994e-05,4.398776863759262e-06,1.3337372362261023e-05,3.5437348311653756e-08,5.102490778625574,3.972975805734369,6.555309107539259,197.46639313280969,-1.520405284009078e-08,-3.027863523920092e-05,0.8417293546160795,1.251863109321905,0.5572724173715248,0.03478274393914999,6.636444457356845e-05,255531.4878644984,0.250727376297568,8.368428217406795,1.7661115241423317,False,7532216.86348341,248127.36285231676,4.547473508864641e-13,-1.3010426069826053e-17,0.014083152940761678,-0.012258416433343355
-20C,36.4,93.4,0.3,-12.2450807237933,-12.232050937083386,0.672,0.6607807128471423,-12.275531723737288,-12.124387702811873,0.0020048698571989956,0.02113928416046169,0.02040549150673087,0.0007539263028618057,0.3916,0.3995695548821045,6.141471032751253e-05,1.1836446118708872e-05,4.3991151763052876e-06,1.3342902897453638e-05,3.5523096357309147e-08,5.115524125332672,3.9851002322879006,6.569022235894016,197.97078365037441,-1.525099518121718e-08,-3.0233008045770837e-05,0.8402958681180384,1.2518133305541026,0.5563153022816126,0.03465095263542437,6.636278992317933e-05,255594.8411920099,0.2522212582170892,8.454258637027598,1.7917996431405245,False,7522674.813157556,66160.36093485793,4.547473508864641e-13,-1.440633636690114e-17,0.013029786709914504,-0.011219287152857693
-20C,36.6,92.5,0.299,-12.185891036579108,-12.1716129356451,0.673,0.6621936882770634,-12.2157245735022,-12.130225985189895,0.0020196258042593563,0.02132984717970037,0.020588817014180683,0.0008516799371807394,0.3916,0.39928899310315236,6.143924640521351e-05,1.1839406841153233e-05,4.396227288944596e-06,1.3346240439118189e-05,3.5600617625261937e-08,5.128532929146674,3.997194651656062,6.582234922959256,198.47422435797628,-1.5297805688265528e-08,-3.0195589989754796e-05,0.838949995232382,1.251758140883168,0.555093066009582,0.03440521702757493,6.616956894769176e-05,255541.17857304923,0.25377188336648154,8.540584119796254,1.8183067599335376,False,7484667.499392656,239367.65680238305,4.547473508864641e-13,3.5914196963582334e-17,0.014278100934006943,-0.010806311722936668
