x_um,region_id,region,temperature_C,c_h2_mol_m3,c_o2_mol_m3,total_water_kg_m3,vapor_water_kg_m3,liquid_water_kg_m3,ice_water_kg_m3,liquid_fraction,ice_fraction,gas_porosity,d_h2_effective_m2_s,d_o2_effective_m2_s,d_water_effective_m2_s,d_liquid_capillary_m2_s,thermal_conductivity_W_m_K,volumetric_heat_capacity_J_m3_K,temperature_smoothed_C
0.049999999999999996,0,aGDL,-12.194191063005064,46.70769925126113,0.0,1.5506599440873574e-11,1.5506599440873574e-11,0.0,0.0,0.0,0.0,0.8,6.233887163956794e-05,0.0,4.9247708595258666e-05,3.747263986268383e-08,0.3,10184194.96,-12.19290699644042
0.15,0,aGDL,-12.194087135796906,46.707674359567946,0.0,4.651978751537399e-11,4.651978751537399e-11,0.0,0.0,0.0,0.0,0.8,6.233891508652279e-05,0.0,4.9247742918353e-05,3.7472791745131393e-08,0.3,10184194.96,-12.19285628476191
0.25,0,aGDL,-12.193983358831758,46.70764946788522,0.0,7.753295399105636e-11,7.753295399105636e-11,0.0,0.0,0.0,0.0,0.8,6.233895847068124e-05,0.0,4.924777719183817e-05,3.7472943408363014e-08,0.3,10184194.96,-12.192805623156124
0.35,0,aGDL,-12.193879732108314,46.707624576212915,0.0,1.0854609889927124e-10,1.0854609889927124e-10,0.0,0.0,0.0,0.0,0.8,6.233900179204375e-05,0.0,4.9247811415714565e-05,3.7473094852379026e-08,0.3,10184194.96,-12.192755011622735
0.44999999999999996,0,aGDL,-12.193776255625153,46.70759968455102,0.0,1.395592222713688e-10,1.395592222713688e-10,0.0,0.0,0.0,0.0,0.8,6.23390450506109e-05,0.0,4.92478455899826e-05,3.747324607717997e-08,0.3,10184194.96,-12.192704450161411
0.55,0,aGDL,-12.19367292938108,46.70757479289951,0.0,1.7057232413869886e-10,1.7057232413869886e-10,0.0,0.0,0.0,0.0,0.8,6.23390882463831e-05,0.0,4.924787971464265e-05,3.747339708276611e-08,0.3,10184194.96,-12.192653938771825
0.6499999999999999,0,aGDL,-12.193569753374618,46.70754990125835,0.0,2.0158540453261085e-10,2.0158540453261085e-10,0.0,0.0,0.0,0.0,0.8,6.233913137936092e-05,0.0,4.9247913789695134e-05,3.7473547869138045e-08,0.3,10184194.96,-12.192603477453648
0.75,0,aGDL,-12.193466727604573,46.707525009627524,0.0,2.325984634844538e-10,2.325984634844538e-10,0.0,0.0,0.0,0.0,0.8,6.233917444954483e-05,0.0,4.9247947815140404e-05,3.7473698436295956e-08,0.3,10184194.96,-12.19255306620655
0.8499999999999999,0,aGDL,-12.19336385206958,46.707500118007005,0.0,2.636115010255764e-10,2.636115010255764e-10,0.0,0.0,0.0,0.0,0.8,6.23392174569353e-05,0.0,4.924798179097888e-05,3.747384878424038e-08,0.3,10184194.96,-12.192502705030202
0.95,0,aGDL,-12.19326112676822,46.70747522639676,0.0,2.94624517187327e-10,2.94624517187327e-10,0.0,0.0,0.0,0.0,0.8,6.23392604015329e-05,0.0,4.924801571721099e-05,3.747399891297186e-08,0.3,10184194.96,-12.192452393924276
1.05,0,aGDL,-12.193158551699298,46.707450334796775,0.0,3.256375120010534e-10,3.256375120010534e-10,0.0,0.0,0.0,0.0,0.8,6.233930328333805e-05,0.0,4.924804959383705e-05,3.7474148822490574e-08,0.3,10184194.96,-12.192402132888441
1.15,0,aGDL,-12.19305612686145,46.70742544320702,0.0,3.566504854981032e-10,3.566504854981032e-10,0.0,0.0,0.0,0.0,0.8,6.233934610235127e-05,0.0,4.924808342085751e-05,3.747429851279705e-08,0.3,10184194.96,-12.192351921922373
1.25,0,aGDL,-12.192953852253254,46.70740055162747,0.0,3.876634377098235e-10,3.876634377098235e-10,0.0,0.0,0.0,0.0,0.8,6.233938885857314e-05,0.0,4.9248117198272775e-05,3.747444798389182e-08,0.3,10184194.96,-12.192301761025742
1.3499999999999999,0,aGDL,-12.192851727873517,46.707375660058105,0.0,4.186763686675612e-10,4.186763686675612e-10,0.0,0.0,0.0,0.0,0.8,6.233943155200404e-05,0.0,4.9248150926083195e-05,3.747459723577514e-08,0.3,10184194.96,-12.19225165019822
1.4500000000000002,0,aGDL,-12.192749753720875,46.70735076849889,0.0,4.496892784026626e-10,4.496892784026626e-10,0.0,0.0,0.0,0.0,0.8,6.233947418264453e-05,0.0,4.924818460428918e-05,3.7474746268447454e-08,0.3,10184194.96,-12.192201589439476
1.55,0,aGDL,-12.192647929793964,46.70732587694981,0.0,4.807021669464738e-10,4.807021669464738e-10,0.0,0.0,0.0,0.0,0.8,6.233951675049511e-05,0.0,4.9248218232891136e-05,3.7474895081909276e-08,0.3,10184194.96,-12.192151578749186
1.65,0,aGDL,-12.192546256091532,46.70730098541084,0.0,5.117150343303404e-10,5.117150343303404e-10,0.0,0.0,0.0,0.0,0.8,6.233955925555625e-05,0.0,4.9248251811889435e-05,3.7475043676160905e-08,0.3,10184194.96,-12.19210161812702
1.7499999999999998,0,aGDL,-12.19244473261216,46.707276093881944,0.0,5.427278805856077e-10,5.427278805856077e-10,0.0,0.0,0.0,0.0,0.8,6.233960169782847e-05,0.0,4.9248285341284495e-05,3.747519205120295e-08,0.3,10184194.96,-12.192051707572652
1.85,0,aGDL,-12.192343359354652,46.7072512023631,0.0,5.737407057436207e-10,5.737407057436207e-10,0.0,0.0,0.0,0.0,0.8,6.233964407731225e-05,0.0,4.924831882107668e-05,3.747534020703559e-08,0.3,10184194.96,-12.192001847085754
1.95,0,aGDL,-12.192242136317589,46.707226310854296,0.0,6.047535098357237e-10,6.047535098357237e-10,0.0,0.0,0.0,0.0,0.8,6.23396863940081e-05,0.0,4.9248352251266404e-05,3.747548814365948e-08,0.3,10184194.96,-12.191952036665999
2.05,0,aGDL,-12.192141063499662,46.70720141935549,0.0,6.35766292893261e-10,6.35766292893261e-10,0.0,0.0,0.0,0.0,0.8,6.233972864791653e-05,0.0,4.924838563185405e-05,3.7475635861074984e-08,0.3,10184194.96,-12.191902276313055
2.15,0,aGDL,-12.192040140899564,46.707176527866665,0.0,6.667790549475765e-10,6.667790549475765e-10,0.0,0.0,0.0,0.0,0.8,6.233977083903803e-05,0.0,4.924841896284003e-05,3.7475783359282535e-08,0.3,10184194.96,-12.1918525660266
2.25,0,aGDL,-12.191939368516046,46.7071516363878,0.0,6.977917960300134e-10,6.977917960300134e-10,0.0,0.0,0.0,0.0,0.8,6.233981296737303e-05,0.0,4.9248452244224694e-05,3.747593063828243e-08,0.3,10184194.96,-12.191802905806307
2.35,0,aGDL,-12.191838746347685,46.70712674491887,0.0,7.288045161719148e-10,7.288045161719148e-10,0.0,0.0,0.0,0.0,0.8,6.233985503292212e-05,0.0,4.924848547600848e-05,3.7476077698075314e-08,0.3,10184194.96,-12.191753295651848
2.4499999999999997,0,aGDL,-12.191738274393174,46.70710185345983,0.0,7.598172154046232e-10,7.598172154046232e-10,0.0,0.0,0.0,0.0,0.8,6.233989703568578e-05,0.0,4.924851865819177e-05,3.747622453866158e-08,0.3,10184194.96,-12.191703735562896
2.55,0,aGDL,-12.191637952651263,46.70707696201068,0.0,7.908298937594812e-10,7.908298937594812e-10,0.0,0.0,0.0,0.0,0.8,6.233993897566446e-05,0.0,4.9248551790774924e-05,3.7476371160041575e-08,0.3,10184194.96,-12.191654225539125
2.65,0,aGDL,-12.191537781120644,46.70705207057139,0.0,8.218425512678306e-10,8.218425512678306e-10,0.0,0.0,0.0,0.0,0.8,6.233998085285869e-05,0.0,4.924858487375836e-05,3.747651756221574e-08,0.3,10184194.96,-12.191554053865993
2.75,0,aGDL,-12.191437759799896,46.707027179141924,0.0,8.528551879610128e-10,8.528551879610128e-10,0.0,0.0,0.0,0.0,0.8,6.234002266726896e-05,0.0,4.924861790714248e-05,3.74766637451846e-08,0.3,10184194.96,-12.191454032402868
2.8499999999999996,0,aGDL,-12.191337888687826,46.70700228772227,0.0,8.83867803870369e-10,8.83867803870369e-10,0.0,0.0,0.0,0.0,0.8,6.234006441889574e-05,0.0,4.924865089092763e-05,3.7476809708948505e-08,0.3,10184194.96,-12.191354161148436
2.9499999999999997,0,aGDL,-12.191238167783013,46.70697739631239,0.0,9.1488039902724e-10,9.1488039902724e-10,0.0,0.0,0.0,0.0,0.8,6.234010610773957e-05,0.0,4.924868382511426e-05,3.747695545350803e-08,0.3,10184194.96,-12.19125444010138
3.05,0,aGDL,-12.191138597084262,46.706952504912266,0.0,9.458929734629663e-10,9.458929734629663e-10,0.0,0.0,0.0,0.0,0.8,6.23401477338009e-05,0.0,4.924871670970271e-05,3.747710097886342e-08,0.3,10184194.96,-12.191154869260387
3.15,0,aGDL,-12.191039176590152,46.70692761352188,0.0,9.76905527208888e-10,9.76905527208888e-10,0.0,0.0,0.0,0.0,0.8,6.234018929708027e-05,0.0,4.92487495446934e-05,3.747724628501528e-08,0.3,10184194.96,-12.191055448624143
3.25,0,aGDL,-12.190939906299377,46.706902722141194,0.0,1.0079180602963445e-09,1.0079180602963445e-09,0.0,0.0,0.0,0.0,0.8,6.234023079757814e-05,0.0,4.9248782330086726e-05,3.7477391371964104e-08,0.3,10184194.96,-12.19095617819134
3.3499999999999996,0,aGDL,-12.190840786210742,46.70687783077019,0.0,1.0389305727566755e-09,1.0389305727566755e-09,0.0,0.0,0.0,0.0,0.8,6.2340272235295e-05,0.0,4.9248815065883045e-05,3.747753623971009e-08,0.3,10184194.96,-12.190857057960669
3.45,0,aGDL,-12.19074181632277,46.70685293940883,0.0,1.0699430646212196e-09,1.0699430646212196e-09,0.0,0.0,0.0,0.0,0.8,6.23403136102314e-05,0.0,4.924884775208281e-05,3.747768088825398e-08,0.3,10184194.96,-12.19075808793081
3.55,0,aGDL,-12.190642996634267,46.70682804805712,0.0,1.1009555359213154e-09,1.1009555359213154e-09,0.0,0.0,0.0,0.0,0.8,6.234035492238777e-05,0.0,4.924888038868634e-05,3.747782531759604e-08,0.3,10184194.96,-12.190659268100458
3.65,0,aGDL,-12.190544327143925,46.706803156715004,0.0,1.131967986688301e-09,1.131967986688301e-09,0.0,0.0,0.0,0.0,0.8,6.234039617176463e-05,0.0,4.924891297569405e-05,3.747796952773676e-08,0.3,10184194.96,-12.190560598468306
3.7499999999999996,0,aGDL,-12.19044580785038,46.70677826538247,0.0,1.1629804169535148e-09,1.1629804169535148e-09,0.0,0.0,0.0,0.0,0.8,6.234043735836249e-05,0.0,4.9248945513106354e-05,3.747811351867658e-08,0.3,10184194.96,-12.190462079033042
3.8500000000000005,0,aGDL,-12.190347438752326,46.706753374059495,0.0,1.1939928267482936e-09,1.1939928267482936e-09,0.0,0.0,0.0,0.0,0.8,6.23404784821818e-05,0.0,4.9248978000923614e-05,3.7478257290416045e-08,0.3,10184194.96,-12.19036370979336
3.9499999999999993,0,aGDL,-12.19024921984851,46.706728482746044,0.0,1.2250052161039747e-09,1.2250052161039747e-09,0.0,0.0,0.0,0.0,0.8,6.234051954322308e-05,0.0,4.924901043914623e-05,3.7478400842955465e-08,0.3,10184194.96,-12.190265490747949
4.05,0,aGDL,-12.19015115113757,46.70670359144211,0.0,1.256017585051895e-09,1.256017585051895e-09,0.0,0.0,0.0,0.0,0.8,6.234056054148685e-05,0.0,4.924904282777459e-05,3.747854417629547e-08,0.3,10184194.96,-12.190167421895508
4.1499999999999995,0,aGDL,-12.190053232618254,46.70667870014764,0.0,1.2870299336233904e-09,1.2870299336233904e-09,0.0,0.0,0.0,0.0,0.8,6.234060147697354e-05,0.0,4.9249075166809086e-05,3.747868729043632e-08,0.3,10184194.96,-12.190069503234723
4.25,0,aGDL,-12.189955464289199,46.70665380886264,0.0,1.3180422618497972e-09,1.3180422618497972e-09,0.0,0.0,0.0,0.0,0.8,6.234064234968369e-05,0.0,4.924910745625011e-05,3.747883018537866e-08,0.3,10184194.96,-12.189971734764292
4.35,0,aGDL,-12.189857846149096,46.70662891758706,0.0,1.3490545697624512e-09,1.3490545697624512e-09,0.0,0.0,0.0,0.0,0.8,6.23406831596178e-05,0.0,4.924913969609806e-05,3.747897286112286e-08,0.3,10184194.96,-12.189874116482917
4.45,0,aGDL,-12.189760378196695,46.706604026320896,0.0,1.3800668573926873e-09,1.3800668573926873e-09,0.0,0.0,0.0,0.0,0.8,6.234072390677632e-05,0.0,4.924917188635329e-05,3.747911531766939e-08,0.3,10184194.96,-12.189776648389278
4.550000000000001,0,aGDL,-12.18966306043069,46.7065791350641,0.0,1.4110791247718404e-09,1.4110791247718404e-09,0.0,0.0,0.0,0.0,0.8,6.234076459115977e-05,0.0,4.924920402701622e-05,3.747925755501867e-08,0.3,10184194.96,-12.189679330482086
4.6499999999999995,0,aGDL,-12.189565892849714,46.70655424381667,0.0,1.442091371931245e-09,1.442091371931245e-09,0.0,0.0,0.0,0.0,0.8,6.234080521276866e-05,0.0,4.9249236118087236e-05,3.747939957317127e-08,0.3,10184194.96,-12.189582162760033
4.75,0,aGDL,-12.18946887545252,46.70652935257857,0.0,1.4731035989022353e-09,1.4731035989022353e-09,0.0,0.0,0.0,0.0,0.8,6.234084577160344e-05,0.0,4.924926815956672e-05,3.74795413721276e-08,0.3,10184194.96,-12.189485145221811
4.85,0,aGDL,-12.189372008237797,46.70650446134977,0.0,1.504115805716145e-09,1.504115805716145e-09,0.0,0.0,0.0,0.0,0.8,6.23408862676646e-05,0.0,4.924930015145504e-05,3.74796829518881e-08,0.3,10184194.96,-12.189388277866128
4.95,0,aGDL,-12.18927529120424,46.706479570130256,0.0,1.5351279924043078e-09,1.5351279924043078e-09,0.0,0.0,0.0,0.0,0.8,6.234092670095269e-05,0.0,4.9249332093752626e-05,3.7479824312453235e-08,0.3,10184194.96,-12.189291560691675
5.049999999999999,0,aGDL,-12.18917872435054,46.70645467891999,0.0,1.5661401589980562e-09,1.5661401589980562e-09,0.0,0.0,0.0,0.0,0.8,6.234096707146816e-05,0.0,4.9249363986459844e-05,3.747996545382356e-08,0.3,10184194.96,-12.189194993697155
5.1499999999999995,0,aGDL,-12.189082307675392,46.70642978771896,0.0,1.5971523055287233e-09,1.5971523055287233e-09,0.0,0.0,0.0,0.0,0.8,6.234100737921148e-05,0.0,4.924939582957707e-05,3.748010637599948e-08,0.3,10184194.96,-12.189098576881268
5.25,0,aGDL,-12.188986041177543,46.70640489652713,0.0,1.6281644320276415e-09,1.6281644320276415e-09,0.0,0.0,0.0,0.0,0.8,6.23410476241832e-05,0.0,4.9249427623104714e-05,3.748024707898143e-08,0.3,10184194.96,-12.189002310242715
5.35,0,aGDL,-12.18888992485563,46.70638000534449,0.0,1.6591765385261426e-09,1.6591765385261426e-09,0.0,0.0,0.0,0.0,0.8,6.234108780638375e-05,0.0,4.924945936704316e-05,3.7480387562769984e-08,0.3,10184194.96,-12.188906193780195
5.45,0,aGDL,-12.188793958708402,46.706355114171004,0.0,1.6901886250555577e-09,1.6901886250555577e-09,0.0,0.0,0.0,0.0,0.8,6.234112792581364e-05,0.0,4.924949106139278e-05,3.7480527827365545e-08,0.3,10184194.96,-12.188810227492416
5.549999999999999,0,aGDL,-12.188698142734552,46.706330223006645,0.0,1.7212006916472185e-09,1.7212006916472185e-09,0.0,0.0,0.0,0.0,0.8,6.234116798247338e-05,0.0,4.924952270615397e-05,3.748066787276861e-08,0.3,10184194.96,-12.188714411378072
5.65,0,aGDL,-12.188602476932715,46.70630533185139,0.0,1.7522127383324557e-09,1.7522127383324557e-09,0.0,0.0,0.0,0.0,0.8,6.234120797636347e-05,0.0,4.9249554301327144e-05,3.7480807698979686e-08,0.3,10184194.96,-12.188618745435875
5.749999999999999,0,aGDL,-12.188506961301698,46.706280440705214,0.0,1.7832247651425997e-09,1.7832247651425997e-09,0.0,0.0,0.0,0.0,0.8,6.234124790748435e-05,0.0,4.924958584691264e-05,3.7480947305999225e-08,0.3,10184194.96,-12.18852322966452
5.85,0,aGDL,-12.188411595840194,46.7062555495681,0.0,1.814236772108981e-09,1.814236772108981e-09,0.0,0.0,0.0,0.0,0.8,6.234128777583654e-05,0.0,4.9249617342910863e-05,3.748108669382766e-08,0.3,10184194.96,-12.188427864062717
5.95,0,aGDL,-12.188316380546837,46.70623065844001,0.0,1.845248759262929e-09,1.845248759262929e-09,0.0,0.0,0.0,0.0,0.8,6.234132758142054e-05,0.0,4.9249648789322236e-05,3.748122586246558e-08,0.3,10184194.96,-12.188332648629173
6.05,0,aGDL,-12.188221315420378,46.70620576732093,0.0,1.876260726635773e-09,1.876260726635773e-09,0.0,0.0,0.0,0.0,0.8,6.234136732423684e-05,0.0,4.92496801861471e-05,3.748136481191336e-08,0.3,10184194.96,-12.188237583362591
6.15,0,aGDL,-12.18812640045951,46.70618087621083,0.0,1.9072726742588422e-09,1.9072726742588422e-09,0.0,0.0,0.0,0.0,0.8,6.23414070042859e-05,0.0,4.9249711533385856e-05,3.7481503542171616e-08,0.3,10184194.96,-12.188142668261676
6.249999999999999,0,aGDL,-12.18803163566298,46.70615598510969,0.0,1.9382846021634655e-09,1.9382846021634655e-09,0.0,0.0,0.0,0.0,0.8,6.234144662156821e-05,0.0,4.924974283103889e-05,3.748164205324065e-08,0.3,10184194.96,-12.188047903325138
6.3500000000000005,0,aGDL,-12.187937021029427,46.70613109401747,0.0,1.9692965103809706e-09,1.9692965103809706e-09,0.0,0.0,0.0,0.0,0.8,6.23414861760843e-05,0.0,4.9249774079106595e-05,3.748178034512112e-08,0.3,10184194.96,-12.187953288551684
6.449999999999999,0,aGDL,-12.187842556557655,46.70610620293416,0.0,2.0003083989426857e-09,2.0003083989426857e-09,0.0,0.0,0.0,0.0,0.8,6.234152566783461e-05,0.0,4.9249805277589344e-05,3.748191841781338e-08,0.3,10184194.96,-12.187858823940026
6.55,0,aGDL,-12.187748242246244,46.706081311859734,0.0,2.0313202678799387e-09,2.0313202678799387e-09,0.0,0.0,0.0,0.0,0.8,6.234156509681968e-05,0.0,4.924983642648754e-05,3.748205627131806e-08,0.3,10184194.96,-12.187764509488863
6.649999999999999,0,aGDL,-12.187654078093999,46.70605642079416,0.0,2.0623321172240565e-09,2.0623321172240565e-09,0.0,0.0,0.0,0.0,0.8,6.234160446303996e-05,0.0,4.924986752580156e-05,3.748219390563554e-08,0.3,10184194.96,-12.187670345196915
6.75,0,aGDL,-12.187560064099614,46.706031529737416,0.0,2.093343947006366e-09,2.093343947006366e-09,0.0,0.0,0.0,0.0,0.8,6.234164376649594e-05,0.0,4.92498985755318e-05,3.748233132076635e-08,0.3,10184194.96,-12.187576331062886
6.85,0,aGDL,-12.187466200261838,46.70600663868948,0.0,2.1243557572581937e-09,2.1243557572581937e-09,0.0,0.0,0.0,0.0,0.8,6.234168300718811e-05,0.0,4.92499295756786e-05,3.748246851671091e-08,0.3,10184194.96,-12.18748246708549
6.949999999999999,0,aGDL,-12.18737248657925,46.70598174765033,0.0,2.1553675480108658e-09,2.1553675480108658e-09,0.0,0.0,0.0,0.0,0.8,6.2341722185117e-05,0.0,4.924996052624242e-05,3.7482605493469956e-08,0.3,10184194.96,-12.18738875326344
7.05,0,aGDL,-12.187278923050712,46.70595685661992,0.0,2.1863793192957077e-09,2.1863793192957077e-09,0.0,0.0,0.0,0.0,0.8,6.234176130028302e-05,0.0,4.924999142722359e-05,3.7482742251043674e-08,0.3,10184194.96,-12.187295189595448
7.1499999999999995,0,aGDL,-12.187185509674862,46.70593196559825,0.0,2.2173910711440453e-09,2.2173910711440453e-09,0.0,0.0,0.0,0.0,0.8,6.234180035268672e-05,0.0,4.92500222786225e-05,3.748287878943272e-08,0.3,10184194.96,-12.187201776080219
7.25,0,aGDL,-12.18709224645039,46.70590707458529,0.0,2.248402803587203e-09,2.248402803587203e-09,0.0,0.0,0.0,0.0,0.8,6.234183934232856e-05,0.0,4.925005308043956e-05,3.748301510863765e-08,0.3,10184194.96,-12.18710851271648
7.349999999999999,0,aGDL,-12.186999133376105,46.705882183581004,0.0,2.279414516656506e-09,2.279414516656506e-09,0.0,0.0,0.0,0.0,0.8,6.234187826920902e-05,0.0,4.925008383267512e-05,3.748315120865878e-08,0.3,10184194.96,-12.187015399502934
7.45,0,aGDL,-12.18690617045064,46.70585729258538,0.0,2.3104262103832792e-09,2.3104262103832792e-09,0.0,0.0,0.0,0.0,0.8,6.234191713332861e-05,0.0,4.9250114535329596e-05,3.748328708949677e-08,0.3,10184194.96,-12.186922436438302
7.55,0,aGDL,-12.18681335767269,46.70583240159838,0.0,2.3414378847988455e-09,2.3414378847988455e-09,0.0,0.0,0.0,0.0,0.8,6.234195593468784e-05,0.0,4.9250145188403385e-05,3.7483422751152134e-08,0.3,10184194.96,-12.186829623521295
7.6499999999999995,0,aGDL,-12.18672069504106,46.705807510619984,0.0,2.3724495399345287e-09,2.3724495399345287e-09,0.0,0.0,0.0,0.0,0.8,6.234199467328713e-05,0.0,4.9250175791896825e-05,3.748355819362524e-08,0.3,10184194.96,-12.18673696075063
7.749999999999998,0,aGDL,-12.186628182554387,46.70578261965017,0.0,2.4034611758216524e-09,2.4034611758216524e-09,0.0,0.0,0.0,0.0,0.8,6.234203334912703e-05,0.0,4.925020634581034e-05,3.748369341691676e-08,0.3,10184194.96,-12.18664444812503
7.85,0,aGDL,-12.186535820211475,46.705757728688916,0.0,2.434472792491539e-09,2.434472792491539e-09,0.0,0.0,0.0,0.0,0.8,6.234207196220794e-05,0.0,4.925023685014427e-05,3.748382842102699e-08,0.3,10184194.96,-12.186552085643205
7.95,0,aGDL,-12.186443608010961,46.70573283773619,0.0,2.4654843899755117e-09,2.4654843899755117e-09,0.0,0.0,0.0,0.0,0.8,6.234211051253044e-05,0.0,4.9250267304899045e-05,3.7483963205956595e-08,0.3,10184194.96,-12.186459873303876
8.049999999999999,0,aGDL,-12.186351545951538,46.705707946791975,0.0,2.4964959683048925e-09,2.4964959683048925e-09,0.0,0.0,0.0,0.0,0.8,6.2342149000095e-05,0.0,4.9250297710075035e-05,3.748409777170616e-08,0.3,10184194.96,-12.186367811105761
8.15,0,aGDL,-12.18625963403207,46.705683055856234,0.0,2.527507527511003e-09,2.527507527511003e-09,0.0,0.0,0.0,0.0,0.8,6.234218742490204e-05,0.0,4.925032806567261e-05,3.748423211827594e-08,0.3,10184194.96,-12.18627589904758
8.25,0,aGDL,-12.186167872251133,46.70565816492895,0.0,2.5585190676251642e-09,2.5585190676251642e-09,0.0,0.0,0.0,0.0,0.8,6.234222578695212e-05,0.0,4.925035837169217e-05,3.748436624566666e-08,0.3,10184194.96,-12.186184137128052
8.35,0,aGDL,-12.186076260607479,46.7056332740101,0.0,2.589530588678698e-09,2.589530588678698e-09,0.0,0.0,0.0,0.0,0.8,6.234226408624568e-05,0.0,4.9250388628134086e-05,3.7484500153878775e-08,0.3,10184194.96,-12.186092525345899
8.45,0,aGDL,-12.185984799099913,46.70560838309965,0.0,2.6205420907029246e-09,2.6205420907029246e-09,0.0,0.0,0.0,0.0,0.8,6.234230232278322e-05,0.0,4.925041883499874e-05,3.748463384291272e-08,0.3,10184194.96,-12.186001063699843
8.549999999999999,0,aGDL,-12.185893487727071,46.70558349219758,0.0,2.651553573729165e-09,2.651553573729165e-09,0.0,0.0,0.0,0.0,0.8,6.234234049656521e-05,0.0,4.925044899228651e-05,3.748476731276911e-08,0.3,10184194.96,-12.185909752188604
8.65,0,aGDL,-12.185802326487703,46.70555860130387,0.0,2.6825650377887386e-09,2.6825650377887386e-09,0.0,0.0,0.0,0.0,0.8,6.234237860759216e-05,0.0,4.9250479099997804e-05,3.7484900563448456e-08,0.3,10184194.96,-12.185818590810902
8.75,0,aGDL,-12.185711315380502,46.70553371041849,0.0,2.713576482912966e-09,2.713576482912966e-09,0.0,0.0,0.0,0.0,0.8,6.234241665586456e-05,0.0,4.9250509158133e-05,3.748503359495123e-08,0.3,10184194.96,-12.185727579565466
8.85,0,aGDL,-12.185620454404216,46.705508819541414,0.0,2.7445879091331647e-09,2.7445879091331647e-09,0.0,0.0,0.0,0.0,0.8,6.234245464138288e-05,0.0,4.925053916669247e-05,3.748516640727801e-08,0.3,10184194.96,-12.185636718451013
8.950000000000001,0,aGDL,-12.185529743557595,46.70548392867262,0.0,2.7755993164806555e-09,2.7755993164806555e-09,0.0,0.0,0.0,0.0,0.8,6.234249256414757e-05,0.0,4.925056912567658e-05,3.748529900042925e-08,0.3,10184194.96,-12.185546007466277
9.049999999999999,0,aGDL,-12.185439182839332,46.70545903781208,0.0,2.8066107049867562e-09,2.8066107049867562e-09,0.0,0.0,0.0,0.0,0.8,6.234253042415917e-05,0.0,4.925059903508575e-05,3.74854313744055e-08,0.3,10184194.96,-12.185455446609973
9.149999999999999,0,aGDL,-12.185348772248176,46.705434146959774,0.0,2.837622074682785e-09,2.837622074682785e-09,0.0,0.0,0.0,0.0,0.8,6.234256822141813e-05,0.0,4.925062889492031e-05,3.74855635292073e-08,0.3,10184194.96,-12.18536503588083
9.25,0,aGDL,-12.18525851178282,46.70540925611568,0.0,2.86863342560006e-09,2.86863342560006e-09,0.0,0.0,0.0,0.0,0.8,6.234260595592494e-05,0.0,4.9250658705180696e-05,3.748569546483514e-08,0.3,10184194.96,-12.18527477527758
9.35,0,aGDL,-12.18516840144207,46.705384365279755,0.0,2.899644757769899e-09,2.899644757769899e-09,0.0,0.0,0.0,0.0,0.8,6.234264362768006e-05,0.0,4.9250688465867253e-05,3.7485827181289486e-08,0.3,10184194.96,-12.185184664798944
9.45,0,aGDL,-12.185078441224505,46.70535947445199,0.0,2.9306560712236185e-09,2.9306560712236185e-09,0.0,0.0,0.0,0.0,0.8,6.234268123668405e-05,0.0,4.92507181769804e-05,3.748595867857109e-08,0.3,10184194.96,-12.185094704443653
9.549999999999999,0,aGDL,-12.184988631128988,46.70533458363236,0.0,2.961667365992536e-09,2.961667365992536e-09,0.0,0.0,0.0,0.0,0.8,6.234271878293732e-05,0.0,4.9250747838520484e-05,3.7486089956680265e-08,0.3,10184194.96,-12.185004894210431
9.65,0,aGDL,-12.184898971154212,46.705309692820826,0.0,2.992678642107968e-09,2.992678642107968e-09,0.0,0.0,0.0,0.0,0.8,6.234275626644036e-05,0.0,4.925077745048788e-05,3.7486221015617617e-08,0.3,10184194.96,-12.184915234098009
9.75,0,aGDL,-12.184809461298869,46.70528480201738,0.0,3.0236898996012298e-09,3.0236898996012298e-09,0.0,0.0,0.0,0.0,0.8,6.23427936871937e-05,0.0,4.925080701288301e-05,3.7486351855383685e-08,0.3,10184194.96,-12.184825724105117
9.85,0,aGDL,-12.184720101561709,46.70525991122199,0.0,3.054701138503638e-09,3.054701138503638e-09,0.0,0.0,0.0,0.0,0.8,6.234283104519778e-05,0.0,4.925083652570624e-05,3.7486482475979e-08,0.3,10184194.96,-12.184736364230488
9.95,0,aGDL,-12.184630891941481,46.70523502043463,0.0,3.0857123588465077e-09,3.0857123588465077e-09,0.0,0.0,0.0,0.0,0.8,6.234286834045308e-05,0.0,4.9250865988957936e-05,3.748661287740407e-08,0.3,10184194.96,-12.184647154472852
10.05,0,aGDL,-12.184541832436935,46.70521012965527,0.0,3.1167235606611536e-09,3.1167235606611536e-09,0.0,0.0,0.0,0.0,0.8,6.234290557296009e-05,0.0,4.9250895402638466e-05,3.7486743059659427e-08,0.3,10184194.96,-12.184558094830933
10.149999999999999,0,aGDL,-12.184452923046763,46.7051852388839,0.0,3.1477347439788912e-09,3.1477347439788912e-09,0.0,0.0,0.0,0.0,0.8,6.23429427427193e-05,0.0,4.925092476674824e-05,3.7486873022745607e-08,0.3,10184194.96,-12.184469185303474
10.249999999999998,0,aGDL,-12.184364163769715,46.70516034812048,0.0,3.1787459088310348e-09,3.1787459088310348e-09,0.0,0.0,0.0,0.0,0.8,6.234297984973119e-05,0.0,4.925095408128764e-05,3.748700276666319e-08,0.3,10184194.96,-12.184380425889199
10.35,0,aGDL,-12.184275554604483,46.70513545736499,0.0,3.2097570552488975e-09,3.2097570552488975e-09,0.0,0.0,0.0,0.0,0.8,6.234301689399625e-05,0.0,4.925098334625703e-05,3.7487132291412725e-08,0.3,10184194.96,-12.184291816586848
10.45,0,aGDL,-12.184187095549873,46.70511056661741,0.0,3.2407681832637936e-09,3.2407681832637936e-09,0.0,0.0,0.0,0.0,0.8,6.234305387551493e-05,0.0,4.925101256165679e-05,3.748726159699468e-08,0.3,10184194.96,-12.184203357395152
10.549999999999999,0,aGDL,-12.184098786604523,46.70508567587771,0.0,3.2717792929070373e-09,3.2717792929070373e-09,0.0,0.0,0.0,0.0,0.8,6.234309079428776e-05,0.0,4.925104172748733e-05,3.748739068340971e-08,0.3,10184194.96,-12.184115048312842
10.65,0,aGDL,-12.184010627767293,46.70506078514587,0.0,3.30279038420994e-09,3.30279038420994e-09,0.0,0.0,0.0,0.0,0.8,6.234312765031517e-05,0.0,4.925107084374898e-05,3.748751955065821e-08,0.3,10184194.96,-12.184026889338664
10.75,0,aGDL,-12.18392261903682,46.705035894421854,0.0,3.333801457203815e-09,3.333801457203815e-09,0.0,0.0,0.0,0.0,0.8,6.234316444359768e-05,0.0,4.925109991044216e-05,3.7487648198740834e-08,0.3,10184194.96,-12.183938880471345
10.85,0,aGDL,-12.183834760411912,46.70501100370564,0.0,3.364812511919974e-09,3.364812511919974e-09,0.0,0.0,0.0,0.0,0.8,6.234320117413574e-05,0.0,4.9251128927567224e-05,3.748777662765803e-08,0.3,10184194.96,-12.183851021709625
10.95,0,aGDL,-12.18374705189126,46.70498611299722,0.0,3.3958235483897303e-09,3.3958235483897303e-09,0.0,0.0,0.0,0.0,0.8,6.234323784192982e-05,0.0,4.925115789512456e-05,3.748790483741043e-08,0.3,10184194.96,-12.18376331305224
11.049999999999999,0,aGDL,-12.183659493473556,46.70496122229655,0.0,3.426834566644394e-09,3.426834566644394e-09,0.0,0.0,0.0,0.0,0.8,6.234327444698048e-05,0.0,4.925118681311457e-05,3.748803282799865e-08,0.3,10184194.96,-12.183675754497926
11.15,0,aGDL,-12.183572085157664,46.704936331603605,0.0,3.4578455667152773e-09,3.4578455667152773e-09,0.0,0.0,0.0,0.0,0.8,6.23433109892881e-05,0.0,4.92512156815376e-05,3.7488160599423044e-08,0.3,10184194.96,-12.183588346045429
11.249999999999998,0,aGDL,-12.18348482694222,46.70491144091837,0.0,3.488856548633691e-09,3.488856548633691e-09,0.0,0.0,0.0,0.0,0.8,6.234334746885323e-05,0.0,4.925124450039405e-05,3.748828815168429e-08,0.3,10184194.96,-12.18350108769348
11.35,0,aGDL,-12.18339771882603,46.70488655024082,0.0,3.5198675124309445e-09,3.5198675124309445e-09,0.0,0.0,0.0,0.0,0.8,6.23433838856763e-05,0.0,4.925127326968427e-05,3.748841548478291e-08,0.3,10184194.96,-12.183413979440823
11.450000000000001,0,aGDL,-12.183310760807728,46.70486165957092,0.0,3.5508784581383488e-09,3.5508784581383488e-09,0.0,0.0,0.0,0.0,0.8,6.234342023975784e-05,0.0,4.925130198940869e-05,3.748854259871954e-08,0.3,10184194.96,-12.1833270212862
11.549999999999999,0,aGDL,-12.18322395288618,46.704836768908656,0.0,3.581889385787214e-09,3.581889385787214e-09,0.0,0.0,0.0,0.0,0.8,6.23434565310983e-05,0.0,4.9251330659567645e-05,3.7488669493494586e-08,0.3,10184194.96,-12.18324021322835
11.649999999999999,0,aGDL,-12.183137295060078,46.704811878254,0.0,3.6129002954088493e-09,3.6129002954088493e-09,0.0,0.0,0.0,0.0,0.8,6.234349275969814e-05,0.0,4.925135928016153e-05,3.748879616910869e-08,0.3,10184194.96,-12.183153555266015
11.75,0,aGDL,-12.18305078732817,46.70478698760692,0.0,3.6439111870345635e-09,3.6439111870345635e-09,0.0,0.0,0.0,0.0,0.8,6.234352892555786e-05,0.0,4.9251387851190705e-05,3.748892262556237e-08,0.3,10184194.96,-12.183067047397937
11.85,0,aGDL,-12.182964429689207,46.7047620969674,0.0,3.674922060695666e-09,3.674922060695666e-09,0.0,0.0,0.0,0.0,0.8,6.234356502867795e-05,0.0,4.9251416372655565e-05,3.74890488628562e-08,0.3,10184194.96,-12.182980689622863
11.95,0,aGDL,-12.18287822214188,46.70473720633541,0.0,3.705932916423465e-09,3.705932916423465e-09,0.0,0.0,0.0,0.0,0.8,6.234360106905889e-05,0.0,4.925144484455651e-05,3.7489174880990784e-08,0.3,10184194.96,-12.182894481939528
12.05,0,aGDL,-12.182792164684997,46.70471231571092,0.0,3.736943754249268e-09,3.736943754249268e-09,0.0,0.0,0.0,0.0,0.8,6.23436370467011e-05,0.0,4.925147326689387e-05,3.748930067996663e-08,0.3,10184194.96,-12.182808424346684
12.15,0,aGDL,-12.18270625731725,46.704687425093915,0.0,3.767954574204384e-09,3.767954574204384e-09,0.0,0.0,0.0,0.0,0.8,6.234367296160514e-05,0.0,4.925150163966806e-05,3.748942625978436e-08,0.3,10184194.96,-12.182722516843073
12.25,0,aGDL,-12.182620500037444,46.70466253448437,0.0,3.798965376320119e-09,3.798965376320119e-09,0.0,0.0,0.0,0.0,0.8,6.234370881377144e-05,0.0,4.925152996287944e-05,3.748955162044445e-08,0.3,10184194.96,-12.182636759427446
12.349999999999998,0,aGDL,-12.182534892844274,46.70463764388226,0.0,3.82997616062778e-09,3.82997616062778e-09,0.0,0.0,0.0,0.0,0.8,6.234374460320052e-05,0.0,4.925155823652841e-05,3.748967676194756e-08,0.3,10184194.96,-12.18255115209854
12.45,0,aGDL,-12.182449435736487,46.70461275328754,0.0,3.860986927158675e-09,3.860986927158675e-09,0.0,0.0,0.0,0.0,0.8,6.234378032989281e-05,0.0,4.9251586460615313e-05,3.7489801684294214e-08,0.3,10184194.96,-12.18246569485511
12.55,0,aGDL,-12.18236412871289,46.704587862700215,0.0,3.89199767594411e-09,3.89199767594411e-09,0.0,0.0,0.0,0.0,0.8,6.234381599384878e-05,0.0,4.925161463514053e-05,3.7489926387484926e-08,0.3,10184194.96,-12.182380387695902
12.649999999999999,0,aGDL,-12.182278971772178,46.70456297212024,0.0,3.923008407015391e-09,3.923008407015391e-09,0.0,0.0,0.0,0.0,0.8,6.234385159506894e-05,0.0,4.9251642760104466e-05,3.749005087152031e-08,0.3,10184194.96,-12.182295230619658
12.749999999999998,0,aGDL,-12.182193964913097,46.704538081547604,0.0,3.954019120403822e-09,3.954019120403822e-09,0.0,0.0,0.0,0.0,0.8,6.234388713355377e-05,0.0,4.9251670835507484e-05,3.7490175136400984e-08,0.3,10184194.96,-12.18221022362514
12.850000000000001,0,aGDL,-12.182109108134455,46.70451319098227,0.0,3.985029816140711e-09,3.985029816140711e-09,0.0,0.0,0.0,0.0,0.8,6.234392260930373e-05,0.0,4.925169886134995e-05,3.74902991821274e-08,0.3,10184194.96,-12.182125366711084
12.95,0,aGDL,-12.182024401434944,46.70448830042422,0.0,4.016040494257361e-09,4.016040494257361e-09,0.0,0.0,0.0,0.0,0.8,6.23439580223193e-05,0.0,4.9251726837632236e-05,3.749042300870024e-08,0.3,10184194.96,-12.182040659876249
13.049999999999999,0,aGDL,-12.181939844813314,46.70446340987342,0.0,4.047051154785078e-09,4.047051154785078e-09,0.0,0.0,0.0,0.0,0.8,6.234399337260096e-05,0.0,4.9251754764354755e-05,3.749054661612006e-08,0.3,10184194.96,-12.181956103119381
13.149999999999999,0,aGDL,-12.181855438268371,46.704438519329855,0.0,4.078061797755165e-09,4.078061797755165e-09,0.0,0.0,0.0,0.0,0.8,6.234402866014916e-05,0.0,4.925178264151784e-05,3.7490670004387355e-08,0.3,10184194.96,-12.181871696439234
13.25,0,aGDL,-12.181771181798808,46.704413628793496,0.0,4.109072423198927e-09,4.109072423198927e-09,0.0,0.0,0.0,0.0,0.8,6.234406388496443e-05,0.0,4.925181046912189e-05,3.74907931735028e-08,0.3,10184194.96,-12.181787439834562
13.35,0,aGDL,-12.181687075403374,46.70438873826431,0.0,4.1400830311476665e-09,4.1400830311476665e-09,0.0,0.0,0.0,0.0,0.8,6.234409904704723e-05,0.0,4.92518382471673e-05,3.749091612346698e-08,0.3,10184194.96,-12.181703333304112
13.449999999999998,0,aGDL,-12.181603119080876,46.70436384774229,0.0,4.171093621632688e-09,4.171093621632688e-09,0.0,0.0,0.0,0.0,0.8,6.2344134146398e-05,0.0,4.925186597565441e-05,3.749103885428038e-08,0.3,10184194.96,-12.181619376846644
13.549999999999999,0,aGDL,-12.181519312830005,46.70433895722741,0.0,4.202104194685293e-09,4.202104194685293e-09,0.0,0.0,0.0,0.0,0.8,6.234416918301723e-05,0.0,4.925189365458361e-05,3.749116136594368e-08,0.3,10184194.96,-12.181535570460905
13.65,0,aGDL,-12.181435656649626,46.70431406671962,0.0,4.233114750336786e-09,4.233114750336786e-09,0.0,0.0,0.0,0.0,0.8,6.23442041569054e-05,0.0,4.925192128395525e-05,3.7491283658457316e-08,0.3,10184194.96,-12.181451914145661
13.749999999999998,0,aGDL,-12.181352150538373,46.70428917621892,0.0,4.2641252886184675e-09,4.2641252886184675e-09,0.0,0.0,0.0,0.0,0.8,6.234423906806299e-05,0.0,4.9251948863769756e-05,3.749140573182203e-08,0.3,10184194.96,-12.181368407899656
13.85,0,aGDL,-12.181268794495054,46.70426428572527,0.0,4.29513580956164e-09,4.29513580956164e-09,0.0,0.0,0.0,0.0,0.8,6.234427391649048e-05,0.0,4.9251976394027465e-05,3.749152758603834e-08,0.3,10184194.96,-12.181285051721654
13.950000000000001,0,aGDL,-12.181185588518417,46.70423939523866,0.0,4.326146313197605e-09,4.326146313197605e-09,0.0,0.0,0.0,0.0,0.8,6.234430870218834e-05,0.0,4.925200387472878e-05,3.7491649221106833e-08,0.3,10184194.96,-12.181201845610406
14.049999999999999,0,aGDL,-12.181102532607213,46.70421450475906,0.0,4.357156799557664e-09,4.357156799557664e-09,0.0,0.0,0.0,0.0,0.8,6.234434342515703e-05,0.0,4.925203130587405e-05,3.749177063702812e-08,0.3,10184194.96,-12.181118789564675
14.149999999999999,0,aGDL,-12.181019626760246,46.70418961428643,0.0,4.388167268673117e-09,4.388167268673117e-09,0.0,0.0,0.0,0.0,0.8,6.234437808539704e-05,0.0,4.9252058687463664e-05,3.749189183380272e-08,0.3,10184194.96,-12.181035883583212
14.249999999999998,0,aGDL,-12.180936870976211,46.70416472382076,0.0,4.419177720575266e-09,4.419177720575266e-09,0.0,0.0,0.0,0.0,0.8,6.234441268290884e-05,0.0,4.9252086019497984e-05,3.7492012811431305e-08,0.3,10184194.96,-12.180953127664782
14.35,0,aGDL,-12.180854265253913,46.70413983336203,0.0,4.45018815529541e-09,4.45018815529541e-09,0.0,0.0,0.0,0.0,0.8,6.23444472176929e-05,0.0,4.925211330197739e-05,3.74921335699144e-08,0.3,10184194.96,-12.180870521808142
14.45,0,aGDL,-12.180771809592045,46.704114942910195,0.0,4.48119857286485e-09,4.48119857286485e-09,0.0,0.0,0.0,0.0,0.8,6.234448168974972e-05,0.0,4.9252140534902274e-05,3.7492254109252656e-08,0.3,10184194.96,-12.180788066012049
14.549999999999999,0,aGDL,-12.18068950398947,46.70409005246525,0.0,4.5122089733148835e-09,4.5122089733148835e-09,0.0,0.0,0.0,0.0,0.8,6.234451609907972e-05,0.0,4.9252167718272974e-05,3.7492374429446613e-08,0.3,10184194.96,-12.18070576027527
14.65,0,aGDL,-12.18060734844488,46.704065162027156,0.0,4.543219356676812e-09,4.543219356676812e-09,0.0,0.0,0.0,0.0,0.8,6.234455044568342e-05,0.0,4.9252194852089896e-05,3.749249453049688e-08,0.3,10184194.96,-12.180623604596565
14.75,0,aGDL,-12.180525342957083,46.70404027159589,0.0,4.5742297229819326e-09,4.5742297229819326e-09,0.0,0.0,0.0,0.0,0.8,6.234458472956126e-05,0.0,4.92522219363534e-05,3.7492614412404016e-08,0.3,10184194.96,-12.180541598974688
14.849999999999998,0,aGDL,-12.18044348752477,46.704015381171445,0.0,4.605240072261545e-09,4.605240072261545e-09,0.0,0.0,0.0,0.0,0.8,6.234461895071376e-05,0.0,4.9252248971063874e-05,3.749273407516874e-08,0.3,10184194.96,-12.180459743408415
14.95,0,aGDL,-12.180361782146747,46.703990490753775,0.0,4.636250404546946e-09,4.636250404546946e-09,0.0,0.0,0.0,0.0,0.8,6.234465310914134e-05,0.0,4.9252275956221655e-05,3.74928535187916e-08,0.3,10184194.96,-12.180378037896496
15.05,0,aGDL,-12.180280226821822,46.703965600342855,0.0,4.667260719869434e-09,4.667260719869434e-09,0.0,0.0,0.0,0.0,0.8,6.23446872048445e-05,0.0,4.925230289182715e-05,3.7492972743273073e-08,0.3,10184194.96,-12.180296482437704
15.149999999999999,0,aGDL,-12.180198821548686,46.70394070993868,0.0,4.698271018260308e-09,4.698271018260308e-09,0.0,0.0,0.0,0.0,0.8,6.234472123782371e-05,0.0,4.9252329777880726e-05,3.7493091748613896e-08,0.3,10184194.96,-12.180215077030802
15.25,0,aGDL,-12.180117566326146,46.7039158195412,0.0,4.729281299750863e-09,4.729281299750863e-09,0.0,0.0,0.0,0.0,0.8,6.234475520807942e-05,0.0,4.925235661438275e-05,3.749321053481458e-08,0.3,10184194.96,-12.18013382167455
15.35,0,aGDL,-12.180036461152895,46.703890929150404,0.0,4.760291564372397e-09,4.760291564372397e-09,0.0,0.0,0.0,0.0,0.8,6.234478911561217e-05,0.0,4.925238340133361e-05,3.749332910187591e-08,0.3,10184194.96,-12.180052716367722
15.45,0,aGDL,-12.179955506027852,46.70386603876627,0.0,4.791301812156206e-09,4.791301812156206e-09,0.0,0.0,0.0,0.0,0.8,6.234482296042234e-05,0.0,4.9252410138733646e-05,3.7493447449798216e-08,0.3,10184194.96,-12.179971761109078
15.549999999999999,0,aGDL,-12.179874700949654,46.70384114838877,0.0,4.822312043133586e-09,4.822312043133586e-09,0.0,0.0,0.0,0.0,0.8,6.234485674251046e-05,0.0,4.9252436826583256e-05,3.7493565578582274e-08,0.3,10184194.96,-12.179890955897385
15.65,0,aGDL,-12.179794045917049,46.703816258017866,0.0,4.853322257335832e-09,4.853322257335832e-09,0.0,0.0,0.0,0.0,0.8,6.234489046187702e-05,0.0,4.9252463464882834e-05,3.749368348822874e-08,0.3,10184194.96,-12.179810300731418
15.749999999999996,0,aGDL,-12.179713540928958,46.70379136765355,0.0,4.884332454794241e-09,4.884332454794241e-09,0.0,0.0,0.0,0.0,0.8,6.234492411852239e-05,0.0,4.925249005363268e-05,3.749380117873804e-08,0.3,10184194.96,-12.179729795609934
15.85,0,aGDL,-12.17963318598396,46.703766477295794,0.0,4.915342635540109e-09,4.915342635540109e-09,0.0,0.0,0.0,0.0,0.8,6.234495771244717e-05,0.0,4.9252516592833264e-05,3.749391865011104e-08,0.3,10184194.96,-12.179649440531715
15.950000000000001,0,aGDL,-12.179552981080974,46.70374158694457,0.0,4.9463527996047285e-09,4.9463527996047285e-09,0.0,0.0,0.0,0.0,0.8,6.234499124365175e-05,0.0,4.9252543082484876e-05,3.749403590234811e-08,0.3,10184194.96,-12.17956923549552
16.049999999999997,0,aGDL,-12.17947292621875,46.70371669659985,0.0,4.977362947019395e-09,4.977362947019395e-09,0.0,0.0,0.0,0.0,0.8,6.23450247121366e-05,0.0,4.92525695225879e-05,3.749415293544987e-08,0.3,10184194.96,-12.179489180500129
16.15,0,aGDL,-12.179393021395981,46.70369180626162,0.0,5.008373077815402e-09,5.008373077815402e-09,0.0,0.0,0.0,0.0,0.8,6.234505811790221e-05,0.0,4.925259591314275e-05,3.74942697494171e-08,0.3,10184194.96,-12.179409275544307
16.250000000000004,0,aGDL,-12.179313266611473,46.70366691592984,0.0,5.039383192024044e-09,5.039383192024044e-09,0.0,0.0,0.0,0.0,0.8,6.234509146094907e-05,0.0,4.9252622254149766e-05,3.7494386344250365e-08,0.3,10184194.96,-12.179329520626824
16.349999999999998,0,aGDL,-12.179233661864032,46.70364202560449,0.0,5.0703932896766144e-09,5.0703932896766144e-09,0.0,0.0,0.0,0.0,0.8,6.234512474127765e-05,0.0,4.9252648545609335e-05,3.749450271995018e-08,0.3,10184194.96,-12.179249915746457
16.45,0,aGDL,-12.179154207152408,46.70361713528555,0.0,5.1014033708044055e-09,5.1014033708044055e-09,0.0,0.0,0.0,0.0,0.8,6.234515795888837e-05,0.0,4.9252674787521814e-05,3.749461887651726e-08,0.3,10184194.96,-12.179170460901979
16.55,0,aGDL,-12.17907490247535,46.70359224497299,0.0,5.132413435438711e-09,5.132413435438711e-09,0.0,0.0,0.0,0.0,0.8,6.234519111378176e-05,0.0,4.925270097988758e-05,3.749473481395222e-08,0.3,10184194.96,-12.179091156092163
16.65,0,aGDL,-12.178995747831664,46.70356735466679,0.0,5.163423483610823e-09,5.163423483610823e-09,0.0,0.0,0.0,0.0,0.8,6.234522420595824e-05,0.0,4.9252727122707004e-05,3.7494850532255636e-08,0.3,10184194.96,-12.17901200131578
16.75,0,aGDL,-12.178916743220157,46.703542464366926,0.0,5.194433515352033e-09,5.194433515352033e-09,0.0,0.0,0.0,0.0,0.8,6.234525723541828e-05,0.0,4.925275321598045e-05,3.7494966031428074e-08,0.3,10184194.96,-12.178932996571609
16.849999999999998,0,aGDL,-12.17883788863952,46.703517574073366,0.0,5.225443530693635e-09,5.225443530693635e-09,0.0,0.0,0.0,0.0,0.8,6.234529020216242e-05,0.0,4.9252779259708304e-05,3.749508131147034e-08,0.3,10184194.96,-12.178854141858423
16.95,0,aGDL,-12.178759184088563,46.70349268378609,0.0,5.256453529666918e-09,5.256453529666918e-09,0.0,0.0,0.0,0.0,0.8,6.234532310619105e-05,0.0,4.925280525389093e-05,3.749519637238292e-08,0.3,10184194.96,-12.178775437175002
17.05,0,aGDL,-12.178680629566145,46.70346779350506,0.0,5.2874635123031736e-09,5.2874635123031736e-09,0.0,0.0,0.0,0.0,0.8,6.234535594750465e-05,0.0,4.925283119852867e-05,3.749531121416638e-08,0.3,10184194.96,-12.17869688252012
17.149999999999995,0,aGDL,-12.178602225070904,46.703442903230275,0.0,5.318473478633693e-09,5.318473478633693e-09,0.0,0.0,0.0,0.0,0.8,6.234538872610374e-05,0.0,4.925285709362195e-05,3.749542583682152e-08,0.3,10184194.96,-12.178618477892556
17.25,0,aGDL,-12.178523970601702,46.7034180129617,0.0,5.349483428689767e-09,5.349483428689767e-09,0.0,0.0,0.0,0.0,0.8,6.234542144198874e-05,0.0,4.9252882939171106e-05,3.749554024034886e-08,0.3,10184194.96,-12.178540223291085
17.35,0,aGDL,-12.178445866157347,46.7033931226993,0.0,5.3804933625026845e-09,5.3804933625026845e-09,0.0,0.0,0.0,0.0,0.8,6.23454540951601e-05,0.0,4.925290873517648e-05,3.749565442474898e-08,0.3,10184194.96,-12.178462118714492
17.449999999999996,0,aGDL,-12.17836791173653,46.70336823244306,0.0,5.411503280103737e-09,5.411503280103737e-09,0.0,0.0,0.0,0.0,0.8,6.234548668561837e-05,0.0,4.925293448163851e-05,3.749576839002265e-08,0.3,10184194.96,-12.178384164161553
17.55,0,aGDL,-12.178290107338114,46.70334334219295,0.0,5.442513181524213e-09,5.442513181524213e-09,0.0,0.0,0.0,0.0,0.8,6.234551921336394e-05,0.0,4.92529601785575e-05,3.749588213617041e-08,0.3,10184194.96,-12.178306359631051
17.650000000000002,0,aGDL,-12.178212452960793,46.70331845194895,0.0,5.473523066795401e-09,5.473523066795401e-09,0.0,0.0,0.0,0.0,0.8,6.234555167839731e-05,0.0,4.9252985825933875e-05,3.749599566319293e-08,0.3,10184194.96,-12.178228705121759
17.749999999999996,0,aGDL,-12.178134948603429,46.703293561711035,0.0,5.504532935948591e-09,5.504532935948591e-09,0.0,0.0,0.0,0.0,0.8,6.234558408071896e-05,0.0,4.925301142376797e-05,3.7496108971090804e-08,0.3,10184194.96,-12.178151200632469
17.85,0,aGDL,-12.178057594264772,46.70326867147918,0.0,5.53554278901507e-09,5.53554278901507e-09,0.0,0.0,0.0,0.0,0.8,6.23456164203293e-05,0.0,4.925303697206015e-05,3.749622205986471e-08,0.3,10184194.96,-12.178073846161954
17.95,0,aGDL,-12.17798038994357,46.70324378125335,0.0,5.566552626026129e-09,5.566552626026129e-09,0.0,0.0,0.0,0.0,0.8,6.23456486972289e-05,0.0,4.925306247081082e-05,3.749633492951527e-08,0.3,10184194.96,-12.177996641709006
18.049999999999997,0,aGDL,-12.177903335638689,46.70321889103353,0.0,5.597562447013053e-09,5.597562447013053e-09,0.0,0.0,0.0,0.0,0.8,6.23456809114181e-05,0.0,4.9253087920020295e-05,3.749644758004308e-08,0.3,10184194.96,-12.177919587272402
18.150000000000002,0,aGDL,-12.177826431348876,46.70319400081969,0.0,5.628572252007129e-09,5.628572252007129e-09,0.0,0.0,0.0,0.0,0.8,6.234571306289745e-05,0.0,4.9253113319688984e-05,3.749656001144878e-08,0.3,10184194.96,-12.177842682850928
18.249999999999996,0,aGDL,-12.177749677072882,46.70316911061182,0.0,5.659582041039647e-09,5.659582041039647e-09,0.0,0.0,0.0,0.0,0.8,6.234574515166741e-05,0.0,4.9253138669817244e-05,3.7496672223733115e-08,0.3,10184194.96,-12.177765928443371
18.349999999999998,0,aGDL,-12.177673072809512,46.703144220409875,0.0,5.690591814141892e-09,5.690591814141892e-09,0.0,0.0,0.0,0.0,0.8,6.234577717772842e-05,0.0,4.925316397040545e-05,3.749678421689662e-08,0.3,10184194.96,-12.177689324048513
18.450000000000003,0,aGDL,-12.177596618557573,46.70311933021384,0.0,5.721601571345151e-09,5.721601571345151e-09,0.0,0.0,0.0,0.0,0.8,6.234580914108097e-05,0.0,4.925318922145397e-05,3.749689599093998e-08,0.3,10184194.96,-12.177612869665145
18.549999999999997,0,aGDL,-12.177520314315814,46.70309444002368,0.0,5.752611312680709e-09,5.752611312680709e-09,0.0,0.0,0.0,0.0,0.8,6.234584104172552e-05,0.0,4.925321442296316e-05,3.749700754586384e-08,0.3,10184194.96,-12.17753656529205
18.65,0,aGDL,-12.177444160083041,46.703069549839384,0.0,5.783621038179854e-09,5.783621038179854e-09,0.0,0.0,0.0,0.0,0.8,6.234587287966251e-05,0.0,4.925323957493338e-05,3.7497118881668825e-08,0.3,10184194.96,-12.177460410928015
18.75,0,aGDL,-12.177368155858062,46.703044659660925,0.0,5.81463074787387e-09,5.81463074787387e-09,0.0,0.0,0.0,0.0,0.8,6.234590465489245e-05,0.0,4.925326467736503e-05,3.74972299983556e-08,0.3,10184194.96,-12.17738440657183
18.849999999999998,0,aGDL,-12.177292301639682,46.70301976948827,0.0,5.845640441794042e-09,5.845640441794042e-09,0.0,0.0,0.0,0.0,0.8,6.234593636741575e-05,0.0,4.9253289730258446e-05,3.749734089592478e-08,0.3,10184194.96,-12.177308552222284
18.95,0,aGDL,-12.17721659742665,46.702994879321395,0.0,5.876650119971655e-09,5.876650119971655e-09,0.0,0.0,0.0,0.0,0.8,6.234596801723291e-05,0.0,4.925331473361399e-05,3.7497451574377015e-08,0.3,10184194.96,-12.177232847878164
19.049999999999997,0,aGDL,-12.177141043217716,46.70296998916029,0.0,5.907659782437995e-09,5.907659782437995e-09,0.0,0.0,0.0,0.0,0.8,6.234599960434441e-05,0.0,4.9253339687432084e-05,3.749756203371305e-08,0.3,10184194.96,-12.177157293538267
19.15,0,aGDL,-12.177065639011744,46.70294509900491,0.0,5.938669429224345e-09,5.938669429224345e-09,0.0,0.0,0.0,0.0,0.8,6.234603112875069e-05,0.0,4.925336459171304e-05,3.749767227393345e-08,0.3,10184194.96,-12.177081889201375
19.25,0,aGDL,-12.176990384807482,46.70292020885523,0.0,5.969679060361988e-09,5.969679060361988e-09,0.0,0.0,0.0,0.0,0.8,6.234606259045223e-05,0.0,4.9253389446457265e-05,3.749778229503892e-08,0.3,10184194.96,-12.177006634866284
19.349999999999998,0,aGDL,-12.176915280603794,46.70289531871124,0.0,6.0006886758822095e-09,6.0006886758822095e-09,0.0,0.0,0.0,0.0,0.8,6.234609398944947e-05,0.0,4.9253414251665086e-05,3.7497892097030014e-08,0.3,10184194.96,-12.176931530531789
19.45,0,aGDL,-12.176840326399372,46.702870428572915,0.0,6.031698275816292e-09,6.031698275816292e-09,0.0,0.0,0.0,0.0,0.8,6.23461253257429e-05,0.0,4.925343900733688e-05,3.7498001679907497e-08,0.3,10184194.96,-12.176856576196679
19.55,0,aGDL,-12.17676552219308,46.702845538440215,0.0,6.062707860195517e-09,6.062707860195517e-09,0.0,0.0,0.0,0.0,0.8,6.234615659933295e-05,0.0,4.9253463713473033e-05,3.749811104367194e-08,0.3,10184194.96,-12.176781771859746
19.649999999999995,0,aGDL,-12.176690867983666,46.70282064831313,0.0,6.093717429051168e-09,6.093717429051168e-09,0.0,0.0,0.0,0.0,0.8,6.234618781022012e-05,0.0,4.92534883700739e-05,3.749822018832407e-08,0.3,10184194.96,-12.176707117519786
19.75,0,aGDL,-12.176616363769995,46.70279575819163,0.0,6.124726982414528e-09,6.124726982414528e-09,0.0,0.0,0.0,0.0,0.8,6.234621895840485e-05,0.0,4.9253512977139835e-05,3.7498329113864493e-08,0.3,10184194.96,-12.176632613175595
19.85,0,aGDL,-12.176542009550758,46.702770868075675,0.0,6.155736520316879e-09,6.155736520316879e-09,0.0,0.0,0.0,0.0,0.8,6.234625004388764e-05,0.0,4.925353753467124e-05,3.749843782029395e-08,0.3,10184194.96,-12.176558258825967
19.949999999999996,0,aGDL,-12.176467805324876,46.702745977965265,0.0,6.186746042789501e-09,6.186746042789501e-09,0.0,0.0,0.0,0.0,0.8,6.23462810666689e-05,0.0,4.925356204266843e-05,3.749854630761291e-08,0.3,10184194.96,-12.176484054469702
20.05,0,aGDL,-12.176393751091041,46.70272108786036,0.0,6.217755549863677e-09,6.217755549863677e-09,0.0,0.0,0.0,0.0,0.8,6.234631202674913e-05,0.0,4.9253586501131804e-05,3.7498654575822275e-08,0.3,10184194.96,-12.176410000105587
20.150000000000002,0,aGDL,-12.17631984684806,46.70269619776094,0.0,6.248765041570687e-09,6.248765041570687e-09,0.0,0.0,0.0,0.0,0.8,6.234634292412879e-05,0.0,4.925361091006174e-05,3.749876262492264e-08,0.3,10184194.96,-12.176336095732433
20.249999999999996,0,aGDL,-12.176246092594795,46.702671307666975,0.0,6.2797745179418104e-09,6.2797745179418104e-09,0.0,0.0,0.0,0.0,0.8,6.234637375880832e-05,0.0,4.925363526945857e-05,3.749887045491458e-08,0.3,10184194.96,-12.176262341349029
20.35,0,aGDL,-12.176172488329996,46.70264641757845,0.0,6.31078397900833e-09,6.31078397900833e-09,0.0,0.0,0.0,0.0,0.8,6.234640453078821e-05,0.0,4.925365957932268e-05,3.7498978065798866e-08,0.3,10184194.96,-12.176188736954172
20.45,0,aGDL,-12.17609903405247,46.70262152749533,0.0,6.341793424801525e-09,6.341793424801525e-09,0.0,0.0,0.0,0.0,0.8,6.23464352400689e-05,0.0,4.925368383965443e-05,3.74990854575761e-08,0.3,10184194.96,-12.176115282546668
20.549999999999997,0,aGDL,-12.17602572976108,46.70259663741759,0.0,6.372802855352674e-09,6.372802855352674e-09,0.0,0.0,0.0,0.0,0.8,6.234646588665083e-05,0.0,4.925370805045416e-05,3.749919263024689e-08,0.3,10184194.96,-12.176041978125317
20.650000000000002,0,aGDL,-12.175952575454517,46.70257174734522,0.0,6.403812270693058e-09,6.403812270693058e-09,0.0,0.0,0.0,0.0,0.8,6.234649647053453e-05,0.0,4.925373221172228e-05,3.7499299583812036e-08,0.3,10184194.96,-12.175968823688917
20.749999999999996,0,aGDL,-12.175879571131645,46.70254685727817,0.0,6.434821670853954e-09,6.434821670853954e-09,0.0,0.0,0.0,0.0,0.8,6.234652699172043e-05,0.0,4.9253756323459134e-05,3.74994063182722e-08,0.3,10184194.96,-12.175895819236267
20.849999999999998,0,aGDL,-12.175806716791215,46.70252196721644,0.0,6.465831055866643e-09,6.465831055866643e-09,0.0,0.0,0.0,0.0,0.8,6.234655745020897e-05,0.0,4.925378038566508e-05,3.749951283362804e-08,0.3,10184194.96,-12.175822964766176
20.95,0,aGDL,-12.175734012432144,46.70249707715999,0.0,6.496840425762402e-09,6.496840425762402e-09,0.0,0.0,0.0,0.0,0.8,6.234658784600063e-05,0.0,4.925380439834049e-05,3.749961912988008e-08,0.3,10184194.96,-12.17575026027744
21.049999999999997,0,aGDL,-12.175661458053128,46.702472187108796,0.0,6.5278497805725085e-09,6.5278497805725085e-09,0.0,0.0,0.0,0.0,0.8,6.234661817909586e-05,0.0,4.925382836148572e-05,3.7499725207029206e-08,0.3,10184194.96,-12.175677705768862
21.15,0,aGDL,-12.17558905365297,46.70244729706284,0.0,6.5588591203282414e-09,6.5588591203282414e-09,0.0,0.0,0.0,0.0,0.8,6.234664844949515e-05,0.0,4.9253852275101165e-05,3.7499831065076046e-08,0.3,10184194.96,-12.175605301239253
21.25,0,aGDL,-12.175516799230536,46.7024224070221,0.0,6.589868445060878e-09,6.589868445060878e-09,0.0,0.0,0.0,0.0,0.8,6.234667865719892e-05,0.0,4.9253876139187145e-05,3.749993670402118e-08,0.3,10184194.96,-12.175533046687415
21.349999999999998,0,aGDL,-12.17544469478463,46.70239751698653,0.0,6.620877754801694e-09,6.620877754801694e-09,0.0,0.0,0.0,0.0,0.8,6.234670880220764e-05,0.0,4.925389995374403e-05,3.7500042123865345e-08,0.3,10184194.96,-12.175460942112153
21.45,0,aGDL,-12.175372740314003,46.70237262695613,0.0,6.651887049581968e-09,6.651887049581968e-09,0.0,0.0,0.0,0.0,0.8,6.23467388845218e-05,0.0,4.925392371877221e-05,3.750014732460928e-08,0.3,10184194.96,-12.175388987512267
21.549999999999997,0,aGDL,-12.175300935817518,46.702347736930854,0.0,6.682896329432976e-09,6.682896329432976e-09,0.0,0.0,0.0,0.0,0.8,6.234676890414183e-05,0.0,4.9253947434272045e-05,3.750025230625352e-08,0.3,10184194.96,-12.175317182886575
21.65,0,aGDL,-12.175229281293923,46.7023228469107,0.0,6.713905594385993e-09,6.713905594385993e-09,0.0,0.0,0.0,0.0,0.8,6.234679886106821e-05,0.0,4.9253971100243876e-05,3.7500357068798924e-08,0.3,10184194.96,-12.175245528233878
21.75,0,aGDL,-12.175157776742083,46.70229795689562,0.0,6.744914844472296e-09,6.744914844472296e-09,0.0,0.0,0.0,0.0,0.8,6.234682875530137e-05,0.0,4.925399471668808e-05,3.7500461612246045e-08,0.3,10184194.96,-12.175174023552986
21.849999999999998,0,aGDL,-12.175086422160803,46.7022730668856,0.0,6.775924079723161e-09,6.775924079723161e-09,0.0,0.0,0.0,0.0,0.8,6.234685858684179e-05,0.0,4.9254018283605004e-05,3.750056593659561e-08,0.3,10184194.96,-12.175102668842705
21.95,0,aGDL,-12.175015217548832,46.702248176880616,0.0,6.806933300169861e-09,6.806933300169861e-09,0.0,0.0,0.0,0.0,0.8,6.234688835568993e-05,0.0,4.9254041800995045e-05,3.750067004184837e-08,0.3,10184194.96,-12.175031464101846
22.05,0,aGDL,-12.174944162905035,46.702223286880646,0.0,6.8379425058436725e-09,6.8379425058436725e-09,0.0,0.0,0.0,0.0,0.8,6.234691806184625e-05,0.0,4.9254065268858535e-05,3.750077392800492e-08,0.3,10184194.96,-12.17496040932922
22.149999999999995,0,aGDL,-12.174873258228217,46.702198396885656,0.0,6.86895169677587e-09,6.86895169677587e-09,0.0,0.0,0.0,0.0,0.8,6.23469477053112e-05,0.0,4.925408868719585e-05,3.750087759506595e-08,0.3,10184194.96,-12.174889504523637
22.25,0,aGDL,-12.174802503517185,46.702173506895626,0.0,6.899960872997727e-09,6.899960872997727e-09,0.0,0.0,0.0,0.0,0.8,6.234697728608526e-05,0.0,4.925411205600734e-05,3.7500981043032215e-08,0.3,10184194.96,-12.17481874968391
22.35,0,aGDL,-12.174731898770744,46.70214861691053,0.0,6.9309700345405185e-09,6.9309700345405185e-09,0.0,0.0,0.0,0.0,0.8,6.234700680416885e-05,0.0,4.925413537529338e-05,3.750108427190434e-08,0.3,10184194.96,-12.174748144808849
22.449999999999996,0,aGDL,-12.174661443987702,46.702123726930346,0.0,6.9619791814355166e-09,6.9619791814355166e-09,0.0,0.0,0.0,0.0,0.8,6.234703625956244e-05,0.0,4.925415864505433e-05,3.750118728168312e-08,0.3,10184194.96,-12.174677689897267
22.55,0,aGDL,-12.174591139166864,46.702098836955045,0.0,6.992988313713996e-09,6.992988313713996e-09,0.0,0.0,0.0,0.0,0.8,6.234706565226653e-05,0.0,4.925418186529056e-05,3.750129007236915e-08,0.3,10184194.96,-12.17460738494798
22.650000000000002,0,aGDL,-12.174520984307094,46.702073946984605,0.0,7.023997431407229e-09,7.023997431407229e-09,0.0,0.0,0.0,0.0,0.8,6.234709498228153e-05,0.0,4.9254205036002404e-05,3.750139264396314e-08,0.3,10184194.96,-12.1745372299598
22.749999999999996,0,aGDL,-12.17445097940714,46.702049057018996,0.0,7.0550065345464875e-09,7.0550065345464875e-09,0.0,0.0,0.0,0.0,0.8,6.234712424960791e-05,0.0,4.925422815719025e-05,3.750149499646584e-08,0.3,10184194.96,-12.174467224931536
22.85,0,aGDL,-12.174381124465867,46.7020241670582,0.0,7.0860156231630454e-09,7.0860156231630454e-09,0.0,0.0,0.0,0.0,0.8,6.234715345424615e-05,0.0,4.925425122885445e-05,3.7501597129877886e-08,0.3,10184194.96,-12.174397369862016
22.95,0,aGDL,-12.17431141948208,46.70199927710219,0.0,7.117024697288174e-09,7.117024697288174e-09,0.0,0.0,0.0,0.0,0.8,6.234718259619667e-05,0.0,4.925427425099537e-05,3.750169904420001e-08,0.3,10184194.96,-12.174327664750049
23.049999999999997,0,aGDL,-12.174241864454586,46.70197438715094,0.0,7.148033756953145e-09,7.148033756953145e-09,0.0,0.0,0.0,0.0,0.8,6.234721167545995e-05,0.0,4.9254297223613356e-05,3.750180073943292e-08,0.3,10184194.96,-12.17425810959445
23.15,0,aGDL,-12.174172459382248,46.701949497204424,0.0,7.179042802189229e-09,7.179042802189229e-09,0.0,0.0,0.0,0.0,0.8,6.234724069203644e-05,0.0,4.925432014670878e-05,3.75019022155772e-08,0.3,10184194.96,-12.17418870439404
23.25,0,aGDL,-12.174103204263815,46.70192460726262,0.0,7.210051833027699e-09,7.210051833027699e-09,0.0,0.0,0.0,0.0,0.8,6.234726964592658e-05,0.0,4.925434302028199e-05,3.750200347263374e-08,0.3,10184194.96,-12.174119449147637
23.349999999999998,0,aGDL,-12.174034099098094,46.701899717325496,0.0,7.241060849499823e-09,7.241060849499823e-09,0.0,0.0,0.0,0.0,0.8,6.234729853713089e-05,0.0,4.92543658443334e-05,3.750210451060323e-08,0.3,10184194.96,-12.174050343854056
23.45,0,aGDL,-12.173965143884004,46.701874827393034,0.0,7.2720698516368734e-09,7.2720698516368734e-09,0.0,0.0,0.0,0.0,0.8,6.234732736564973e-05,0.0,4.9254388618863286e-05,3.7502205329486165e-08,0.3,10184194.96,-12.173981388512125
23.549999999999997,0,aGDL,-12.173896338620239,46.701849937465205,0.0,7.30307883947012e-09,7.30307883947012e-09,0.0,0.0,0.0,0.0,0.8,6.234735613148366e-05,0.0,4.9254411343872084e-05,3.750230592928354e-08,0.3,10184194.96,-12.173912583120655
23.65,0,aGDL,-12.173827683305717,46.70182504754199,0.0,7.334087813030833e-09,7.334087813030833e-09,0.0,0.0,0.0,0.0,0.8,6.234738483463305e-05,0.0,4.9254434019360104e-05,3.750240630999586e-08,0.3,10184194.96,-12.173843927678472
23.75,0,aGDL,-12.173759177939246,46.70180015762336,0.0,7.365096772350281e-09,7.365096772350281e-09,0.0,0.0,0.0,0.0,0.8,6.234741347509838e-05,0.0,4.9254456645327725e-05,3.7502506471623865e-08,0.3,10184194.96,-12.173775422184395
23.849999999999998,0,aGDL,-12.173690822519632,46.70177526770929,0.0,7.396105717459733e-09,7.396105717459733e-09,0.0,0.0,0.0,0.0,0.8,6.234744205288013e-05,0.0,4.9254479221775306e-05,3.750260641416827e-08,0.3,10184194.96,-12.173707066637249
23.95,0,aGDL,-12.17362261704568,46.701750377799755,0.0,7.42711464839046e-09,7.42711464839046e-09,0.0,0.0,0.0,0.0,0.8,6.234747056797873e-05,0.0,4.925450174870319e-05,3.7502706137629825e-08,0.3,10184194.96,-12.173638861035853
24.05,0,aGDL,-12.173554561516255,46.70172548789473,0.0,7.458123565173727e-09,7.458123565173727e-09,0.0,0.0,0.0,0.0,0.8,6.234749902039465e-05,0.0,4.925452422611177e-05,3.7502805642009234e-08,0.3,10184194.96,-12.173570805379033
24.15,0,aGDL,-12.173486655930162,46.70170059799419,0.0,7.489132467840805e-09,7.489132467840805e-09,0.0,0.0,0.0,0.0,0.8,6.234752741012831e-05,0.0,4.925454665400136e-05,3.7502904927307164e-08,0.3,10184194.96,-12.173502899665614
24.25,0,aGDL,-12.173418900286208,46.701675708098115,0.0,7.520141356422962e-09,7.520141356422962e-09,0.0,0.0,0.0,0.0,0.8,6.234755573718022e-05,0.0,4.9254569032372376e-05,3.750300399352437e-08,0.3,10184194.96,-12.173435143894421
24.349999999999998,0,aGDL,-12.173351294583199,46.70165081820647,0.0,7.551150230951465e-09,7.551150230951465e-09,0.0,0.0,0.0,0.0,0.8,6.234758400155082e-05,0.0,4.9254591361225145e-05,3.7503102840661646e-08,0.3,10184194.96,-12.173367538064275
24.45,0,aGDL,-12.173283838819998,46.70162592831924,0.0,7.58215909145758e-09,7.58215909145758e-09,0.0,0.0,0.0,0.0,0.8,6.234761220324055e-05,0.0,4.925461364056004e-05,3.75032014687196e-08,0.3,10184194.96,-12.173300082174007
24.55,0,aGDL,-12.173216532995468,46.701601038436394,0.0,7.613167937972575e-09,7.613167937972575e-09,0.0,0.0,0.0,0.0,0.8,6.234764034224984e-05,0.0,4.9254635870377375e-05,3.750329987769894e-08,0.3,10184194.96,-12.173232776222447
24.649999999999995,0,aGDL,-12.17314937710836,46.701576148557905,0.0,7.644176770527716e-09,7.644176770527716e-09,0.0,0.0,0.0,0.0,0.8,6.23476684185792e-05,0.0,4.925465805067756e-05,3.750339806760046e-08,0.3,10184194.96,-12.173165620208415
24.75,0,aGDL,-12.173082371157534,46.70155125868376,0.0,7.675185589154273e-09,7.675185589154273e-09,0.0,0.0,0.0,0.0,0.8,6.234769643222904e-05,0.0,4.925468018146094e-05,3.750349603842488e-08,0.3,10184194.96,-12.173098614130742
24.85,0,aGDL,-12.173015515141856,46.701526368813916,0.0,7.706194393883508e-09,7.706194393883508e-09,0.0,0.0,0.0,0.0,0.8,6.234772438319982e-05,0.0,4.925470226272785e-05,3.750359379017285e-08,0.3,10184194.96,-12.173031757988259
24.949999999999996,0,aGDL,-12.17294880906013,46.70150147894836,0.0,7.737203184746686e-09,7.737203184746686e-09,0.0,0.0,0.0,0.0,0.8,6.2347752271492e-05,0.0,4.9254724294478675e-05,3.7503691322845086e-08,0.3,10184194.96,-12.172965051779792
25.05,0,aGDL,-12.172882252911165,46.70147658908707,0.0,7.768211961775076e-09,7.768211961775076e-09,0.0,0.0,0.0,0.0,0.8,6.234778009710602e-05,0.0,4.925474627671375e-05,3.7503788636442386e-08,0.3,10184194.96,-12.172898495504173
25.150000000000002,0,aGDL,-12.172815846693766,46.70145169923001,0.0,7.799220724999943e-09,7.799220724999943e-09,0.0,0.0,0.0,0.0,0.8,6.23478078600424e-05,0.0,4.925476820943349e-05,3.750388573096557e-08,0.3,10184194.96,-12.172832089160238
25.249999999999996,0,aGDL,-12.172749590406852,46.70142680937717,0.0,7.830229474452548e-09,7.830229474452548e-09,0.0,0.0,0.0,0.0,0.8,6.234783556030148e-05,0.0,4.925479009263816e-05,3.7503982606415144e-08,0.3,10184194.96,-12.172765832746808
25.349999999999998,0,aGDL,-12.172683484049173,46.70140191952851,0.0,7.861238210164159e-09,7.861238210164159e-09,0.0,0.0,0.0,0.0,0.8,6.234786319788381e-05,0.0,4.92548119263282e-05,3.750407926279196e-08,0.3,10184194.96,-12.172699726262724
25.45,0,aGDL,-12.17261752761965,46.70137702968401,0.0,7.89224693216604e-09,7.89224693216604e-09,0.0,0.0,0.0,0.0,0.8,6.234789077278976e-05,0.0,4.925483371050391e-05,3.750417570009669e-08,0.3,10184194.96,-12.172633769706819
25.549999999999997,0,aGDL,-12.172551721117031,46.70135213984365,0.0,7.923255640489453e-09,7.923255640489453e-09,0.0,0.0,0.0,0.0,0.8,6.234791828501985e-05,0.0,4.925485544516568e-05,3.750427191833015e-08,0.3,10184194.96,-12.172567963077922
25.65,0,aGDL,-12.17248606454018,46.701327250007395,0.0,7.954264335165663e-09,7.954264335165663e-09,0.0,0.0,0.0,0.0,0.8,6.234794573457451e-05,0.0,4.925487713031385e-05,3.7504367917493016e-08,0.3,10184194.96,-12.172502306374868
25.75,0,aGDL,-12.172420557887904,46.701302360175234,0.0,7.985273016225933e-09,7.985273016225933e-09,0.0,0.0,0.0,0.0,0.8,6.234797312145419e-05,0.0,4.925489876594881e-05,3.750446369758608e-08,0.3,10184194.96,-12.172436799596495
25.849999999999998,0,aGDL,-12.172355201159121,46.70127747034713,0.0,8.016281683701527e-09,8.016281683701527e-09,0.0,0.0,0.0,0.0,0.8,6.234800044565932e-05,0.0,4.9254920352070854e-05,3.750455925860998e-08,0.3,10184194.96,-12.172371442741637
25.95,0,aGDL,-12.172289994352582,46.70125258052306,0.0,8.047290337623705e-09,8.047290337623705e-09,0.0,0.0,0.0,0.0,0.8,6.234802770719039e-05,0.0,4.925494188868041e-05,3.750465460056554e-08,0.3,10184194.96,-12.172306235809133
26.049999999999997,0,aGDL,-12.172224937467206,46.70122769070301,0.0,8.07829897802373e-09,8.07829897802373e-09,0.0,0.0,0.0,0.0,0.8,6.234805490604783e-05,0.0,4.925496337577778e-05,3.750474972345338e-08,0.3,10184194.96,-12.172241178797817
26.15,0,aGDL,-12.172160030501743,46.70120280088694,0.0,8.109307604932869e-09,8.109307604932869e-09,0.0,0.0,0.0,0.0,0.8,6.234808204223206e-05,0.0,4.925498481336333e-05,3.75048446272744e-08,0.3,10184194.96,-12.172176271706526
26.25,0,aGDL,-12.172095273455056,46.70117791107483,0.0,8.140316218382377e-09,8.140316218382377e-09,0.0,0.0,0.0,0.0,0.8,6.234810911574361e-05,0.0,4.925500620143745e-05,3.750493931202925e-08,0.3,10184194.96,-12.172111514534102
26.349999999999998,0,aGDL,-12.172030666326066,46.70115302126666,0.0,8.171324818403518e-09,8.171324818403518e-09,0.0,0.0,0.0,0.0,0.8,6.234813612658286e-05,0.0,4.9255027540000454e-05,3.7505033777718605e-08,0.3,10184194.96,-12.17204690727938
26.45,0,aGDL,-12.171966209113464,46.701128131462404,0.0,8.202333405027556e-09,8.202333405027556e-09,0.0,0.0,0.0,0.0,0.8,6.23481630747503e-05,0.0,4.9255048829052735e-05,3.750512802434343e-08,0.3,10184194.96,-12.171982449941206
26.55,0,aGDL,-12.171901901816227,46.70110324166203,0.0,8.233341978285748e-09,8.233341978285748e-09,0.0,0.0,0.0,0.0,0.8,6.234818996024634e-05,0.0,4.9255070068594605e-05,3.750522205190419e-08,0.3,10184194.96,-12.17191814251841
26.65,0,aGDL,-12.171837744433162,46.70107835186552,0.0,8.264350538209355e-09,8.264350538209355e-09,0.0,0.0,0.0,0.0,0.8,6.234821678307144e-05,0.0,4.925509125862644e-05,3.750531586040176e-08,0.3,10184194.96,-12.171853985009843
26.75,0,aGDL,-12.171773736963019,46.70105346207285,0.0,8.295359084829638e-09,8.295359084829638e-09,0.0,0.0,0.0,0.0,0.8,6.234824354322609e-05,0.0,4.925511239914862e-05,3.7505409449837015e-08,0.3,10184194.96,-12.171789977414342
26.849999999999998,0,aGDL,-12.171709879404773,46.70102857228399,0.0,8.326367618177857e-09,8.326367618177857e-09,0.0,0.0,0.0,0.0,0.8,6.23482702407107e-05,0.0,4.925513349016145e-05,3.7505502820210423e-08,0.3,10184194.96,-12.171726119730755
26.95,0,aGDL,-12.171646171757175,46.701003682498914,0.0,8.357376138285273e-09,8.357376138285273e-09,0.0,0.0,0.0,0.0,0.8,6.234829687552574e-05,0.0,4.925515453166533e-05,3.750559597152298e-08,0.3,10184194.96,-12.17166241195792
27.05,0,aGDL,-12.171582614019087,46.7009787927176,0.0,8.388384645183142e-09,8.388384645183142e-09,0.0,0.0,0.0,0.0,0.8,6.234832344767166e-05,0.0,4.925517552366062e-05,3.750568890377534e-08,0.3,10184194.96,-12.171598854094682
27.149999999999995,0,aGDL,-12.17151920618943,46.70095390294003,0.0,8.419393138902726e-09,8.419393138902726e-09,0.0,0.0,0.0,0.0,0.8,6.234834995714886e-05,0.0,4.925519646614761e-05,3.7505781616968196e-08,0.3,10184194.96,-12.171535446139885
27.25,0,aGDL,-12.171455948266896,46.70092901316616,0.0,8.450401619475283e-09,8.450401619475283e-09,0.0,0.0,0.0,0.0,0.8,6.234837640395788e-05,0.0,4.925521735912672e-05,3.750587411110246e-08,0.3,10184194.96,-12.171472188092375
27.35,0,aGDL,-12.171392840250462,46.700904123395986,0.0,8.481410086932072e-09,8.481410086932072e-09,0.0,0.0,0.0,0.0,0.8,6.234840278809909e-05,0.0,4.925523820259828e-05,3.750596638617872e-08,0.3,10184194.96,-12.171409079951
27.449999999999996,0,aGDL,-12.171329882138991,46.70087923362947,0.0,8.512418541304349e-09,8.512418541304349e-09,0.0,0.0,0.0,0.0,0.8,6.234842910957294e-05,0.0,4.9255258996562615e-05,3.750605844219769e-08,0.3,10184194.96,-12.171346121714604
27.549999999999997,0,aGDL,-12.171267073931176,46.700854343866595,0.0,8.543426982623373e-09,8.543426982623373e-09,0.0,0.0,0.0,0.0,0.8,6.234845536837995e-05,0.0,4.925527974102015e-05,3.750615027916041e-08,0.3,10184194.96,-12.171283313382036
27.650000000000002,0,aGDL,-12.17120441562605,46.700829454107335,0.0,8.574435410920401e-09,8.574435410920401e-09,0.0,0.0,0.0,0.0,0.8,6.234848156452046e-05,0.0,4.925530043597117e-05,3.750624189706732e-08,0.3,10184194.96,-12.171220654952139
27.749999999999996,0,aGDL,-12.171141907222307,46.70080456435166,0.0,8.605443826226692e-09,8.605443826226692e-09,0.0,0.0,0.0,0.0,0.8,6.234850769799502e-05,0.0,4.925532108141607e-05,3.7506333295919406e-08,0.3,10184194.96,-12.171158146423773
27.849999999999998,0,aGDL,-12.171079548718865,46.700779674599545,0.0,8.6364522285735e-09,8.6364522285735e-09,0.0,0.0,0.0,0.0,0.8,6.234853376880402e-05,0.0,4.925534167735518e-05,3.750642447571736e-08,0.3,10184194.96,-12.171095787795776
27.95,0,aGDL,-12.171017340114645,46.70075478485097,0.0,8.667460617992085e-09,8.667460617992085e-09,0.0,0.0,0.0,0.0,0.8,6.234855977694792e-05,0.0,4.925536222378886e-05,3.7506515436461804e-08,0.3,10184194.96,-12.171033579067002
28.049999999999997,0,aGDL,-12.17095528140834,46.70072989510591,0.0,8.698468994513702e-09,8.698468994513702e-09,0.0,0.0,0.0,0.0,0.8,6.234858572242719e-05,0.0,4.9255382720717485e-05,3.750660617815375e-08,0.3,10184194.96,-12.170971520236304
28.15,0,aGDL,-12.170893372598925,46.70070500536433,0.0,8.729477358169605e-09,8.729477358169605e-09,0.0,0.0,0.0,0.0,0.8,6.234861160524223e-05,0.0,4.925540316814136e-05,3.7506696700793723e-08,0.3,10184194.96,-12.17090961130253
28.25,0,aGDL,-12.170831613685209,46.70068011562622,0.0,8.760485708991053e-09,8.760485708991053e-09,0.0,0.0,0.0,0.0,0.8,6.234863742539352e-05,0.0,4.9255423566060876e-05,3.7506787004382656e-08,0.3,10184194.96,-12.170847852264535
28.349999999999998,0,aGDL,-12.170770004666053,46.700655225891545,0.0,8.791494047009297e-09,8.791494047009297e-09,0.0,0.0,0.0,0.0,0.8,6.234866318288149e-05,0.0,4.9255443914476374e-05,3.75068770889212e-08,0.3,10184194.96,-12.170786243121167
28.45,0,aGDL,-12.170708545540322,46.70063033616028,0.0,8.822502372255597e-09,8.822502372255597e-09,0.0,0.0,0.0,0.0,0.8,6.23486888777066e-05,0.0,4.92554642133882e-05,3.7506966954410184e-08,0.3,10184194.96,-12.17072478387129
28.549999999999997,0,aGDL,-12.17064723630682,46.700605446432405,0.0,8.853510684761205e-09,8.853510684761205e-09,0.0,0.0,0.0,0.0,0.8,6.234871450986929e-05,0.0,4.9255484462796724e-05,3.750705660085039e-08,0.3,10184194.96,-12.170663474513749
28.65,0,aGDL,-12.170586076964469,46.7005805567079,0.0,8.884518984557375e-09,8.884518984557375e-09,0.0,0.0,0.0,0.0,0.8,6.234874007936999e-05,0.0,4.925550466270229e-05,3.750714602824253e-08,0.3,10184194.96,-12.170602315047397
28.75,0,aGDL,-12.170525067512074,46.70055566698672,0.0,8.915527271675364e-09,8.915527271675364e-09,0.0,0.0,0.0,0.0,0.8,6.234876558620917e-05,0.0,4.9255524813105234e-05,3.750723523658741e-08,0.3,10184194.96,-12.170541305471096
28.849999999999998,0,aGDL,-12.170464207948498,46.70053077726886,0.0,8.946535546146424e-09,8.946535546146424e-09,0.0,0.0,0.0,0.0,0.8,6.234879103038728e-05,0.0,4.925554491400594e-05,3.7507324225885857e-08,0.3,10184194.96,-12.170480445783703
28.95,0,aGDL,-12.170403498272606,46.70050588755429,0.0,8.977543808001809e-09,8.977543808001809e-09,0.0,0.0,0.0,0.0,0.8,6.234881641190472e-05,0.0,4.9255564965404736e-05,3.750741299613857e-08,0.3,10184194.96,-12.17041973598407
29.05,0,aGDL,-12.170342938483259,46.70048099784298,0.0,9.00855205727277e-09,9.00855205727277e-09,0.0,0.0,0.0,0.0,0.8,6.2348841730762e-05,0.0,4.9255584967301976e-05,3.7507501547346335e-08,0.3,10184194.96,-12.170359176071056
29.15,0,aGDL,-12.170282528579378,46.700456108134915,0.0,9.039560293990565e-09,9.039560293990565e-09,0.0,0.0,0.0,0.0,0.8,6.234886698695949e-05,0.0,4.9255604919697994e-05,3.7507589879509824e-08,0.3,10184194.96,-12.170298766043523
29.25,0,aGDL,-12.170222268559655,46.700431218430055,0.0,9.070568518186441e-09,9.070568518186441e-09,0.0,0.0,0.0,0.0,0.8,6.234889218049771e-05,0.0,4.9255624822593196e-05,3.750767799263008e-08,0.3,10184194.96,-12.170238505900322
29.349999999999998,0,aGDL,-12.170162158423125,46.70040632872839,0.0,9.101576729891655e-09,9.101576729891655e-09,0.0,0.0,0.0,0.0,0.8,6.234891731137707e-05,0.0,4.9255644675987874e-05,3.750776588670766e-08,0.3,10184194.96,-12.170178395640322
29.45,0,aGDL,-12.170102198168593,46.70038143902988,0.0,9.132584929137458e-09,9.132584929137458e-09,0.0,0.0,0.0,0.0,0.8,6.234894237959796e-05,0.0,4.9255664479882395e-05,3.7507853561743334e-08,0.3,10184194.96,-12.17011843526238
29.55,0,aGDL,-12.170042387794865,46.700356549334515,0.0,9.163593115955101e-09,9.163593115955101e-09,0.0,0.0,0.0,0.0,0.8,6.234896738516094e-05,0.0,4.9255684234277136e-05,3.750794101773803e-08,0.3,10184194.96,-12.170058624765351
29.65,0,aGDL,-12.169982727300862,46.700331659642266,0.0,9.194601290375836e-09,9.194601290375836e-09,0.0,0.0,0.0,0.0,0.8,6.234899232806636e-05,0.0,4.925570393917242e-05,3.75080282546924e-08,0.3,10184194.96,-12.169998964148107
29.749999999999996,0,aGDL,-12.16992321668539,46.7003067699531,0.0,9.225609452430913e-09,9.225609452430913e-09,0.0,0.0,0.0,0.0,0.8,6.23490172083147e-05,0.0,4.925572359456862e-05,3.7508115272607344e-08,0.3,10184194.96,-12.169939453409503
29.85,0,aGDL,-12.16986385594737,46.700281880267,0.0,9.256617602151583e-09,9.256617602151583e-09,0.0,0.0,0.0,0.0,0.8,6.234904202590639e-05,0.0,4.925574320046604e-05,3.750820207148358e-08,0.3,10184194.96,-12.169880092548407
29.949999999999996,0,aGDL,-12.169804645085662,46.70025699058394,0.0,9.2876257395691e-09,9.2876257395691e-09,0.0,0.0,0.0,0.0,0.8,6.234906678084188e-05,0.0,4.9255762756865083e-05,3.750828865132182e-08,0.3,10184194.96,-12.169820881563679
30.049999999999997,0,aGDL,-12.169745584099076,46.7002321009039,0.0,9.31863386471471e-09,9.31863386471471e-09,0.0,0.0,0.0,0.0,0.8,6.234909147312162e-05,0.0,4.925578226376608e-05,3.750837501212301e-08,0.3,10184194.96,-12.169761820454186
30.150000000000002,0,aGDL,-12.169686672986586,46.70020721122684,0.0,9.349641977619667e-09,9.349641977619667e-09,0.0,0.0,0.0,0.0,0.8,6.234911610274602e-05,0.0,4.925580172116935e-05,3.750846115388772e-08,0.3,10184194.96,-12.169702909218795
30.249999999999996,0,aGDL,-12.169627911746943,46.700182321552745,0.0,9.380650078315216e-09,9.380650078315216e-09,0.0,0.0,0.0,0.0,0.8,6.234914066971556e-05,0.0,4.925582112907529e-05,3.7508547076616955e-08,0.3,10184194.96,-12.169644147856365
30.349999999999998,0,aGDL,-12.16956930037901,46.700157431881586,0.0,9.411658166832612e-09,9.411658166832612e-09,0.0,0.0,0.0,0.0,0.8,6.23491651740307e-05,0.0,4.9255840487484246e-05,3.7508632780311504e-08,0.3,10184194.96,-12.169585536365771
30.450000000000003,0,aGDL,-12.169510838881763,46.700132542213346,0.0,9.4426662432031e-09,9.4426662432031e-09,0.0,0.0,0.0,0.0,0.8,6.234918961569181e-05,0.0,4.925585979639653e-05,3.750871826497195e-08,0.3,10184194.96,-12.169527074745877
30.549999999999997,0,aGDL,-12.169452527254009,46.70010765254799,0.0,9.473674307457931e-09,9.473674307457931e-09,0.0,0.0,0.0,0.0,0.8,6.234921399469937e-05,0.0,4.92558790558125e-05,3.7508803530599215e-08,0.3,10184194.96,-12.16946876299555
30.65,0,aGDL,-12.169394365494554,46.70008276288551,0.0,9.504682359628353e-09,9.504682359628353e-09,0.0,0.0,0.0,0.0,0.8,6.234923831105387e-05,0.0,4.925589826573255e-05,3.75088885771942e-08,0.3,10184194.96,-12.169410601113658
30.750000000000004,0,aGDL,-12.169336353602375,46.70005787322586,0.0,9.535690399745613e-09,9.535690399745613e-09,0.0,0.0,0.0,0.0,0.8,6.234926256475567e-05,0.0,4.925591742615698e-05,3.7508973404757496e-08,0.3,10184194.96,-12.169352589099073
30.849999999999998,0,aGDL,-12.169278491576335,46.700032983569024,0.0,9.566698427840961e-09,9.566698427840961e-09,0.0,0.0,0.0,0.0,0.8,6.234928675580524e-05,0.0,4.9255936537086145e-05,3.750905801328992e-08,0.3,10184194.96,-12.169294726950662
30.95,0,aGDL,-12.169220779415184,46.70000809391498,0.0,9.597706443945644e-09,9.597706443945644e-09,0.0,0.0,0.0,0.0,0.8,6.234931088420306e-05,0.0,4.9255955598520414e-05,3.75091424027925e-08,0.3,10184194.96,-12.169237014667301
31.049999999999997,0,aGDL,-12.169163217117955,46.6999832042637,0.0,9.628714448090909e-09,9.628714448090909e-09,0.0,0.0,0.0,0.0,0.8,6.234933494994949e-05,0.0,4.925597461046009e-05,3.7509226573265726e-08,0.3,10184194.96,-12.169179452247858
31.15,0,aGDL,-12.169105804683397,46.699958314615166,0.0,9.659722440308004e-09,9.659722440308004e-09,0.0,0.0,0.0,0.0,0.8,6.234935895304506e-05,0.0,4.925599357290559e-05,3.7509310524710615e-08,0.3,10184194.96,-12.169122039691203
31.25,0,aGDL,-12.169048542110431,46.69993342496934,0.0,9.690730420628176e-09,9.690730420628176e-09,0.0,0.0,0.0,0.0,0.8,6.234938289349014e-05,0.0,4.9256012485857214e-05,3.7509394257127904e-08,0.3,10184194.96,-12.169064776996215
31.35,0,aGDL,-12.16899142939792,46.6999085353262,0.0,9.721738389082669e-09,9.721738389082669e-09,0.0,0.0,0.0,0.0,0.8,6.234940677128522e-05,0.0,4.925603134931532e-05,3.7509477770518375e-08,0.3,10184194.96,-12.16900766416176
31.45,0,aGDL,-12.168934466544783,46.69988364568574,0.0,9.752746345702731e-09,9.752746345702731e-09,0.0,0.0,0.0,0.0,0.8,6.23494305864307e-05,0.0,4.925605016328024e-05,3.750956106488281e-08,0.3,10184194.96,-12.168950701186722
31.549999999999994,0,aGDL,-12.168877653549828,46.6998587560479,0.0,9.78375429051961e-09,9.78375429051961e-09,0.0,0.0,0.0,0.0,0.8,6.234945433892704e-05,0.0,4.925606892775236e-05,3.750964414022206e-08,0.3,10184194.96,-12.16889388806997
31.65,0,aGDL,-12.168820990411916,46.69983386641269,0.0,9.814762223564548e-09,9.814762223564548e-09,0.0,0.0,0.0,0.0,0.8,6.234947802877471e-05,0.0,4.925608764273202e-05,3.7509726996537e-08,0.3,10184194.96,-12.168837224810376
31.75,0,aGDL,-12.168764477130026,46.69980897678006,0.0,9.845770144868793e-09,9.845770144868793e-09,0.0,0.0,0.0,0.0,0.8,6.234950165597407e-05,0.0,4.925610630821951e-05,3.75098096338283e-08,0.3,10184194.96,-12.168780711406823
31.85,0,aGDL,-12.168708113702962,46.69978408715001,0.0,9.87677805446359e-09,9.87677805446359e-09,0.0,0.0,0.0,0.0,0.8,6.234952522052562e-05,0.0,4.9256124924215236e-05,3.7509892052096796e-08,0.3,10184194.96,-12.168724347858188
31.949999999999996,0,aGDL,-12.16865190012959,46.69975919752248,0.0,9.907785952380181e-09,9.907785952380181e-09,0.0,0.0,0.0,0.0,0.8,6.23495487224298e-05,0.0,4.925614349071954e-05,3.7509974251343363e-08,0.3,10184194.96,-12.168668134163347
32.05,0,aGDL,-12.168595836408883,46.69973430789748,0.0,9.938793838649815e-09,9.938793838649815e-09,0.0,0.0,0.0,0.0,0.8,6.234957216168702e-05,0.0,4.9256162007732734e-05,3.7510056231568684e-08,0.3,10184194.96,-12.168612070321178
32.15,0,aGDL,-12.168539922539594,46.69970941827496,0.0,9.969801713303733e-09,9.969801713303733e-09,0.0,0.0,0.0,0.0,0.8,6.234959553829772e-05,0.0,4.9256180475255194e-05,3.7510137992773724e-08,0.3,10184194.96,-12.168556156330556
32.25,0,aGDL,-12.168484158520641,46.69968452865492,0.0,1.0000809576373179e-08,1.0000809576373179e-08,0.0,0.0,0.0,0.0,0.8,6.234961885226239e-05,0.0,4.9256198893287274e-05,3.7510219534959265e-08,0.3,10184194.96,-12.168500392190372
32.35,0,aGDL,-12.168428544351002,46.69965963903731,0.0,1.0031817427889398e-08,1.0031817427889398e-08,0.0,0.0,0.0,0.0,0.8,6.234964210358136e-05,0.0,4.925621726182927e-05,3.751030085812599e-08,0.3,10184194.96,-12.168444777899499
32.45,0,aGDL,-12.168373080029426,46.69963474942212,0.0,1.0062825267883632e-08,1.0062825267883632e-08,0.0,0.0,0.0,0.0,0.8,6.234966529225516e-05,0.0,4.9256235580881575e-05,3.751038196227488e-08,0.3,10184194.96,-12.168389313456814
32.55,0,aGDL,-12.168317765554832,46.699609859809314,0.0,1.0093833096387126e-08,1.0093833096387126e-08,0.0,0.0,0.0,0.0,0.8,6.234968841828423e-05,0.0,4.925625385044455e-05,3.751046284740672e-08,0.3,10184194.96,-12.168333998861211
32.64999999999999,0,aGDL,-12.168262600926141,46.69958497019888,0.0,1.0124840913431119e-08,1.0124840913431119e-08,0.0,0.0,0.0,0.0,0.8,6.234971148166897e-05,0.0,4.925627207051848e-05,3.751054351352223e-08,0.3,10184194.96,-12.168278834111566
32.75,0,aGDL,-12.168207586142216,46.699560080590786,0.0,1.0155848719046857e-08,1.0155848719046857e-08,0.0,0.0,0.0,0.0,0.8,6.234973448240982e-05,0.0,4.925629024110375e-05,3.751062396062229e-08,0.3,10184194.96,-12.16822381920676
32.85,0,aGDL,-12.168152721201977,46.699535190985,0.0,1.0186856513265584e-08,1.0186856513265584e-08,0.0,0.0,0.0,0.0,0.8,6.234975742050721e-05,0.0,4.9256308362200694e-05,3.751070418870768e-08,0.3,10184194.96,-12.16816895414568
32.95,0,aGDL,-12.16809800610423,46.699510301381515,0.0,1.0217864296118537e-08,1.0217864296118537e-08,0.0,0.0,0.0,0.0,0.8,6.234978029596159e-05,0.0,4.9256326433809654e-05,3.75107841977793e-08,0.3,10184194.96,-12.168114238927213
33.05,0,aGDL,-12.168043440847896,46.699485411780294,0.0,1.024887206763696e-08,1.024887206763696e-08,0.0,0.0,0.0,0.0,0.8,6.234980310877342e-05,0.0,4.9256344455931e-05,3.7510863987837944e-08,0.3,10184194.96,-12.168059673550243
33.15,0,aGDL,-12.167989025431893,46.69946052218131,0.0,1.0279879827852096e-08,1.0279879827852096e-08,0.0,0.0,0.0,0.0,0.8,6.234982585894309e-05,0.0,4.925636242856505e-05,3.7510943558884365e-08,0.3,10184194.96,-12.168005258013654
33.24999999999999,0,aGDL,-12.167934759855086,46.699435632584546,0.0,1.0310887576795183e-08,1.0310887576795183e-08,0.0,0.0,0.0,0.0,0.8,6.234984854647107e-05,0.0,4.925638035171214e-05,3.7511022910919466e-08,0.3,10184194.96,-12.167950992316335
33.349999999999994,0,aGDL,-12.167880644116337,46.69941074298997,0.0,1.0341895314497462e-08,1.0341895314497462e-08,0.0,0.0,0.0,0.0,0.8,6.234987117135779e-05,0.0,4.925639822537264e-05,3.7511102043944086e-08,0.3,10184194.96,-12.167896876457176
33.45,0,aGDL,-12.167826678214567,46.699385853397565,0.0,1.0372903040990176e-08,1.0372903040990176e-08,0.0,0.0,0.0,0.0,0.8,6.234989373360365e-05,0.0,4.925641604954689e-05,3.7511180957958994e-08,0.3,10184194.96,-12.167842910435061
33.550000000000004,0,aGDL,-12.167772862148695,46.699360963807294,0.0,1.0403910756304564e-08,1.0403910756304564e-08,0.0,0.0,0.0,0.0,0.8,6.234991623320913e-05,0.0,4.9256433824235206e-05,3.751125965296501e-08,0.3,10184194.96,-12.16778909424888
33.65,0,aGDL,-12.167719195917527,46.69933607421915,0.0,1.0434918460471865e-08,1.0434918460471865e-08,0.0,0.0,0.0,0.0,0.8,6.234993867017465e-05,0.0,4.9256451549437975e-05,3.751133812896301e-08,0.3,10184194.96,-12.167735427897522
33.75,0,aGDL,-12.167665679519985,46.69931118463309,0.0,1.0465926153523321e-08,1.0465926153523321e-08,0.0,0.0,0.0,0.0,0.8,6.234996104450065e-05,0.0,4.925646922515551e-05,3.7511416385953856e-08,0.3,10184194.96,-12.167681911379884
33.849999999999994,0,aGDL,-12.167612312954986,46.6992862950491,0.0,1.0496933835490168e-08,1.0496933835490168e-08,0.0,0.0,0.0,0.0,0.8,6.234998335618757e-05,0.0,4.925648685138817e-05,3.7511494423938266e-08,0.3,10184194.96,-12.16762854469485
33.949999999999996,0,aGDL,-12.167559096221453,46.69926140546715,0.0,1.0527941506403646e-08,1.0527941506403646e-08,0.0,0.0,0.0,0.0,0.8,6.23500056052358e-05,0.0,4.9256504428136275e-05,3.751157224291713e-08,0.3,10184194.96,-12.167575327841316
34.050000000000004,0,aGDL,-12.16750602931819,46.699236515887215,0.0,1.0558949166294996e-08,1.0558949166294996e-08,0.0,0.0,0.0,0.0,0.8,6.235002779164583e-05,0.0,4.9256521955400204e-05,3.751164984289132e-08,0.3,10184194.96,-12.167522260818174
34.15,0,aGDL,-12.167453112244118,46.69921162630927,0.0,1.0589956815195455e-08,1.0589956815195455e-08,0.0,0.0,0.0,0.0,0.8,6.235004991541808e-05,0.0,4.925653943318027e-05,3.7511727223861683e-08,0.3,10184194.96,-12.167469343624317
34.25,0,aGDL,-12.167400344998214,46.699186736733296,0.0,1.0620964453136263e-08,1.0620964453136263e-08,0.0,0.0,0.0,0.0,0.8,6.235007197655293e-05,0.0,4.9256556861476816e-05,3.75118043858289e-08,0.3,10184194.96,-12.167416576258635
34.349999999999994,0,aGDL,-12.167347727579227,46.69916184715926,0.0,1.0651972080148656e-08,1.0651972080148656e-08,0.0,0.0,0.0,0.0,0.8,6.235009397505091e-05,0.0,4.9256574240290224e-05,3.751188132879407e-08,0.3,10184194.96,-12.16736395872003
34.449999999999996,0,aGDL,-12.16729525998619,46.69913695758714,0.0,1.068297969626387e-08,1.068297969626387e-08,0.0,0.0,0.0,0.0,0.8,6.235011591091238e-05,0.0,4.925659156962078e-05,3.7511958052757757e-08,0.3,10184194.96,-12.167311491007391
34.55,0,aGDL,-12.16724294221791,46.69911206801692,0.0,1.0713987301513147e-08,1.0713987301513147e-08,0.0,0.0,0.0,0.0,0.8,6.235013778413782e-05,0.0,4.9256608849468865e-05,3.751203455772102e-08,0.3,10184194.96,-12.16725917311962
34.65,0,aGDL,-12.167190774273308,46.699087178448565,0.0,1.0744994895927718e-08,1.0744994895927718e-08,0.0,0.0,0.0,0.0,0.8,6.235015959472761e-05,0.0,4.925662607983481e-05,3.75121108436846e-08,0.3,10184194.96,-12.167207005055609
34.75,0,aGDL,-12.16713875615136,46.699062288882054,0.0,1.0776002479538826e-08,1.0776002479538826e-08,0.0,0.0,0.0,0.0,0.8,6.23501813426822e-05,0.0,4.925664326071893e-05,3.751218691064922e-08,0.3,10184194.96,-12.167154986814259
34.85,0,aGDL,-12.167086887850814,46.699037399317355,0.0,1.0807010052377705e-08,1.0807010052377705e-08,0.0,0.0,0.0,0.0,0.8,6.235020302800206e-05,0.0,4.925666039212162e-05,3.751226275861598e-08,0.3,10184194.96,-12.167103118394468
34.949999999999996,0,aGDL,-12.16703516937065,46.69901250975445,0.0,1.0838017614475591e-08,1.0838017614475591e-08,0.0,0.0,0.0,0.0,0.8,6.23502246506876e-05,0.0,4.9256677474043205e-05,3.751233838758556e-08,0.3,10184194.96,-12.167051399795135
35.05,0,aGDL,-12.166983600709784,46.698987620193314,0.0,1.086902516586372e-08,1.086902516586372e-08,0.0,0.0,0.0,0.0,0.8,6.235024621073924e-05,0.0,4.9256694506484004e-05,3.751241379755886e-08,0.3,10184194.96,-12.166999831015154
35.15,0,aGDL,-12.16693218186714,46.698962730633916,0.0,1.0900032706573329e-08,1.0900032706573329e-08,0.0,0.0,0.0,0.0,0.8,6.235026770815742e-05,0.0,4.925671148944436e-05,3.751248898853663e-08,0.3,10184194.96,-12.166948412053436
35.25,0,aGDL,-12.16688091284152,46.698937841076244,0.0,1.0931040236635649e-08,1.0931040236635649e-08,0.0,0.0,0.0,0.0,0.8,6.235028914294258e-05,0.0,4.925672842292463e-05,3.751256396051987e-08,0.3,10184194.96,-12.166897142908876
35.35,0,aGDL,-12.166829793631905,46.698912951520256,0.0,1.096204775608192e-08,1.096204775608192e-08,0.0,0.0,0.0,0.0,0.8,6.235031051509513e-05,0.0,4.9256745306925155e-05,3.7512638713509344e-08,0.3,10184194.96,-12.166846023580378
35.449999999999996,0,aGDL,-12.166778824237156,46.698888061965945,0.0,1.0993055264943377e-08,1.0993055264943377e-08,0.0,0.0,0.0,0.0,0.8,6.235033182461553e-05,0.0,4.9256762141446264e-05,3.751271324750595e-08,0.3,10184194.96,-12.166795054066839
35.55,0,aGDL,-12.16672800465625,46.69886317241327,0.0,1.102406276325125e-08,1.102406276325125e-08,0.0,0.0,0.0,0.0,0.8,6.235035307150417e-05,0.0,4.925677892648829e-05,3.751278756251039e-08,0.3,10184194.96,-12.166744234367167
35.65,0,aGDL,-12.166677334887993,46.69883828286221,0.0,1.105507025103678e-08,1.105507025103678e-08,0.0,0.0,0.0,0.0,0.8,6.235037425576151e-05,0.0,4.9256795662051596e-05,3.751286165852371e-08,0.3,10184194.96,-12.166693564480267
35.75,0,aGDL,-12.166626814931362,46.698813393312754,0.0,1.1086077728331195e-08,1.1086077728331195e-08,0.0,0.0,0.0,0.0,0.8,6.235039537738799e-05,0.0,4.925681234813651e-05,3.751293553554666e-08,0.3,10184194.96,-12.166643044405044
35.849999999999994,0,aGDL,-12.166576444785164,46.69878850376486,0.0,1.111708519516573e-08,1.111708519516573e-08,0.0,0.0,0.0,0.0,0.8,6.235041643638404e-05,0.0,4.92568289847434e-05,3.7513009193580194e-08,0.3,10184194.96,-12.166592674140398
35.95,0,aGDL,-12.166526224448432,46.69876361421851,0.0,1.1148092651571622e-08,1.1148092651571622e-08,0.0,0.0,0.0,0.0,0.8,6.235043743275007e-05,0.0,4.9256845571872555e-05,3.7513082632625025e-08,0.3,10184194.96,-12.166542453685247
36.05,0,aGDL,-12.16647615392003,46.698738724673674,0.0,1.11791000975801e-08,1.11791000975801e-08,0.0,0.0,0.0,0.0,0.8,6.235045836648649e-05,0.0,4.925686210952433e-05,3.751315585268208e-08,0.3,10184194.96,-12.166492383038484
36.15,0,aGDL,-12.16642623319882,46.698713835130334,0.0,1.12101075332224e-08,1.12101075332224e-08,0.0,0.0,0.0,0.0,0.8,6.235047923759378e-05,0.0,4.925687859769909e-05,3.751322885375221e-08,0.3,10184194.96,-12.166442462199024
36.25,0,aGDL,-12.166376462283779,46.698688945588465,0.0,1.1241114958529751e-08,1.1241114958529751e-08,0.0,0.0,0.0,0.0,0.8,6.235050004607235e-05,0.0,4.925689503639715e-05,3.7513301635836253e-08,0.3,10184194.96,-12.166392691165775
36.35,0,aGDL,-12.166326841173714,46.69866405604804,0.0,1.127212237353339e-08,1.127212237353339e-08,0.0,0.0,0.0,0.0,0.8,6.235052079192262e-05,0.0,4.9256911425618866e-05,3.75133741989352e-08,0.3,10184194.96,-12.166343069937644
36.449999999999996,0,aGDL,-12.166277369867657,46.698639166509025,0.0,1.1303129778264546e-08,1.1303129778264546e-08,0.0,0.0,0.0,0.0,0.8,6.235054147514503e-05,0.0,4.925692776536457e-05,3.751344654304972e-08,0.3,10184194.96,-12.166293598513546
36.55,0,aGDL,-12.166228048364474,46.69861427697141,0.0,1.133413717275445e-08,1.133413717275445e-08,0.0,0.0,0.0,0.0,0.8,6.235056209573997e-05,0.0,4.9256944055634574e-05,3.751351866818079e-08,0.3,10184194.96,-12.166244276892387
36.65,0,aGDL,-12.166178876663025,46.69858938743517,0.0,1.1365144557034336e-08,1.1365144557034336e-08,0.0,0.0,0.0,0.0,0.8,6.235058265370793e-05,0.0,4.925696029642926e-05,3.751359057432928e-08,0.3,10184194.96,-12.166195105073074
36.75,0,aGDL,-12.166129854762232,46.698564497900264,0.0,1.1396151931135436e-08,1.1396151931135436e-08,0.0,0.0,0.0,0.0,0.8,6.235060314904933e-05,0.0,4.925697648774897e-05,3.7513662261496044e-08,0.3,10184194.96,-12.16614608305453
36.85,0,aGDL,-12.166080982661128,46.69853960836668,0.0,1.1427159295088977e-08,1.1427159295088977e-08,0.0,0.0,0.0,0.0,0.8,6.235062358176452e-05,0.0,4.925699262959397e-05,3.7513733729681825e-08,0.3,10184194.96,-12.16609721083566
36.949999999999996,0,aGDL,-12.166032260358463,46.698514718834396,0.0,1.1458166648926194e-08,1.1458166648926194e-08,0.0,0.0,0.0,0.0,0.8,6.235064395185404e-05,0.0,4.9257008721964685e-05,3.7513804978887705e-08,0.3,10184194.96,-12.16604848841538
37.05,0,aGDL,-12.165983687853213,46.69848982930337,0.0,1.1489173992678315e-08,1.1489173992678315e-08,0.0,0.0,0.0,0.0,0.8,6.235066425931826e-05,0.0,4.925702476486142e-05,3.751387600911444e-08,0.3,10184194.96,-12.1659999157926
37.14999999999999,0,aGDL,-12.165935265144356,46.698464939773594,0.0,1.1520181326376571e-08,1.1520181326376571e-08,0.0,0.0,0.0,0.0,0.8,6.235068450415758e-05,0.0,4.925704075828448e-05,3.751394682036285e-08,0.3,10184194.96,-12.165951492966238
37.25,0,aGDL,-12.165886992230753,46.69844005024504,0.0,1.155118865005219e-08,1.155118865005219e-08,0.0,0.0,0.0,0.0,0.8,6.235070468637247e-05,0.0,4.9257056702234236e-05,3.751401741263388e-08,0.3,10184194.96,-12.165903219935217
37.35,0,aGDL,-12.165838869111269,46.69841516071768,0.0,1.1582195963736406e-08,1.1582195963736406e-08,0.0,0.0,0.0,0.0,0.8,6.235072480596335e-05,0.0,4.9257072596711045e-05,3.751408778592843e-08,0.3,10184194.96,-12.16585509669844
37.45,0,aGDL,-12.165790895784937,46.698390271191485,0.0,1.1613203267460443e-08,1.1613203267460443e-08,0.0,0.0,0.0,0.0,0.8,6.235074486293064e-05,0.0,4.925708844171521e-05,3.751415794024725e-08,0.3,10184194.96,-12.165807123254831
37.55,0,aGDL,-12.165743072250564,46.698365381666434,0.0,1.1644210561255534e-08,1.1644210561255534e-08,0.0,0.0,0.0,0.0,0.8,6.235076485727478e-05,0.0,4.925710423724706e-05,3.7514227875591355e-08,0.3,10184194.96,-12.165759299603309
37.65,0,aGDL,-12.165695398507125,46.698340492142506,0.0,1.1675217845152906e-08,1.1675217845152906e-08,0.0,0.0,0.0,0.0,0.8,6.235078478899617e-05,0.0,4.9257119983306974e-05,3.751429759196157e-08,0.3,10184194.96,-12.16571162574279
37.74999999999999,0,aGDL,-12.165647874553542,46.69831560261967,0.0,1.1706225119183789e-08,1.1706225119183789e-08,0.0,0.0,0.0,0.0,0.8,6.235080465809525e-05,0.0,4.925713567989525e-05,3.7514367089358716e-08,0.3,10184194.96,-12.165664101672192
37.85,0,aGDL,-12.165600500388734,46.69829071309791,0.0,1.173723238337941e-08,1.173723238337941e-08,0.0,0.0,0.0,0.0,0.8,6.235082446457246e-05,0.0,4.925715132701223e-05,3.751443636778372e-08,0.3,10184194.96,-12.165616727390438
37.95,0,aGDL,-12.165553276011565,46.69826582357719,0.0,1.1768239637770996e-08,1.1768239637770996e-08,0.0,0.0,0.0,0.0,0.8,6.23508442084282e-05,0.0,4.9257166924658286e-05,3.751450542723753e-08,0.3,10184194.96,-12.165569502896446
38.05,0,aGDL,-12.16550620142101,46.69824093405749,0.0,1.1799246882389776e-08,1.1799246882389776e-08,0.0,0.0,0.0,0.0,0.8,6.235086388966296e-05,0.0,4.9257182472833724e-05,3.751457426772093e-08,0.3,10184194.96,-12.165522428189144
38.15,0,aGDL,-12.165459276616048,46.69821604453879,0.0,1.1830254117266979e-08,1.1830254117266979e-08,0.0,0.0,0.0,0.0,0.8,6.235088350827703e-05,0.0,4.925719797153885e-05,3.751464288923473e-08,0.3,10184194.96,-12.165475503267446
38.24999999999999,0,aGDL,-12.165412501595483,46.69819115502105,0.0,1.186126134243383e-08,1.186126134243383e-08,0.0,0.0,0.0,0.0,0.8,6.235090306427096e-05,0.0,4.925721342077406e-05,3.751471129178002e-08,0.3,10184194.96,-12.165428728130278
38.349999999999994,0,aGDL,-12.165365876358294,46.69816626550426,0.0,1.1892268557921557e-08,1.1892268557921557e-08,0.0,0.0,0.0,0.0,0.8,6.235092255764513e-05,0.0,4.925722882053965e-05,3.751477947535755e-08,0.3,10184194.96,-12.165382102776563
38.45,0,aGDL,-12.1653194009034,46.69814137598839,0.0,1.1923275763761385e-08,1.1923275763761385e-08,0.0,0.0,0.0,0.0,0.8,6.235094198839999e-05,0.0,4.925724417083598e-05,3.751484743996824e-08,0.3,10184194.96,-12.165335627205227
38.550000000000004,0,aGDL,-12.165273075229777,46.698116486473424,0.0,1.1954282959984542e-08,1.1954282959984542e-08,0.0,0.0,0.0,0.0,0.8,6.23509613565359e-05,0.0,4.925725947166336e-05,3.7514915185612895e-08,0.3,10184194.96,-12.165289301415195
38.65,0,aGDL,-12.165226899336233,46.698091596959316,0.0,1.1985290146622254e-08,1.1985290146622254e-08,0.0,0.0,0.0,0.0,0.8,6.235098066205338e-05,0.0,4.925727472302216e-05,3.751498271229256e-08,0.3,10184194.96,-12.165243125405391
38.75,0,aGDL,-12.1651808732218,46.69806670744606,0.0,1.2016297323705748e-08,1.2016297323705748e-08,0.0,0.0,0.0,0.0,0.8,6.235099990495278e-05,0.0,4.925728992491269e-05,3.7515050020007995e-08,0.3,10184194.96,-12.16519709917474
38.849999999999994,0,aGDL,-12.1651349968854,46.69804181793362,0.0,1.2047304491266245e-08,1.2047304491266245e-08,0.0,0.0,0.0,0.0,0.8,6.235101908523449e-05,0.0,4.9257305077335254e-05,3.751511710876011e-08,0.3,10184194.96,-12.165151222722171
38.949999999999996,0,aGDL,-12.165089270325893,46.698016928421985,0.0,1.2078311649334975e-08,1.2078311649334975e-08,0.0,0.0,0.0,0.0,0.8,6.235103820289906e-05,0.0,4.925732018029026e-05,3.751518397854985e-08,0.3,10184194.96,-12.165105496046616
39.05,0,aGDL,-12.165043693542259,46.69799203891111,0.0,1.2109318797943161e-08,1.2109318797943161e-08,0.0,0.0,0.0,0.0,0.8,6.235105725794681e-05,0.0,4.925733523377797e-05,3.7515250629378106e-08,0.3,10184194.96,-12.165059919147
39.15,0,aGDL,-12.164998266533416,46.69796714940099,0.0,1.2140325937122027e-08,1.2140325937122027e-08,0.0,0.0,0.0,0.0,0.8,6.235107625037819e-05,0.0,4.925735023779878e-05,3.75153170612457e-08,0.3,10184194.96,-12.165014492022252
39.25,0,aGDL,-12.164952989298286,46.69794225989158,0.0,1.2171333066902802e-08,1.2171333066902802e-08,0.0,0.0,0.0,0.0,0.8,6.235109518019363e-05,0.0,4.925736519235296e-05,3.7515383274153564e-08,0.3,10184194.96,-12.164969214671302
39.349999999999994,0,aGDL,-12.164907861835786,46.697917370382875,0.0,1.2202340187316704e-08,1.2202340187316704e-08,0.0,0.0,0.0,0.0,0.8,6.235111404739356e-05,0.0,4.925738009744091e-05,3.7515449268102666e-08,0.3,10184194.96,-12.164924087093082
39.449999999999996,0,aGDL,-12.164862884144895,46.69789248087484,0.0,1.223334729839496e-08,1.223334729839496e-08,0.0,0.0,0.0,0.0,0.8,6.235113285197839e-05,0.0,4.925739495306292e-05,3.7515515043093745e-08,0.3,10184194.96,-12.164879109286526
39.55,0,aGDL,-12.164818056224533,46.69786759136745,0.0,1.2264354400168795e-08,1.2264354400168795e-08,0.0,0.0,0.0,0.0,0.8,6.235115159394852e-05,0.0,4.9257409759219326e-05,3.751558059912782e-08,0.3,10184194.96,-12.164834281250563
39.65,0,aGDL,-12.164773378073562,46.69784270186068,0.0,1.229536149266943e-08,1.229536149266943e-08,0.0,0.0,0.0,0.0,0.8,6.235117027330442e-05,0.0,4.9257424515910495e-05,3.7515645936205796e-08,0.3,10184194.96,-12.164789602984126
39.75,0,aGDL,-12.164728849691016,46.69781781235451,0.0,1.2326368575928089e-08,1.2326368575928089e-08,0.0,0.0,0.0,0.0,0.8,6.235118889004648e-05,0.0,4.9257439223136715e-05,3.75157110543285e-08,0.3,10184194.96,-12.164745074486152
39.85,0,aGDL,-12.16468447107576,46.69779292284891,0.0,1.2357375649975996e-08,1.2357375649975996e-08,0.0,0.0,0.0,0.0,0.8,6.235120744417515e-05,0.0,4.925745388089836e-05,3.751577595349689e-08,0.3,10184194.96,-12.164700695755572
39.949999999999996,0,aGDL,-12.164640242226767,46.697768033343856,0.0,1.2388382714844371e-08,1.2388382714844371e-08,0.0,0.0,0.0,0.0,0.8,6.23512259356908e-05,0.0,4.9257468489195727e-05,3.7515840633711834e-08,0.3,10184194.96,-12.164656466791325
40.05,0,aGDL,-12.164596163143017,46.69774314383932,0.0,1.2419389770564439e-08,1.2419389770564439e-08,0.0,0.0,0.0,0.0,0.8,6.235124436459387e-05,0.0,4.925748304802915e-05,3.751590509497416e-08,0.3,10184194.96,-12.164612387592342
40.15,0,aGDL,-12.164552233823315,46.697718254335285,0.0,1.2450396817167422e-08,1.2450396817167422e-08,0.0,0.0,0.0,0.0,0.8,6.235126273088482e-05,0.0,4.925749755739901e-05,3.751596933728498e-08,0.3,10184194.96,-12.164568458157566
40.25,0,aGDL,-12.164508454266695,46.69769336483172,0.0,1.2481403854684539e-08,1.2481403854684539e-08,0.0,0.0,0.0,0.0,0.8,6.235128103456403e-05,0.0,4.9257512017305574e-05,3.7516033360645066e-08,0.3,10184194.96,-12.164524678485927
40.35,0,aGDL,-12.164464824472077,46.697668475328605,0.0,1.2512410883147014e-08,1.2512410883147014e-08,0.0,0.0,0.0,0.0,0.8,6.235129927563195e-05,0.0,4.925752642774923e-05,3.751609716505533e-08,0.3,10184194.96,-12.164481048576372
40.449999999999996,0,aGDL,-12.164421344438438,46.69764358582591,0.0,1.2543417902586069e-08,1.2543417902586069e-08,0.0,0.0,0.0,0.0,0.8,6.235131745408894e-05,0.0,4.925754078873026e-05,3.75161607505166e-08,0.3,10184194.96,-12.164437568427832
40.55,0,aGDL,-12.16437801416464,46.697618696323616,0.0,1.2574424913032921e-08,1.2574424913032921e-08,0.0,0.0,0.0,0.0,0.8,6.235133556993549e-05,0.0,4.925755510024903e-05,3.751622411702996e-08,0.3,10184194.96,-12.164394238039256
40.65,0,aGDL,-12.164334833649662,46.697593806821686,0.0,1.2605431914518796e-08,1.2605431914518796e-08,0.0,0.0,0.0,0.0,0.8,6.235135362317199e-05,0.0,4.925756936230587e-05,3.751628726459621e-08,0.3,10184194.96,-12.164351057409574
40.75,0,aGDL,-12.164291802892421,46.69756891732011,0.0,1.2636438907074913e-08,1.2636438907074913e-08,0.0,0.0,0.0,0.0,0.8,6.235137161379887e-05,0.0,4.9257583574901096e-05,3.751635019321632e-08,0.3,10184194.96,-12.164308026537734
40.849999999999994,0,aGDL,-12.164248921891897,46.69754402781885,0.0,1.2667445890732489e-08,1.2667445890732489e-08,0.0,0.0,0.0,0.0,0.8,6.235138954181653e-05,0.0,4.9257597738035046e-05,3.751641290289119e-08,0.3,10184194.96,-12.164265145422677
40.949999999999996,0,aGDL,-12.164206190647008,46.697519138317894,0.0,1.2698452865522748e-08,1.2698452865522748e-08,0.0,0.0,0.0,0.0,0.8,6.23514074072254e-05,0.0,4.9257611851708065e-05,3.751647539362166e-08,0.3,10184194.96,-12.164222414063346
41.05,0,aGDL,-12.16416360915673,46.69749424881721,0.0,1.2729459831476908e-08,1.2729459831476908e-08,0.0,0.0,0.0,0.0,0.8,6.235142521002591e-05,0.0,4.9257625915920466e-05,3.751653766540872e-08,0.3,10184194.96,-12.164179832458682
41.15,0,aGDL,-12.164121177419986,46.69746935931677,0.0,1.2760466788626187e-08,1.2760466788626187e-08,0.0,0.0,0.0,0.0,0.8,6.235144295021843e-05,0.0,4.9257639930672566e-05,3.751659971825323e-08,0.3,10184194.96,-12.16413740060763
41.25,0,aGDL,-12.164078895435694,46.69744446981655,0.0,1.2791473737001808e-08,1.2791473737001808e-08,0.0,0.0,0.0,0.0,0.8,6.235146062780345e-05,0.0,4.925765389596472e-05,3.75166615521562e-08,0.3,10184194.96,-12.164095118509138
41.35,0,aGDL,-12.16403676320283,46.69741958031654,0.0,1.2822480676634987e-08,1.2822480676634987e-08,0.0,0.0,0.0,0.0,0.8,6.235147824278135e-05,0.0,4.925766781179726e-05,3.751672316711847e-08,0.3,10184194.96,-12.164052986162151
41.449999999999996,0,aGDL,-12.163994780720373,46.697394690816694,0.0,1.2853487607556941e-08,1.2853487607556941e-08,0.0,0.0,0.0,0.0,0.8,6.235149579515252e-05,0.0,4.9257681678170494e-05,3.751678456314093e-08,0.3,10184194.96,-12.16401100356561
41.54999999999999,0,aGDL,-12.163952947987184,46.697369801316995,0.0,1.2884494529798894e-08,1.2884494529798894e-08,0.0,0.0,0.0,0.0,0.8,6.235151328491743e-05,0.0,4.9257695495084775e-05,3.751684574022461e-08,0.3,10184194.96,-12.163969170718469
41.65,0,aGDL,-12.163911265002298,46.697344911817424,0.0,1.2915501443392058e-08,1.2915501443392058e-08,0.0,0.0,0.0,0.0,0.8,6.235153071207647e-05,0.0,4.925770926254041e-05,3.7516906698370315e-08,0.3,10184194.96,-12.163927487619672
41.75,0,aGDL,-12.163869731764635,46.697320022317946,0.0,1.2946508348367658e-08,1.2946508348367658e-08,0.0,0.0,0.0,0.0,0.8,6.235154807663005e-05,0.0,4.925772298053773e-05,3.7516967437579044e-08,0.3,10184194.96,-12.163885954268169
41.85,0,aGDL,-12.163828348273114,46.697295132818546,0.0,1.2977515244756905e-08,1.2977515244756905e-08,0.0,0.0,0.0,0.0,0.8,6.235156537857862e-05,0.0,4.9257736649077105e-05,3.7517027957851694e-08,0.3,10184194.96,-12.16384457066291
41.949999999999996,0,aGDL,-12.163787114526656,46.697270243319196,0.0,1.3008522132591018e-08,1.3008522132591018e-08,0.0,0.0,0.0,0.0,0.8,6.235158261792256e-05,0.0,4.9257750268158825e-05,3.751708825918926e-08,0.3,10184194.96,-12.163803336802843
42.05,0,aGDL,-12.16374603052435,46.697245353819866,0.0,1.3039529011901217e-08,1.3039529011901217e-08,0.0,0.0,0.0,0.0,0.8,6.23515997946623e-05,0.0,4.925776383778322e-05,3.7517148341592465e-08,0.3,10184194.96,-12.163762252686924
42.14999999999999,0,aGDL,-12.163705096265005,46.69722046432053,0.0,1.3070535882718716e-08,1.3070535882718716e-08,0.0,0.0,0.0,0.0,0.8,6.235161690879827e-05,0.0,4.9257777357950626e-05,3.751720820506247e-08,0.3,10184194.96,-12.163721318314098
42.25,0,aGDL,-12.163664311747596,46.69719557482117,0.0,1.3101542745074731e-08,1.3101542745074731e-08,0.0,0.0,0.0,0.0,0.8,6.235163396033089e-05,0.0,4.92577908286614e-05,3.75172678496002e-08,0.3,10184194.96,-12.163680533683324
42.35,0,aGDL,-12.163623676971156,46.697170685321765,0.0,1.3132549599000482e-08,1.3132549599000482e-08,0.0,0.0,0.0,0.0,0.8,6.235165094926055e-05,0.0,4.925780424991583e-05,3.7517327275206364e-08,0.3,10184194.96,-12.163639898793551
42.45,0,aGDL,-12.163583191934606,46.69714579582228,0.0,1.3163556444527182e-08,1.3163556444527182e-08,0.0,0.0,0.0,0.0,0.8,6.235166787558765e-05,0.0,4.9257817621714236e-05,3.751738648188201e-08,0.3,10184194.96,-12.16359941364373
42.55,0,aGDL,-12.163542856636866,46.697120906322695,0.0,1.3194563281686049e-08,1.3194563281686049e-08,0.0,0.0,0.0,0.0,0.8,6.235168473931263e-05,0.0,4.9257830944056977e-05,3.751744546962813e-08,0.3,10184194.96,-12.163559078232828
42.65,0,aGDL,-12.163502671076913,46.69709601682298,0.0,1.3225570110508296e-08,1.3225570110508296e-08,0.0,0.0,0.0,0.0,0.8,6.235170154043592e-05,0.0,4.9257844216944364e-05,3.7517504238445584e-08,0.3,10184194.96,-12.163518892559786
42.74999999999999,0,aGDL,-12.163462635253666,46.69707112732312,0.0,1.3256576931025141e-08,1.3256576931025141e-08,0.0,0.0,0.0,0.0,0.8,6.235171827895793e-05,0.0,4.925785744037677e-05,3.75175627883354e-08,0.3,10184194.96,-12.163478856623566
42.85,0,aGDL,-12.163422749166159,46.69704623782308,0.0,1.3287583743267797e-08,1.3287583743267797e-08,0.0,0.0,0.0,0.0,0.8,6.235173495487905e-05,0.0,4.9257870614354446e-05,3.751762111929837e-08,0.3,10184194.96,-12.163438970423126
42.95,0,aGDL,-12.163383012813313,46.69702134832284,0.0,1.331859054726748e-08,1.331859054726748e-08,0.0,0.0,0.0,0.0,0.8,6.23517515681997e-05,0.0,4.925788373887776e-05,3.7517679231335497e-08,0.3,10184194.96,-12.163399233957422
43.05,0,aGDL,-12.163343426194047,46.696996458822376,0.0,1.3349597343055402e-08,1.3349597343055402e-08,0.0,0.0,0.0,0.0,0.8,6.235176811892032e-05,0.0,4.925789681394705e-05,3.751773712444776e-08,0.3,10184194.96,-12.163359647225416
43.15,0,aGDL,-12.163303989307337,46.69697156932166,0.0,1.3380604130662782e-08,1.3380604130662782e-08,0.0,0.0,0.0,0.0,0.8,6.235178460704132e-05,0.0,4.925790983956264e-05,3.75177947986361e-08,0.3,10184194.96,-12.163320210226063
43.24999999999999,0,aGDL,-12.163264702152219,46.69694667982068,0.0,1.341161091012083e-08,1.341161091012083e-08,0.0,0.0,0.0,0.0,0.8,6.235180103256306e-05,0.0,4.925792281572481e-05,3.751785225390135e-08,0.3,10184194.96,-12.163280922958323
43.349999999999994,0,aGDL,-12.163225564727554,46.69692179031939,0.0,1.3442617681460762e-08,1.3442617681460762e-08,0.0,0.0,0.0,0.0,0.8,6.235181739548603e-05,0.0,4.925793574243396e-05,3.751790949024457e-08,0.3,10184194.96,-12.16324178542116
43.449999999999996,0,aGDL,-12.163186577032377,46.69689690081777,0.0,1.347362444471379e-08,1.347362444471379e-08,0.0,0.0,0.0,0.0,0.8,6.235183369581056e-05,0.0,4.925794861969034e-05,3.751796650766658e-08,0.3,10184194.96,-12.163202797613536
43.550000000000004,0,aGDL,-12.16314773906555,46.696872011315804,0.0,1.3504631199911128e-08,1.3504631199911128e-08,0.0,0.0,0.0,0.0,0.8,6.235184993353715e-05,0.0,4.925796144749436e-05,3.75180233061685e-08,0.3,10184194.96,-12.16316395953441
43.65,0,aGDL,-12.163109050826165,46.69684712181346,0.0,1.353563794708399e-08,1.353563794708399e-08,0.0,0.0,0.0,0.0,0.8,6.235186610866616e-05,0.0,4.925797422584626e-05,3.751807988575108e-08,0.3,10184194.96,-12.163125271182745
43.75,0,aGDL,-12.16307051231314,46.69682223231072,0.0,1.3566644686263588e-08,1.3566644686263588e-08,0.0,0.0,0.0,0.0,0.8,6.2351882221198e-05,0.0,4.925798695474642e-05,3.751813624641534e-08,0.3,10184194.96,-12.163086732557504
43.849999999999994,0,aGDL,-12.163032123525397,46.69679734280756,0.0,1.3597651417481134e-08,1.3597651417481134e-08,0.0,0.0,0.0,0.0,0.8,6.235189827113311e-05,0.0,4.925799963419514e-05,3.751819238816225e-08,0.3,10184194.96,-12.163048343657659
43.949999999999996,0,aGDL,-12.162993884461912,46.69677245330394,0.0,1.3628658140767839e-08,1.3628658140767839e-08,0.0,0.0,0.0,0.0,0.8,6.235191425847188e-05,0.0,4.925801226419279e-05,3.751824831099277e-08,0.3,10184194.96,-12.163010104482167
44.05,0,aGDL,-12.162955795121661,46.69674756379985,0.0,1.3659664856154918e-08,1.3659664856154918e-08,0.0,0.0,0.0,0.0,0.8,6.235193018321476e-05,0.0,4.925802484473965e-05,3.751830401490784e-08,0.3,10184194.96,-12.162972015029997
44.150000000000006,0,aGDL,-12.162917855503622,46.69672267429526,0.0,1.3690671563673582e-08,1.3690671563673582e-08,0.0,0.0,0.0,0.0,0.8,6.23519460453621e-05,0.0,4.9258037375836064e-05,3.751835949990841e-08,0.3,10184194.96,-12.162934075300115
44.25,0,aGDL,-12.162880065606771,46.696697784790146,0.0,1.372167826335504e-08,1.372167826335504e-08,0.0,0.0,0.0,0.0,0.8,6.235196184491434e-05,0.0,4.9258049857482334e-05,3.751841476599535e-08,0.3,10184194.96,-12.162896285291488
44.349999999999994,0,aGDL,-12.162842425430085,46.696672895284486,0.0,1.3752684955230505e-08,1.3752684955230505e-08,0.0,0.0,0.0,0.0,0.8,6.235197758187191e-05,0.0,4.92580622896788e-05,3.751846981316969e-08,0.3,10184194.96,-12.162858645003089
44.449999999999996,0,aGDL,-12.162804934972428,46.69664800577825,0.0,1.378369163933119e-08,1.378369163933119e-08,0.0,0.0,0.0,0.0,0.8,6.235199325623522e-05,0.0,4.9258074672425824e-05,3.7518524641432455e-08,0.3,10184194.96,-12.162821154433878
44.55,0,aGDL,-12.162767594232946,46.69662311627141,0.0,1.3814698315688304e-08,1.3814698315688304e-08,0.0,0.0,0.0,0.0,0.8,6.235200886800463e-05,0.0,4.925808700572366e-05,3.751857925078439e-08,0.3,10184194.96,-12.162783813582834
44.65,0,aGDL,-12.162730403210446,46.69659822676395,0.0,1.3845704984333056e-08,1.3845704984333056e-08,0.0,0.0,0.0,0.0,0.8,6.23520244171806e-05,0.0,4.925809928957267e-05,3.751863364122666e-08,0.3,10184194.96,-12.162746622448925
44.75,0,aGDL,-12.162693361904019,46.69657333725584,0.0,1.3876711645296657e-08,1.3876711645296657e-08,0.0,0.0,0.0,0.0,0.8,6.235203990376351e-05,0.0,4.925811152397318e-05,3.751868781276005e-08,0.3,10184194.96,-12.162709581031118
44.85,0,aGDL,-12.162656470312584,46.69654844774706,0.0,1.3907718298610319e-08,1.3907718298610319e-08,0.0,0.0,0.0,0.0,0.8,6.235205532775379e-05,0.0,4.92581237089255e-05,3.751874176538563e-08,0.3,10184194.96,-12.162672689328389
44.949999999999996,0,aGDL,-12.162619728435061,46.69652355823758,0.0,1.393872494430525e-08,1.393872494430525e-08,0.0,0.0,0.0,0.0,0.8,6.235207068915187e-05,0.0,4.925813584442997e-05,3.751879549910438e-08,0.3,10184194.96,-12.16263594733971
45.05,0,aGDL,-12.162583136270541,46.69649866872737,0.0,1.3969731582412659e-08,1.3969731582412659e-08,0.0,0.0,0.0,0.0,0.8,6.23520859879581e-05,0.0,4.925814793048689e-05,3.7518849013917123e-08,0.3,10184194.96,-12.162599355064058
45.15,0,aGDL,-12.162546693817887,46.69647377921642,0.0,1.4000738212963758e-08,1.4000738212963758e-08,0.0,0.0,0.0,0.0,0.8,6.235210122417294e-05,0.0,4.9258159967096625e-05,3.7518902309824994e-08,0.3,10184194.96,-12.162562912500405
45.25,0,aGDL,-12.162510401076133,46.69644888970469,0.0,1.4031744835989753e-08,1.4031744835989753e-08,0.0,0.0,0.0,0.0,0.8,6.23521163977968e-05,0.0,4.9258171954259474e-05,3.7518955386828865e-08,0.3,10184194.96,-12.162526619647723
45.349999999999994,0,aGDL,-12.162474258044256,46.69642400019217,0.0,1.4062751451521853e-08,1.4062751451521853e-08,0.0,0.0,0.0,0.0,0.8,6.235213150883005e-05,0.0,4.9258183891975745e-05,3.7519008244929644e-08,0.3,10184194.96,-12.162490476504994
45.449999999999996,0,aGDL,-12.162438264721231,46.69639911067882,0.0,1.4093758059591267e-08,1.4093758059591267e-08,0.0,0.0,0.0,0.0,0.8,6.23521465572731e-05,0.0,4.925819578024575e-05,3.7519060884128364e-08,0.3,10184194.96,-12.162454483071187
45.55,0,aGDL,-12.162402421106037,46.696374221164625,0.0,1.4124764660229204e-08,1.4124764660229204e-08,0.0,0.0,0.0,0.0,0.8,6.23521615431264e-05,0.0,4.925820761906985e-05,3.751911330442596e-08,0.3,10184194.96,-12.162418639345283
45.65,0,aGDL,-12.16236672719765,46.69634933164956,0.0,1.4155771253466873e-08,1.4155771253466873e-08,0.0,0.0,0.0,0.0,0.8,6.235217646639032e-05,0.0,4.925821940844835e-05,3.751916550582335e-08,0.3,10184194.96,-12.162382945326266
45.75,0,aGDL,-12.16233118299499,46.69632444213359,0.0,1.4186777839335479e-08,1.4186777839335479e-08,0.0,0.0,0.0,0.0,0.8,6.235219132706529e-05,0.0,4.925823114838158e-05,3.7519217488321674e-08,0.3,10184194.96,-12.16234740101311
45.849999999999994,0,aGDL,-12.162295788497147,46.6962995526167,0.0,1.421778441786623e-08,1.421778441786623e-08,0.0,0.0,0.0,0.0,0.8,6.235220612515171e-05,0.0,4.9258242838869844e-05,3.7519269251921703e-08,0.3,10184194.96,-12.162312006404791
45.949999999999996,0,aGDL,-12.162260543702985,46.69627466309886,0.0,1.4248790989090337e-08,1.4248790989090337e-08,0.0,0.0,0.0,0.0,0.8,6.235222086064999e-05,0.0,4.925825447991349e-05,3.751932079662459e-08,0.3,10184194.96,-12.1622767615003
46.05,0,aGDL,-12.162225448611593,46.69624977358005,0.0,1.4279797553039e-08,1.4279797553039e-08,0.0,0.0,0.0,0.0,0.8,6.235223553356053e-05,0.0,4.925826607151282e-05,3.751937212243111e-08,0.3,10184194.96,-12.162241666298609
46.15,0,aGDL,-12.162190503221836,46.69622488406024,0.0,1.4310804109743434e-08,1.4310804109743434e-08,0.0,0.0,0.0,0.0,0.8,6.235225014388374e-05,0.0,4.925827761366815e-05,3.751942322934242e-08,0.3,10184194.96,-12.1622067207987
46.25,0,aGDL,-12.162155707532804,46.69619999453941,0.0,1.434181065923484e-08,1.434181065923484e-08,0.0,0.0,0.0,0.0,0.8,6.235226469162002e-05,0.0,4.925828910637982e-05,3.75194741173594e-08,0.3,10184194.96,-12.162171924999562
46.35,0,aGDL,-12.162121061543473,46.69617510501753,0.0,1.4372817201544424e-08,1.4372817201544424e-08,0.0,0.0,0.0,0.0,0.8,6.235227917676978e-05,0.0,4.9258300549648125e-05,3.751952478648291e-08,0.3,10184194.96,-12.162137278900175
46.449999999999996,0,aGDL,-12.162086565252764,46.69615021549458,0.0,1.4403823736703395e-08,1.4403823736703395e-08,0.0,0.0,0.0,0.0,0.8,6.235229359933343e-05,0.0,4.9258311943473414e-05,3.7519575236714125e-08,0.3,10184194.96,-12.162102782499522
46.55,0,aGDL,-12.162052218659653,46.69612532597054,0.0,1.4434830264742957e-08,1.4434830264742957e-08,0.0,0.0,0.0,0.0,0.8,6.235230795931141e-05,0.0,4.925832328785601e-05,3.751962546805399e-08,0.3,10184194.96,-12.162068435796595
46.65,0,aGDL,-12.162018021763231,46.69610043644537,0.0,1.4465836785694316e-08,1.4465836785694316e-08,0.0,0.0,0.0,0.0,0.8,6.235232225670404e-05,0.0,4.925833458279618e-05,3.751967548050333e-08,0.3,10184194.96,-12.162034238790373
46.75,0,aGDL,-12.16198397456236,46.696075546919054,0.0,1.4496843299588678e-08,1.4496843299588678e-08,0.0,0.0,0.0,0.0,0.8,6.235233649151181e-05,0.0,4.925834582829433e-05,3.751972527406329e-08,0.3,10184194.96,-12.162000191479846
46.85,0,aGDL,-12.161950077056133,46.69605065739157,0.0,1.4527849806457246e-08,1.4527849806457246e-08,0.0,0.0,0.0,0.0,0.8,6.235235066373507e-05,0.0,4.9258357024350705e-05,3.751977484873472e-08,0.3,10184194.96,-12.161966293864003
46.949999999999996,0,aGDL,-12.161916329243468,46.696025767862885,0.0,1.4558856306331228e-08,1.4558856306331228e-08,0.0,0.0,0.0,0.0,0.8,6.235236477337424e-05,0.0,4.9258368170965654e-05,3.7519824204518724e-08,0.3,10184194.96,-12.161932545941823
47.05,0,aGDL,-12.161882731123399,46.69600087833298,0.0,1.4589862799241826e-08,1.4589862799241826e-08,0.0,0.0,0.0,0.0,0.8,6.235237882042974e-05,0.0,4.9258379268139486e-05,3.7519873341416155e-08,0.3,10184194.96,-12.16189894771231
47.14999999999999,0,aGDL,-12.161849282694902,46.69597598880183,0.0,1.4620869285220243e-08,1.4620869285220243e-08,0.0,0.0,0.0,0.0,0.8,6.235239280490196e-05,0.0,4.9258390315872533e-05,3.751992225942807e-08,0.3,10184194.96,-12.161865499174443
47.25,0,aGDL,-12.161815983956899,46.6959510992694,0.0,1.4651875764297687e-08,1.4651875764297687e-08,0.0,0.0,0.0,0.0,0.8,6.23524067267913e-05,0.0,4.9258401314165135e-05,3.751997095855551e-08,0.3,10184194.96,-12.161832200327215
47.35,0,aGDL,-12.161782834908479,46.69592620973568,0.0,1.468288223650536e-08,1.468288223650536e-08,0.0,0.0,0.0,0.0,0.8,6.23524205860982e-05,0.0,4.9258412263017576e-05,3.7520019438799354e-08,0.3,10184194.96,-12.161799051169618
47.45,0,aGDL,-12.161749835548619,46.69590132020065,0.0,1.4713888701874465e-08,1.4713888701874465e-08,0.0,0.0,0.0,0.0,0.8,6.2352434382823e-05,0.0,4.925842316243017e-05,3.752006770016058e-08,0.3,10184194.96,-12.161766051700647
47.55,0,aGDL,-12.161716985876296,46.695876430664256,0.0,1.4744895160436206e-08,1.4744895160436206e-08,0.0,0.0,0.0,0.0,0.8,6.235244811696614e-05,0.0,4.925843401240324e-05,3.752011574264023e-08,0.3,10184194.96,-12.161733201919288
47.65,0,aGDL,-12.161684285890487,46.6958515411265,0.0,1.4775901612221788e-08,1.4775901612221788e-08,0.0,0.0,0.0,0.0,0.8,6.235246178852802e-05,0.0,4.925844481293713e-05,3.752016356623928e-08,0.3,10184194.96,-12.161700501824543
47.74999999999999,0,aGDL,-12.16165173559017,46.695826651587346,0.0,1.4806908057262409e-08,1.4806908057262409e-08,0.0,0.0,0.0,0.0,0.8,6.235247539750905e-05,0.0,4.925845556403215e-05,3.7520211170958756e-08,0.3,10184194.96,-12.161667951415403
47.849999999999994,0,aGDL,-12.161619334974375,46.69580176204678,0.0,1.4837914495589276e-08,1.4837914495589276e-08,0.0,0.0,0.0,0.0,0.8,6.235248894390964e-05,0.0,4.925846626568862e-05,3.752025855679961e-08,0.3,10184194.96,-12.16163555069086
47.95,0,aGDL,-12.161587084042083,46.69577687250475,0.0,1.4868920927233589e-08,1.4868920927233589e-08,0.0,0.0,0.0,0.0,0.8,6.235250242773017e-05,0.0,4.925847691790684e-05,3.752030572376285e-08,0.3,10184194.96,-12.161603299649915
48.050000000000004,0,aGDL,-12.161554982792325,46.69575198296126,0.0,1.489992735222655e-08,1.489992735222655e-08,0.0,0.0,0.0,0.0,0.8,6.235251584897107e-05,0.0,4.925848752068714e-05,3.752035267184941e-08,0.3,10184194.96,-12.161571198291567
48.15,0,aGDL,-12.161523031224078,46.69572709341628,0.0,1.4930933770599363e-08,1.4930933770599363e-08,0.0,0.0,0.0,0.0,0.8,6.235252920763267e-05,0.0,4.9258498074029816e-05,3.752039940106029e-08,0.3,10184194.96,-12.161539246614804
48.24999999999999,0,aGDL,-12.16149122933632,46.69570220386977,0.0,1.496194018238323e-08,1.496194018238323e-08,0.0,0.0,0.0,0.0,0.8,6.235254250371547e-05,0.0,4.925850857793521e-05,3.752044591139656e-08,0.3,10184194.96,-12.161507444618634
48.349999999999994,0,aGDL,-12.161459577128085,46.69567731432172,0.0,1.4992946587609347e-08,1.4992946587609347e-08,0.0,0.0,0.0,0.0,0.8,6.23525557372198e-05,0.0,4.925851903240363e-05,3.752049220285912e-08,0.3,10184194.96,-12.16147579230205
48.449999999999996,0,aGDL,-12.161428074598348,46.695652424772106,0.0,1.5023952986308924e-08,1.5023952986308924e-08,0.0,0.0,0.0,0.0,0.8,6.235256890814609e-05,0.0,4.92585294374354e-05,3.7520538275449053e-08,0.3,10184194.96,-12.161444289664056
48.550000000000004,0,aGDL,-12.161396721746087,46.695627535220886,0.0,1.5054959378513155e-08,1.5054959378513155e-08,0.0,0.0,0.0,0.0,0.8,6.235258201649475e-05,0.0,4.9258539793030846e-05,3.752058412916734e-08,0.3,10184194.96,-12.161412936703652
48.65,0,aGDL,-12.161365518570335,46.69560264566805,0.0,1.5085965764253243e-08,1.5085965764253243e-08,0.0,0.0,0.0,0.0,0.8,6.235259506226615e-05,0.0,4.9258550099190255e-05,3.752062976401499e-08,0.3,10184194.96,-12.161381733419839
48.75,0,aGDL,-12.161334465070126,46.69557775611357,0.0,1.5116972143560388e-08,1.5116972143560388e-08,0.0,0.0,0.0,0.0,0.8,6.23526080454607e-05,0.0,4.9258560355913954e-05,3.7520675179992894e-08,0.3,10184194.96,-12.161350679811623
48.849999999999994,0,aGDL,-12.161303561244381,46.69555286655742,0.0,1.514797851646579e-08,1.514797851646579e-08,0.0,0.0,0.0,0.0,0.8,6.235262096607882e-05,0.0,4.925857056320228e-05,3.752072037710218e-08,0.3,10184194.96,-12.161319775877999
48.949999999999996,0,aGDL,-12.161272807092189,46.69552797699958,0.0,1.5178984883000648e-08,1.5178984883000648e-08,0.0,0.0,0.0,0.0,0.8,6.23526338241209e-05,0.0,4.9258580721055514e-05,3.7520765355343765e-08,0.3,10184194.96,-12.161289021617977
49.05,0,aGDL,-12.161242202612527,46.69550308744002,0.0,1.5209991243196168e-08,1.5209991243196168e-08,0.0,0.0,0.0,0.0,0.8,6.235264661958733e-05,0.0,4.925859082947399e-05,3.7520810114718696e-08,0.3,10184194.96,-12.161258417030563
49.15,0,aGDL,-12.161211747804373,46.69547819787871,0.0,1.524099759708354e-08,1.524099759708354e-08,0.0,0.0,0.0,0.0,0.8,6.235265935247852e-05,0.0,4.925860088845802e-05,3.752085465522795e-08,0.3,10184194.96,-12.161227962114758
49.25,0,aGDL,-12.16118144266676,46.69545330831563,0.0,1.527200394469397e-08,1.527200394469397e-08,0.0,0.0,0.0,0.0,0.8,6.235267202279485e-05,0.0,4.9258610898007936e-05,3.7520898976872546e-08,0.3,10184194.96,-12.16119765686957
49.349999999999994,0,aGDL,-12.161151287198663,46.69542841875076,0.0,1.5303010286058655e-08,1.5303010286058655e-08,0.0,0.0,0.0,0.0,0.8,6.235268463053677e-05,0.0,4.9258620858124035e-05,3.75209430796535e-08,0.3,10184194.96,-12.16116750129401
49.449999999999996,0,aGDL,-12.161121281399119,46.69540352918407,0.0,1.5334016621208794e-08,1.5334016621208794e-08,0.0,0.0,0.0,0.0,0.8,6.23526971757046e-05,0.0,4.925863076880664e-05,3.7520986963571814e-08,0.3,10184194.96,-12.16113749538708
49.55,0,aGDL,-12.16109142526716,46.695378639615534,0.0,1.5365022950175586e-08,1.5365022950175586e-08,0.0,0.0,0.0,0.0,0.8,6.235270965829879e-05,0.0,4.9258640630056045e-05,3.752103062862847e-08,0.3,10184194.96,-12.161107639147795
49.65,0,aGDL,-12.161061718801705,46.69535375004513,0.0,1.5396029272990226e-08,1.5396029272990226e-08,0.0,0.0,0.0,0.0,0.8,6.235272207831975e-05,0.0,4.9258650441872606e-05,3.7521074074824554e-08,0.3,10184194.96,-12.161077932575159
49.74999999999999,0,aGDL,-12.161032162001845,46.695328860472834,0.0,1.5427035589683917e-08,1.5427035589683917e-08,0.0,0.0,0.0,0.0,0.8,6.235273443576785e-05,0.0,4.92586602042566e-05,3.7521117302160994e-08,0.3,10184194.96,-12.161048375668186
49.85,0,aGDL,-12.161002754866615,46.69530397089862,0.0,1.5458041900287856e-08,1.5458041900287856e-08,0.0,0.0,0.0,0.0,0.8,6.235274673064348e-05,0.0,4.925866991720835e-05,3.7521160310638786e-08,0.3,10184194.96,-12.161018968425884
49.949999999999996,0,aGDL,-12.160973497394934,46.69527908132246,0.0,1.5489048204833236e-08,1.5489048204833236e-08,0.0,0.0,0.0,0.0,0.8,6.235275896294707e-05,0.0,4.9258679580728186e-05,3.7521203100259006e-08,0.3,10184194.96,-12.160989710847264
50.05,0,aGDL,-12.160944389585893,46.69525419174433,0.0,1.552005450335126e-08,1.552005450335126e-08,0.0,0.0,0.0,0.0,0.8,6.235277113267897e-05,0.0,4.925868919481639e-05,3.752124567102266e-08,0.3,10184194.96,-12.160960602931345
50.15,0,aGDL,-12.160915431438468,46.695229302164215,0.0,1.5551060795873124e-08,1.5551060795873124e-08,0.0,0.0,0.0,0.0,0.8,6.235278323983963e-05,0.0,4.9258698759473306e-05,3.752128802293071e-08,0.3,10184194.96,-12.160931644677136
50.25,0,aGDL,-12.160886622951693,46.69520441258208,0.0,1.5582067082430022e-08,1.5582067082430022e-08,0.0,0.0,0.0,0.0,0.8,6.235279528442942e-05,0.0,4.925870827469923e-05,3.752133015598416e-08,0.3,10184194.96,-12.160902836083654
50.349999999999994,0,aGDL,-12.160857964124546,46.6951795229979,0.0,1.5613073363053153e-08,1.5613073363053153e-08,0.0,0.0,0.0,0.0,0.8,6.235280726644872e-05,0.0,4.925871774049449e-05,3.752137207018415e-08,0.3,10184194.96,-12.160874177149909
50.45,0,aGDL,-12.160829454956115,46.69515463341165,0.0,1.5644079637773712e-08,1.5644079637773712e-08,0.0,0.0,0.0,0.0,0.8,6.235281918589795e-05,0.0,4.925872715685938e-05,3.752141376553157e-08,0.3,10184194.96,-12.160845667874922
50.55,0,aGDL,-12.160801095445322,46.69512974382331,0.0,1.5675085906622897e-08,1.5675085906622897e-08,0.0,0.0,0.0,0.0,0.8,6.235283104277751e-05,0.0,4.9258736523794226e-05,3.7521455242027494e-08,0.3,10184194.96,-12.160817308257705
50.65,0,aGDL,-12.160772885591257,46.695104854232845,0.0,1.5706092169631905e-08,1.5706092169631905e-08,0.0,0.0,0.0,0.0,0.8,6.235284283708776e-05,0.0,4.925874584129933e-05,3.752149649967292e-08,0.3,10184194.96,-12.160789098297284
50.75,0,aGDL,-12.160744825392896,46.69507996464024,0.0,1.5737098426831928e-08,1.5737098426831928e-08,0.0,0.0,0.0,0.0,0.8,6.235285456882915e-05,0.0,4.925875510937503e-05,3.752153753846893e-08,0.3,10184194.96,-12.16076103799267
50.849999999999994,0,aGDL,-12.160716914849274,46.695055075045474,0.0,1.5768104678254164e-08,1.5768104678254164e-08,0.0,0.0,0.0,0.0,0.8,6.235286623800203e-05,0.0,4.92587643280216e-05,3.752157835841647e-08,0.3,10184194.96,-12.160733127342883
50.949999999999996,0,aGDL,-12.160689153959481,46.695030185448516,0.0,1.5799110923929808e-08,1.5799110923929808e-08,0.0,0.0,0.0,0.0,0.8,6.23528778446068e-05,0.0,4.9258773497239365e-05,3.752161895951649e-08,0.3,10184194.96,-12.160705366346946
51.05,0,aGDL,-12.16066154272238,46.695005295849334,0.0,1.5830117163890053e-08,1.5830117163890053e-08,0.0,0.0,0.0,0.0,0.8,6.235288938864388e-05,0.0,4.9258782617028666e-05,3.7521659341770234e-08,0.3,10184194.96,-12.160677755003874
51.15,0,aGDL,-12.160634081137118,46.694980406247915,0.0,1.5861123398166096e-08,1.5861123398166096e-08,0.0,0.0,0.0,0.0,0.8,6.235290087011363e-05,0.0,4.9258791687389767e-05,3.7521699505178566e-08,0.3,10184194.96,-12.160650293312694
51.25,0,aGDL,-12.160606769202673,46.69495551664423,0.0,1.5892129626789133e-08,1.5892129626789133e-08,0.0,0.0,0.0,0.0,0.8,6.23529122890165e-05,0.0,4.925880070832303e-05,3.7521739449742516e-08,0.3,10184194.96,-12.160622981272425
51.35,0,aGDL,-12.160579606918077,46.694930627038254,0.0,1.5923135849790357e-08,1.5923135849790357e-08,0.0,0.0,0.0,0.0,0.8,6.235292364535282e-05,0.0,4.9258809679828726e-05,3.752177917546318e-08,0.3,10184194.96,-12.160595818882097
51.449999999999996,0,aGDL,-12.160552594282365,46.694905737429956,0.0,1.595414206720096e-08,1.595414206720096e-08,0.0,0.0,0.0,0.0,0.8,6.2352934939123e-05,0.0,4.925881860190716e-05,3.7521818682341524e-08,0.3,10184194.96,-12.160568806140725
51.55,0,aGDL,-12.16052573129457,46.69488084781932,0.0,1.598514827905214e-08,1.598514827905214e-08,0.0,0.0,0.0,0.0,0.8,6.235294617032743e-05,0.0,4.925882747455867e-05,3.752185797037857e-08,0.3,10184194.96,-12.160541943047336
51.65,0,aGDL,-12.160499017953668,46.69485595820631,0.0,1.6016154485375087e-08,1.6016154485375087e-08,0.0,0.0,0.0,0.0,0.8,6.235295733896655e-05,0.0,4.925883629778357e-05,3.7521897039575405e-08,0.3,10184194.96,-12.160515229600962
51.75,0,aGDL,-12.160472454258695,46.694831068590915,0.0,1.6047160686200997e-08,1.6047160686200997e-08,0.0,0.0,0.0,0.0,0.8,6.235296844504073e-05,0.0,4.9258845071582165e-05,3.7521935889933074e-08,0.3,10184194.96,-12.16048866580062
51.85,0,aGDL,-12.16044604020874,46.6948061789731,0.0,1.607816688156106e-08,1.607816688156106e-08,0.0,0.0,0.0,0.0,0.8,6.235297948855031e-05,0.0,4.925885379595474e-05,3.752197452145249e-08,0.3,10184194.96,-12.160462251645345
51.949999999999996,0,aGDL,-12.16041977580278,46.69478128935285,0.0,1.610917307148647e-08,1.610917307148647e-08,0.0,0.0,0.0,0.0,0.8,6.235299046949574e-05,0.0,4.925886247090163e-05,3.752201293413476e-08,0.3,10184194.96,-12.16043598713416
52.05,0,aGDL,-12.160393661039848,46.69475639973013,0.0,1.6140179256008428e-08,1.6140179256008428e-08,0.0,0.0,0.0,0.0,0.8,6.235300138787739e-05,0.0,4.925887109642314e-05,3.7522051127980944e-08,0.3,10184194.96,-12.160409872266097
52.14999999999999,0,aGDL,-12.160367695918978,46.69473151010492,0.0,1.6171185435158113e-08,1.6171185435158113e-08,0.0,0.0,0.0,0.0,0.8,6.235301224369566e-05,0.0,4.9258879672519575e-05,3.7522089102992035e-08,0.3,10184194.96,-12.160383907040185
52.24999999999999,0,aGDL,-12.160341880439205,46.6947066204772,0.0,1.6202191608966727e-08,1.6202191608966727e-08,0.0,0.0,0.0,0.0,0.8,6.235302303695093e-05,0.0,4.925888819919124e-05,3.752212685916908e-08,0.3,10184194.96,-12.16035809145545
52.35,0,aGDL,-12.160316214599504,46.69468173084693,0.0,1.6233197777465457e-08,1.6233197777465457e-08,0.0,0.0,0.0,0.0,0.8,6.235303376764362e-05,0.0,4.925889667643846e-05,3.7522164396513225e-08,0.3,10184194.96,-12.160332425510928
52.45,0,aGDL,-12.160290698399024,46.6946568412141,0.0,1.6264203940685497e-08,1.6264203940685497e-08,0.0,0.0,0.0,0.0,0.8,6.235304443577409e-05,0.0,4.9258905104261533e-05,3.752220171502525e-08,0.3,10184194.96,-12.160306909205651
52.55,0,aGDL,-12.160265331836683,46.69463195157868,0.0,1.629521009865804e-08,1.629521009865804e-08,0.0,0.0,0.0,0.0,0.8,6.235305504134274e-05,0.0,4.925891348266077e-05,3.752223881470643e-08,0.3,10184194.96,-12.160281542538653
52.65,0,aGDL,-12.16024011491163,46.69460706194064,0.0,1.6326216251414274e-08,1.6326216251414274e-08,0.0,0.0,0.0,0.0,0.8,6.235306558434995e-05,0.0,4.925892181163646e-05,3.7522275695557657e-08,0.3,10184194.96,-12.160256325508968
52.74999999999999,0,aGDL,-12.160215047622785,46.69458217229996,0.0,1.635722239898539e-08,1.635722239898539e-08,0.0,0.0,0.0,0.0,0.8,6.235307606479615e-05,0.0,4.925893009118895e-05,3.752231235758008e-08,0.3,10184194.96,-12.160231258115623
52.849999999999994,0,aGDL,-12.160190129969237,46.69455728265662,0.0,1.6388228541402586e-08,1.6388228541402586e-08,0.0,0.0,0.0,0.0,0.8,6.235308648268166e-05,0.0,4.925893832131851e-05,3.752234880077468e-08,0.3,10184194.96,-12.160206340357657
52.95,0,aGDL,-12.160165361950021,46.69453239301058,0.0,1.6419234678697045e-08,1.6419234678697045e-08,0.0,0.0,0.0,0.0,0.8,6.235309683800694e-05,0.0,4.925894650202548e-05,3.752238502514253e-08,0.3,10184194.96,-12.160181572234112
53.050000000000004,0,aGDL,-12.16014074356417,46.694507503361834,0.0,1.645024081089996e-08,1.645024081089996e-08,0.0,0.0,0.0,0.0,0.8,6.235310713077233e-05,0.0,4.925895463331014e-05,3.752242103068462e-08,0.3,10184194.96,-12.16015695374402
53.15,0,aGDL,-12.160116274810719,46.69448261371035,0.0,1.648124693804252e-08,1.648124693804252e-08,0.0,0.0,0.0,0.0,0.8,6.235311736097827e-05,0.0,4.925896271517283e-05,3.7522456817402084e-08,0.3,10184194.96,-12.160132484886418
53.24999999999999,0,aGDL,-12.160091955688756,46.69445772405609,0.0,1.6512253060155916e-08,1.6512253060155916e-08,0.0,0.0,0.0,0.0,0.8,6.235312752862506e-05,0.0,4.925897074761379e-05,3.752249238529579e-08,0.3,10184194.96,-12.16010816566035
53.349999999999994,0,aGDL,-12.160067786197203,46.69443283439905,0.0,1.654325917727134e-08,1.654325917727134e-08,0.0,0.0,0.0,0.0,0.8,6.23531376337132e-05,0.0,4.925897873063342e-05,3.752252773436707e-08,0.3,10184194.96,-12.160083996064847
53.449999999999996,0,aGDL,-12.160043766335207,46.6944079447392,0.0,1.6574265289419983e-08,1.6574265289419983e-08,0.0,0.0,0.0,0.0,0.8,6.2353147676243e-05,0.0,4.9258986664231974e-05,3.752256286461672e-08,0.3,10184194.96,-12.160059976098959
53.55,0,aGDL,-12.160019896101744,46.6943830550765,0.0,1.6605271396633027e-08,1.6605271396633027e-08,0.0,0.0,0.0,0.0,0.8,6.235315765621487e-05,0.0,4.925899454840975e-05,3.75225977760459e-08,0.3,10184194.96,-12.160036105761714
53.65,0,aGDL,-12.159996175495905,46.69435816541094,0.0,1.6636277498941667e-08,1.6636277498941667e-08,0.0,0.0,0.0,0.0,0.8,6.235316757362923e-05,0.0,4.9259002383167086e-05,3.752263246865566e-08,0.3,10184194.96,-12.160012385052168
53.75,0,aGDL,-12.159972604516724,46.694333275742494,0.0,1.6667283596377092e-08,1.6667283596377092e-08,0.0,0.0,0.0,0.0,0.8,6.23531774284864e-05,0.0,4.925901016850425e-05,3.752266694244698e-08,0.3,10184194.96,-12.15998881396936
53.849999999999994,0,aGDL,-12.159949183163235,46.69430838607113,0.0,1.6698289688970486e-08,1.6698289688970486e-08,0.0,0.0,0.0,0.0,0.8,6.235318722078681e-05,0.0,4.925901790442159e-05,3.752270119742095e-08,0.3,10184194.96,-12.159965392512323
53.949999999999996,0,aGDL,-12.15992591143447,46.69428349639683,0.0,1.6729295776753044e-08,1.6729295776753044e-08,0.0,0.0,0.0,0.0,0.8,6.235319695053085e-05,0.0,4.925902559091937e-05,3.7522735233578675e-08,0.3,10184194.96,-12.159942120680116
54.05,0,aGDL,-12.159902789329465,46.694258606719565,0.0,1.676030185975595e-08,1.676030185975595e-08,0.0,0.0,0.0,0.0,0.8,6.235320661771891e-05,0.0,4.9259033227997926e-05,3.7522769050921206e-08,0.3,10184194.96,-12.159918998471776
54.15,0,aGDL,-12.159879816847308,46.69423371703931,0.0,1.679130793801039e-08,1.679130793801039e-08,0.0,0.0,0.0,0.0,0.8,6.235321622235135e-05,0.0,4.9259040815657566e-05,3.7522802649449503e-08,0.3,10184194.96,-12.15989602588635
54.25,0,aGDL,-12.159856993987034,46.69420882735604,0.0,1.6822314011547558e-08,1.6822314011547558e-08,0.0,0.0,0.0,0.0,0.8,6.235322576442856e-05,0.0,4.925904835389856e-05,3.7522836029164647e-08,0.3,10184194.96,-12.159873202922887
54.349999999999994,0,aGDL,-12.159834320747677,46.694183937669735,0.0,1.685332008039864e-08,1.685332008039864e-08,0.0,0.0,0.0,0.0,0.8,6.235323524395094e-05,0.0,4.925905584272124e-05,3.752286919006774e-08,0.3,10184194.96,-12.159850529580433
54.449999999999996,0,aGDL,-12.15981179712827,46.694159047980364,0.0,1.6884326144594816e-08,1.6884326144594816e-08,0.0,0.0,0.0,0.0,0.8,6.235324466091889e-05,0.0,4.9259063282125915e-05,3.752290213215985e-08,0.3,10184194.96,-12.159828005858039
54.55,0,aGDL,-12.159789423127847,46.69413415828791,0.0,1.6915332204167283e-08,1.6915332204167283e-08,0.0,0.0,0.0,0.0,0.8,6.235325401533278e-05,0.0,4.925907067211289e-05,3.752293485544209e-08,0.3,10184194.96,-12.159805631754748
54.65,0,aGDL,-12.159767198745556,46.69410926859234,0.0,1.6946338259147226e-08,1.6946338259147226e-08,0.0,0.0,0.0,0.0,0.8,6.235326330719299e-05,0.0,4.925907801268245e-05,3.75229673599153e-08,0.3,10184194.96,-12.159783407269618
54.74999999999999,0,aGDL,-12.159745123980315,46.694084378893635,0.0,1.6977344309565827e-08,1.6977344309565827e-08,0.0,0.0,0.0,0.0,0.8,6.23532725364999e-05,0.0,4.9259085303834916e-05,3.75229996455808e-08,0.3,10184194.96,-12.159761332401697
54.85,0,aGDL,-12.15972319883133,46.69405948919176,0.0,1.7008350355454274e-08,1.7008350355454274e-08,0.0,0.0,0.0,0.0,0.8,6.235328170325388e-05,0.0,4.925909254557057e-05,3.75230317124394e-08,0.3,10184194.96,-12.15973940715003
54.949999999999996,0,aGDL,-12.15970142329752,46.694034599486706,0.0,1.7039356396843756e-08,1.7039356396843756e-08,0.0,0.0,0.0,0.0,0.8,6.235329080745535e-05,0.0,4.9259099737889724e-05,3.752306356049235e-08,0.3,10184194.96,-12.159717631513683
55.05,0,aGDL,-12.159679797377976,46.694009709778435,0.0,1.7070362433765456e-08,1.7070362433765456e-08,0.0,0.0,0.0,0.0,0.8,6.235329984910471e-05,0.0,4.925910688079271e-05,3.7523095189740706e-08,0.3,10184194.96,-12.159696005491702
55.15,0,aGDL,-12.159658321071788,46.69398482006692,0.0,1.7101368466250567e-08,1.7101368466250567e-08,0.0,0.0,0.0,0.0,0.8,6.235330882820226e-05,0.0,4.9259113974279786e-05,3.7523126600185436e-08,0.3,10184194.96,-12.159674529083139
55.25,0,aGDL,-12.159636994377934,46.69395993035215,0.0,1.7132374494330262e-08,1.7132374494330262e-08,0.0,0.0,0.0,0.0,0.8,6.23533177447485e-05,0.0,4.9259121018351316e-05,3.7523157791827725e-08,0.3,10184194.96,-12.159653202287052
55.349999999999994,0,aGDL,-12.15961581729556,46.693935040634095,0.0,1.7163380518035737e-08,1.7163380518035737e-08,0.0,0.0,0.0,0.0,0.8,6.235332659874371e-05,0.0,4.9259128013007526e-05,3.752318876466849e-08,0.3,10184194.96,-12.159632025102498
55.45,0,aGDL,-12.1595947898237,46.69391015091273,0.0,1.7194386537398176e-08,1.7194386537398176e-08,0.0,0.0,0.0,0.0,0.8,6.235333539018832e-05,0.0,4.925913495824877e-05,3.7523219518708873e-08,0.3,10184194.96,-12.159610997528532
55.55,0,aGDL,-12.159573911961388,46.69388526118802,0.0,1.7225392552448758e-08,1.7225392552448758e-08,0.0,0.0,0.0,0.0,0.8,6.23533441190827e-05,0.0,4.925914185407533e-05,3.7523250053949975e-08,0.3,10184194.96,-12.159590119564216
55.65,0,aGDL,-12.159553183707658,46.693860371459955,0.0,1.7256398563218673e-08,1.7256398563218673e-08,0.0,0.0,0.0,0.0,0.8,6.235335278542727e-05,0.0,4.9259148700487535e-05,3.752328037039286e-08,0.3,10184194.96,-12.159569391208601
55.75,0,aGDL,-12.159532605061656,46.6938354817285,0.0,1.7287404569739104e-08,1.7287404569739104e-08,0.0,0.0,0.0,0.0,0.8,6.235336138922233e-05,0.0,4.925915549748564e-05,3.752331046803851e-08,0.3,10184194.96,-12.159548812460754
55.849999999999994,0,aGDL,-12.15951217602236,46.69381059199363,0.0,1.7318410572041234e-08,1.7318410572041234e-08,0.0,0.0,0.0,0.0,0.8,6.235336993046834e-05,0.0,4.925916224506998e-05,3.752334034688809e-08,0.3,10184194.96,-12.159528383319728
55.949999999999996,0,aGDL,-12.159491896588861,46.693785702255326,0.0,1.7349416570156252e-08,1.7349416570156252e-08,0.0,0.0,0.0,0.0,0.8,6.235337840916565e-05,0.0,4.9259168943240864e-05,3.752337000694266e-08,0.3,10184194.96,-12.159508103784592
56.04999999999999,0,aGDL,-12.159471766760191,46.69376081251357,0.0,1.7380422564115333e-08,1.7380422564115333e-08,0.0,0.0,0.0,0.0,0.8,6.235338682531466e-05,0.0,4.925917559199858e-05,3.75233994482033e-08,0.3,10184194.96,-12.1594879738544
56.15,0,aGDL,-12.159451786535499,46.69373592276831,0.0,1.741142855394967e-08,1.741142855394967e-08,0.0,0.0,0.0,0.0,0.8,6.235339517891572e-05,0.0,4.9259182191343416e-05,3.752342867067097e-08,0.3,10184194.96,-12.15946799352822
56.25,0,aGDL,-12.159431955913703,46.693711033019554,0.0,1.7442434539690445e-08,1.7442434539690445e-08,0.0,0.0,0.0,0.0,0.8,6.235340346996924e-05,0.0,4.9259188741275705e-05,3.752345767434695e-08,0.3,10184194.96,-12.159448162805115
56.35,0,aGDL,-12.15941227489401,46.69368614326726,0.0,1.7473440521368835e-08,1.7473440521368835e-08,0.0,0.0,0.0,0.0,0.8,6.23534116984756e-05,0.0,4.925919524179571e-05,3.7523486459232154e-08,0.3,10184194.96,-12.159428481684147
56.449999999999996,0,aGDL,-12.15939274347545,46.6936612535114,0.0,1.7504446499016026e-08,1.7504446499016026e-08,0.0,0.0,0.0,0.0,0.8,6.235341986443513e-05,0.0,4.925920169290374e-05,3.752351502532766e-08,0.3,10184194.96,-12.159408950164384
56.55,0,aGDL,-12.15937336165706,46.693636363751956,0.0,1.7535452472663204e-08,1.7535452472663204e-08,0.0,0.0,0.0,0.0,0.8,6.235342796784826e-05,0.0,4.9259208094600115e-05,3.7523543372634644e-08,0.3,10184194.96,-12.159389568244892
56.64999999999999,0,aGDL,-12.159354129437872,46.6936114739889,0.0,1.756645844234155e-08,1.756645844234155e-08,0.0,0.0,0.0,0.0,0.8,6.235343600871538e-05,0.0,4.9259214446885146e-05,3.752357150115415e-08,0.3,10184194.96,-12.159370335924736
56.75,0,aGDL,-12.159335046817034,46.69358658422221,0.0,1.7597464408082244e-08,1.7597464408082244e-08,0.0,0.0,0.0,0.0,0.8,6.235344398703682e-05,0.0,4.9259220749759086e-05,3.7523599410887206e-08,0.3,10184194.96,-12.159351253202983
56.85,0,aGDL,-12.15931611379358,46.69356169445186,0.0,1.7628470369916472e-08,1.7628470369916472e-08,0.0,0.0,0.0,0.0,0.8,6.2353451902813e-05,0.0,4.925922700322226e-05,3.7523627101834936e-08,0.3,10184194.96,-12.159332320078702
56.95,0,aGDL,-12.159297330366542,46.69353680467783,0.0,1.7659476327875412e-08,1.7659476327875412e-08,0.0,0.0,0.0,0.0,0.8,6.235345975604427e-05,0.0,4.925923320727498e-05,3.7523654573998436e-08,0.3,10184194.96,-12.159313536550966
57.05,0,aGDL,-12.159278696535011,46.69351191490008,0.0,1.7690482281990248e-08,1.7690482281990248e-08,0.0,0.0,0.0,0.0,0.8,6.235346754673106e-05,0.0,4.925923936191754e-05,3.7523681827378845e-08,0.3,10184194.96,-12.159294902618843
57.14999999999999,0,aGDL,-12.159260212298136,46.6934870251186,0.0,1.7721488232292162e-08,1.7721488232292162e-08,0.0,0.0,0.0,0.0,0.8,6.235347527487369e-05,0.0,4.9259245467150204e-05,3.752370886197702e-08,0.3,10184194.96,-12.159276418281403
57.24999999999999,0,aGDL,-12.159241877654893,46.69346213533336,0.0,1.7752494178812336e-08,1.7752494178812336e-08,0.0,0.0,0.0,0.0,0.8,6.235348294047256e-05,0.0,4.9259251522973324e-05,3.7523735677794266e-08,0.3,10184194.96,-12.15925808353772
57.35,0,aGDL,-12.159223692604371,46.69343724554434,0.0,1.778350012158195e-08,1.778350012158195e-08,0.0,0.0,0.0,0.0,0.8,6.235349054352804e-05,0.0,4.925925752938715e-05,3.7523762274831635e-08,0.3,10184194.96,-12.15923989838687
57.45,0,aGDL,-12.15920565714572,46.693412355751505,0.0,1.7814506060632182e-08,1.7814506060632182e-08,0.0,0.0,0.0,0.0,0.8,6.235349808404051e-05,0.0,4.9259263486392004e-05,3.752378865309011e-08,0.3,10184194.96,-12.15922186282792
57.55,0,aGDL,-12.159187771277914,46.693387465954835,0.0,1.7845511995994215e-08,1.7845511995994215e-08,0.0,0.0,0.0,0.0,0.8,6.235350556201035e-05,0.0,4.925926939398818e-05,3.752381481257088e-08,0.3,10184194.96,-12.159203976859946
57.65,0,aGDL,-12.159170035000045,46.69336257615431,0.0,1.7876517927699233e-08,1.7876517927699233e-08,0.0,0.0,0.0,0.0,0.8,6.235351297743797e-05,0.0,4.9259275252175996e-05,3.752384075327501e-08,0.3,10184194.96,-12.159186240482025
57.74999999999999,0,aGDL,-12.159152448311204,46.6933376863499,0.0,1.7907523855778414e-08,1.7907523855778414e-08,0.0,0.0,0.0,0.0,0.8,6.235352033032371e-05,0.0,4.9259281060955736e-05,3.752386647520365e-08,0.3,10184194.96,-12.159168653693236
57.849999999999994,0,aGDL,-12.159135011210537,46.693312796541576,0.0,1.7938529780262936e-08,1.7938529780262936e-08,0.0,0.0,0.0,0.0,0.8,6.235352762066794e-05,0.0,4.925928682032768e-05,3.75238919783577e-08,0.3,10184194.96,-12.159151216492655
57.949999999999996,0,aGDL,-12.159117723697022,46.693287906729324,0.0,1.796953570118398e-08,1.796953570118398e-08,0.0,0.0,0.0,0.0,0.8,6.235353484847104e-05,0.0,4.925929253029213e-05,3.7523917262738466e-08,0.3,10184194.96,-12.159133928879356
58.050000000000004,0,aGDL,-12.159100585769806,46.69326301691311,0.0,1.8000541618572726e-08,1.8000541618572726e-08,0.0,0.0,0.0,0.0,0.8,6.235354201373342e-05,0.0,4.925929819084939e-05,3.7523942328346876e-08,0.3,10184194.96,-12.159116790852423
58.15,0,aGDL,-12.159083597427923,46.69323812709291,0.0,1.8031547532460353e-08,1.8031547532460353e-08,0.0,0.0,0.0,0.0,0.8,6.235354911645541e-05,0.0,4.925930380199976e-05,3.752396717518414e-08,0.3,10184194.96,-12.15909980241093
58.24999999999999,0,aGDL,-12.159066758670463,46.69321323726871,0.0,1.806255344287804e-08,1.806255344287804e-08,0.0,0.0,0.0,0.0,0.8,6.23535561566374e-05,0.0,4.925930936374354e-05,3.75239918032513e-08,0.3,10184194.96,-12.159082963553965
58.349999999999994,0,aGDL,-12.159050069496516,46.69318834744047,0.0,1.8093559349856968e-08,1.8093559349856968e-08,0.0,0.0,0.0,0.0,0.8,6.235356313427979e-05,0.0,4.925931487608103e-05,3.7524016212549456e-08,0.3,10184194.96,-12.159066274280603
58.449999999999996,0,aGDL,-12.159033529905173,46.69316345760817,0.0,1.8124565253428316e-08,1.8124565253428316e-08,0.0,0.0,0.0,0.0,0.8,6.235357004938293e-05,0.0,4.92593203390125e-05,3.752404040307972e-08,0.3,10184194.96,-12.15904973458993
58.55,0,aGDL,-12.159017139895468,46.69313856777179,0.0,1.8155571153623258e-08,1.8155571153623258e-08,0.0,0.0,0.0,0.0,0.8,6.23535769019472e-05,0.0,4.925932575253829e-05,3.752406437484325e-08,0.3,10184194.96,-12.159033344481026
58.65,0,aGDL,-12.159000899466605,46.6931136779313,0.0,1.8186577050472976e-08,1.8186577050472976e-08,0.0,0.0,0.0,0.0,0.8,6.235358369197295e-05,0.0,4.925933111665863e-05,3.752408812784091e-08,0.3,10184194.96,-12.159017103952978
58.75,0,aGDL,-12.158984808617504,46.69308878808668,0.0,1.821758294400865e-08,1.821758294400865e-08,0.0,0.0,0.0,0.0,0.8,6.235359041946061e-05,0.0,4.925933643137387e-05,3.7524111662074096e-08,0.3,10184194.96,-12.15900101300487
58.849999999999994,0,aGDL,-12.158968867347369,46.6930638982379,0.0,1.8248588834261455e-08,1.8248588834261455e-08,0.0,0.0,0.0,0.0,0.8,6.235359708441051e-05,0.0,4.925934169668429e-05,3.752413497754376e-08,0.3,10184194.96,-12.158985071635788
58.949999999999996,0,aGDL,-12.15895307565529,46.69303900838494,0.0,1.827959472126257e-08,1.827959472126257e-08,0.0,0.0,0.0,0.0,0.8,6.235360368682301e-05,0.0,4.925934691259018e-05,3.752415807425093e-08,0.3,10184194.96,-12.158969279844818
59.05,0,aGDL,-12.158937433540302,46.69301411852777,0.0,1.8310600605043174e-08,1.8310600605043174e-08,0.0,0.0,0.0,0.0,0.8,6.235361022669854e-05,0.0,4.925935207909184e-05,3.752418095219682e-08,0.3,10184194.96,-12.15895363763105
59.15,0,aGDL,-12.158921941001495,46.69298922866637,0.0,1.834160648563444e-08,1.834160648563444e-08,0.0,0.0,0.0,0.0,0.8,6.235361670403741e-05,0.0,4.9259357196189555e-05,3.752420361138257e-08,0.3,10184194.96,-12.158938144993567
59.25,0,aGDL,-12.158906598037959,46.692964338800714,0.0,1.8372612363067548e-08,1.8372612363067548e-08,0.0,0.0,0.0,0.0,0.8,6.235362311884005e-05,0.0,4.9259362263883635e-05,3.752422605180919e-08,0.3,10184194.96,-12.158922801931464
59.35,0,aGDL,-12.158891404648784,46.69293944893077,0.0,1.8403618237373676e-08,1.8403618237373676e-08,0.0,0.0,0.0,0.0,0.8,6.235362947110681e-05,0.0,4.925936728217437e-05,3.752424827347784e-08,0.3,10184194.96,-12.158907608443828
59.449999999999996,0,aGDL,-12.15887636083312,46.692914559056526,0.0,1.8434624108583998e-08,1.8434624108583998e-08,0.0,0.0,0.0,0.0,0.8,6.235363576083801e-05,0.0,4.925937225106204e-05,3.752427027638953e-08,0.3,10184194.96,-12.158892564529749
59.55,0,aGDL,-12.15886146658994,46.692889669177944,0.0,1.846562997672969e-08,1.846562997672969e-08,0.0,0.0,0.0,0.0,0.8,6.235364198803415e-05,0.0,4.925937717054697e-05,3.752429206054559e-08,0.3,10184194.96,-12.158877670188321
59.65,0,aGDL,-12.158846721918508,46.69286477929501,0.0,1.8496635841841935e-08,1.8496635841841935e-08,0.0,0.0,0.0,0.0,0.8,6.235364815269543e-05,0.0,4.925938204062938e-05,3.75243136259468e-08,0.3,10184194.96,-12.15886292541864
59.74999999999999,0,aGDL,-12.158832126817742,46.692839889407686,0.0,1.8527641703951904e-08,1.8527641703951904e-08,0.0,0.0,0.0,0.0,0.8,6.235365425482236e-05,0.0,4.925938686130966e-05,3.752433497259457e-08,0.3,10184194.96,-12.158848330219794
59.85,0,aGDL,-12.158817681286848,46.69281499951597,0.0,1.8558647563090775e-08,1.8558647563090775e-08,0.0,0.0,0.0,0.0,0.8,6.235366029441525e-05,0.0,4.925939163258804e-05,3.7524356100489825e-08,0.3,10184194.96,-12.158833884590878
59.949999999999996,0,aGDL,-12.158803385324859,46.69279010961981,0.0,1.858965341928972e-08,1.858965341928972e-08,0.0,0.0,0.0,0.0,0.8,6.235366627147449e-05,0.0,4.9259396354464844e-05,3.7524377009633766e-08,0.3,10184194.96,-12.158819588530992
60.05,0,aGDL,-12.158789238930922,46.6927652197192,0.0,1.8620659272579916e-08,1.8620659272579916e-08,0.0,0.0,0.0,0.0,0.8,6.235367218600041e-05,0.0,4.9259401026940324e-05,3.752439770002744e-08,0.3,10184194.96,-12.158805442039224
60.15,0,aGDL,-12.15877524210407,46.69274032981411,0.0,1.8651665122992545e-08,1.8651665122992545e-08,0.0,0.0,0.0,0.0,0.8,6.235367803799346e-05,0.0,4.925940565001483e-05,3.752441817167208e-08,0.3,10184194.96,-12.15879144511468
60.25,0,aGDL,-12.15876139484351,46.692715439904504,0.0,1.8682670970558773e-08,1.8682670970558773e-08,0.0,0.0,0.0,0.0,0.8,6.235368382745392e-05,0.0,4.92594102236886e-05,3.75244384245686e-08,0.3,10184194.96,-12.158777597756457
60.349999999999994,0,aGDL,-12.158747697148215,46.692690549990374,0.0,1.8713676815309777e-08,1.8713676815309777e-08,0.0,0.0,0.0,0.0,0.8,6.235368955438223e-05,0.0,4.9259414747961964e-05,3.7524458458718295e-08,0.3,10184194.96,-12.158763899963647
60.449999999999996,0,aGDL,-12.158734149017391,46.69266566007169,0.0,1.8744682657276737e-08,1.8744682657276737e-08,0.0,0.0,0.0,0.0,0.8,6.235369521877871e-05,0.0,4.9259419222835175e-05,3.7524478274122155e-08,0.3,10184194.96,-12.158750351735353
60.55,0,aGDL,-12.158720750450016,46.69264077014842,0.0,1.877568849649082e-08,1.877568849649082e-08,0.0,0.0,0.0,0.0,0.8,6.235370082064378e-05,0.0,4.9259423648308577e-05,3.7524497870781444e-08,0.3,10184194.96,-12.15873695307068
60.65,0,aGDL,-12.158707501445349,46.69261588022056,0.0,1.8806694332983206e-08,1.8806694332983206e-08,0.0,0.0,0.0,0.0,0.8,6.235370635997773e-05,0.0,4.92594280243824e-05,3.75245172486971e-08,0.3,10184194.96,-12.158723703968722
60.75,0,aGDL,-12.158694402002368,46.69259099028805,0.0,1.883770016678507e-08,1.883770016678507e-08,0.0,0.0,0.0,0.0,0.8,6.235371183678098e-05,0.0,4.925943235105698e-05,3.752453640787037e-08,0.3,10184194.96,-12.158710604428586
60.85,0,aGDL,-12.15868145212022,46.692566100350895,0.0,1.886870599792758e-08,1.886870599792758e-08,0.0,0.0,0.0,0.0,0.8,6.235371725105394e-05,0.0,4.925943662833261e-05,3.75245553483023e-08,0.3,10184194.96,-12.158697654449377
60.949999999999996,0,aGDL,-12.158668651797996,46.69254121040906,0.0,1.889971182644191e-08,1.889971182644191e-08,0.0,0.0,0.0,0.0,0.8,6.23537226027969e-05,0.0,4.925944085620955e-05,3.752457406999409e-08,0.3,10184194.96,-12.158684854030195
61.04999999999999,0,aGDL,-12.158656001034785,46.692516320462516,0.0,1.893071765235924e-08,1.893071765235924e-08,0.0,0.0,0.0,0.0,0.8,6.235372789201027e-05,0.0,4.9259445034688115e-05,3.7524592572946826e-08,0.3,10184194.96,-12.158672203170147
61.15,0,aGDL,-12.158643499829736,46.69249143051125,0.0,1.8961723475710742e-08,1.8961723475710742e-08,0.0,0.0,0.0,0.0,0.8,6.23537331186944e-05,0.0,4.9259449163768574e-05,3.7524610857161564e-08,0.3,10184194.96,-12.158659701868338
61.25,0,aGDL,-12.158631148181996,46.69246654055522,0.0,1.8992729296527587e-08,1.8992729296527587e-08,0.0,0.0,0.0,0.0,0.8,6.235373828284963e-05,0.0,4.925945324345121e-05,3.7524628922639426e-08,0.3,10184194.96,-12.158647350123879
61.35,0,aGDL,-12.158618946090542,46.69244165059442,0.0,1.902373511484095e-08,1.902373511484095e-08,0.0,0.0,0.0,0.0,0.8,6.23537433844764e-05,0.0,4.9259457273736356e-05,3.752464676938169e-08,0.3,10184194.96,-12.158635147935868
61.45,0,aGDL,-12.158606893554577,46.69241676062881,0.0,1.9054740930681994e-08,1.9054740930681994e-08,0.0,0.0,0.0,0.0,0.8,6.235374842357503e-05,0.0,4.925946125462427e-05,3.752466439738935e-08,0.3,10184194.96,-12.158623095303424
61.54999999999999,0,aGDL,-12.158594990573192,46.69239187065837,0.0,1.9085746744081904e-08,1.9085746744081904e-08,0.0,0.0,0.0,0.0,0.8,6.235375340014589e-05,0.0,4.9259465186115245e-05,3.7524681806663557e-08,0.3,10184194.96,-12.158611192225653
61.64999999999999,0,aGDL,-12.158583237145479,46.692366980683076,0.0,1.911675255507185e-08,1.911675255507185e-08,0.0,0.0,0.0,0.0,0.8,6.235375831418932e-05,0.0,4.925946906820956e-05,3.7524698997205433e-08,0.3,10184194.96,-12.158599438701662
61.75,0,aGDL,-12.158571633270583,46.6923420907029,0.0,1.9147758363683002e-08,1.9147758363683002e-08,0.0,0.0,0.0,0.0,0.8,6.235376316570572e-05,0.0,4.9259472900907524e-05,3.752471596901612e-08,0.3,10184194.96,-12.158587834730568
61.85,0,aGDL,-12.158560178947596,46.69231720071783,0.0,1.917876416994653e-08,1.917876416994653e-08,0.0,0.0,0.0,0.0,0.8,6.235376795469546e-05,0.0,4.9259476684209416e-05,3.752473272209671e-08,0.3,10184194.96,-12.158576380311477
61.95,0,aGDL,-12.158548874175608,46.69229231072782,0.0,1.920976997389361e-08,1.920976997389361e-08,0.0,0.0,0.0,0.0,0.8,6.23537726811589e-05,0.0,4.925948041811552e-05,3.752474925644838e-08,0.3,10184194.96,-12.158565075443507
62.04999999999999,0,aGDL,-12.158537718953767,46.69226742073287,0.0,1.9240775775555408e-08,1.9240775775555408e-08,0.0,0.0,0.0,0.0,0.8,6.235377734509638e-05,0.0,4.9259484102626134e-05,3.752476557207225e-08,0.3,10184194.96,-12.158553920125769
62.14999999999999,0,aGDL,-12.15852671328122,46.69224253073293,0.0,1.92717815749631e-08,1.92717815749631e-08,0.0,0.0,0.0,0.0,0.8,6.235378194650825e-05,0.0,4.925948773774152e-05,3.7524781668969343e-08,0.3,10184194.96,-12.158542914357378
62.24999999999999,0,aGDL,-12.158515857157,46.69221764072799,0.0,1.930278737214786e-08,1.930278737214786e-08,0.0,0.0,0.0,0.0,0.8,6.235378648539494e-05,0.0,4.9259491323462e-05,3.752479754714098e-08,0.3,10184194.96,-12.158532058137453
62.349999999999994,0,aGDL,-12.158505150580254,46.69219275071802,0.0,1.933379316714085e-08,1.933379316714085e-08,0.0,0.0,0.0,0.0,0.8,6.235379096175678e-05,0.0,4.9259494859787856e-05,3.752481320658819e-08,0.3,10184194.96,-12.158521351465108
62.45,0,aGDL,-12.158494593550131,46.692167860703,0.0,1.936479895997325e-08,1.936479895997325e-08,0.0,0.0,0.0,0.0,0.8,6.235379537559411e-05,0.0,4.925949834671935e-05,3.752482864731205e-08,0.3,10184194.96,-12.158510794339458
62.550000000000004,0,aGDL,-12.158484186065664,46.69214297068291,0.0,1.9395804750676224e-08,1.9395804750676224e-08,0.0,0.0,0.0,0.0,0.8,6.235379972690735e-05,0.0,4.92595017842568e-05,3.7524843869313904e-08,0.3,10184194.96,-12.158500386759625
62.650000000000006,0,aGDL,-12.158473928126114,46.69211808065771,0.0,1.9426810539280944e-08,1.9426810539280944e-08,0.0,0.0,0.0,0.0,0.8,6.235380401569678e-05,0.0,4.9259505172400456e-05,3.7524858872594616e-08,0.3,10184194.96,-12.15849012872473
62.74999999999999,0,aGDL,-12.158463819730514,46.692093190627375,0.0,1.945781632581858e-08,1.945781632581858e-08,0.0,0.0,0.0,0.0,0.8,6.235380824196282e-05,0.0,4.925950851115063e-05,3.752487365715545e-08,0.3,10184194.96,-12.158480020233888
62.849999999999994,0,aGDL,-12.158453860877955,46.69206830059189,0.0,1.9488822110320307e-08,1.9488822110320307e-08,0.0,0.0,0.0,0.0,0.8,6.235381240570585e-05,0.0,4.925951180050762e-05,3.752488822299758e-08,0.3,10184194.96,-12.158470061286224
62.949999999999996,0,aGDL,-12.158444051567585,46.692043410551236,0.0,1.9519827892817288e-08,1.9519827892817288e-08,0.0,0.0,0.0,0.0,0.8,6.235381650692618e-05,0.0,4.925951504047168e-05,3.752490257012214e-08,0.3,10184194.96,-12.158460251880859
63.050000000000004,0,aGDL,-12.158434391798608,46.69201852050538,0.0,1.95508336733407e-08,1.95508336733407e-08,0.0,0.0,0.0,0.0,0.8,6.235382054562417e-05,0.0,4.925951823104309e-05,3.7524916698530125e-08,0.3,10184194.96,-12.158450592016914
63.14999999999999,0,aGDL,-12.15842488157,46.69199363045429,0.0,1.95818394519217e-08,1.95818394519217e-08,0.0,0.0,0.0,0.0,0.8,6.235382452180025e-05,0.0,4.925952137222219e-05,3.7524930608222885e-08,0.3,10184194.96,-12.158441081693514
63.24999999999999,0,aGDL,-12.158415520881022,46.69196874039795,0.0,1.9612845228591473e-08,1.9612845228591473e-08,0.0,0.0,0.0,0.0,0.8,6.235382843545471e-05,0.0,4.925952446400921e-05,3.752494429920139e-08,0.3,10184194.96,-12.158431720909784
63.349999999999994,0,aGDL,-12.158406309730708,46.69194385033633,0.0,1.964385100338118e-08,1.964385100338118e-08,0.0,0.0,0.0,0.0,0.8,6.235383228658793e-05,0.0,4.925952750640447e-05,3.752495777146687e-08,0.3,10184194.96,-12.158422509664852
63.449999999999996,0,aGDL,-12.158397248118263,46.69191896026941,0.0,1.9674856776321988e-08,1.9674856776321988e-08,0.0,0.0,0.0,0.0,0.8,6.235383607520027e-05,0.0,4.9259530499408214e-05,3.7524971025020414e-08,0.3,10184194.96,-12.158413447957841
63.55,0,aGDL,-12.15838833604272,46.69189407019717,0.0,1.9705862547445067e-08,1.9705862547445067e-08,0.0,0.0,0.0,0.0,0.8,6.235383980129212e-05,0.0,4.9259533443020764e-05,3.752498405986326e-08,0.3,10184194.96,-12.15840453578788
63.650000000000006,0,aGDL,-12.158379573503282,46.691869180119575,0.0,1.973686831678159e-08,1.973686831678159e-08,0.0,0.0,0.0,0.0,0.8,6.23538434648638e-05,0.0,4.925953633724239e-05,3.7524996875996464e-08,0.3,10184194.96,-12.158395773154098
63.75000000000001,0,aGDL,-12.158370960499042,46.691844290036606,0.0,1.976787408436272e-08,1.976787408436272e-08,0.0,0.0,0.0,0.0,0.8,6.235384706591569e-05,0.0,4.925953918207339e-05,3.7525009473421166e-08,0.3,10184194.96,-12.158387160055625
63.849999999999994,0,aGDL,-12.158362497029145,46.69181939994823,0.0,1.9798879850219623e-08,1.9798879850219623e-08,0.0,0.0,0.0,0.0,0.8,6.235385060444813e-05,0.0,4.9259541977514026e-05,3.7525021852138574e-08,0.3,10184194.96,-12.158378696491587
63.949999999999996,0,aGDL,-12.15835418309274,46.69179450985443,0.0,1.9829885614383476e-08,1.9829885614383476e-08,0.0,0.0,0.0,0.0,0.8,6.23538540804615e-05,0.0,4.925954472356459e-05,3.752503401214975e-08,0.3,10184194.96,-12.158370382461117
64.05,0,aGDL,-12.158346018688917,46.691769619755185,0.0,1.986089137688544e-08,1.986089137688544e-08,0.0,0.0,0.0,0.0,0.8,6.235385749395618e-05,0.0,4.925954742022537e-05,3.752504595345592e-08,0.3,10184194.96,-12.158362217963353
64.15,0,aGDL,-12.158338003816823,46.69174472965046,0.0,1.9891897137756688e-08,1.9891897137756688e-08,0.0,0.0,0.0,0.0,0.8,6.235386084493246e-05,0.0,4.925955006749664e-05,3.752505767605823e-08,0.3,10184194.96,-12.158354202997415
64.24999999999999,0,aGDL,-12.158330138475606,46.691719839540234,0.0,1.9922902897028376e-08,1.9922902897028376e-08,0.0,0.0,0.0,0.0,0.8,6.235386413339076e-05,0.0,4.92595526653787e-05,3.752506917995778e-08,0.3,10184194.96,-12.158346337562449
64.35,0,aGDL,-12.158322422664355,46.69169494942448,0.0,1.9953908654731684e-08,1.9953908654731684e-08,0.0,0.0,0.0,0.0,0.8,6.235386735933142e-05,0.0,4.925955521387183e-05,3.752508046515578e-08,0.3,10184194.96,-12.158338621657583
64.44999999999999,0,aGDL,-12.158314856382276,46.69167005930318,0.0,1.9984914410897773e-08,1.9984914410897773e-08,0.0,0.0,0.0,0.0,0.8,6.235387052275477e-05,0.0,4.925955771297627e-05,3.75250915316533e-08,0.3,10184194.96,-12.158331055281955
64.55,0,aGDL,-12.158307439628459,46.691645169176304,0.0,2.001592016555781e-08,2.001592016555781e-08,0.0,0.0,0.0,0.0,0.8,6.235387362366122e-05,0.0,4.925956016269236e-05,3.752510237945157e-08,0.3,10184194.96,-12.158323638434705
64.65,0,aGDL,-12.158300172402107,46.691620279043825,0.0,2.0046925918742965e-08,2.0046925918742965e-08,0.0,0.0,0.0,0.0,0.8,6.235387666205106e-05,0.0,4.925956256302033e-05,3.752511300855164e-08,0.3,10184194.96,-12.158316371114962
64.75,0,aGDL,-12.158293054702256,46.691595388905725,0.0,2.0077931670484402e-08,2.0077931670484402e-08,0.0,0.0,0.0,0.0,0.8,6.23538796379247e-05,0.0,4.925956491396052e-05,3.752512341895475e-08,0.3,10184194.96,-12.158309253321873
64.85000000000001,0,aGDL,-12.158286086528108,46.691570498761976,0.0,2.0108937420813282e-08,2.0108937420813282e-08,0.0,0.0,0.0,0.0,0.8,6.235388255128248e-05,0.0,4.9259567215513156e-05,3.752513361066205e-08,0.3,10184194.96,-12.158302285054575
64.94999999999999,0,aGDL,-12.158279267878754,46.69154560861255,0.0,2.0139943169760777e-08,2.0139943169760777e-08,0.0,0.0,0.0,0.0,0.8,6.235388540212476e-05,0.0,4.925956946767856e-05,3.752514358367474e-08,0.3,10184194.96,-12.158295466312202
65.05,0,aGDL,-12.158272598753399,46.691520718457426,0.0,2.0170948917358052e-08,2.0170948917358052e-08,0.0,0.0,0.0,0.0,0.8,6.235388819045188e-05,0.0,4.925957167045698e-05,3.7525153337993866e-08,0.3,10184194.96,-12.1582887970939
65.14999999999999,0,aGDL,-12.15826607915119,46.691495828296574,0.0,2.0201954663636275e-08,2.0201954663636275e-08,0.0,0.0,0.0,0.0,0.8,6.23538909162642e-05,0.0,4.925957382384872e-05,3.752516287362058e-08,0.3,10184194.96,-12.158282277398815
65.25,0,aGDL,-12.15825970907116,46.691470938129974,0.0,2.0232960408626608e-08,2.0232960408626608e-08,0.0,0.0,0.0,0.0,0.8,6.23538935795621e-05,0.0,4.925957592785406e-05,3.752517219055622e-08,0.3,10184194.96,-12.158275907226082
65.35,0,aGDL,-12.158253488512628,46.691446047957605,0.0,2.0263966152360218e-08,2.0263966152360218e-08,0.0,0.0,0.0,0.0,0.8,6.235389618034588e-05,0.0,4.925957798247325e-05,3.752518128880169e-08,0.3,10184194.96,-12.158269686574855
65.44999999999999,0,aGDL,-12.15824741747457,46.69142115777943,0.0,2.0294971894868264e-08,2.0294971894868264e-08,0.0,0.0,0.0,0.0,0.8,6.235389871861594e-05,0.0,4.9259579987706595e-05,3.752519016835832e-08,0.3,10184194.96,-12.15826361544427
65.55,0,aGDL,-12.15824149595619,46.69139626759544,0.0,2.0325977636181925e-08,2.0325977636181925e-08,0.0,0.0,0.0,0.0,0.8,6.235390119437266e-05,0.0,4.92595819435544e-05,3.752519882922729e-08,0.3,10184194.96,-12.158257693833475
65.64999999999999,0,aGDL,-12.158235723956693,46.691371377405595,0.0,2.0356983376332354e-08,2.0356983376332354e-08,0.0,0.0,0.0,0.0,0.8,6.235390360761632e-05,0.0,4.925958385001689e-05,3.752520727140962e-08,0.3,10184194.96,-12.158251921741618
65.75,0,aGDL,-12.15823010147517,46.69134648720988,0.0,2.0387989115350717e-08,2.0387989115350717e-08,0.0,0.0,0.0,0.0,0.8,6.235390595834731e-05,0.0,4.925958570709437e-05,3.7525215494906593e-08,0.3,10184194.96,-12.158246299167844
65.85,0,aGDL,-12.158224628510766,46.69132159700826,0.0,2.0418994853268182e-08,2.0418994853268182e-08,0.0,0.0,0.0,0.0,0.8,6.235390824656597e-05,0.0,4.925958751478712e-05,3.752522349971931e-08,0.3,10184194.96,-12.15824082611131
65.95,0,aGDL,-12.158219305062687,46.69129670680073,0.0,2.045000059011591e-08,2.045000059011591e-08,0.0,0.0,0.0,0.0,0.8,6.235391047227269e-05,0.0,4.925958927309543e-05,3.7525231285848895e-08,0.3,10184194.96,-12.158235502571154
66.05,0,aGDL,-12.158214131129967,46.69127181658724,0.0,2.0481006325925065e-08,2.0481006325925065e-08,0.0,0.0,0.0,0.0,0.8,6.23539126354678e-05,0.0,4.9259590982019565e-05,3.752523885329669e-08,0.3,10184194.96,-12.158230328546528
66.14999999999999,0,aGDL,-12.158209106711922,46.69124692636778,0.0,2.0512012060726815e-08,2.0512012060726815e-08,0.0,0.0,0.0,0.0,0.8,6.235391473615162e-05,0.0,4.925959264155977e-05,3.752524620206361e-08,0.3,10184194.96,-12.158225304036597
66.25,0,aGDL,-12.158204231807531,46.69122203614232,0.0,2.054301779455232e-08,2.054301779455232e-08,0.0,0.0,0.0,0.0,0.8,6.235391677432456e-05,0.0,4.92595942517164e-05,3.752525333215107e-08,0.3,10184194.96,-12.158220429040496
66.35,0,aGDL,-12.158199506416054,46.69119714591084,0.0,2.057402352743275e-08,2.057402352743275e-08,0.0,0.0,0.0,0.0,0.8,6.235391874998693e-05,0.0,4.925959581248967e-05,3.752526024356008e-08,0.3,10184194.96,-12.158215703557392
66.45,0,aGDL,-12.158194930536638,46.691172255673315,0.0,2.060502925939926e-08,2.060502925939926e-08,0.0,0.0,0.0,0.0,0.8,6.235392066313909e-05,0.0,4.925959732387988e-05,3.752526693629183e-08,0.3,10184194.96,-12.158211127586426
66.55,0,aGDL,-12.15819050416843,46.69114736542972,0.0,2.063603499048301e-08,2.063603499048301e-08,0.0,0.0,0.0,0.0,0.8,6.235392251378139e-05,0.0,4.925959878588729e-05,3.7525273410347485e-08,0.3,10184194.96,-12.158206701126764
66.64999999999999,0,aGDL,-12.158186227310523,46.69112247518002,0.0,2.066704072071517e-08,2.066704072071517e-08,0.0,0.0,0.0,0.0,0.8,6.23539243019142e-05,0.0,4.925960019851222e-05,3.7525279665728324e-08,0.3,10184194.96,-12.158202424177558
66.75,0,aGDL,-12.158182099962175,46.69109758492421,0.0,2.0698046450126906e-08,2.0698046450126906e-08,0.0,0.0,0.0,0.0,0.8,6.235392602753786e-05,0.0,4.925960156175491e-05,3.7525285702435366e-08,0.3,10184194.96,-12.158198296737964
66.85,0,aGDL,-12.158178122122479,46.69107269466224,0.0,2.0729052178749376e-08,2.0729052178749376e-08,0.0,0.0,0.0,0.0,0.8,6.23539276906527e-05,0.0,4.9259602875615624e-05,3.7525291520469854e-08,0.3,10184194.96,-12.158194318807142
66.95,0,aGDL,-12.158174293790637,46.6910478043941,0.0,2.076005790661374e-08,2.076005790661374e-08,0.0,0.0,0.0,0.0,0.8,6.235392929125907e-05,0.0,4.9259604140094665e-05,3.7525297119832887e-08,0.3,10184194.96,-12.158190490384248
67.05,0,aGDL,-12.15817061496574,46.69102291411977,0.0,2.0791063633751167e-08,2.0791063633751167e-08,0.0,0.0,0.0,0.0,0.8,6.235393082935736e-05,0.0,4.9259605355192315e-05,3.752530250052579e-08,0.3,10184194.96,-12.158186811468447
67.14999999999999,0,aGDL,-12.158167085646994,46.690998023839214,0.0,2.082206936019281e-08,2.082206936019281e-08,0.0,0.0,0.0,0.0,0.8,6.235393230494789e-05,0.0,4.9259606520908825e-05,3.752530766254963e-08,0.3,10184194.96,-12.158183282058895
67.25,0,aGDL,-12.158163705833601,46.69097313355242,0.0,2.085307508596984e-08,2.085307508596984e-08,0.0,0.0,0.0,0.0,0.8,6.235393371803098e-05,0.0,4.925960763724447e-05,3.7525312605905544e-08,0.3,10184194.96,-12.158179902154755
67.35,0,aGDL,-12.158160475524653,46.69094824325934,0.0,2.0884080811113413e-08,2.0884080811113413e-08,0.0,0.0,0.0,0.0,0.8,6.235393506860703e-05,0.0,4.925960870419956e-05,3.752531733059476e-08,0.3,10184194.96,-12.158176671755191
67.45,0,aGDL,-12.158157394719296,46.69092335295998,0.0,2.0915086535654692e-08,2.0915086535654692e-08,0.0,0.0,0.0,0.0,0.8,6.23539363566764e-05,0.0,4.925960972177436e-05,3.752532183661857e-08,0.3,10184194.96,-12.158173590859365
67.55,0,aGDL,-12.158154463416793,46.69089846265429,0.0,2.094609225962484e-08,2.094609225962484e-08,0.0,0.0,0.0,0.0,0.8,6.235393758223938e-05,0.0,4.92596106899691e-05,3.752532612397794e-08,0.3,10184194.96,-12.158170659466439
67.64999999999999,0,aGDL,-12.158151681616289,46.690873572342255,0.0,2.0977097983055015e-08,2.0977097983055015e-08,0.0,0.0,0.0,0.0,0.8,6.235393874529632e-05,0.0,4.925961160878408e-05,3.75253301926741e-08,0.3,10184194.96,-12.158167877575586
67.75,0,aGDL,-12.158149049316876,46.69084868202385,0.0,2.1008103705976377e-08,2.1008103705976377e-08,0.0,0.0,0.0,0.0,0.8,6.23539398458476e-05,0.0,4.92596124782196e-05,3.752533404270832e-08,0.3,10184194.96,-12.15816524518597
67.85,0,aGDL,-12.158146566517757,46.69082379169905,0.0,2.1039109428420095e-08,2.1039109428420095e-08,0.0,0.0,0.0,0.0,0.8,6.235394088389356e-05,0.0,4.925961329827591e-05,3.7525337674081755e-08,0.3,10184194.96,-12.158162762296753
67.95,0,aGDL,-12.158144233218081,46.69079890136783,0.0,2.107011515041732e-08,2.107011515041732e-08,0.0,0.0,0.0,0.0,0.8,6.235394185943456e-05,0.0,4.9259614068953297e-05,3.7525341086795565e-08,0.3,10184194.96,-12.158160428907106
68.05,0,aGDL,-12.158142049417108,46.690774011030165,0.0,2.110112087199922e-08,2.110112087199922e-08,0.0,0.0,0.0,0.0,0.8,6.23539427724709e-05,0.0,4.925961479025201e-05,3.752534428085085e-08,0.3,10184194.96,-12.158158245016203
68.15,0,aGDL,-12.158140015113872,46.69074912068603,0.0,2.113212659319695e-08,2.113212659319695e-08,0.0,0.0,0.0,0.0,0.8,6.2353943623003e-05,0.0,4.925961546217235e-05,3.752534725624898e-08,0.3,10184194.96,-12.158156210623206
68.24999999999999,0,aGDL,-12.158138130307634,46.6907242303354,0.0,2.1163132314041672e-08,2.1163132314041672e-08,0.0,0.0,0.0,0.0,0.8,6.235394441103113e-05,0.0,4.9259616084714586e-05,3.7525350012990997e-08,0.3,10184194.96,-12.158154325727294
68.35,0,aGDL,-12.158136394997598,46.690699339978245,0.0,2.1194138034564545e-08,2.1194138034564545e-08,0.0,0.0,0.0,0.0,0.8,6.235394513655564e-05,0.0,4.925961665787895e-05,3.752535255107802e-08,0.3,10184194.96,-12.158152590327637
68.45,0,aGDL,-12.158134809182854,46.690674449614555,0.0,2.1225143754796733e-08,2.1225143754796733e-08,0.0,0.0,0.0,0.0,0.8,6.235394579957693e-05,0.0,4.925961718166576e-05,3.7525354870511384e-08,0.3,10184194.96,-12.158151004423402
68.55,0,aGDL,-12.158133372862551,46.69064955924429,0.0,2.1256149474769388e-08,2.1256149474769388e-08,0.0,0.0,0.0,0.0,0.8,6.235394640009531e-05,0.0,4.9259617656075304e-05,3.752535697129227e-08,0.3,10184194.96,-12.158149568013775
68.65,0,aGDL,-12.158132086036005,46.690624668867436,0.0,2.128715519451368e-08,2.128715519451368e-08,0.0,0.0,0.0,0.0,0.8,6.235394693811113e-05,0.0,4.925961808110778e-05,3.7525358853421715e-08,0.3,10184194.96,-12.15814828109792
68.74999999999999,0,aGDL,-12.15813094870225,46.69059977848396,0.0,2.1318160914060756e-08,2.1318160914060756e-08,0.0,0.0,0.0,0.0,0.8,6.235394741362476e-05,0.0,4.9259618456763555e-05,3.7525360516901084e-08,0.3,10184194.96,-12.158147143675018
68.85,0,aGDL,-12.158129960860549,46.690574888093835,0.0,2.134916663344178e-08,2.134916663344178e-08,0.0,0.0,0.0,0.0,0.8,6.235394782663646e-05,0.0,4.925961878304281e-05,3.752536196173144e-08,0.3,10184194.96,-12.158146155744246
68.94999999999999,0,aGDL,-12.158129122510047,46.69054999769705,0.0,2.1380172352687915e-08,2.1380172352687915e-08,0.0,0.0,0.0,0.0,0.8,6.235394817714667e-05,0.0,4.9259619059945854e-05,3.7525363187913995e-08,0.3,10184194.96,-12.15814531730478
69.05,0,aGDL,-12.15812843364995,46.69052510729356,0.0,2.141117807183032e-08,2.141117807183032e-08,0.0,0.0,0.0,0.0,0.8,6.235394846515566e-05,0.0,4.925961928747297e-05,3.752536419544992e-08,0.3,10184194.96,-12.158144628355803
69.15,0,aGDL,-12.158127894279346,46.69050021688336,0.0,2.1442183790900146e-08,2.1442183790900146e-08,0.0,0.0,0.0,0.0,0.8,6.235394869066385e-05,0.0,4.925961946562443e-05,3.752536498434052e-08,0.3,10184194.96,-12.158144088896488
69.25,0,aGDL,-12.158127504397555,46.69047532646641,0.0,2.1473189509928555e-08,2.1473189509928555e-08,0.0,0.0,0.0,0.0,0.8,6.235394885367149e-05,0.0,4.925961959440047e-05,3.7525365554586856e-08,0.3,10184194.96,-12.158143698926024
69.35,0,aGDL,-12.158127264003667,46.6904504360427,0.0,2.1504195228946707e-08,2.1504195228946707e-08,0.0,0.0,0.0,0.0,0.8,6.235394895417898e-05,0.0,4.925961967380139e-05,3.752536590619016e-08,0.3,10184194.96,-12.158143458443588
69.44999999999999,0,aGDL,-12.15812717309683,46.69042554561219,0.0,2.153520094798576e-08,2.153520094798576e-08,0.0,0.0,0.0,0.0,0.8,6.235394899218668e-05,0.0,4.925961970382748e-05,3.7525366039151674e-08,0.3,10184194.96,-12.15814336744836
69.55,0,aGDL,-12.15812723167636,46.69040065517487,0.0,2.1566206667076872e-08,2.1566206667076872e-08,0.0,0.0,0.0,0.0,0.8,6.235394896769488e-05,0.0,4.925961968447894e-05,3.75253659534725e-08,0.3,10184194.96,-12.158143425939528
69.65,0,aGDL,-12.15812743974135,46.6903757647307,0.0,2.15972123862512e-08,2.15972123862512e-08,0.0,0.0,0.0,0.0,0.8,6.235394888070391e-05,0.0,4.9259619615756094e-05,3.752536564915386e-08,0.3,10184194.96,-12.15814363391628
69.75,0,aGDL,-12.158127797290945,46.69035087427967,0.0,2.16282181055399e-08,2.16282181055399e-08,0.0,0.0,0.0,0.0,0.8,6.235394873121421e-05,0.0,4.925961949765923e-05,3.752536512619707e-08,0.3,10184194.96,-12.158143991377797
69.85,0,aGDL,-12.158128304324464,46.690325983821744,0.0,2.1659223824974125e-08,2.1659223824974125e-08,0.0,0.0,0.0,0.0,0.8,6.2353948519226e-05,0.0,4.9259619330188544e-05,3.7525364384603076e-08,0.3,10184194.96,-12.158144498323264
69.94999999999999,0,aGDL,-12.15812896084094,46.6903010933569,0.0,2.169022954458504e-08,2.169022954458504e-08,0.0,0.0,0.0,0.0,0.8,6.235394824473972e-05,0.0,4.925961911334437e-05,3.7525363424373367e-08,0.3,10184194.96,-12.158145154751871
70.05,0,aGDL,-12.158129766839693,46.690276202885116,0.0,2.1721235264403805e-08,2.1721235264403805e-08,0.0,0.0,0.0,0.0,0.8,6.235394790775562e-05,0.0,4.925961884712694e-05,3.752536224550888e-08,0.3,10184194.96,-12.15814596066281
70.14999999999999,0,aGDL,-12.158130722319868,46.69025131240636,0.0,2.1752240984461567e-08,2.1752240984461567e-08,0.0,0.0,0.0,0.0,0.8,6.235394750827409e-05,0.0,4.925961853153653e-05,3.752536084801094e-08,0.3,10184194.96,-12.158146916055266
70.25,0,aGDL,-12.158131827280613,46.69022642192061,0.0,2.178324670478949e-08,2.178324670478949e-08,0.0,0.0,0.0,0.0,0.8,6.235394704629549e-05,0.0,4.9259618166573435e-05,3.7525359231880754e-08,0.3,10184194.96,-12.15814802092843
70.35000000000001,0,aGDL,-12.158133081721132,46.69020153142785,0.0,2.1814252425418728e-08,2.1814252425418728e-08,0.0,0.0,0.0,0.0,0.8,6.235394652182011e-05,0.0,4.9259617752237883e-05,3.752535739711955e-08,0.3,10184194.96,-12.158149275281493
70.45,0,aGDL,-12.158134485640687,46.69017664092805,0.0,2.1845258146380433e-08,2.1845258146380433e-08,0.0,0.0,0.0,0.0,0.8,6.235394593484829e-05,0.0,4.925961728853015e-05,3.752535534372837e-08,0.3,10184194.96,-12.158150679113653
70.55,0,aGDL,-12.158136039038425,46.69015175042118,0.0,2.1876263867705767e-08,2.1876263867705767e-08,0.0,0.0,0.0,0.0,0.8,6.235394528538041e-05,0.0,4.925961677545052e-05,3.7525353071708556e-08,0.3,10184194.96,-12.158152232424097
70.64999999999999,0,aGDL,-12.158137741913492,46.69012685990722,0.0,2.1907269589425888e-08,2.1907269589425888e-08,0.0,0.0,0.0,0.0,0.8,6.235394457341679e-05,0.0,4.9259616212999264e-05,3.7525350581061306e-08,0.3,10184194.96,-12.158153935212018
70.75,0,aGDL,-12.158139594265151,46.69010196938614,0.0,2.1938275311571947e-08,2.1938275311571947e-08,0.0,0.0,0.0,0.0,0.8,6.235394379895775e-05,0.0,4.925961560117662e-05,3.752534787178776e-08,0.3,10184194.96,-12.158155787476623
70.85,0,aGDL,-12.158141596092605,46.690077078857925,0.0,2.19692810341751e-08,2.19692810341751e-08,0.0,0.0,0.0,0.0,0.8,6.235394296200362e-05,0.0,4.925961493998286e-05,3.75253449438891e-08,0.3,10184194.96,-12.158157789217098
70.94999999999999,0,aGDL,-12.158143747394945,46.69005218832254,0.0,2.20002867572665e-08,2.20002867572665e-08,0.0,0.0,0.0,0.0,0.8,6.23539420625548e-05,0.0,4.925961422941829e-05,3.752534179736672e-08,0.3,10184194.96,-12.158159940432641
71.05,0,aGDL,-12.158146048171545,46.69002729777996,0.0,2.203129248087731e-08,2.203129248087731e-08,0.0,0.0,0.0,0.0,0.8,6.235394110061155e-05,0.0,4.925961346948312e-05,3.752533843222149e-08,0.3,10184194.96,-12.15816224112246
71.14999999999999,0,aGDL,-12.15814849842144,46.690002407230175,0.0,2.206229820503868e-08,2.206229820503868e-08,0.0,0.0,0.0,0.0,0.8,6.235394007617423e-05,0.0,4.925961266017764e-05,3.752533484845497e-08,0.3,10184194.96,-12.158164691285743
71.25,0,aGDL,-12.15815109814389,46.689977516673146,0.0,2.209330392978177e-08,2.209330392978177e-08,0.0,0.0,0.0,0.0,0.8,6.235393898924322e-05,0.0,4.925961180150214e-05,3.7525331046068166e-08,0.3,10184194.96,-12.158167290921693
71.35,0,aGDL,-12.158153847338156,46.68995262610885,0.0,2.2124309655137725e-08,2.2124309655137725e-08,0.0,0.0,0.0,0.0,0.8,6.235393783981879e-05,0.0,4.925961089345683e-05,3.7525327025062224e-08,0.3,10184194.96,-12.158170040029512
71.45,0,aGDL,-12.158156746003328,46.68992773553726,0.0,2.215531538113771e-08,2.215531538113771e-08,0.0,0.0,0.0,0.0,0.8,6.235393662790131e-05,0.0,4.925960993604203e-05,3.752532278543857e-08,0.3,10184194.96,-12.158172938608406
71.55000000000001,0,aGDL,-12.158159794138726,46.68990284495836,0.0,2.2186321107812872e-08,2.2186321107812872e-08,0.0,0.0,0.0,0.0,0.8,6.23539353534911e-05,0.0,4.925960892925797e-05,3.7525318327198176e-08,0.3,10184194.96,-12.158175986657579
71.64999999999999,0,aGDL,-12.158162991743438,46.68987795437212,0.0,2.221732683519437e-08,2.221732683519437e-08,0.0,0.0,0.0,0.0,0.8,6.235393401658852e-05,0.0,4.9259607873104924e-05,3.7525313650342484e-08,0.3,10184194.96,-12.158179184176227
71.75,0,aGDL,-12.158166338816784,46.68985306377852,0.0,2.2248332563313357e-08,2.2248332563313357e-08,0.0,0.0,0.0,0.0,0.8,6.235393261719386e-05,0.0,4.925960676758315e-05,3.752530875487249e-08,0.3,10184194.96,-12.158182531163563
71.85,0,aGDL,-12.15816983535791,46.689828173177524,0.0,2.2279338292200988e-08,2.2279338292200988e-08,0.0,0.0,0.0,0.0,0.8,6.23539311553075e-05,0.0,4.925960561269292e-05,3.7525303640789465e-08,0.3,10184194.96,-12.158186027618793
71.95,0,aGDL,-12.158173481365964,46.689803282569116,0.0,2.2310344021888416e-08,2.2310344021888416e-08,0.0,0.0,0.0,0.0,0.8,6.235392963092976e-05,0.0,4.925960440843451e-05,3.752529830809481e-08,0.3,10184194.96,-12.158189673541118
72.04999999999998,0,aGDL,-12.158177276840263,46.68977839195327,0.0,2.2341349752406794e-08,2.2341349752406794e-08,0.0,0.0,0.0,0.0,0.8,6.235392804406096e-05,0.0,4.9259603154808146e-05,3.7525292756789495e-08,0.3,10184194.96,-12.158193468929758
72.14999999999999,0,aGDL,-12.158181221780012,46.68975350132996,0.0,2.2372355483787276e-08,2.2372355483787276e-08,0.0,0.0,0.0,0.0,0.8,6.235392639470142e-05,0.0,4.925960185181412e-05,3.7525286986874724e-08,0.3,10184194.96,-12.15819741378391
72.25,0,aGDL,-12.158185316184301,46.689728610699156,0.0,2.2403361216061017e-08,2.2403361216061017e-08,0.0,0.0,0.0,0.0,0.8,6.23539246828515e-05,0.0,4.925960049945269e-05,3.752528099835195e-08,0.3,10184194.96,-12.158201508102788
72.35,0,aGDL,-12.158189560052449,46.68970372006084,0.0,2.243436694925917e-08,2.243436694925917e-08,0.0,0.0,0.0,0.0,0.8,6.235392290851154e-05,0.0,4.925959909772412e-05,3.7525274791222166e-08,0.3,10184194.96,-12.158205751885612
72.45,0,aGDL,-12.158193953383659,46.689678829414994,0.0,2.2465372683412882e-08,2.2465372683412882e-08,0.0,0.0,0.0,0.0,0.8,6.235392107168183e-05,0.0,4.925959764662865e-05,3.752526836548666e-08,0.3,10184194.96,-12.158210145131584
72.55,0,aGDL,-12.158198496177135,46.68965393876157,0.0,2.2496378418553314e-08,2.2496378418553314e-08,0.0,0.0,0.0,0.0,0.8,6.235391917236273e-05,0.0,4.925959614616656e-05,3.752526172114662e-08,0.3,10184194.96,-12.15821468783992
72.65,0,aGDL,-12.158203188432026,46.68962904810057,0.0,2.2527384154711614e-08,2.2527384154711614e-08,0.0,0.0,0.0,0.0,0.8,6.235391721055461e-05,0.0,4.9259594596338126e-05,3.752525485820339e-08,0.3,10184194.96,-12.158219380009836
72.75,0,aGDL,-12.158208030147648,46.68960415743196,0.0,2.2558389891918938e-08,2.2558389891918938e-08,0.0,0.0,0.0,0.0,0.8,6.235391518625771e-05,0.0,4.9259592997143594e-05,3.752524777665801e-08,0.3,10184194.96,-12.158224221640543
72.85,0,aGDL,-12.15821302132315,46.6895792667557,0.0,2.2589395630206437e-08,2.2589395630206437e-08,0.0,0.0,0.0,0.0,0.8,6.235391309947243e-05,0.0,4.9259591348583217e-05,3.7525240476511795e-08,0.3,10184194.96,-12.158229212731264
72.95,0,aGDL,-12.158218161957791,46.68955437607178,0.0,2.2620401369605264e-08,2.2620401369605264e-08,0.0,0.0,0.0,0.0,0.8,6.235391095019907e-05,0.0,4.925958965065726e-05,3.752523295776595e-08,0.3,10184194.96,-12.158234353281212
73.05,0,aGDL,-12.158223452050777,46.68952948538018,0.0,2.265140711014657e-08,2.265140711014657e-08,0.0,0.0,0.0,0.0,0.8,6.235390873843795e-05,0.0,4.925958790336599e-05,3.752522522042164e-08,0.3,10184194.96,-12.158239643289612
73.14999999999999,0,aGDL,-12.158228891601254,46.68950459468086,0.0,2.2682412851861505e-08,2.2682412851861505e-08,0.0,0.0,0.0,0.0,0.8,6.235390646418945e-05,0.0,4.9259586106709665e-05,3.752521726448022e-08,0.3,10184194.96,-12.158245082755675
73.24999999999999,0,aGDL,-12.158234480608598,46.68947970397381,0.0,2.2713418594781226e-08,2.2713418594781226e-08,0.0,0.0,0.0,0.0,0.8,6.235390412745384e-05,0.0,4.925958426068853e-05,3.752520908994273e-08,0.3,10184194.96,-12.158250671678626
73.35,0,aGDL,-12.1582402190719,46.68945481325899,0.0,2.274442433893688e-08,2.274442433893688e-08,0.0,0.0,0.0,0.0,0.8,6.235390172823149e-05,0.0,4.9259582365302877e-05,3.752520069681053e-08,0.3,10184194.96,-12.158256410057684
73.45,0,aGDL,-12.158246106990418,46.689429922536384,0.0,2.277543008435962e-08,2.277543008435962e-08,0.0,0.0,0.0,0.0,0.8,6.23538992665227e-05,0.0,4.925958042055293e-05,3.75251920850848e-08,0.3,10184194.96,-12.158262297892074
73.55,0,aGDL,-12.15825214436336,46.68940503180597,0.0,2.28064358310806e-08,2.28064358310806e-08,0.0,0.0,0.0,0.0,0.8,6.235389674232785e-05,0.0,4.925957842643899e-05,3.752518325476676e-08,0.3,10184194.96,-12.158268335181019
73.65,0,aGDL,-12.158258331189984,46.68938014106772,0.0,2.2837441579130967e-08,2.2837441579130967e-08,0.0,0.0,0.0,0.0,0.8,6.235389415564719e-05,0.0,4.9259576382961274e-05,3.7525174205857656e-08,0.3,10184194.96,-12.15827452192374
73.75,0,aGDL,-12.158264667469496,46.689355250321604,0.0,2.2868447328541876e-08,2.2868447328541876e-08,0.0,0.0,0.0,0.0,0.8,6.23538915064811e-05,0.0,4.925957429012007e-05,3.7525164938358676e-08,0.3,10184194.96,-12.15828085811947
73.85,0,aGDL,-12.158271153201156,46.689330359567606,0.0,2.2899453079344472e-08,2.2899453079344472e-08,0.0,0.0,0.0,0.0,0.8,6.235388879482987e-05,0.0,4.9259572147915604e-05,3.7525155452271005e-08,0.3,10184194.96,-12.158287343767428
73.94999999999999,0,aGDL,-12.158277788384169,46.68930546880569,0.0,2.2930458831569912e-08,2.2930458831569912e-08,0.0,0.0,0.0,0.0,0.8,6.235388602069386e-05,0.0,4.925956995634814e-05,3.7525145747595895e-08,0.3,10184194.96,-12.158293978866842
74.05,0,aGDL,-12.158284573017738,46.68928057803585,0.0,2.2961464585249347e-08,2.2961464585249347e-08,0.0,0.0,0.0,0.0,0.8,6.235388318407339e-05,0.0,4.9259567715417974e-05,3.752513582433467e-08,0.3,10184194.96,-12.158300763416946
74.15,0,aGDL,-12.158291507101069,46.68925568725804,0.0,2.299247034041392e-08,2.299247034041392e-08,0.0,0.0,0.0,0.0,0.8,6.23538802849688e-05,0.0,4.9259565425125344e-05,3.752512568248852e-08,0.3,10184194.96,-12.158307697416967
74.24999999999999,0,aGDL,-12.158298590633535,46.689230796472245,0.0,2.3023476097094788e-08,2.3023476097094788e-08,0.0,0.0,0.0,0.0,0.8,6.235387732338034e-05,0.0,4.925956308547047e-05,3.752511532205849e-08,0.3,10184194.96,-12.158314780866137
74.35,0,aGDL,-12.158305823614171,46.68920590567844,0.0,2.30544818553231e-08,2.30544818553231e-08,0.0,0.0,0.0,0.0,0.8,6.235387429930845e-05,0.0,4.925956069645367e-05,3.7525104743046094e-08,0.3,10184194.96,-12.158322013763685
74.44999999999999,0,aGDL,-12.15831320604235,46.6891810148766,0.0,2.3085487615130005e-08,2.3085487615130005e-08,0.0,0.0,0.0,0.0,0.8,6.235387121275337e-05,0.0,4.9259558258075154e-05,3.752509394545236e-08,0.3,10184194.96,-12.158329396108844
74.55,0,aGDL,-12.158320737917279,46.689156124066706,0.0,2.3116493376546652e-08,2.3116493376546652e-08,0.0,0.0,0.0,0.0,0.8,6.235386806371544e-05,0.0,4.925955577033521e-05,3.7525082929278556e-08,0.3,10184194.96,-12.15833692790085
74.64999999999999,0,aGDL,-12.15832841923816,46.689131233248716,0.0,2.3147499139604194e-08,2.3147499139604194e-08,0.0,0.0,0.0,0.0,0.8,6.2353864852195e-05,0.0,4.9259553233234056e-05,3.752507169452598e-08,0.3,10184194.96,-12.158344609138936
74.75,0,aGDL,-12.158336250004254,46.689106342422626,0.0,2.3178504904333776e-08,2.3178504904333776e-08,0.0,0.0,0.0,0.0,0.8,6.235386157819238e-05,0.0,4.9259550646771985e-05,3.7525060241195794e-08,0.3,10184194.96,-12.158352439822337
74.85000000000001,0,aGDL,-12.158344230214766,46.68908145158839,0.0,2.320951067076655e-08,2.320951067076655e-08,0.0,0.0,0.0,0.0,0.8,6.235385824170788e-05,0.0,4.9259548010949225e-05,3.752504856928926e-08,0.3,10184194.96,-12.158360419950293
74.94999999999999,0,aGDL,-12.158352359869014,46.689056560746,0.0,2.3240516438933662e-08,2.3240516438933662e-08,0.0,0.0,0.0,0.0,0.8,6.235385484274184e-05,0.0,4.925954532576605e-05,3.752503667880757e-08,0.3,10184194.96,-12.15836854952204
75.05,0,aGDL,-12.158360638966087,46.689031669895435,0.0,2.3271522208866266e-08,2.3271522208866266e-08,0.0,0.0,0.0,0.0,0.8,6.23538513812946e-05,0.0,4.9259542591222715e-05,3.752502456975209e-08,0.3,10184194.96,-12.158376828536818
75.14999999999999,0,aGDL,-12.158369067505419,46.68900677903665,0.0,2.330252798059551e-08,2.330252798059551e-08,0.0,0.0,0.0,0.0,0.8,6.235384785736639e-05,0.0,4.925953980731945e-05,3.7525012242123816e-08,0.3,10184194.96,-12.158385256993862
75.25,0,aGDL,-12.158377645486098,46.688981888169636,0.0,2.3333533754152538e-08,2.3333533754152538e-08,0.0,0.0,0.0,0.0,0.8,6.235384427095766e-05,0.0,4.9259536974056546e-05,3.752499969592418e-08,0.3,10184194.96,-12.15839383489242
75.35000000000001,0,aGDL,-12.158386372907387,46.688956997294355,0.0,2.3364539529568506e-08,2.3364539529568506e-08,0.0,0.0,0.0,0.0,0.8,6.235384062206866e-05,0.0,4.925953409143424e-05,3.752498693115441e-08,0.3,10184194.96,-12.15840256223173
75.44999999999999,0,aGDL,-12.158395249768603,46.688932106410796,0.0,2.3395545306874555e-08,2.3395545306874555e-08,0.0,0.0,0.0,0.0,0.8,6.235383691069972e-05,0.0,4.925953115945278e-05,3.752497394781564e-08,0.3,10184194.96,-12.158411439011036
75.55,0,aGDL,-12.15840427606895,46.68890721551893,0.0,2.342655108610184e-08,2.342655108610184e-08,0.0,0.0,0.0,0.0,0.8,6.235383313685117e-05,0.0,4.925952817811242e-05,3.752496074590915e-08,0.3,10184194.96,-12.15842046522958
75.64999999999999,0,aGDL,-12.158413451807633,46.68888232461873,0.0,2.3457556867281503e-08,2.3457556867281503e-08,0.0,0.0,0.0,0.0,0.8,6.235382930052333e-05,0.0,4.925952514741343e-05,3.7524947325436226e-08,0.3,10184194.96,-12.158429640886615
75.75,0,aGDL,-12.158422776983969,46.68885743371017,0.0,2.34885626504447e-08,2.34885626504447e-08,0.0,0.0,0.0,0.0,0.8,6.23538254017165e-05,0.0,4.925952206735604e-05,3.7524933686397995e-08,0.3,10184194.96,-12.15843896598138
75.85,0,aGDL,-12.158432251597162,46.68883254279323,0.0,2.3519568435622572e-08,2.3519568435622572e-08,0.0,0.0,0.0,0.0,0.8,6.235382144043102e-05,0.0,4.92595189379405e-05,3.752491982879581e-08,0.3,10184194.96,-12.158448440513121
75.95,0,aGDL,-12.158441875646474,46.688807651867876,0.0,2.3550574222846265e-08,2.3550574222846265e-08,0.0,0.0,0.0,0.0,0.8,6.23538174166672e-05,0.0,4.925951575916708e-05,3.752490575263082e-08,0.3,10184194.96,-12.15845806448109
76.05,0,aGDL,-12.15845164913111,46.68878276093409,0.0,2.3581580012146933e-08,2.3581580012146933e-08,0.0,0.0,0.0,0.0,0.8,6.235381333042539e-05,0.0,4.925951253103605e-05,3.752489145790436e-08,0.3,10184194.96,-12.158467837884535
76.14999999999999,0,aGDL,-12.158461572050385,46.688757869991846,0.0,2.361258580355572e-08,2.361258580355572e-08,0.0,0.0,0.0,0.0,0.8,6.235380918170586e-05,0.0,4.925950925354762e-05,3.752487694461759e-08,0.3,10184194.96,-12.158477760722707
76.25,0,aGDL,-12.158471644403505,46.68873297904113,0.0,2.3643591597103778e-08,2.3643591597103778e-08,0.0,0.0,0.0,0.0,0.8,6.235380497050896e-05,0.0,4.9259505926702066e-05,3.752486221277185e-08,0.3,10184194.96,-12.158487832994856
76.35,0,aGDL,-12.158481866189788,46.688708088081896,0.0,2.3674597392822245e-08,2.3674597392822245e-08,0.0,0.0,0.0,0.0,0.8,6.235380069683497e-05,0.0,4.9259502550499625e-05,3.752484726236819e-08,0.3,10184194.96,-12.158498054700237
76.45,0,aGDL,-12.158492237408382,46.68868319711413,0.0,2.3705603190742277e-08,2.3705603190742277e-08,0.0,0.0,0.0,0.0,0.8,6.235379636068428e-05,0.0,4.925949912494059e-05,3.7524832093408086e-08,0.3,10184194.96,-12.158508425838104
76.55,0,aGDL,-12.15850275805866,46.68865830613781,0.0,2.3736608990895015e-08,2.3736608990895015e-08,0.0,0.0,0.0,0.0,0.8,6.235379196205714e-05,0.0,4.9259495650025137e-05,3.752481670589257e-08,0.3,10184194.96,-12.15851894640771
76.64999999999999,0,aGDL,-12.15851342813977,46.68863341515291,0.0,2.3767614793311607e-08,2.3767614793311607e-08,0.0,0.0,0.0,0.0,0.8,6.235378750095391e-05,0.0,4.9259492125753584e-05,3.752480109982305e-08,0.3,10184194.96,-12.158529616408309
76.75,0,aGDL,-12.158524247651087,46.6886085241594,0.0,2.3798620598023202e-08,2.3798620598023202e-08,0.0,0.0,0.0,0.0,0.8,6.235378297737483e-05,0.0,4.925948855212611e-05,3.752478527520061e-08,0.3,10184194.96,-12.158540435839162
76.85,0,aGDL,-12.158535216591702,46.68858363315726,0.0,2.3829626405060945e-08,2.3829626405060945e-08,0.0,0.0,0.0,0.0,0.8,6.235377839132034e-05,0.0,4.925948492914307e-05,3.752476923202673e-08,0.3,10184194.96,-12.158551404699518
76.95,0,aGDL,-12.158546334961045,46.68855874214646,0.0,2.3860632214455983e-08,2.3860632214455983e-08,0.0,0.0,0.0,0.0,0.8,6.235377374279065e-05,0.0,4.925948125680461e-05,3.752475297030244e-08,0.3,10184194.96,-12.158562522988648
77.05,0,aGDL,-12.158557602758265,46.688533851126984,0.0,2.389163802623946e-08,2.389163802623946e-08,0.0,0.0,0.0,0.0,0.8,6.235376903178615e-05,0.0,4.925947753511105e-05,3.752473649002905e-08,0.3,10184194.96,-12.158573790705804
77.14999999999999,0,aGDL,-12.158569019982679,46.688508960098794,0.0,2.392264384044252e-08,2.392264384044252e-08,0.0,0.0,0.0,0.0,0.8,6.235376425830708e-05,0.0,4.9259473764062585e-05,3.752471979120784e-08,0.3,10184194.96,-12.15858520785025
77.25,0,aGDL,-12.15858058663349,46.68848406906188,0.0,2.3953649657096315e-08,2.3953649657096315e-08,0.0,0.0,0.0,0.0,0.8,6.235375942235384e-05,0.0,4.9259469943659525e-05,3.752470287384005e-08,0.3,10184194.96,-12.158596774421245
77.35,0,aGDL,-12.15859230271002,46.68845917801621,0.0,2.398465547623199e-08,2.398465547623199e-08,0.0,0.0,0.0,0.0,0.8,6.235375452392666e-05,0.0,4.9259466073902065e-05,3.7524685737926894e-08,0.3,10184194.96,-12.158608490418056
77.45,0,aGDL,-12.158604168211525,46.68843428696176,0.0,2.4015661297880688e-08,2.4015661297880688e-08,0.0,0.0,0.0,0.0,0.8,6.23537495630259e-05,0.0,4.925946215479046e-05,3.752466838346966e-08,0.3,10184194.96,-12.158620355839943
77.55,0,aGDL,-12.15861618313727,46.6884093958985,0.0,2.404666712207355e-08,2.404666712207355e-08,0.0,0.0,0.0,0.0,0.8,6.235374453965187e-05,0.0,4.925945818632497e-05,3.752465081046954e-08,0.3,10184194.96,-12.158632370686176
77.64999999999999,0,aGDL,-12.158628347486456,46.688384504826416,0.0,2.407767294884173e-08,2.407767294884173e-08,0.0,0.0,0.0,0.0,0.8,6.235373945380489e-05,0.0,4.9259454168505854e-05,3.752463301892788e-08,0.3,10184194.96,-12.158644534956018
77.74999999999999,0,aGDL,-12.15864066125846,46.68835961374547,0.0,2.410867877821637e-08,2.410867877821637e-08,0.0,0.0,0.0,0.0,0.8,6.235373430548525e-05,0.0,4.9259450101333345e-05,3.7524615008845797e-08,0.3,10184194.96,-12.158656848648738
77.85,0,aGDL,-12.158653124452485,46.68833472265565,0.0,2.413968461022861e-08,2.413968461022861e-08,0.0,0.0,0.0,0.0,0.8,6.235372909469327e-05,0.0,4.925944598480768e-05,3.7524596780224657e-08,0.3,10184194.96,-12.158669311763603
77.95,0,aGDL,-12.158665737067793,46.68830983155692,0.0,2.4170690444909603e-08,2.4170690444909603e-08,0.0,0.0,0.0,0.0,0.8,6.235372382142927e-05,0.0,4.925944181892913e-05,3.752457833306566e-08,0.3,10184194.96,-12.15868192429988
78.05,0,aGDL,-12.158678499103644,46.688284940449265,0.0,2.4201696282290488e-08,2.4201696282290488e-08,0.0,0.0,0.0,0.0,0.8,6.235371848569359e-05,0.0,4.925943760369794e-05,3.752455966737015e-08,0.3,10184194.96,-12.158694686256846
78.15,0,aGDL,-12.158691410559356,46.688260049332655,0.0,2.4232702122402412e-08,2.4232702122402412e-08,0.0,0.0,0.0,0.0,0.8,6.235371308748648e-05,0.0,4.925943333911432e-05,3.752454078313923e-08,0.3,10184194.96,-12.15870759763377
78.24999999999999,0,aGDL,-12.158704471434191,46.688235158207064,0.0,2.4263707965276517e-08,2.4263707965276517e-08,0.0,0.0,0.0,0.0,0.8,6.23537076268083e-05,0.0,4.925942902517855e-05,3.752452168037424e-08,0.3,10184194.96,-12.158720658429925
78.35,0,aGDL,-12.15871768172741,46.68821026707247,0.0,2.4294713810943952e-08,2.4294713810943952e-08,0.0,0.0,0.0,0.0,0.8,6.235370210365933e-05,0.0,4.925942466189087e-05,3.752450235907644e-08,0.3,10184194.96,-12.158733868644582
78.45,0,aGDL,-12.15873104143833,46.688185375928846,0.0,2.4325719659435857e-08,2.4325719659435857e-08,0.0,0.0,0.0,0.0,0.8,6.235369651803988e-05,0.0,4.9259420249251506e-05,3.752448281924695e-08,0.3,10184194.96,-12.158747228277015
78.55,0,aGDL,-12.158744550566098,46.68816048477617,0.0,2.435672551078338e-08,2.435672551078338e-08,0.0,0.0,0.0,0.0,0.8,6.235369086995031e-05,0.0,4.9259415787260745e-05,3.752446306088733e-08,0.3,10184194.96,-12.158760737326508
78.65,0,aGDL,-12.158758209110147,46.68813559361441,0.0,2.438773136501766e-08,2.438773136501766e-08,0.0,0.0,0.0,0.0,0.8,6.235368515939086e-05,0.0,4.9259411275918775e-05,3.752444308399854e-08,0.3,10184194.96,-12.158774395792333
78.74999999999999,0,aGDL,-12.15877201706968,46.68811070244355,0.0,2.441873722216984e-08,2.441873722216984e-08,0.0,0.0,0.0,0.0,0.8,6.235367938636187e-05,0.0,4.925940671522588e-05,3.752442288858193e-08,0.3,10184194.96,-12.158788203673767
78.85,0,aGDL,-12.158785974443958,46.68808581126357,0.0,2.444974308227107e-08,2.444974308227107e-08,0.0,0.0,0.0,0.0,0.8,6.235367355086367e-05,0.0,4.9259402105182305e-05,3.752440247463885e-08,0.3,10184194.96,-12.158802160970088
78.94999999999999,0,aGDL,-12.1588000812323,46.68806092007443,0.0,2.448074894535249e-08,2.448074894535249e-08,0.0,0.0,0.0,0.0,0.8,6.235366765289654e-05,0.0,4.925939744578827e-05,3.752438184217044e-08,0.3,10184194.96,-12.158816267680583
79.05,0,aGDL,-12.158814337434023,46.688036028876105,0.0,2.4511754811445244e-08,2.4511754811445244e-08,0.0,0.0,0.0,0.0,0.8,6.23536616924608e-05,0.0,4.925939273704403e-05,3.752436099117795e-08,0.3,10184194.96,-12.15883052380453
79.15,0,aGDL,-12.158828743048332,46.68801113766859,0.0,2.4542760680580474e-08,2.4542760680580474e-08,0.0,0.0,0.0,0.0,0.8,6.235365566955675e-05,0.0,4.925938797894982e-05,3.7524339921662715e-08,0.3,10184194.96,-12.158844929341209
79.25,0,aGDL,-12.158843298074487,46.687986246451835,0.0,2.4573766552789326e-08,2.4573766552789326e-08,0.0,0.0,0.0,0.0,0.8,6.235364958418472e-05,0.0,4.925938317150592e-05,3.752431863362604e-08,0.3,10184194.96,-12.158859484289906
79.35000000000001,0,aGDL,-12.158858002511863,46.68796135522584,0.0,2.4604772428102936e-08,2.4604772428102936e-08,0.0,0.0,0.0,0.0,0.8,6.235364343634498e-05,0.0,4.9259378314712535e-05,3.752429712706908e-08,0.3,10184194.96,-12.158874188649905
79.44999999999999,0,aGDL,-12.158872856359721,46.68793646399055,0.0,2.4635778306552455e-08,2.4635778306552455e-08,0.0,0.0,0.0,0.0,0.8,6.235363722603786e-05,0.0,4.925937340856991e-05,3.7524275401993086e-08,0.3,10184194.96,-12.158889042420492
79.55,0,aGDL,-12.158887859617323,46.687911572745975,0.0,2.466678418816902e-08,2.466678418816902e-08,0.0,0.0,0.0,0.0,0.8,6.235363095326367e-05,0.0,4.925936845307829e-05,3.75242534583994e-08,0.3,10184194.96,-12.15890404560095
79.64999999999999,0,aGDL,-12.158903012283986,46.68788668149207,0.0,2.469779007298378e-08,2.469779007298378e-08,0.0,0.0,0.0,0.0,0.8,6.23536246180227e-05,0.0,4.9259363448237927e-05,3.752423129628924e-08,0.3,10184194.96,-12.158919198190576
79.75,0,aGDL,-12.15891831435897,46.68786179022881,0.0,2.4728795961027872e-08,2.4728795961027872e-08,0.0,0.0,0.0,0.0,0.8,6.235361822031525e-05,0.0,4.925935839404905e-05,3.7524208915663864e-08,0.3,10184194.96,-12.158934500188654
79.85,0,aGDL,-12.158933765841596,46.68783689895617,0.0,2.4759801852332436e-08,2.4759801852332436e-08,0.0,0.0,0.0,0.0,0.8,6.235361176014164e-05,0.0,4.92593532905119e-05,3.752418631652455e-08,0.3,10184194.96,-12.158949951594474
79.94999999999999,0,aGDL,-12.158949366731122,46.68781200767413,0.0,2.4790807746928616e-08,2.4790807746928616e-08,0.0,0.0,0.0,0.0,0.8,6.23536052375022e-05,0.0,4.925934813762673e-05,3.752416349887257e-08,0.3,10184194.96,-12.158965552407327
80.05,0,aGDL,-12.15896511702681,46.68778711638267,0.0,2.482181364484756e-08,2.482181364484756e-08,0.0,0.0,0.0,0.0,0.8,6.235359865239719e-05,0.0,4.925934293539379e-05,3.7524140462709215e-08,0.3,10184194.96,-12.158981302626506
80.14999999999999,0,aGDL,-12.158981016728035,46.687762225081755,0.0,2.485281954612041e-08,2.485281954612041e-08,0.0,0.0,0.0,0.0,0.8,6.235359200482693e-05,0.0,4.9259337683813275e-05,3.75241172080357e-08,0.3,10184194.96,-12.158997202251305
80.25,0,aGDL,-12.158997065834058,46.687737333771366,0.0,2.4883825450778295e-08,2.4883825450778295e-08,0.0,0.0,0.0,0.0,0.8,6.235358529479175e-05,0.0,4.9259332382885474e-05,3.7524093734853286e-08,0.3,10184194.96,-12.159013251281017
80.35000000000001,0,aGDL,-12.159013264344196,46.68771244245147,0.0,2.491483135885237e-08,2.491483135885237e-08,0.0,0.0,0.0,0.0,0.8,6.235357852229188e-05,0.0,4.9259327032610584e-05,3.752407004316322e-08,0.3,10184194.96,-12.159029449714941
80.45,0,aGDL,-12.159029612257655,46.68768755112205,0.0,2.494583727037377e-08,2.494583727037377e-08,0.0,0.0,0.0,0.0,0.8,6.235357168732769e-05,0.0,4.925932163298888e-05,3.7524046132966915e-08,0.3,10184194.96,-12.159045797552372
80.55,0,aGDL,-12.159046109573865,46.687662659783086,0.0,2.4976843185373636e-08,2.4976843185373636e-08,0.0,0.0,0.0,0.0,0.8,6.235356478989948e-05,0.0,4.9259316184020586e-05,3.752402200426545e-08,0.3,10184194.96,-12.159062294792605
80.64999999999999,0,aGDL,-12.15906275629203,46.68763776843454,0.0,2.500784910388311e-08,2.500784910388311e-08,0.0,0.0,0.0,0.0,0.8,6.235355783000752e-05,0.0,4.925931068570594e-05,3.7523997657060194e-08,0.3,10184194.96,-12.159078941434945
80.75,0,aGDL,-12.15907955241147,46.6876128770764,0.0,2.503885502593334e-08,2.503885502593334e-08,0.0,0.0,0.0,0.0,0.8,6.235355080765214e-05,0.0,4.925930513804518e-05,3.7523973091352424e-08,0.3,10184194.96,-12.159095737478689
80.85,0,aGDL,-12.1590964979315,46.68758798570863,0.0,2.5069860951555457e-08,2.5069860951555457e-08,0.0,0.0,0.0,0.0,0.8,6.235354372283361e-05,0.0,4.9259299541038556e-05,3.7523948307143354e-08,0.3,10184194.96,-12.159112682923135
80.94999999999999,0,aGDL,-12.159113592851384,46.68756309433121,0.0,2.5100866880780604e-08,2.5100866880780604e-08,0.0,0.0,0.0,0.0,0.8,6.235353657555228e-05,0.0,4.9259293894686294e-05,3.752392330443432e-08,0.3,10184194.96,-12.159129777767594
81.05,0,aGDL,-12.159130837170494,46.68753820294412,0.0,2.5131872813639926e-08,2.5131872813639926e-08,0.0,0.0,0.0,0.0,0.8,6.235352936580838e-05,0.0,4.925928819898862e-05,3.7523898083226525e-08,0.3,10184194.96,-12.159147022011362
81.14999999999999,0,aGDL,-12.15914823088815,46.68751331154733,0.0,2.516287875016456e-08,2.516287875016456e-08,0.0,0.0,0.0,0.0,0.8,6.235352209360224e-05,0.0,4.9259282453945775e-05,3.752387264352118e-08,0.3,10184194.96,-12.159164415653745
81.25,0,aGDL,-12.159165774003498,46.68748842014081,0.0,2.5193884690385652e-08,2.5193884690385652e-08,0.0,0.0,0.0,0.0,0.8,6.235351475893423e-05,0.0,4.925927665955804e-05,3.7523846985319834e-08,0.3,10184194.96,-12.159181958694052
81.35,0,aGDL,-12.159183466516026,46.68746352872455,0.0,2.5224890634334336e-08,2.5224890634334336e-08,0.0,0.0,0.0,0.0,0.8,6.235350736180454e-05,0.0,4.925927081582558e-05,3.752382110862343e-08,0.3,10184194.96,-12.159199651131583
81.45,0,aGDL,-12.15920130842494,46.687438637298506,0.0,2.525589658204175e-08,2.525589658204175e-08,0.0,0.0,0.0,0.0,0.8,6.235349990221353e-05,0.0,4.925926492274868e-05,3.752379501343347e-08,0.3,10184194.96,-12.159217492965658
81.55,0,aGDL,-12.159219299729614,46.68741374586267,0.0,2.5286902533539044e-08,2.5286902533539044e-08,0.0,0.0,0.0,0.0,0.8,6.235349238016148e-05,0.0,4.9259258980327564e-05,3.752376869975104e-08,0.3,10184194.96,-12.159235484195573
81.64999999999999,0,aGDL,-12.159237440429308,46.68738885441701,0.0,2.531790848885735e-08,2.531790848885735e-08,0.0,0.0,0.0,0.0,0.8,6.23534847956487e-05,0.0,4.925925298856247e-05,3.752374216757755e-08,0.3,10184194.96,-12.159253624820645
81.75,0,aGDL,-12.159255730523341,46.6873639629615,0.0,2.5348914448027807e-08,2.5348914448027807e-08,0.0,0.0,0.0,0.0,0.8,6.235347714867546e-05,0.0,4.9259246947453606e-05,3.7523715416914246e-08,0.3,10184194.96,-12.159271914840184
81.85,0,aGDL,-12.159274170010974,46.68733907149611,0.0,2.5379920411081564e-08,2.5379920411081564e-08,0.0,0.0,0.0,0.0,0.8,6.235346943924212e-05,0.0,4.925924085700127e-05,3.752368844776245e-08,0.3,10184194.96,-12.159290354253505
81.95,0,aGDL,-12.159292758891638,46.687314180020834,0.0,2.541092637804975e-08,2.541092637804975e-08,0.0,0.0,0.0,0.0,0.8,6.235346166734893e-05,0.0,4.9259234717205636e-05,3.7523661260123315e-08,0.3,10184194.96,-12.159308943059921
82.04999999999998,0,aGDL,-12.159311497164595,46.68728928853563,0.0,2.544193234896351e-08,2.544193234896351e-08,0.0,0.0,0.0,0.0,0.8,6.235345383299614e-05,0.0,4.9259228528066944e-05,3.752363385399818e-08,0.3,10184194.96,-12.159327681258745
82.14999999999999,0,aGDL,-12.159330384829161,46.68726439704047,0.0,2.547293832385398e-08,2.547293832385398e-08,0.0,0.0,0.0,0.0,0.8,6.235344593618414e-05,0.0,4.925922228958546e-05,3.7523606229388314e-08,0.3,10184194.96,-12.159346568849292
82.25,0,aGDL,-12.159349421884599,46.68723950553535,0.0,2.5503944302752303e-08,2.5503944302752303e-08,0.0,0.0,0.0,0.0,0.8,6.235343797691319e-05,0.0,4.9259216001761417e-05,3.752357838629508e-08,0.3,10184194.96,-12.159365605830883
82.35,0,aGDL,-12.159368608330283,46.68721461402023,0.0,2.553495028568962e-08,2.553495028568962e-08,0.0,0.0,0.0,0.0,0.8,6.235342995518356e-05,0.0,4.925920966459501e-05,3.7523550324719664e-08,0.3,10184194.96,-12.15938479220283
82.45,0,aGDL,-12.15938794416553,46.687189722495084,0.0,2.5565956272697064e-08,2.5565956272697064e-08,0.0,0.0,0.0,0.0,0.8,6.235342187099557e-05,0.0,4.92592032780865e-05,3.752352204466335e-08,0.3,10184194.96,-12.159404127964457
82.55,0,aGDL,-12.15940742938966,46.687164830959894,0.0,2.5596962263805776e-08,2.5596962263805776e-08,0.0,0.0,0.0,0.0,0.8,6.235341372434952e-05,0.0,4.925919684223611e-05,3.752349354612741e-08,0.3,10184194.96,-12.159423613115084
82.65,0,aGDL,-12.159427064001989,46.68713993941463,0.0,2.5627968259046894e-08,2.5627968259046894e-08,0.0,0.0,0.0,0.0,0.8,6.235340551524568e-05,0.0,4.925919035704409e-05,3.752346482911313e-08,0.3,10184194.96,-12.159443247654036
82.74999999999999,0,aGDL,-12.159446848001835,46.687115047859265,0.0,2.5658974258451557e-08,2.5658974258451557e-08,0.0,0.0,0.0,0.0,0.8,6.235339724368435e-05,0.0,4.9259183822510636e-05,3.752343589362182e-08,0.3,10184194.96,-12.15946303158063
82.85,0,aGDL,-12.159466781388574,46.687090156293785,0.0,2.5689980262050905e-08,2.5689980262050905e-08,0.0,0.0,0.0,0.0,0.8,6.235338890966583e-05,0.0,4.9259177238635996e-05,3.752340673965463e-08,0.3,10184194.96,-12.159482964894192
82.95,0,aGDL,-12.159486864161408,46.68706526471816,0.0,2.5720986269876077e-08,2.5720986269876077e-08,0.0,0.0,0.0,0.0,0.8,6.235338051319045e-05,0.0,4.9259170605420454e-05,3.752337736721309e-08,0.3,10184194.96,-12.159503047594047
83.05,0,aGDL,-12.159507096319771,46.68704037313236,0.0,2.575199228195821e-08,2.575199228195821e-08,0.0,0.0,0.0,0.0,0.8,6.235337205425843e-05,0.0,4.925916392286416e-05,3.752334777629829e-08,0.3,10184194.96,-12.15952327967952
83.14999999999999,0,aGDL,-12.159527477862923,46.68701548153636,0.0,2.5782998298328438e-08,2.5782998298328438e-08,0.0,0.0,0.0,0.0,0.8,6.235336353287011e-05,0.0,4.9259157190967386e-05,3.7523317966911624e-08,0.3,10184194.96,-12.159543661149941
83.24999999999999,0,aGDL,-12.159548008790239,46.68699058993015,0.0,2.5814004319017903e-08,2.5814004319017903e-08,0.0,0.0,0.0,0.0,0.8,6.235335494902578e-05,0.0,4.925915040973037e-05,3.752328793905426e-08,0.3,10184194.96,-12.159564192004636
83.35,0,aGDL,-12.159568689101093,46.686965698313685,0.0,2.5845010344057746e-08,2.5845010344057746e-08,0.0,0.0,0.0,0.0,0.8,6.235334630272568e-05,0.0,4.9259143579153284e-05,3.7523257692727497e-08,0.3,10184194.96,-12.15958487224294
83.44999999999999,0,aGDL,-12.15958951879469,46.686940806686955,0.0,2.58760163734791e-08,2.58760163734791e-08,0.0,0.0,0.0,0.0,0.8,6.23533375939702e-05,0.0,4.925913669923645e-05,3.75232272279327e-08,0.3,10184194.96,-12.159605701864177
83.55,0,aGDL,-12.15961049787046,46.68691591504992,0.0,2.5907022407313103e-08,2.5907022407313103e-08,0.0,0.0,0.0,0.0,0.8,6.235332882275954e-05,0.0,4.925912976998003e-05,3.7523196544671104e-08,0.3,10184194.96,-12.159626680867682
83.65,0,aGDL,-12.159631626327666,46.68689102340258,0.0,2.5938028445590896e-08,2.5938028445590896e-08,0.0,0.0,0.0,0.0,0.8,6.235331998909402e-05,0.0,4.9259122791384276e-05,3.752316564294401e-08,0.3,10184194.96,-12.159647809252789
83.75,0,aGDL,-12.159652904165739,46.686866131744885,0.0,2.596903448834361e-08,2.596903448834361e-08,0.0,0.0,0.0,0.0,0.8,6.235331109297395e-05,0.0,4.925911576344941e-05,3.752313452275263e-08,0.3,10184194.96,-12.159669087018832
83.85,0,aGDL,-12.15967433138394,46.686841240076824,0.0,2.600004053560239e-08,2.600004053560239e-08,0.0,0.0,0.0,0.0,0.8,6.235330213439959e-05,0.0,4.925910868617567e-05,3.752310318409834e-08,0.3,10184194.96,-12.159690514165144
83.94999999999999,0,aGDL,-12.159695907981586,46.68681634839837,0.0,2.6031046587398365e-08,2.6031046587398365e-08,0.0,0.0,0.0,0.0,0.8,6.235329311337124e-05,0.0,4.925910155956328e-05,3.752307162698248e-08,0.3,10184194.96,-12.159712090691064
84.05,0,aGDL,-12.159717633958053,46.686791456709486,0.0,2.606205264376268e-08,2.606205264376268e-08,0.0,0.0,0.0,0.0,0.8,6.23532840298892e-05,0.0,4.925909438361247e-05,3.7523039851406205e-08,0.3,10184194.96,-12.159733816595928
84.15,0,aGDL,-12.159739509312715,46.68676656501017,0.0,2.6093058704726468e-08,2.6093058704726468e-08,0.0,0.0,0.0,0.0,0.8,6.235327488395374e-05,0.0,4.925908715832345e-05,3.7523007857370776e-08,0.3,10184194.96,-12.159755691879077
84.25,0,aGDL,-12.15976153404489,46.686741673300375,0.0,2.6124064770320866e-08,2.6124064770320866e-08,0.0,0.0,0.0,0.0,0.8,6.235326567556514e-05,0.0,4.925907988369647e-05,3.752297564487756e-08,0.3,10184194.96,-12.159777716539852
84.35,0,aGDL,-12.159783708153839,46.68671678158009,0.0,2.6155070840577012e-08,2.6155070840577012e-08,0.0,0.0,0.0,0.0,0.8,6.235325640472374e-05,0.0,4.925907255973175e-05,3.752294321392792e-08,0.3,10184194.96,-12.15979989057759
84.44999999999999,0,aGDL,-12.159806031638993,46.686691889849286,0.0,2.6186076915526038e-08,2.6186076915526038e-08,0.0,0.0,0.0,0.0,0.8,6.235324707142978e-05,0.0,4.925906518642952e-05,3.752291056452303e-08,0.3,10184194.96,-12.159822213991637
84.55,0,aGDL,-12.159828504499728,46.68666699810794,0.0,2.6217082995199086e-08,2.6217082995199086e-08,0.0,0.0,0.0,0.0,0.8,6.235323767568353e-05,0.0,4.9259057763789985e-05,3.752287769666415e-08,0.3,10184194.96,-12.159844686781335
84.64999999999999,0,aGDL,-12.159851126735248,46.686642106356025,0.0,2.624808907962729e-08,2.624808907962729e-08,0.0,0.0,0.0,0.0,0.8,6.235322821748532e-05,0.0,4.92590502918134e-05,3.752284461035272e-08,0.3,10184194.96,-12.159867308946033
84.75,0,aGDL,-12.15987389834504,46.68661721459352,0.0,2.6279095168841788e-08,2.6279095168841788e-08,0.0,0.0,0.0,0.0,0.8,6.235321869683543e-05,0.0,4.925904277049998e-05,3.752281130558986e-08,0.3,10184194.96,-12.159890080485072
84.85000000000001,0,aGDL,-12.159896819328367,46.68659232282039,0.0,2.6310101262873712e-08,2.6310101262873712e-08,0.0,0.0,0.0,0.0,0.8,6.23532091137341e-05,0.0,4.925903519984994e-05,3.752277778237699e-08,0.3,10184194.96,-12.1599130013978
84.94999999999999,0,aGDL,-12.159919889684602,46.68656743103662,0.0,2.6341107361754198e-08,2.6341107361754198e-08,0.0,0.0,0.0,0.0,0.8,6.235319946818168e-05,0.0,4.925902757986353e-05,3.752274404071532e-08,0.3,10184194.96,-12.159936071683566
85.05,0,aGDL,-12.15994310941312,46.68654253924218,0.0,2.637211346551439e-08,2.637211346551439e-08,0.0,0.0,0.0,0.0,0.8,6.235318976017841e-05,0.0,4.925901991054094e-05,3.7522710080606194e-08,0.3,10184194.96,-12.159959291341721
85.14999999999999,0,aGDL,-12.15996647851324,46.68651764743706,0.0,2.6403119574185417e-08,2.6403119574185417e-08,0.0,0.0,0.0,0.0,0.8,6.235317998972459e-05,0.0,4.925901219188243e-05,3.752267590205083e-08,0.3,10184194.96,-12.159982660371613
85.25,0,aGDL,-12.159989996984336,46.68649275562121,0.0,2.6434125687798417e-08,2.6434125687798417e-08,0.0,0.0,0.0,0.0,0.8,6.23531701568205e-05,0.0,4.925900442388818e-05,3.752264150505058e-08,0.3,10184194.96,-12.160006178772596
85.35,0,aGDL,-12.160013664825726,46.68646786379462,0.0,2.6465131806384522e-08,2.6465131806384522e-08,0.0,0.0,0.0,0.0,0.8,6.235316026146641e-05,0.0,4.925899660655846e-05,3.7522606889606754e-08,0.3,10184194.96,-12.160029846544024
85.44999999999999,0,aGDL,-12.160037482036785,46.68644297195726,0.0,2.6496137929974872e-08,2.6496137929974872e-08,0.0,0.0,0.0,0.0,0.8,6.235315030366264e-05,0.0,4.925898873989348e-05,3.752257205572063e-08,0.3,10184194.96,-12.160053663685247
85.55,0,aGDL,-12.160061448616887,46.686418080109114,0.0,2.6527144058600598e-08,2.6527144058600598e-08,0.0,0.0,0.0,0.0,0.8,6.235314028340942e-05,0.0,4.925898082389344e-05,3.752253700339345e-08,0.3,10184194.96,-12.160077630195625
85.64999999999999,0,aGDL,-12.16008556456535,46.68639318825015,0.0,2.655815019229284e-08,2.655815019229284e-08,0.0,0.0,0.0,0.0,0.8,6.235313020070709e-05,0.0,4.9258972858558586e-05,3.752250173262656e-08,0.3,10184194.96,-12.160101746074512
85.75,0,aGDL,-12.160109829881549,46.686368296380344,0.0,2.658915633108273e-08,2.658915633108273e-08,0.0,0.0,0.0,0.0,0.8,6.235312005555587e-05,0.0,4.925896484388913e-05,3.752246624342123e-08,0.3,10184194.96,-12.160126011321267
85.85,0,aGDL,-12.160134244564858,46.68634340449967,0.0,2.6620162475001404e-08,2.6620162475001404e-08,0.0,0.0,0.0,0.0,0.8,6.23531098479561e-05,0.0,4.925895677988531e-05,3.752243053577877e-08,0.3,10184194.96,-12.16015042593525
85.95,0,aGDL,-12.160158808614597,46.6863185126081,0.0,2.6651168624079994e-08,2.6651168624079994e-08,0.0,0.0,0.0,0.0,0.8,6.235309957790803e-05,0.0,4.925894866654734e-05,3.7522394609700526e-08,0.3,10184194.96,-12.160174989915816
86.05,0,aGDL,-12.160183522030195,46.68629362070563,0.0,2.668217477834964e-08,2.668217477834964e-08,0.0,0.0,0.0,0.0,0.8,6.235308924541194e-05,0.0,4.925894050387543e-05,3.7522358465187634e-08,0.3,10184194.96,-12.160199703262334
86.14999999999999,0,aGDL,-12.160208384810915,46.68626872879221,0.0,2.6713180937841474e-08,2.6713180937841474e-08,0.0,0.0,0.0,0.0,0.8,6.235307885046812e-05,0.0,4.925893229186981e-05,3.752232210224161e-08,0.3,10184194.96,-12.16022456597416
86.25,0,aGDL,-12.160233396956244,46.68624383686782,0.0,2.674418710258663e-08,2.674418710258663e-08,0.0,0.0,0.0,0.0,0.8,6.235306839307684e-05,0.0,4.925892403053069e-05,3.752228552086354e-08,0.3,10184194.96,-12.160249578050664
86.35,0,aGDL,-12.160258558465443,46.68621894493244,0.0,2.6775193272616246e-08,2.6775193272616246e-08,0.0,0.0,0.0,0.0,0.8,6.235305787323836e-05,0.0,4.925891571985831e-05,3.7522248721054845e-08,0.3,10184194.96,-12.160274739491204
86.45,0,aGDL,-12.160283869337945,46.68619405298605,0.0,2.680619944796145e-08,2.680619944796145e-08,0.0,0.0,0.0,0.0,0.8,6.235304729095302e-05,0.0,4.925890735985288e-05,3.752221170281676e-08,0.3,10184194.96,-12.160300050295152
86.54999999999998,0,aGDL,-12.160309329573067,46.686169161028616,0.0,2.683720562865338e-08,2.683720562865338e-08,0.0,0.0,0.0,0.0,0.8,6.235303664622104e-05,0.0,4.925889895051463e-05,3.752217446615068e-08,0.3,10184194.96,-12.160325510461874
86.64999999999999,0,aGDL,-12.16033493917024,46.68614426906012,0.0,2.686821181472317e-08,2.686821181472317e-08,0.0,0.0,0.0,0.0,0.8,6.23530259390427e-05,0.0,4.925889049184374e-05,3.752213701105774e-08,0.3,10184194.96,-12.160351119990741
86.75,0,aGDL,-12.160360698128727,46.68611937708054,0.0,2.6899218006201957e-08,2.6899218006201957e-08,0.0,0.0,0.0,0.0,0.8,6.235301516941834e-05,0.0,4.925888198384048e-05,3.752209933753944e-08,0.3,10184194.96,-12.160376878881117
86.85,0,aGDL,-12.160386606448014,46.68609448508983,0.0,2.693022420312087e-08,2.693022420312087e-08,0.0,0.0,0.0,0.0,0.8,6.235300433734815e-05,0.0,4.925887342650503e-05,3.752206144559695e-08,0.3,10184194.96,-12.160402787132375
86.95,0,aGDL,-12.16041266412742,46.68606959308799,0.0,2.6961230405511044e-08,2.6961230405511044e-08,0.0,0.0,0.0,0.0,0.8,6.235299344283246e-05,0.0,4.9258864819837645e-05,3.7522023335231534e-08,0.3,10184194.96,-12.16042884474389
87.05,0,aGDL,-12.16043887116632,46.686044701074984,0.0,2.6992236613403612e-08,2.6992236613403612e-08,0.0,0.0,0.0,0.0,0.8,6.235298248587152e-05,0.0,4.925885616383851e-05,3.7521985006444626e-08,0.3,10184194.96,-12.160455051715038
87.14999999999999,0,aGDL,-12.160465227564089,46.68601980905079,0.0,2.702324282682971e-08,2.702324282682971e-08,0.0,0.0,0.0,0.0,0.8,6.235297146646565e-05,0.0,4.925884745850786e-05,3.752194645923741e-08,0.3,10184194.96,-12.160481408045184
87.25,0,aGDL,-12.1604917333201,46.685994917015385,0.0,2.705424904582047e-08,2.705424904582047e-08,0.0,0.0,0.0,0.0,0.8,6.235296038461508e-05,0.0,4.925883870384591e-05,3.7521907693611256e-08,0.3,10184194.96,-12.16050791373371
87.35,0,aGDL,-12.16051838843373,46.68597002496874,0.0,2.708525527040703e-08,2.708525527040703e-08,0.0,0.0,0.0,0.0,0.8,6.23529492403201e-05,0.0,4.925882989985287e-05,3.7521868709567435e-08,0.3,10184194.96,-12.160534568779992
87.45,0,aGDL,-12.160545192904408,46.68594513291083,0.0,2.711626150062052e-08,2.711626150062052e-08,0.0,0.0,0.0,0.0,0.8,6.235293803358097e-05,0.0,4.9258821046528964e-05,3.7521829507107176e-08,0.3,10184194.96,-12.160561373183413
87.55,0,aGDL,-12.160572146731397,46.68592024084163,0.0,2.7147267736492068e-08,2.7147267736492068e-08,0.0,0.0,0.0,0.0,0.8,6.235292676439801e-05,0.0,4.925881214387442e-05,3.752179008623199e-08,0.3,10184194.96,-12.160588326943348
87.64999999999999,0,aGDL,-12.160599249914185,46.68589534876112,0.0,2.7178273978052812e-08,2.7178273978052812e-08,0.0,0.0,0.0,0.0,0.8,6.235291543277145e-05,0.0,4.925880319188944e-05,3.7521750446942966e-08,0.3,10184194.96,-12.160615430059178
87.74999999999999,0,aGDL,-12.160626502452146,46.68587045666927,0.0,2.7209280225333884e-08,2.7209280225333884e-08,0.0,0.0,0.0,0.0,0.8,6.235290403870154e-05,0.0,4.9258794190574214e-05,3.752171058924146e-08,0.3,10184194.96,-12.160642682530282
87.85,0,aGDL,-12.1606539043446,46.68584556456606,0.0,2.724028647836642e-08,2.724028647836642e-08,0.0,0.0,0.0,0.0,0.8,6.235289258218862e-05,0.0,4.9258785139929005e-05,3.7521670513128845e-08,0.3,10184194.96,-12.16067008435605
87.95,0,aGDL,-12.160681455590975,46.685820672451456,0.0,2.7271292737181552e-08,2.7271292737181552e-08,0.0,0.0,0.0,0.0,0.8,6.235288106323291e-05,0.0,4.9258776039954e-05,3.752163021860639e-08,0.3,10184194.96,-12.160697635535863
88.05,0,aGDL,-12.160709156190649,46.68579578032544,0.0,2.730229900181041e-08,2.730229900181041e-08,0.0,0.0,0.0,0.0,0.8,6.23528694818347e-05,0.0,4.925876689064942e-05,3.752158970567538e-08,0.3,10184194.96,-12.16072533606911
88.15,0,aGDL,-12.160737006142995,46.685770888187996,0.0,2.7333305272284126e-08,2.7333305272284126e-08,0.0,0.0,0.0,0.0,0.8,6.23528578379943e-05,0.0,4.925875769201549e-05,3.752154897433716e-08,0.3,10184194.96,-12.160753185955167
88.25,0,aGDL,-12.160765005447445,46.68574599603908,0.0,2.7364311548633834e-08,2.7364311548633834e-08,0.0,0.0,0.0,0.0,0.8,6.23528461317119e-05,0.0,4.925874844405239e-05,3.7521508024592906e-08,0.3,10184194.96,-12.160781185193436
88.35,0,aGDL,-12.160793154103317,46.685721103878684,0.0,2.7395317830890663e-08,2.7395317830890663e-08,0.0,0.0,0.0,0.0,0.8,6.235283436298784e-05,0.0,4.925873914676039e-05,3.7521466856444144e-08,0.3,10184194.96,-12.160809333783297
88.44999999999999,0,aGDL,-12.160821452110042,46.68569621170678,0.0,2.7426324119085756e-08,2.7426324119085756e-08,0.0,0.0,0.0,0.0,0.8,6.235282253182235e-05,0.0,4.9258729800139654e-05,3.752142546989201e-08,0.3,10184194.96,-12.16083763172415
88.55,0,aGDL,-12.160849899467053,46.68567131952333,0.0,2.7457330413250234e-08,2.7457330413250234e-08,0.0,0.0,0.0,0.0,0.8,6.235281063821571e-05,0.0,4.9258720404190405e-05,3.7521383864937816e-08,0.3,10184194.96,-12.160866079015378
88.65,0,aGDL,-12.160878496173666,46.68564642732832,0.0,2.7488336713415236e-08,2.7488336713415236e-08,0.0,0.0,0.0,0.0,0.8,6.23527986821682e-05,0.0,4.9258710958912864e-05,3.752134204158297e-08,0.3,10184194.96,-12.160894675656374
88.74999999999999,0,aGDL,-12.160907242229314,46.685621535121726,0.0,2.7519343019611886e-08,2.7519343019611886e-08,0.0,0.0,0.0,0.0,0.8,6.235278666368007e-05,0.0,4.9258701464307255e-05,3.752129999982869e-08,0.3,10184194.96,-12.160923421646542
88.85,0,aGDL,-12.160936137633371,46.68559664290352,0.0,2.7550349331871324e-08,2.7550349331871324e-08,0.0,0.0,0.0,0.0,0.8,6.235277458275162e-05,0.0,4.9258691920373775e-05,3.7521257739676334e-08,0.3,10184194.96,-12.160952316985266
88.94999999999999,0,aGDL,-12.160965182385269,46.68557175067368,0.0,2.758135565022468e-08,2.758135565022468e-08,0.0,0.0,0.0,0.0,0.8,6.235276243938306e-05,0.0,4.9258682327112626e-05,3.752121526112719e-08,0.3,10184194.96,-12.160981361671954
89.05,0,aGDL,-12.160994376484439,46.685546858432176,0.0,2.7612361974703085e-08,2.7612361974703085e-08,0.0,0.0,0.0,0.0,0.8,6.235275023357472e-05,0.0,4.9258672684524025e-05,3.7521172564182485e-08,0.3,10184194.96,-12.161010555705992
89.14999999999999,0,aGDL,-12.161023719930142,46.68552196617899,0.0,2.764336830533767e-08,2.764336830533767e-08,0.0,0.0,0.0,0.0,0.8,6.235273796532684e-05,0.0,4.925866299260821e-05,3.752112964884372e-08,0.3,10184194.96,-12.16103989908679
89.25,0,aGDL,-12.161053212721924,46.68549707391409,0.0,2.7674374642159567e-08,2.7674374642159567e-08,0.0,0.0,0.0,0.0,0.8,6.235272563463967e-05,0.0,4.925865325136535e-05,3.752108651511197e-08,0.3,10184194.96,-12.161069391813744
89.35000000000001,0,aGDL,-12.161082854859103,46.685472181637465,0.0,2.7705380985199904e-08,2.7705380985199904e-08,0.0,0.0,0.0,0.0,0.8,6.235271324151353e-05,0.0,4.925864346079568e-05,3.7521043162988746e-08,0.3,10184194.96,-12.161099033886254
89.44999999999999,0,aGDL,-12.16111264634111,46.68544728934907,0.0,2.7736387334489815e-08,2.7736387334489815e-08,0.0,0.0,0.0,0.0,0.8,6.235270078594863e-05,0.0,4.925863362089941e-05,3.752099959247524e-08,0.3,10184194.96,-12.161128825303729
89.55,0,aGDL,-12.161142587167376,46.685422397048896,0.0,2.7767393690060437e-08,2.7767393690060437e-08,0.0,0.0,0.0,0.0,0.8,6.235268826794523e-05,0.0,4.9258623731676736e-05,3.752095580357278e-08,0.3,10184194.96,-12.161158766065569
89.64999999999999,0,aGDL,-12.16117267733722,46.685397504736905,0.0,2.7798400051942893e-08,2.7798400051942893e-08,0.0,0.0,0.0,0.0,0.8,6.235267568750366e-05,0.0,4.925861379312788e-05,3.752091179628278e-08,0.3,10184194.96,-12.16118885617118
89.75,0,aGDL,-12.16120291685013,46.68537261241308,0.0,2.782940642016832e-08,2.782940642016832e-08,0.0,0.0,0.0,0.0,0.8,6.23526630446241e-05,0.0,4.925860380525304e-05,3.7520867570606395e-08,0.3,10184194.96,-12.161219095619968
89.85,0,aGDL,-12.161233305705537,46.68534772007741,0.0,2.786041279476784e-08,2.786041279476784e-08,0.0,0.0,0.0,0.0,0.8,6.235265033930688e-05,0.0,4.925859376805243e-05,3.752082312654493e-08,0.3,10184194.96,-12.161249484411343
89.94999999999999,0,aGDL,-12.16126384390276,46.68532282772984,0.0,2.789141917577259e-08,2.789141917577259e-08,0.0,0.0,0.0,0.0,0.8,6.235263757155225e-05,0.0,4.925858368152627e-05,3.7520778464099865e-08,0.3,10184194.96,-12.161280022544716
90.05,0,aGDL,-12.161294531441229,46.68529793537037,0.0,2.7922425563213707e-08,2.7922425563213707e-08,0.0,0.0,0.0,0.0,0.8,6.235262474136045e-05,0.0,4.9258573545674755e-05,3.7520733583272426e-08,0.3,10184194.96,-12.161310710019492
90.14999999999999,0,aGDL,-12.161325368320433,46.685273042998965,0.0,2.795343195712231e-08,2.795343195712231e-08,0.0,0.0,0.0,0.0,0.8,6.235261184873173e-05,0.0,4.925856336049807e-05,3.752068848406382e-08,0.3,10184194.96,-12.161341546835091
90.25,0,aGDL,-12.161356354539691,46.6852481506156,0.0,2.7984438357529538e-08,2.7984438357529538e-08,0.0,0.0,0.0,0.0,0.8,6.235259889366642e-05,0.0,4.9258553125996464e-05,3.752064316647555e-08,0.3,10184194.96,-12.161372532990923
90.35,0,aGDL,-12.161387490098491,46.68522325822025,0.0,2.8015444764466517e-08,2.8015444764466517e-08,0.0,0.0,0.0,0.0,0.8,6.235258587616471e-05,0.0,4.9258542842170115e-05,3.7520597630508743e-08,0.3,10184194.96,-12.161403668486399
90.45,0,aGDL,-12.16141877499615,46.685198365812894,0.0,2.8046451177964375e-08,2.8046451177964375e-08,0.0,0.0,0.0,0.0,0.8,6.235257279622692e-05,0.0,4.925853250901926e-05,3.752055187616488e-08,0.3,10184194.96,-12.161434953320937
90.55,0,aGDL,-12.161450209232214,46.685173473393505,0.0,2.8077457598054247e-08,2.8077457598054247e-08,0.0,0.0,0.0,0.0,0.8,6.235255965385325e-05,0.0,4.9258522126544076e-05,3.752050590344515e-08,0.3,10184194.96,-12.161466387493954
90.64999999999999,0,aGDL,-12.161481792806,46.68514858096206,0.0,2.8108464024767268e-08,2.8108464024767268e-08,0.0,0.0,0.0,0.0,0.8,6.235254644904402e-05,0.0,4.925851169474478e-05,3.7520459712350915e-08,0.3,10184194.96,-12.16149797100487
90.75,0,aGDL,-12.161513525716998,46.68512368851853,0.0,2.8139470458134557e-08,2.8139470458134557e-08,0.0,0.0,0.0,0.0,0.8,6.235253318179943e-05,0.0,4.9258501213621545e-05,3.752041330288348e-08,0.3,10184194.96,-12.161529703853104
90.85,0,aGDL,-12.161545407964581,46.685098796062896,0.0,2.8170476898187252e-08,2.8170476898187252e-08,0.0,0.0,0.0,0.0,0.8,6.23525198521198e-05,0.0,4.9258490683174636e-05,3.7520366675044124e-08,0.3,10184194.96,-12.161561586038077
90.94999999999999,0,aGDL,-12.161577439548182,46.685073903595125,0.0,2.8201483344956478e-08,2.8201483344956478e-08,0.0,0.0,0.0,0.0,0.8,6.235250646000532e-05,0.0,4.92584801034042e-05,3.752031982883427e-08,0.3,10184194.96,-12.16159361755921
91.05,0,aGDL,-12.161609620467232,46.6850490111152,0.0,2.8232489798473367e-08,2.8232489798473367e-08,0.0,0.0,0.0,0.0,0.8,6.235249300545631e-05,0.0,4.925846947431048e-05,3.752027276425513e-08,0.3,10184194.96,-12.161625798415928
91.14999999999999,0,aGDL,-12.161641950721162,46.68502411862309,0.0,2.826349625876905e-08,2.826349625876905e-08,0.0,0.0,0.0,0.0,0.8,6.2352479488473e-05,0.0,4.925845879589367e-05,3.752022548130801e-08,0.3,10184194.96,-12.16165812860765
91.25,0,aGDL,-12.161674430309347,46.68499922611878,0.0,2.8294502725874658e-08,2.8294502725874658e-08,0.0,0.0,0.0,0.0,0.8,6.235246590905568e-05,0.0,4.925844806815398e-05,3.7520177979994344e-08,0.3,10184194.96,-12.161690608133812
91.35,0,aGDL,-12.161707059231276,46.684974333602234,0.0,2.8325509199821316e-08,2.8325509199821316e-08,0.0,0.0,0.0,0.0,0.8,6.235245226720455e-05,0.0,4.92584372910916e-05,3.752013026031533e-08,0.3,10184194.96,-12.161723236993836
91.45,0,aGDL,-12.16173983748638,46.68494944107343,0.0,2.835651568064016e-08,2.835651568064016e-08,0.0,0.0,0.0,0.0,0.8,6.23524385629199e-05,0.0,4.9258426464706724e-05,3.752008232227229e-08,0.3,10184194.96,-12.16175601518715
91.55,0,aGDL,-12.161772765074033,46.68492454853235,0.0,2.8387522168362306e-08,2.8387522168362306e-08,0.0,0.0,0.0,0.0,0.8,6.235242479620197e-05,0.0,4.925841558899956e-05,3.752003416586663e-08,0.3,10184194.96,-12.161788942713187
91.64999999999999,0,aGDL,-12.161805841993726,46.68489965597896,0.0,2.8418528663018897e-08,2.8418528663018897e-08,0.0,0.0,0.0,0.0,0.8,6.235241096705105e-05,0.0,4.925840466397033e-05,3.751998579109955e-08,0.3,10184194.96,-12.161822019571373
91.75,0,aGDL,-12.16183906824483,46.68487476341324,0.0,2.844953516464106e-08,2.844953516464106e-08,0.0,0.0,0.0,0.0,0.8,6.235239707546736e-05,0.0,4.9258393689619216e-05,3.7519937197972495e-08,0.3,10184194.96,-12.161855245761146
91.85,0,aGDL,-12.161872443826837,46.684849870835166,0.0,2.848054167325992e-08,2.848054167325992e-08,0.0,0.0,0.0,0.0,0.8,6.235238312145118e-05,0.0,4.9258382665946424e-05,3.7519888386486667e-08,0.3,10184194.96,-12.161888621281935
91.95,0,aGDL,-12.161905968739177,46.68482497824471,0.0,2.851154818890661e-08,2.851154818890661e-08,0.0,0.0,0.0,0.0,0.8,6.235236910500272e-05,0.0,4.925837159295215e-05,3.751983935664341e-08,0.3,10184194.96,-12.161922146133177
92.05,0,aGDL,-12.161939642981224,46.684800085641854,0.0,2.8542554711612254e-08,2.8542554711612254e-08,0.0,0.0,0.0,0.0,0.8,6.235235502612231e-05,0.0,4.925836047063662e-05,3.751979010844408e-08,0.3,10184194.96,-12.161955820314313
92.14999999999999,0,aGDL,-12.161973466552467,46.68477519302656,0.0,2.8573561241407984e-08,2.8573561241407984e-08,0.0,0.0,0.0,0.0,0.8,6.235234088481013e-05,0.0,4.9258349299e-05,3.7519740641889996e-08,0.3,10184194.96,-12.161989643824775
92.24999999999999,0,aGDL,-12.162007439452339,46.68475030039882,0.0,2.8604567778324928e-08,2.8604567778324928e-08,0.0,0.0,0.0,0.0,0.8,6.235232668106646e-05,0.0,4.925833807804251e-05,3.7519690956982425e-08,0.3,10184194.96,-12.162023616664005
92.35,0,aGDL,-12.162041561680269,46.68472540775859,0.0,2.863557432239422e-08,2.863557432239422e-08,0.0,0.0,0.0,0.0,0.8,6.235231241489157e-05,0.0,4.9258326807764344e-05,3.751964105372275e-08,0.3,10184194.96,-12.162057738831441
92.45,0,aGDL,-12.16207583323569,46.68470051510587,0.0,2.8666580873646984e-08,2.8666580873646984e-08,0.0,0.0,0.0,0.0,0.8,6.235229808628569e-05,0.0,4.925831548816569e-05,3.751959093211226e-08,0.3,10184194.96,-12.162092010326527
92.55,0,aGDL,-12.16211025411809,46.68467562244061,0.0,2.8697587432114345e-08,2.8697587432114345e-08,0.0,0.0,0.0,0.0,0.8,6.235228369524907e-05,0.0,4.925830411924676e-05,3.7519540592152243e-08,0.3,10184194.96,-12.162126431148703
92.65,0,aGDL,-12.162144824326901,46.684650729762794,0.0,2.8728593997827435e-08,2.8728593997827435e-08,0.0,0.0,0.0,0.0,0.8,6.235226924178196e-05,0.0,4.925829270100775e-05,3.751949003384402e-08,0.3,10184194.96,-12.162161001297417
92.74999999999999,0,aGDL,-12.162179543861498,46.6846258370724,0.0,2.8759600570817385e-08,2.8759600570817385e-08,0.0,0.0,0.0,0.0,0.8,6.235225472588465e-05,0.0,4.925828123344887e-05,3.751943925718899e-08,0.3,10184194.96,-12.162195720772115
92.85,0,aGDL,-12.162214412721426,46.684600944369414,0.0,2.879060715111532e-08,2.879060715111532e-08,0.0,0.0,0.0,0.0,0.8,6.235224014755733e-05,0.0,4.925826971657029e-05,3.751938826218839e-08,0.3,10184194.96,-12.16223058957224
92.95,0,aGDL,-12.162249430906058,46.68457605165379,0.0,2.882161373875237e-08,2.882161373875237e-08,0.0,0.0,0.0,0.0,0.8,6.235222550680029e-05,0.0,4.925825815037222e-05,3.751933704884358e-08,0.3,10184194.96,-12.162265607697238
93.05,0,aGDL,-12.162284598414885,46.684551158925515,0.0,2.8852620333759663e-08,2.8852620333759663e-08,0.0,0.0,0.0,0.0,0.8,6.235221080361377e-05,0.0,4.925824653485487e-05,3.751928561715588e-08,0.3,10184194.96,-12.162300775146567
93.15,0,aGDL,-12.162319915247394,46.68452626618456,0.0,2.8883626936168328e-08,2.8883626936168328e-08,0.0,0.0,0.0,0.0,0.8,6.235219603799798e-05,0.0,4.925823487001841e-05,3.75192339671265e-08,0.3,10184194.96,-12.162336091919673
93.24999999999999,0,aGDL,-12.162355381402904,46.684501373430905,0.0,2.8914633546009485e-08,2.8914633546009485e-08,0.0,0.0,0.0,0.0,0.8,6.235218120995325e-05,0.0,4.925822315586307e-05,3.7519182098757e-08,0.3,10184194.96,-12.162371558016007
93.35,0,aGDL,-12.162390996881015,46.68447648066452,0.0,2.8945640163314273e-08,2.8945640163314273e-08,0.0,0.0,0.0,0.0,0.8,6.235216631947977e-05,0.0,4.9258211392389015e-05,3.751913001204846e-08,0.3,10184194.96,-12.162407173435026
93.44999999999999,0,aGDL,-12.162426761681104,46.684451587885384,0.0,2.8976646788113814e-08,2.8976646788113814e-08,0.0,0.0,0.0,0.0,0.8,6.235215136657778e-05,0.0,4.925819957959644e-05,3.751907770700235e-08,0.3,10184194.96,-12.162442938176186
93.55,0,aGDL,-12.162462675802601,46.68442669509347,0.0,2.900765342043924e-08,2.900765342043924e-08,0.0,0.0,0.0,0.0,0.8,6.235213635124757e-05,0.0,4.925818771748557e-05,3.751902518361998e-08,0.3,10184194.96,-12.162478852238939
93.65,0,aGDL,-12.162498739245052,46.684401802288754,0.0,2.9038660060321673e-08,2.9038660060321673e-08,0.0,0.0,0.0,0.0,0.8,6.235212127348934e-05,0.0,4.925817580605658e-05,3.7518972441902585e-08,0.3,10184194.96,-12.162514915622742
93.75,0,aGDL,-12.162534952007888,46.68437690947121,0.0,2.9069666707792246e-08,2.9069666707792246e-08,0.0,0.0,0.0,0.0,0.8,6.235210613330336e-05,0.0,4.925816384530964e-05,3.751891948185147e-08,0.3,10184194.96,-12.16255112832706
93.85,0,aGDL,-12.162571314090485,46.684352016640815,0.0,2.910067336288208e-08,2.910067336288208e-08,0.0,0.0,0.0,0.0,0.8,6.23520909306899e-05,0.0,4.925815183524502e-05,3.7518866303468185e-08,0.3,10184194.96,-12.162587490351344
93.94999999999999,0,aGDL,-12.162607825492387,46.684327123797544,0.0,2.913168002562231e-08,2.913168002562231e-08,0.0,0.0,0.0,0.0,0.8,6.235207566564915e-05,0.0,4.925813977586283e-05,3.7518812906753806e-08,0.3,10184194.96,-12.162624001695063
94.05,0,aGDL,-12.162644486213082,46.68430223094137,0.0,2.916268669604406e-08,2.916268669604406e-08,0.0,0.0,0.0,0.0,0.8,6.235206033818137e-05,0.0,4.925812766716329e-05,3.7518759291709716e-08,0.3,10184194.96,-12.16266066235768
94.14999999999999,0,aGDL,-12.162681296251947,46.68427733807227,0.0,2.9193693374178457e-08,2.9193693374178457e-08,0.0,0.0,0.0,0.0,0.8,6.235204494828686e-05,0.0,4.9258115509146615e-05,3.7518705458337305e-08,0.3,10184194.96,-12.162697472338657
94.25,0,aGDL,-12.162718255608524,46.68425244519022,0.0,2.9224700060056627e-08,2.9224700060056627e-08,0.0,0.0,0.0,0.0,0.8,6.235202949596577e-05,0.0,4.925810330181296e-05,3.7518651406637845e-08,0.3,10184194.96,-12.162734431637457
94.35,0,aGDL,-12.162755364282248,46.6842275522952,0.0,2.92557067537097e-08,2.92557067537097e-08,0.0,0.0,0.0,0.0,0.8,6.235201398121842e-05,0.0,4.925809104516254e-05,3.7518597136612644e-08,0.3,10184194.96,-12.162771540253557
94.44999999999999,0,aGDL,-12.162792622272548,46.68420265938717,0.0,2.92867134551688e-08,2.92867134551688e-08,0.0,0.0,0.0,0.0,0.8,6.235199840404501e-05,0.0,4.925807873919555e-05,3.751854264826309e-08,0.3,10184194.96,-12.162808798186408
94.55,0,aGDL,-12.16283002957897,46.684177766466114,0.0,2.9317720164465054e-08,2.9317720164465054e-08,0.0,0.0,0.0,0.0,0.8,6.235198276444578e-05,0.0,4.925806638391216e-05,3.751848794159044e-08,0.3,10184194.96,-12.162846205435496
94.64999999999999,0,aGDL,-12.162867586200946,46.684152873532014,0.0,2.9348726881629597e-08,2.9348726881629597e-08,0.0,0.0,0.0,0.0,0.8,6.235196706242103e-05,0.0,4.92580539793126e-05,3.751843301659605e-08,0.3,10184194.96,-12.162883762000284
94.75,0,aGDL,-12.162905292137907,46.68412798058484,0.0,2.9379733606693546e-08,2.9379733606693546e-08,0.0,0.0,0.0,0.0,0.8,6.235195129797094e-05,0.0,4.925804152539704e-05,3.7518377873281264e-08,0.3,10184194.96,-12.162921467880246
94.85000000000001,0,aGDL,-12.162943147389399,46.684103087624564,0.0,2.941074033968803e-08,2.941074033968803e-08,0.0,0.0,0.0,0.0,0.8,6.235193547109576e-05,0.0,4.925802902216565e-05,3.751832251164736e-08,0.3,10184194.96,-12.162959323074855
94.94999999999999,0,aGDL,-12.162981151954853,46.68407819465116,0.0,2.9441747080644176e-08,2.9441747080644176e-08,0.0,0.0,0.0,0.0,0.8,6.235191958179575e-05,0.0,4.925801646961863e-05,3.7518266931695734e-08,0.3,10184194.96,-12.162997327583588
95.05,0,aGDL,-12.163019305833814,46.684053301664605,0.0,2.9472753829593114e-08,2.9472753829593114e-08,0.0,0.0,0.0,0.0,0.8,6.235190363007112e-05,0.0,4.9258003867756174e-05,3.751821113342753e-08,0.3,10184194.96,-12.16303548140592
95.14999999999999,0,aGDL,-12.163057609025657,46.68402840866488,0.0,2.9503760586565972e-08,2.9503760586565972e-08,0.0,0.0,0.0,0.0,0.8,6.235188761592211e-05,0.0,4.9257991216578475e-05,3.751815511684432e-08,0.3,10184194.96,-12.163073784541334
95.25,0,aGDL,-12.16309606152987,46.68400351565196,0.0,2.953476735159387e-08,2.953476735159387e-08,0.0,0.0,0.0,0.0,0.8,6.235187153934903e-05,0.0,4.925797851608573e-05,3.751809888194734e-08,0.3,10184194.96,-12.1631122369893
95.35,0,aGDL,-12.163134663346057,46.68397862262581,0.0,2.956577412470794e-08,2.956577412470794e-08,0.0,0.0,0.0,0.0,0.8,6.235185540035202e-05,0.0,4.925796576627809e-05,3.7518042428737776e-08,0.3,10184194.96,-12.163150838749303
95.44999999999999,0,aGDL,-12.163173414473533,46.68395372958641,0.0,2.9596780905939297e-08,2.9596780905939297e-08,0.0,0.0,0.0,0.0,0.8,6.235183919893139e-05,0.0,4.925795296715579e-05,3.751798575721719e-08,0.3,10184194.96,-12.163189589820826
95.55,0,aGDL,-12.163212314911902,46.683928836533745,0.0,2.962778769531908e-08,2.962778769531908e-08,0.0,0.0,0.0,0.0,0.8,6.235182293508732e-05,0.0,4.925794011871898e-05,3.751792886738673e-08,0.3,10184194.96,-12.163228490203352
95.64999999999999,0,aGDL,-12.163251364660596,46.683903943467776,0.0,2.9658794492878415e-08,2.9658794492878415e-08,0.0,0.0,0.0,0.0,0.8,6.23518066088201e-05,0.0,4.925792722096787e-05,3.751787175924779e-08,0.3,10184194.96,-12.163267539896365
95.75,0,aGDL,-12.163290563719158,46.683879050388484,0.0,2.9689801298648424e-08,2.9689801298648424e-08,0.0,0.0,0.0,0.0,0.8,6.23517902201299e-05,0.0,4.9257914273902625e-05,3.7517814432801595e-08,0.3,10184194.96,-12.163306738899351
95.85,0,aGDL,-12.163329912086965,46.68385415729584,0.0,2.9720808112660233e-08,2.9720808112660233e-08,0.0,0.0,0.0,0.0,0.8,6.235177376901704e-05,0.0,4.925790127752346e-05,3.7517756888049704e-08,0.3,10184194.96,-12.163346087211798
95.95,0,aGDL,-12.163369409763618,46.68382926418983,0.0,2.9751814934944966e-08,2.9751814934944966e-08,0.0,0.0,0.0,0.0,0.8,6.235175725548168e-05,0.0,4.925788823183053e-05,3.7517699124993216e-08,0.3,10184194.96,-12.163385584833193
96.05,0,aGDL,-12.163409056748549,46.68380437107042,0.0,2.9782821765533752e-08,2.9782821765533752e-08,0.0,0.0,0.0,0.0,0.8,6.23517406795241e-05,0.0,4.9257875136824044e-05,3.751764114363356e-08,0.3,10184194.96,-12.163425231763027
96.14999999999999,0,aGDL,-12.163448853041245,46.683779477937584,0.0,2.9813828604457716e-08,2.9813828604457716e-08,0.0,0.0,0.0,0.0,0.8,6.235172404114452e-05,0.0,4.925786199250416e-05,3.751758294397203e-08,0.3,10184194.96,-12.163465028000795
96.25,0,aGDL,-12.163488798641254,46.68375458479131,0.0,2.9844835451747986e-08,2.9844835451747986e-08,0.0,0.0,0.0,0.0,0.8,6.235170734034316e-05,0.0,4.925784879887109e-05,3.751752452600995e-08,0.3,10184194.96,-12.163504973545987
96.35,0,aGDL,-12.163528893548005,46.683729691631555,0.0,2.987584230743569e-08,2.987584230743569e-08,0.0,0.0,0.0,0.0,0.8,6.235169057712027e-05,0.0,4.9257835555925006e-05,3.7517465889748703e-08,0.3,10184194.96,-12.163545068398095
96.45,0,aGDL,-12.163569137760987,46.68370479845831,0.0,2.9906849171551944e-08,2.9906849171551944e-08,0.0,0.0,0.0,0.0,0.8,6.235167375147608e-05,0.0,4.92578222636661e-05,3.7517407035189605e-08,0.3,10184194.96,-12.16358531255662
96.54999999999998,0,aGDL,-12.163609531279803,46.68367990527154,0.0,2.993785604412788e-08,2.993785604412788e-08,0.0,0.0,0.0,0.0,0.8,6.235165686341082e-05,0.0,4.9257808922094544e-05,3.751734796233384e-08,0.3,10184194.96,-12.163625706021058
96.64999999999999,0,aGDL,-12.163650074103828,46.68365501207122,0.0,2.9968862925194624e-08,2.9968862925194624e-08,0.0,0.0,0.0,0.0,0.8,6.235163991292472e-05,0.0,4.925779553121053e-05,3.751728867118294e-08,0.3,10184194.96,-12.163666248790904
96.75,0,aGDL,-12.163690766232605,46.68363011885733,0.0,2.99998698147833e-08,2.99998698147833e-08,0.0,0.0,0.0,0.0,0.8,6.235162290001801e-05,0.0,4.925778209101423e-05,3.7517229161738176e-08,0.3,10184194.96,-12.16370694086566
96.85,0,aGDL,-12.163731607665682,46.68360522562985,0.0,3.003087671292503e-08,3.003087671292503e-08,0.0,0.0,0.0,0.0,0.8,6.235160582469092e-05,0.0,4.9257768601505825e-05,3.751716943400075e-08,0.3,10184194.96,-12.16374778224483
96.95,0,aGDL,-12.163772598402488,46.68358033238874,0.0,3.006188361965095e-08,3.006188361965095e-08,0.0,0.0,0.0,0.0,0.8,6.235158868694369e-05,0.0,4.925775506268551e-05,3.751710948797214e-08,0.3,10184194.96,-12.163788772927912
97.05,0,aGDL,-12.16381373844257,46.683555439134,0.0,3.009289053499218e-08,3.009289053499218e-08,0.0,0.0,0.0,0.0,0.8,6.235157148677653e-05,0.0,4.9257741474553454e-05,3.7517049323653615e-08,0.3,10184194.96,-12.163829912914416
97.15,0,aGDL,-12.163855027785416,46.68353054586557,0.0,3.012389745897984e-08,3.012389745897984e-08,0.0,0.0,0.0,0.0,0.8,6.23515542241897e-05,0.0,4.925772783710985e-05,3.75169889410465e-08,0.3,10184194.96,-12.163871202203842
97.24999999999999,0,aGDL,-12.163896466430515,46.683505652583456,0.0,3.0154904391645056e-08,3.0154904391645056e-08,0.0,0.0,0.0,0.0,0.8,6.235153689918341e-05,0.0,4.925771415035489e-05,3.75169283401522e-08,0.3,10184194.96,-12.163912640795695
97.35,0,aGDL,-12.163938054377468,46.683480759287626,0.0,3.018591133301896e-08,3.018591133301896e-08,0.0,0.0,0.0,0.0,0.8,6.235151951175786e-05,0.0,4.92577004142887e-05,3.751686752097187e-08,0.3,10184194.96,-12.163954228689493
97.45,0,aGDL,-12.16397979162565,46.68345586597804,0.0,3.021691828313267e-08,3.021691828313267e-08,0.0,0.0,0.0,0.0,0.8,6.235150206191334e-05,0.0,4.925768662891154e-05,3.7516806483507015e-08,0.3,10184194.96,-12.16399596588474
97.55,0,aGDL,-12.164021678174663,46.68343097265469,0.0,3.024792524201732e-08,3.024792524201732e-08,0.0,0.0,0.0,0.0,0.8,6.235148454965002e-05,0.0,4.925767279422352e-05,3.7516745227758874e-08,0.3,10184194.96,-12.164037852380945
97.64999999999999,0,aGDL,-12.164063714024053,46.68340607931755,0.0,3.0278932209704024e-08,3.0278932209704024e-08,0.0,0.0,0.0,0.0,0.8,6.235146697496812e-05,0.0,4.925765891022481e-05,3.751668375372869e-08,0.3,10184194.96,-12.164079888177625
97.74999999999999,0,aGDL,-12.164105899173194,46.68338118596658,0.0,3.0309939186223914e-08,3.0309939186223914e-08,0.0,0.0,0.0,0.0,0.8,6.235144933786794e-05,0.0,4.9257644976915666e-05,3.751662206141805e-08,0.3,10184194.96,-12.164122073274292
97.85,0,aGDL,-12.164148233621745,46.68335629260177,0.0,3.034094617160811e-08,3.034094617160811e-08,0.0,0.0,0.0,0.0,0.8,6.235143163834963e-05,0.0,4.925763099429621e-05,3.751656015082801e-08,0.3,10184194.96,-12.164164407670462
97.94999999999999,0,aGDL,-12.164190717369081,46.6833313992231,0.0,3.037195316588775e-08,3.037195316588775e-08,0.0,0.0,0.0,0.0,0.8,6.235141387641347e-05,0.0,4.9257616962366645e-05,3.751649802196014e-08,0.3,10184194.96,-12.164206891365652
98.05,0,aGDL,-12.164233350414861,46.68330650583053,0.0,3.040296016909394e-08,3.040296016909394e-08,0.0,0.0,0.0,0.0,0.8,6.235139605205965e-05,0.0,4.925760288112713e-05,3.751643567481557e-08,0.3,10184194.96,-12.164249524359379
98.15,0,aGDL,-12.164276132758573,46.68328161242404,0.0,3.043396718125781e-08,3.043396718125781e-08,0.0,0.0,0.0,0.0,0.8,6.235137816528838e-05,0.0,4.925758875057782e-05,3.751637310939566e-08,0.3,10184194.96,-12.164292306651166
98.25,0,aGDL,-12.164319064399649,46.68325671900361,0.0,3.0464974202410494e-08,3.0464974202410494e-08,0.0,0.0,0.0,0.0,0.8,6.235136021609994e-05,0.0,4.925757457071895e-05,3.751631032570187e-08,0.3,10184194.96,-12.164335238240533
98.35,0,aGDL,-12.164362145337691,46.6832318255692,0.0,3.0495981232583105e-08,3.0495981232583105e-08,0.0,0.0,0.0,0.0,0.8,6.23513422044945e-05,0.0,4.9257560341550645e-05,3.7516247323735436e-08,0.3,10184194.96,-12.164378319127
98.44999999999999,0,aGDL,-12.164405375572187,46.68320693212081,0.0,3.0526988271806774e-08,3.0526988271806774e-08,0.0,0.0,0.0,0.0,0.8,6.23513241304723e-05,0.0,4.9257546063073116e-05,3.75161841034977e-08,0.3,10184194.96,-12.164421549310088
98.55,0,aGDL,-12.164448755102683,46.6831820386584,0.0,3.055799532011263e-08,3.055799532011263e-08,0.0,0.0,0.0,0.0,0.8,6.235130599403358e-05,0.0,4.925753173528652e-05,3.751612066499002e-08,0.3,10184194.96,-12.164464928789334
98.65,0,aGDL,-12.164492283928723,46.683157145181944,0.0,3.058900237753179e-08,3.058900237753179e-08,0.0,0.0,0.0,0.0,0.8,6.235128779517852e-05,0.0,4.925751735819102e-05,3.751605700821364e-08,0.3,10184194.96,-12.164508457564258
98.74999999999999,0,aGDL,-12.164535962049797,46.683132251691426,0.0,3.062000944409537e-08,3.062000944409537e-08,0.0,0.0,0.0,0.0,0.8,6.235126953390737e-05,0.0,4.925750293178682e-05,3.751599313316997e-08,0.3,10184194.96,-12.164552135634388
98.85,0,aGDL,-12.16457978946545,46.68310735818681,0.0,3.065101651983451e-08,3.065101651983451e-08,0.0,0.0,0.0,0.0,0.8,6.235125121022036e-05,0.0,4.9257488456074083e-05,3.7515929039860315e-08,0.3,10184194.96,-12.164595962999252
98.94999999999999,0,aGDL,-12.164623766175225,46.68308246466808,0.0,3.0682023604780334e-08,3.0682023604780334e-08,0.0,0.0,0.0,0.0,0.8,6.235123282411768e-05,0.0,4.925747393105296e-05,3.751586472828598e-08,0.3,10184194.96,-12.164639939658386
99.05,0,aGDL,-12.16466789217867,46.68305757113521,0.0,3.071303069896395e-08,3.071303069896395e-08,0.0,0.0,0.0,0.0,0.8,6.235121437559953e-05,0.0,4.925745935672364e-05,3.7515800198448284e-08,0.3,10184194.96,-12.164684065611322
99.14999999999999,0,aGDL,-12.164712167475273,46.68303267758817,0.0,3.07440378024165e-08,3.07440378024165e-08,0.0,0.0,0.0,0.0,0.8,6.23511958646662e-05,0.0,4.92574447330863e-05,3.7515735450348666e-08,0.3,10184194.96,-12.164728340857588
99.25,0,aGDL,-12.164756592064577,46.68300778402694,0.0,3.07750449151691e-08,3.07750449151691e-08,0.0,0.0,0.0,0.0,0.8,6.235117729131787e-05,0.0,4.925743006014111e-05,3.7515670483988357e-08,0.3,10184194.96,-12.16477276539673
99.35000000000001,0,aGDL,-12.16480116594613,46.6829828904515,0.0,3.0806052037252874e-08,3.0806052037252874e-08,0.0,0.0,0.0,0.0,0.8,6.235115865555474e-05,0.0,4.925741533788825e-05,3.7515605299368734e-08,0.3,10184194.96,-12.164817339228279
99.44999999999999,0,aGDL,-12.164845889119476,46.68295799686181,0.0,3.083705916869894e-08,3.083705916869894e-08,0.0,0.0,0.0,0.0,0.8,6.235113995737707e-05,0.0,4.925740056632788e-05,3.75155398964911e-08,0.3,10184194.96,-12.164862062351773
99.55,0,aGDL,-12.164890761584104,46.68293310325786,0.0,3.086806630953843e-08,3.086806630953843e-08,0.0,0.0,0.0,0.0,0.8,6.235112119678504e-05,0.0,4.925738574546018e-05,3.7515474275356866e-08,0.3,10184194.96,-12.164906934766751
99.64999999999999,0,aGDL,-12.164935783339672,46.68290820963961,0.0,3.0899073459802476e-08,3.0899073459802476e-08,0.0,0.0,0.0,0.0,0.8,6.235110237377886e-05,0.0,4.92573708752853e-05,3.7515408435967196e-08,0.3,10184194.96,-12.164951956472759
99.75,0,aGDL,-12.164980954385612,46.68288331600706,0.0,3.0930080619522186e-08,3.0930080619522186e-08,0.0,0.0,0.0,0.0,0.8,6.235108348835879e-05,0.0,4.925735595580344e-05,3.7515342378323565e-08,0.3,10184194.96,-12.164997127469336
99.85,0,aGDL,-12.165026274721527,46.682858422360155,0.0,3.0961087788728685e-08,3.0961087788728685e-08,0.0,0.0,0.0,0.0,0.8,6.2351064540525e-05,0.0,4.925734098701474e-05,3.751527610242724e-08,0.3,10184194.96,-12.16504244775603
99.94999999999999,0,aGDL,-12.16507174434696,46.68283352869889,0.0,3.099209496745311e-08,3.099209496745311e-08,0.0,0.0,0.0,0.0,0.8,6.235104553027771e-05,0.0,4.925732596891939e-05,3.751520960827954e-08,0.3,10184194.96,-12.165087917332384
100.05,0,aGDL,-12.165117363261402,46.682808635023235,0.0,3.102310215572657e-08,3.102310215572657e-08,0.0,0.0,0.0,0.0,0.8,6.235102645761716e-05,0.0,4.925731090151756e-05,3.751514289588188e-08,0.3,10184194.96,-12.165133536197947
100.14999999999999,0,aGDL,-12.165163131464453,46.68278374133317,0.0,3.10541093535802e-08,3.10541093535802e-08,0.0,0.0,0.0,0.0,0.8,6.235100732254356e-05,0.0,4.9257295784809405e-05,3.7515075965235485e-08,0.3,10184194.96,-12.16517930435227
100.25,0,aGDL,-12.16520904895566,46.68275884762866,0.0,3.108511656104511e-08,3.108511656104511e-08,0.0,0.0,0.0,0.0,0.8,6.235098812505709e-05,0.0,4.92572806187951e-05,3.7515008816341785e-08,0.3,10184194.96,-12.165225221794897
100.35,0,aGDL,-12.165255115734567,46.68273395390969,0.0,3.1116123778152435e-08,3.1116123778152435e-08,0.0,0.0,0.0,0.0,0.8,6.2350968865158e-05,0.0,4.925726540347481e-05,3.751494144920202e-08,0.3,10184194.96,-12.165271288525384
100.45,0,aGDL,-12.16530133180072,46.68270906017623,0.0,3.11471310049333e-08,3.11471310049333e-08,0.0,0.0,0.0,0.0,0.8,6.235094954284648e-05,0.0,4.925725013884872e-05,3.75148738638176e-08,0.3,10184194.96,-12.165317504543282
100.55,0,aGDL,-12.165347697153663,46.68268416642826,0.0,3.1178138241418817e-08,3.1178138241418817e-08,0.0,0.0,0.0,0.0,0.8,6.235093015812275e-05,0.0,4.925723482491698e-05,3.751480606018982e-08,0.3,10184194.96,-12.16536386984815
100.64999999999999,0,aGDL,-12.165394211793,46.682659272665745,0.0,3.120914548764011e-08,3.120914548764011e-08,0.0,0.0,0.0,0.0,0.8,6.235091071098701e-05,0.0,4.9257219461679725e-05,3.7514738038319934e-08,0.3,10184194.96,-12.16541038443954
100.75,0,aGDL,-12.165440875718218,46.682634378888665,0.0,3.124015274362832e-08,3.124015274362832e-08,0.0,0.0,0.0,0.0,0.8,6.235089120143948e-05,0.0,4.925720404913718e-05,3.7514669798209464e-08,0.3,10184194.96,-12.16545704831701
100.85,0,aGDL,-12.165487688928977,46.682609485097004,0.0,3.1271160009414553e-08,3.1271160009414553e-08,0.0,0.0,0.0,0.0,0.8,6.235087162948035e-05,0.0,4.9257188587289475e-05,3.7514601339859494e-08,0.3,10184194.96,-12.165503861480122
100.95,0,aGDL,-12.165534651424707,46.68258459129073,0.0,3.1302167285029943e-08,3.1302167285029943e-08,0.0,0.0,0.0,0.0,0.8,6.235085199510986e-05,0.0,4.925717307613679e-05,3.7514532663271616e-08,0.3,10184194.96,-12.165550823928438
101.04999999999998,0,aGDL,-12.165581763205068,46.68255969746981,0.0,3.1333174570505604e-08,3.1333174570505604e-08,0.0,0.0,0.0,0.0,0.8,6.235083229832821e-05,0.0,4.925715751567928e-05,3.7514463768446944e-08,0.3,10184194.96,-12.165597935661516
101.14999999999999,0,aGDL,-12.165629024269606,46.68253480363423,0.0,3.136418186587266e-08,3.136418186587266e-08,0.0,0.0,0.0,0.0,0.8,6.23508125391356e-05,0.0,4.925714190591712e-05,3.7514394655386926e-08,0.3,10184194.96,-12.165645196678918
101.25,0,aGDL,-12.165676434617865,46.68250990978397,0.0,3.139518917116224e-08,3.139518917116224e-08,0.0,0.0,0.0,0.0,0.8,6.235079271753223e-05,0.0,4.925712624685046e-05,3.7514325324092867e-08,0.3,10184194.96,-12.165692606980215
101.35,0,aGDL,-12.16572399424939,46.68248501591899,0.0,3.142619648640546e-08,3.142619648640546e-08,0.0,0.0,0.0,0.0,0.8,6.235077283351833e-05,0.0,4.925711053847948e-05,3.751425577456611e-08,0.3,10184194.96,-12.16574016656497
101.45,0,aGDL,-12.165771703163841,46.682460122039274,0.0,3.145720381163345e-08,3.145720381163345e-08,0.0,0.0,0.0,0.0,0.8,6.235075288709406e-05,0.0,4.92570947808043e-05,3.7514186006807935e-08,0.3,10184194.96,-12.165787875432756
101.55,0,aGDL,-12.16581956136065,46.6824352281448,0.0,3.148821114687733e-08,3.148821114687733e-08,0.0,0.0,0.0,0.0,0.8,6.235073287825969e-05,0.0,4.925707897382516e-05,3.751411602081978e-08,0.3,10184194.96,-12.165835733583137
101.64999999999999,0,aGDL,-12.16586756883953,46.682410334235534,0.0,3.151921849216822e-08,3.151921849216822e-08,0.0,0.0,0.0,0.0,0.8,6.235071280701536e-05,0.0,4.925706311754213e-05,3.751404581660282e-08,0.3,10184194.96,-12.165883741015685
101.75,0,aGDL,-12.165915725599973,46.682385440311464,0.0,3.1550225847537246e-08,3.1550225847537246e-08,0.0,0.0,0.0,0.0,0.8,6.235069267336133e-05,0.0,4.9257047211955455e-05,3.7513975394158473e-08,0.3,10184194.96,-12.16593189772997
101.85,0,aGDL,-12.165964031641522,46.68236054637255,0.0,3.158123321301553e-08,3.158123321301553e-08,0.0,0.0,0.0,0.0,0.8,6.235067247729779e-05,0.0,4.9257031257065254e-05,3.751390475348815e-08,0.3,10184194.96,-12.165980203725578
101.95,0,aGDL,-12.166012486963837,46.68233565241878,0.0,3.16122405886342e-08,3.16122405886342e-08,0.0,0.0,0.0,0.0,0.8,6.235065221882493e-05,0.0,4.9257015252871685e-05,3.7513833894593044e-08,0.3,10184194.96,-12.166028659002071
102.05,0,aGDL,-12.166061091566462,46.68231075845012,0.0,3.164324797442437e-08,3.164324797442437e-08,0.0,0.0,0.0,0.0,0.8,6.235063189794293e-05,0.0,4.925699919937492e-05,3.751376281747453e-08,0.3,10184194.96,-12.166077263559034
102.14999999999999,0,aGDL,-12.166109845448943,46.68228586446656,0.0,3.1674255370417164e-08,3.1674255370417164e-08,0.0,0.0,0.0,0.0,0.8,6.235061151465206e-05,0.0,4.9256983096575125e-05,3.7513691522133984e-08,0.3,10184194.96,-12.166126017396046
102.24999999999999,0,aGDL,-12.166158748610883,46.68226097046805,0.0,3.170526277664371e-08,3.170526277664371e-08,0.0,0.0,0.0,0.0,0.8,6.235059106895247e-05,0.0,4.925696694447246e-05,3.751362000857271e-08,0.3,10184194.96,-12.166174920512685
102.35,0,aGDL,-12.16620780105194,46.682236076454586,0.0,3.173627019313513e-08,3.173627019313513e-08,0.0,0.0,0.0,0.0,0.8,6.235057056084435e-05,0.0,4.925695074306703e-05,3.751354827679196e-08,0.3,10184194.96,-12.166223972908533
102.45,0,aGDL,-12.166257002771545,46.682211182426144,0.0,3.1767277619922544e-08,3.1767277619922544e-08,0.0,0.0,0.0,0.0,0.8,6.235054999032794e-05,0.0,4.925693449235907e-05,3.751347632679322e-08,0.3,10184194.96,-12.166273174583175
102.55,0,aGDL,-12.166306353769357,46.68218628838268,0.0,3.1798285057037074e-08,3.1798285057037074e-08,0.0,0.0,0.0,0.0,0.8,6.235052935740344e-05,0.0,4.92569181923487e-05,3.751340415857775e-08,0.3,10184194.96,-12.166322525536192
102.65,0,aGDL,-12.166355854045037,46.68216139432419,0.0,3.1829292504509844e-08,3.1829292504509844e-08,0.0,0.0,0.0,0.0,0.8,6.2350508662071e-05,0.0,4.9256901843036085e-05,3.751333177214676e-08,0.3,10184194.96,-12.166372025767174
102.74999999999999,0,aGDL,-12.166405503598014,46.682136500250635,0.0,3.186029996237197e-08,3.186029996237197e-08,0.0,0.0,0.0,0.0,0.8,6.235048790433088e-05,0.0,4.92568854444214e-05,3.7513259167501844e-08,0.3,10184194.96,-12.16642167527571
102.85,0,aGDL,-12.166455302428005,46.682111606162,0.0,3.1891307430654585e-08,3.1891307430654585e-08,0.0,0.0,0.0,0.0,0.8,6.235046708418323e-05,0.0,4.925686899650475e-05,3.751318634464408e-08,0.3,10184194.96,-12.166471474061387
102.94999999999999,0,aGDL,-12.166505250534613,46.68208671205826,0.0,3.192231490938881e-08,3.192231490938881e-08,0.0,0.0,0.0,0.0,0.8,6.235044620162828e-05,0.0,4.925685249928634e-05,3.751311330357484e-08,0.3,10184194.96,-12.166521422123793
103.05,0,aGDL,-12.166555347917324,46.68206181793938,0.0,3.195332239860576e-08,3.195332239860576e-08,0.0,0.0,0.0,0.0,0.8,6.235042525666621e-05,0.0,4.92568359527663e-05,3.751304004429561e-08,0.3,10184194.96,-12.166571519462527
103.15,0,aGDL,-12.166605594575799,46.68203692380534,0.0,3.198432989833656e-08,3.198432989833656e-08,0.0,0.0,0.0,0.0,0.8,6.235040424929723e-05,0.0,4.925681935694481e-05,3.751296656680762e-08,0.3,10184194.96,-12.166621766077183
103.24999999999999,0,aGDL,-12.166655990509582,46.68201202965612,0.0,3.201533740861234e-08,3.201533740861234e-08,0.0,0.0,0.0,0.0,0.8,6.235038317952153e-05,0.0,4.9256802711822004e-05,3.7512892871112226e-08,0.3,10184194.96,-12.16667216196735
103.35,0,aGDL,-12.16670653571839,46.68198713549169,0.0,3.204634492946421e-08,3.204634492946421e-08,0.0,0.0,0.0,0.0,0.8,6.235036204733929e-05,0.0,4.925678601739803e-05,3.7512818957210633e-08,0.3,10184194.96,-12.16672270713263
103.44999999999999,0,aGDL,-12.166757230201654,46.68196224131203,0.0,3.20773524609233e-08,3.20773524609233e-08,0.0,0.0,0.0,0.0,0.8,6.235034085275075e-05,0.0,4.9256769273673094e-05,3.751274482510438e-08,0.3,10184194.96,-12.166773401572625
103.55,0,aGDL,-12.166808073959146,46.681937347117106,0.0,3.2108360003020726e-08,3.2108360003020726e-08,0.0,0.0,0.0,0.0,0.8,6.235031959575604e-05,0.0,4.925675248064726e-05,3.7512670474794565e-08,0.3,10184194.96,-12.16682424528693
103.65,0,aGDL,-12.166859066990298,46.68191245290691,0.0,3.213936755578762e-08,3.213936755578762e-08,0.0,0.0,0.0,0.0,0.8,6.235029827635541e-05,0.0,4.925673563832077e-05,3.751259590628276e-08,0.3,10184194.96,-12.166875238275145
103.75,0,aGDL,-12.166910209294883,46.681887558681396,0.0,3.217037511925509e-08,3.217037511925509e-08,0.0,0.0,0.0,0.0,0.8,6.235027689454901e-05,0.0,4.925671874669371e-05,3.7512521119570105e-08,0.3,10184194.96,-12.166926380536882
103.85,0,aGDL,-12.166961500872333,46.68186266444055,0.0,3.2201382693454274e-08,3.2201382693454274e-08,0.0,0.0,0.0,0.0,0.8,6.23502554503371e-05,0.0,4.9256701805766297e-05,3.7512446114658074e-08,0.3,10184194.96,-12.166977672071738
103.94999999999999,0,aGDL,-12.167012941722419,46.68183777018436,0.0,3.223239027841629e-08,3.223239027841629e-08,0.0,0.0,0.0,0.0,0.8,6.235023394371977e-05,0.0,4.925668481553862e-05,3.7512370891547875e-08,0.3,10184194.96,-12.167029112879323
104.05,0,aGDL,-12.16706453184463,46.681812875912776,0.0,3.2263397874172253e-08,3.2263397874172253e-08,0.0,0.0,0.0,0.0,0.8,6.235021237469728e-05,0.0,4.925666777601085e-05,3.751229545024089e-08,0.3,10184194.96,-12.167080702959248
104.14999999999999,0,aGDL,-12.167116271238626,46.68178798162579,0.0,3.229440548075329e-08,3.229440548075329e-08,0.0,0.0,0.0,0.0,0.8,6.235019074326982e-05,0.0,4.925665068718316e-05,3.7512219790738475e-08,0.3,10184194.96,-12.167132442311118
104.25,0,aGDL,-12.167168159904008,46.68176308732337,0.0,3.2325413098190523e-08,3.2325413098190523e-08,0.0,0.0,0.0,0.0,0.8,6.235016904943757e-05,0.0,4.9256633549055676e-05,3.751214391304191e-08,0.3,10184194.96,-12.167184330934546
104.35,0,aGDL,-12.16722019784038,46.68173819300549,0.0,3.2356420726515065e-08,3.2356420726515065e-08,0.0,0.0,0.0,0.0,0.8,6.235014729320073e-05,0.0,4.925661636162857e-05,3.751206781715257e-08,0.3,10184194.96,-12.167236368829144
104.44999999999999,0,aGDL,-12.167272385047397,46.681713298672136,0.0,3.2387428365758046e-08,3.2387428365758046e-08,0.0,0.0,0.0,0.0,0.8,6.235012547455946e-05,0.0,4.925659912490197e-05,3.75119915030717e-08,0.3,10184194.96,-12.167288555994528
104.55,0,aGDL,-12.167324721524608,46.681688404323275,0.0,3.2418436015950596e-08,3.2418436015950596e-08,0.0,0.0,0.0,0.0,0.8,6.235010359351397e-05,0.0,4.9256581838876034e-05,3.751191497080074e-08,0.3,10184194.96,-12.16734089243031
104.64999999999999,0,aGDL,-12.16737720727167,46.68166350995889,0.0,3.244944367712382e-08,3.244944367712382e-08,0.0,0.0,0.0,0.0,0.8,6.235008165006446e-05,0.0,4.925656450355092e-05,3.7511838220341e-08,0.3,10184194.96,-12.167393378136115
104.75,0,aGDL,-12.167429842288243,46.68163861557894,0.0,3.2480451349308855e-08,3.2480451349308855e-08,0.0,0.0,0.0,0.0,0.8,6.235005964421109e-05,0.0,4.925654711892675e-05,3.751176125169366e-08,0.3,10184194.96,-12.16744601311156
104.85,0,aGDL,-12.167482626573872,46.68161372118341,0.0,3.2511459032536815e-08,3.2511459032536815e-08,0.0,0.0,0.0,0.0,0.8,6.235003757595405e-05,0.0,4.9256529685003694e-05,3.7511684064860255e-08,0.3,10184194.96,-12.167498797356261
104.95,0,aGDL,-12.167535560128215,46.68158882677228,0.0,3.254246672683882e-08,3.254246672683882e-08,0.0,0.0,0.0,0.0,0.8,6.235001544529355e-05,0.0,4.92565122017819e-05,3.751160665984199e-08,0.3,10184194.96,-12.167551730869842
105.05,0,aGDL,-12.167588642950875,46.68156393234552,0.0,3.257347443224599e-08,3.257347443224599e-08,0.0,0.0,0.0,0.0,0.8,6.234999325222977e-05,0.0,4.925649466926151e-05,3.751152903664028e-08,0.3,10184194.96,-12.167604813651932
105.14999999999999,0,aGDL,-12.167641875041511,46.6815390379031,0.0,3.260448214878946e-08,3.260448214878946e-08,0.0,0.0,0.0,0.0,0.8,6.234997099676288e-05,0.0,4.925647708744266e-05,3.751145119525632e-08,0.3,10184194.96,-12.167658045702154
105.25,0,aGDL,-12.167695256399725,46.68151414344501,0.0,3.263548987650034e-08,3.263548987650034e-08,0.0,0.0,0.0,0.0,0.8,6.234994867889305e-05,0.0,4.925645945632551e-05,3.751137313569161e-08,0.3,10184194.96,-12.167711427020132
105.35,0,aGDL,-12.167748787025118,46.681489248971204,0.0,3.266649761540975e-08,3.266649761540975e-08,0.0,0.0,0.0,0.0,0.8,6.234992629862051e-05,0.0,4.92564417759102e-05,3.751129485794736e-08,0.3,10184194.96,-12.167764957605499
105.44999999999999,0,aGDL,-12.167802466917408,46.681464354481676,0.0,3.269750536554882e-08,3.269750536554882e-08,0.0,0.0,0.0,0.0,0.8,6.234990385594542e-05,0.0,4.9256424046196876e-05,3.75112163620249e-08,0.3,10184194.96,-12.16781863745788
105.55,0,aGDL,-12.167856296076138,46.681439459976396,0.0,3.272851312694866e-08,3.272851312694866e-08,0.0,0.0,0.0,0.0,0.8,6.234988135086796e-05,0.0,4.925640626718569e-05,3.751113764792561e-08,0.3,10184194.96,-12.167872466576917
105.64999999999999,0,aGDL,-12.167910274501025,46.681414565455334,0.0,3.2759520899640406e-08,3.2759520899640406e-08,0.0,0.0,0.0,0.0,0.8,6.234985878338828e-05,0.0,4.9256388438876744e-05,3.7511058715650695e-08,0.3,10184194.96,-12.167926444962232
105.75,0,aGDL,-12.167964402191615,46.68138967091847,0.0,3.279052868365517e-08,3.279052868365517e-08,0.0,0.0,0.0,0.0,0.8,6.234983615350663e-05,0.0,4.925637056127024e-05,3.751097956520167e-08,0.3,10184194.96,-12.167980572613468
105.85,0,aGDL,-12.168018679147565,46.681364776365776,0.0,3.2821536479024077e-08,3.2821536479024077e-08,0.0,0.0,0.0,0.0,0.8,6.234981346122318e-05,0.0,4.925635263436631e-05,3.7510900196579796e-08,0.3,10184194.96,-12.168034849530256
105.95,0,aGDL,-12.168073105368592,46.68133988179723,0.0,3.285254428577825e-08,3.285254428577825e-08,0.0,0.0,0.0,0.0,0.8,6.234979070653804e-05,0.0,4.925633465816505e-05,3.751082060978629e-08,0.3,10184194.96,-12.16808927571224
106.05,0,aGDL,-12.16812768085424,46.68131498721281,0.0,3.2883552103948804e-08,3.2883552103948804e-08,0.0,0.0,0.0,0.0,0.8,6.234976788945146e-05,0.0,4.925631663266665e-05,3.7510740804822596e-08,0.3,10184194.96,-12.168143851159058
106.14999999999999,0,aGDL,-12.16818240560417,46.681290092612485,0.0,3.291455993356687e-08,3.291455993356687e-08,0.0,0.0,0.0,0.0,0.8,6.234974500996361e-05,0.0,4.925629855787125e-05,3.751066078169008e-08,0.3,10184194.96,-12.16819857587035
106.25,0,aGDL,-12.168237279618097,46.68126519799623,0.0,3.2945567774663564e-08,3.2945567774663564e-08,0.0,0.0,0.0,0.0,0.8,6.234972206807463e-05,0.0,4.925628043377895e-05,3.751058054038987e-08,0.3,10184194.96,-12.168253449845764
106.35,0,aGDL,-12.168292302895566,46.68124030336403,0.0,3.297657562727e-08,3.297657562727e-08,0.0,0.0,0.0,0.0,0.8,6.234969906378475e-05,0.0,4.925626226038994e-05,3.751050008092351e-08,0.3,10184194.96,-12.16830847308494
106.45,0,aGDL,-12.168347475436292,46.68121540871584,0.0,3.300758349141732e-08,3.300758349141732e-08,0.0,0.0,0.0,0.0,0.8,6.234967599709407e-05,0.0,4.925624403770432e-05,3.75104194032922e-08,0.3,10184194.96,-12.168363645587524
106.54999999999998,0,aGDL,-12.168402797239878,46.68119051405166,0.0,3.303859136713662e-08,3.303859136713662e-08,0.0,0.0,0.0,0.0,0.8,6.234965286800286e-05,0.0,4.925622576572226e-05,3.751033850749733e-08,0.3,10184194.96,-12.16841896735317
106.64999999999999,0,aGDL,-12.16845826830604,46.68116561937145,0.0,3.306959925445904e-08,3.306959925445904e-08,0.0,0.0,0.0,0.0,0.8,6.234962967651123e-05,0.0,4.925620744444387e-05,3.7510257393540106e-08,0.3,10184194.96,-12.168474438381525
106.74999999999999,0,aGDL,-12.168513888634322,46.68114072467519,0.0,3.310060715341569e-08,3.310060715341569e-08,0.0,0.0,0.0,0.0,0.8,6.23496064226194e-05,0.0,4.925618907386934e-05,3.7510176061422044e-08,0.3,10184194.96,-12.168530058672237
106.85,0,aGDL,-12.168569658224499,46.681115829962856,0.0,3.3131615064037704e-08,3.3131615064037704e-08,0.0,0.0,0.0,0.0,0.8,6.234958310632753e-05,0.0,4.9256170653998735e-05,3.751009451114429e-08,0.3,10184194.96,-12.168585828224966
106.95,0,aGDL,-12.168625577076114,46.681090935234415,0.0,3.316262298635619e-08,3.316262298635619e-08,0.0,0.0,0.0,0.0,0.8,6.234955972763578e-05,0.0,4.925615218483226e-05,3.7510012742708307e-08,0.3,10184194.96,-12.168641747039363
107.05,0,aGDL,-12.168681645188883,46.68106604048985,0.0,3.319363092040228e-08,3.319363092040228e-08,0.0,0.0,0.0,0.0,0.8,6.234953628654434e-05,0.0,4.925613366637002e-05,3.75099307561154e-08,0.3,10184194.96,-12.168697815115085
107.15,0,aGDL,-12.168737862562466,46.68104114572914,0.0,3.3224638866207085e-08,3.3224638866207085e-08,0.0,0.0,0.0,0.0,0.8,6.234951278305337e-05,0.0,4.925611509861217e-05,3.7509848551366774e-08,0.3,10184194.96,-12.168754032451785
107.24999999999999,0,aGDL,-12.168794229196521,46.68101625095225,0.0,3.3255646823801735e-08,3.3255646823801735e-08,0.0,0.0,0.0,0.0,0.8,6.234948921716305e-05,0.0,4.9256096481558796e-05,3.750976612846387e-08,0.3,10184194.96,-12.16881039904913
107.35,0,aGDL,-12.168850745090708,46.68099135615916,0.0,3.3286654793217345e-08,3.3286654793217345e-08,0.0,0.0,0.0,0.0,0.8,6.234946558887355e-05,0.0,4.9256077815210104e-05,3.750968348740792e-08,0.3,10184194.96,-12.168866914906777
107.45,0,aGDL,-12.168907410244685,46.68096646134985,0.0,3.3317662774485044e-08,3.3317662774485044e-08,0.0,0.0,0.0,0.0,0.8,6.234944189818503e-05,0.0,4.925605909956617e-05,3.7509600628200345e-08,0.3,10184194.96,-12.16892358002439
107.55,0,aGDL,-12.168964224658055,46.68094156652428,0.0,3.334867076763595e-08,3.334867076763595e-08,0.0,0.0,0.0,0.0,0.8,6.23494181450977e-05,0.0,4.925604033462718e-05,3.7509517550842464e-08,0.3,10184194.96,-12.168980394401638
107.64999999999999,0,aGDL,-12.16902118833059,46.680916671682446,0.0,3.3379678772701176e-08,3.3379678772701176e-08,0.0,0.0,0.0,0.0,0.8,6.234939432961168e-05,0.0,4.9256021520393226e-05,3.7509434255335555e-08,0.3,10184194.96,-12.169037358038182
107.74999999999999,0,aGDL,-12.169078301261948,46.68089177682431,0.0,3.341068678971185e-08,3.341068678971185e-08,0.0,0.0,0.0,0.0,0.8,6.234937045172716e-05,0.0,4.925600265686445e-05,3.750935074168085e-08,0.3,10184194.96,-12.16909447093369
107.85,0,aGDL,-12.169135563451675,46.68086688194985,0.0,3.34416948186991e-08,3.34416948186991e-08,0.0,0.0,0.0,0.0,0.8,6.234934651144433e-05,0.0,4.925598374404102e-05,3.7509267009879916e-08,0.3,10184194.96,-12.169151733087835
107.94999999999999,0,aGDL,-12.169192974899602,46.68084198705904,0.0,3.3472702859694034e-08,3.3472702859694034e-08,0.0,0.0,0.0,0.0,0.8,6.234932250876332e-05,0.0,4.925596478192302e-05,3.75091830599338e-08,0.3,10184194.96,-12.169209144500288
108.05,0,aGDL,-12.169250535605272,46.680817092151855,0.0,3.350371091272778e-08,3.350371091272778e-08,0.0,0.0,0.0,0.0,0.8,6.234929844368434e-05,0.0,4.925594577051063e-05,3.750909889184407e-08,0.3,10184194.96,-12.169266705170719
108.15,0,aGDL,-12.169308245568459,46.68079219722828,0.0,3.353471897783146e-08,3.353471897783146e-08,0.0,0.0,0.0,0.0,0.8,6.234927431620751e-05,0.0,4.925592670980393e-05,3.7509014505611866e-08,0.3,10184194.96,-12.169324415098805
108.25,0,aGDL,-12.169366104788764,46.680767302288274,0.0,3.356572705503619e-08,3.356572705503619e-08,0.0,0.0,0.0,0.0,0.8,6.234925012633304e-05,0.0,4.92559075998031e-05,3.750892990123861e-08,0.3,10184194.96,-12.16938227428422
108.35,0,aGDL,-12.169424113265904,46.68074240733182,0.0,3.35967351443731e-08,3.35967351443731e-08,0.0,0.0,0.0,0.0,0.8,6.234922587406108e-05,0.0,4.925588844050825e-05,3.7508845078725574e-08,0.3,10184194.96,-12.169440282726645
108.44999999999999,0,aGDL,-12.169482270999538,46.680717512358896,0.0,3.3627743245873305e-08,3.3627743245873305e-08,0.0,0.0,0.0,0.0,0.8,6.23492015593918e-05,0.0,4.925586923191952e-05,3.7508760038074156e-08,0.3,10184194.96,-12.169498440425764
108.55,0,aGDL,-12.16954057798938,46.68069261736947,0.0,3.365875135956793e-08,3.365875135956793e-08,0.0,0.0,0.0,0.0,0.8,6.234917718232534e-05,0.0,4.925584997403701e-05,3.7508674779285535e-08,0.3,10184194.96,-12.169556747381247
108.64999999999999,0,aGDL,-12.169599034235091,46.68066772236353,0.0,3.368975948548809e-08,3.368975948548809e-08,0.0,0.0,0.0,0.0,0.8,6.234915274286187e-05,0.0,4.925583066686087e-05,3.750858930236113e-08,0.3,10184194.96,-12.169615203592784
108.74999999999999,0,aGDL,-12.169657639736329,46.68064282734104,0.0,3.37207676236649e-08,3.37207676236649e-08,0.0,0.0,0.0,0.0,0.8,6.23491282410016e-05,0.0,4.9255811310391246e-05,3.750850360730232e-08,0.3,10184194.96,-12.169673809060063
108.85,0,aGDL,-12.169716394492866,46.68061793230197,0.0,3.3751775774129504e-08,3.3751775774129504e-08,0.0,0.0,0.0,0.0,0.8,6.234910367674462e-05,0.0,4.925579190462824e-05,3.750841769411025e-08,0.3,10184194.96,-12.169732563782764
108.94999999999999,0,aGDL,-12.169775298504248,46.68059303724631,0.0,3.3782783936913e-08,3.3782783936913e-08,0.0,0.0,0.0,0.0,0.8,6.234907905009115e-05,0.0,4.925577244957201e-05,3.750833156278645e-08,0.3,10184194.96,-12.169791467760579
109.05,0,aGDL,-12.169834351770305,46.68056814217403,0.0,3.3813792112046525e-08,3.3813792112046525e-08,0.0,0.0,0.0,0.0,0.8,6.234905436104133e-05,0.0,4.925575294522264e-05,3.750824521333209e-08,0.3,10184194.96,-12.169850520993196
109.14999999999999,0,aGDL,-12.169893554290695,46.680543247085104,0.0,3.3844800299561194e-08,3.3844800299561194e-08,0.0,0.0,0.0,0.0,0.8,6.234902960959529e-05,0.0,4.9255733391580276e-05,3.7508158645748456e-08,0.3,10184194.96,-12.169909723480309
109.25,0,aGDL,-12.16995290606502,46.68051835197951,0.0,3.3875808499488126e-08,3.3875808499488126e-08,0.0,0.0,0.0,0.0,0.8,6.234900479575328e-05,0.0,4.925571378864509e-05,3.7508071860037074e-08,0.3,10184194.96,-12.169969075221607
109.35000000000001,0,aGDL,-12.170012407093111,46.680493456857214,0.0,3.390681671185844e-08,3.390681671185844e-08,0.0,0.0,0.0,0.0,0.8,6.234897991951534e-05,0.0,4.9255694136417116e-05,3.750798485619903e-08,0.3,10184194.96,-12.17002857621679
109.44999999999999,0,aGDL,-12.170072057374568,46.68046856171819,0.0,3.393782493670326e-08,3.393782493670326e-08,0.0,0.0,0.0,0.0,0.8,6.234895498088172e-05,0.0,4.925567443489656e-05,3.750789763423577e-08,0.3,10184194.96,-12.170088226465554
109.55,0,aGDL,-12.170131856909109,46.68044366656243,0.0,3.396883317405371e-08,3.396883317405371e-08,0.0,0.0,0.0,0.0,0.8,6.234892997985255e-05,0.0,4.925565468408351e-05,3.75078101941486e-08,0.3,10184194.96,-12.170148025967597
109.64999999999999,0,aGDL,-12.170191805696447,46.6804187713899,0.0,3.3999841423940916e-08,3.3999841423940916e-08,0.0,0.0,0.0,0.0,0.8,6.234890491642798e-05,0.0,4.925563488397811e-05,3.750772253593882e-08,0.3,10184194.96,-12.170207974722617
109.75,0,aGDL,-12.170251903736244,46.680393876200576,0.0,3.4030849686395985e-08,3.4030849686395985e-08,0.0,0.0,0.0,0.0,0.8,6.234887979060821e-05,0.0,4.925561503458048e-05,3.750763465960781e-08,0.3,10184194.96,-12.170268072730314
109.85,0,aGDL,-12.17031215102827,46.68036898099443,0.0,3.406185796145005e-08,3.406185796145005e-08,0.0,0.0,0.0,0.0,0.8,6.234885460239332e-05,0.0,4.925559513589072e-05,3.7507546565156795e-08,0.3,10184194.96,-12.170328319990398
109.94999999999999,0,aGDL,-12.170372547572185,46.680344085771445,0.0,3.409286624913422e-08,3.409286624913422e-08,0.0,0.0,0.0,0.0,0.8,6.234882935178352e-05,0.0,4.925557518790897e-05,3.750745825258716e-08,0.3,10184194.96,-12.170388716502572
110.05,0,aGDL,-12.170433093367762,46.680319190531584,0.0,3.4123874549479625e-08,3.4123874549479625e-08,0.0,0.0,0.0,0.0,0.8,6.234880403877891e-05,0.0,4.925555519063534e-05,3.750736972190005e-08,0.3,10184194.96,-12.17044926226654
110.14999999999999,0,aGDL,-12.170493788414603,46.68029429527483,0.0,3.4154882862517384e-08,3.4154882862517384e-08,0.0,0.0,0.0,0.0,0.8,6.234877866337973e-05,0.0,4.925553514406998e-05,3.750728097309706e-08,0.3,10184194.96,-12.170509957282016
110.25,0,aGDL,-12.17055463271248,46.68026940000116,0.0,3.418589118827862e-08,3.418589118827862e-08,0.0,0.0,0.0,0.0,0.8,6.234875322558608e-05,0.0,4.925551504821299e-05,3.7507192006179325e-08,0.3,10184194.96,-12.170570801548708
110.35,0,aGDL,-12.17061562626111,46.680244504710544,0.0,3.421689952679445e-08,3.421689952679445e-08,0.0,0.0,0.0,0.0,0.8,6.234872772539811e-05,0.0,4.92554949030645e-05,3.7507102821148155e-08,0.3,10184194.96,-12.170631795066324
110.45,0,aGDL,-12.170676769060151,46.680219609402954,0.0,3.4247907878096e-08,3.4247907878096e-08,0.0,0.0,0.0,0.0,0.8,6.2348702162816e-05,0.0,4.9255474708624645e-05,3.750701341800503e-08,0.3,10184194.96,-12.17069293783459
110.55,0,aGDL,-12.170738061109432,46.68019471407838,0.0,3.4278916242214384e-08,3.4278916242214384e-08,0.0,0.0,0.0,0.0,0.8,6.234867653783986e-05,0.0,4.925545446489349e-05,3.750692379675098e-08,0.3,10184194.96,-12.170754229853205
110.64999999999999,0,aGDL,-12.170799502408556,46.680169818736786,0.0,3.4309924619180724e-08,3.4309924619180724e-08,0.0,0.0,0.0,0.0,0.8,6.234865085046988e-05,0.0,4.925543417187121e-05,3.7506833957387605e-08,0.3,10184194.96,-12.170815671121902
110.75,0,aGDL,-12.170861092957296,46.680144923378144,0.0,3.434093300902615e-08,3.434093300902615e-08,0.0,0.0,0.0,0.0,0.8,6.23486251007062e-05,0.0,4.9255413829557904e-05,3.750674389991606e-08,0.3,10184194.96,-12.170877261640392
110.85,0,aGDL,-12.17092283275531,46.68012002800244,0.0,3.437194141178178e-08,3.437194141178178e-08,0.0,0.0,0.0,0.0,0.8,6.2348599288549e-05,0.0,4.92553934379537e-05,3.750665362433775e-08,0.3,10184194.96,-12.170939001408398
110.95,0,aGDL,-12.170984721802427,46.68009513260964,0.0,3.440294982747873e-08,3.440294982747873e-08,0.0,0.0,0.0,0.0,0.8,6.234857341399835e-05,0.0,4.92553729970587e-05,3.750656313065393e-08,0.3,10184194.96,-12.171000890425644
111.04999999999998,0,aGDL,-12.171046760098307,46.68007023719972,0.0,3.443395825614812e-08,3.443395825614812e-08,0.0,0.0,0.0,0.0,0.8,6.234854747705446e-05,0.0,4.9255352506873025e-05,3.750647241886586e-08,0.3,10184194.96,-12.17106292869185
111.14999999999999,0,aGDL,-12.171108947642722,46.68004534177267,0.0,3.446496669782107e-08,3.446496669782107e-08,0.0,0.0,0.0,0.0,0.8,6.234852147771746e-05,0.0,4.925533196739679e-05,3.7506381488974866e-08,0.3,10184194.96,-12.171125116206747
111.25,0,aGDL,-12.171171284435331,46.68002044632844,0.0,3.449597515252872e-08,3.449597515252872e-08,0.0,0.0,0.0,0.0,0.8,6.234849541598748e-05,0.0,4.925531137863012e-05,3.7506290340982376e-08,0.3,10184194.96,-12.171187452970063
111.35,0,aGDL,-12.171233770475851,46.67999555086703,0.0,3.4526983620302166e-08,3.4526983620302166e-08,0.0,0.0,0.0,0.0,0.8,6.234846929186475e-05,0.0,4.9255290740573146e-05,3.75061989748897e-08,0.3,10184194.96,-12.171249938981525
111.45,0,aGDL,-12.17129640576411,46.679970655388395,0.0,3.455799210117254e-08,3.455799210117254e-08,0.0,0.0,0.0,0.0,0.8,6.234844310534931e-05,0.0,4.925527005322595e-05,3.750610739069801e-08,0.3,10184194.96,-12.171312574240865
111.55,0,aGDL,-12.171359190299768,46.67994575989252,0.0,3.458900059517097e-08,3.458900059517097e-08,0.0,0.0,0.0,0.0,0.8,6.234841685644134e-05,0.0,4.9255249316588664e-05,3.750601558840872e-08,0.3,10184194.96,-12.171375358747818
111.64999999999999,0,aGDL,-12.171422124082596,46.679920864379376,0.0,3.462000910232856e-08,3.462000910232856e-08,0.0,0.0,0.0,0.0,0.8,6.2348390545141e-05,0.0,4.925522853066139e-05,3.750592356802308e-08,0.3,10184194.96,-12.171438292502122
111.74999999999999,0,aGDL,-12.171485207112312,46.679895968848946,0.0,3.4651017622676444e-08,3.4651017622676444e-08,0.0,0.0,0.0,0.0,0.8,6.234836417144846e-05,0.0,4.925520769544428e-05,3.750583132954243e-08,0.3,10184194.96,-12.171501375503508
111.85,0,aGDL,-12.171548439388687,46.6798710733012,0.0,3.468202615624574e-08,3.468202615624574e-08,0.0,0.0,0.0,0.0,0.8,6.234833773536377e-05,0.0,4.925518681093738e-05,3.750573887296804e-08,0.3,10184194.96,-12.171564607751721
111.95,0,aGDL,-12.17161182091138,46.67984617773612,0.0,3.4713034703067574e-08,3.4713034703067574e-08,0.0,0.0,0.0,0.0,0.8,6.234831123688718e-05,0.0,4.925516587714086e-05,3.750564619830133e-08,0.3,10184194.96,-12.171627989246494
112.05,0,aGDL,-12.171675351680221,46.67982128215367,0.0,3.474404326317306e-08,3.474404326317306e-08,0.0,0.0,0.0,0.0,0.8,6.234828467601877e-05,0.0,4.9255144894054825e-05,3.75055533055435e-08,0.3,10184194.96,-12.171691519987574
112.14999999999999,0,aGDL,-12.17173903169487,46.679796386553825,0.0,3.477505183659332e-08,3.477505183659332e-08,0.0,0.0,0.0,0.0,0.8,6.23482580527587e-05,0.0,4.925512386167938e-05,3.750546019469597e-08,0.3,10184194.96,-12.171755199974701
112.24999999999999,0,aGDL,-12.171802860955154,46.67977149093657,0.0,3.480606042335947e-08,3.480606042335947e-08,0.0,0.0,0.0,0.0,0.8,6.234823136710711e-05,0.0,4.925510278001461e-05,3.750536686575991e-08,0.3,10184194.96,-12.17181902920763
112.35,0,aGDL,-12.17186683946079,46.67974659530187,0.0,3.4837069023502645e-08,3.4837069023502645e-08,0.0,0.0,0.0,0.0,0.8,6.234820461906413e-05,0.0,4.925508164906066e-05,3.7505273318736687e-08,0.3,10184194.96,-12.171883007686102
112.44999999999999,0,aGDL,-12.171930967211551,46.67972169964971,0.0,3.4868077637053956e-08,3.4868077637053956e-08,0.0,0.0,0.0,0.0,0.8,6.23481778086299e-05,0.0,4.925506046881762e-05,3.7505179553627575e-08,0.3,10184194.96,-12.171947135409866
112.55,0,aGDL,-12.171995244207096,46.679696803980065,0.0,3.489908626404452e-08,3.489908626404452e-08,0.0,0.0,0.0,0.0,0.8,6.234815093580458e-05,0.0,4.925503923928561e-05,3.7505085570434035e-08,0.3,10184194.96,-12.172011412378675
112.65,0,aGDL,-12.172059670447311,46.6796719082929,0.0,3.4930094904505475e-08,3.4930094904505475e-08,0.0,0.0,0.0,0.0,0.8,6.234812400058827e-05,0.0,4.9255017960464735e-05,3.7504991369157126e-08,0.3,10184194.96,-12.172075838592281
112.74999999999999,0,aGDL,-12.172124245931855,46.679647012588205,0.0,3.496110355846793e-08,3.496110355846793e-08,0.0,0.0,0.0,0.0,0.8,6.234809700298113e-05,0.0,4.92549966323551e-05,3.750489694979833e-08,0.3,10184194.96,-12.17214041405044
112.85,0,aGDL,-12.1721889706605,46.679622116865936,0.0,3.499211222596301e-08,3.499211222596301e-08,0.0,0.0,0.0,0.0,0.8,6.234806994298331e-05,0.0,4.9254975254956816e-05,3.7504802312358964e-08,0.3,10184194.96,-12.172205138752911
112.94999999999999,0,aGDL,-12.172253844633019,46.67959722112609,0.0,3.5023120907021826e-08,3.5023120907021826e-08,0.0,0.0,0.0,0.0,0.8,6.234804282059494e-05,0.0,4.925495382827e-05,3.7504707456840245e-08,0.3,10184194.96,-12.172270012699448
113.05,0,aGDL,-12.172318867849185,46.67957232536862,0.0,3.5054129601675516e-08,3.5054129601675516e-08,0.0,0.0,0.0,0.0,0.8,6.234801563581613e-05,0.0,4.925493235229475e-05,3.750461238324346e-08,0.3,10184194.96,-12.172335035889816
113.15,0,aGDL,-12.172384040308714,46.67954742959352,0.0,3.5085138309955194e-08,3.5085138309955194e-08,0.0,0.0,0.0,0.0,0.8,6.234798838864706e-05,0.0,4.925491082703118e-05,3.750451709157004e-08,0.3,10184194.96,-12.172400208323772
113.24999999999999,0,aGDL,-12.172449362011434,46.67952253380075,0.0,3.5116147031891974e-08,3.5116147031891974e-08,0.0,0.0,0.0,0.0,0.8,6.23479610790878e-05,0.0,4.9254889252479364e-05,3.7504421581821156e-08,0.3,10184194.96,-12.172465530001082
113.35,0,aGDL,-12.172514832957063,46.6794976379903,0.0,3.514715576751698e-08,3.514715576751698e-08,0.0,0.0,0.0,0.0,0.8,6.234793370713855e-05,0.0,4.9254867628639445e-05,3.750432585399817e-08,0.3,10184194.96,-12.172531000921516
113.44999999999999,0,aGDL,-12.172580453145372,46.67947274216213,0.0,3.517816451686134e-08,3.517816451686134e-08,0.0,0.0,0.0,0.0,0.8,6.23479062727994e-05,0.0,4.925484595551152e-05,3.750422990810243e-08,0.3,10184194.96,-12.172596621084837
113.55,0,aGDL,-12.172646222576134,46.679447846316236,0.0,3.520917327995618e-08,3.520917327995618e-08,0.0,0.0,0.0,0.0,0.8,6.23478787760705e-05,0.0,4.925482423309569e-05,3.7504133744135175e-08,0.3,10184194.96,-12.172662390490819
113.64999999999999,0,aGDL,-12.172712141249121,46.67942295045257,0.0,3.524018205683261e-08,3.524018205683261e-08,0.0,0.0,0.0,0.0,0.8,6.234785121695196e-05,0.0,4.9254802461392054e-05,3.750403736209772e-08,0.3,10184194.96,-12.172728309139226
113.75,0,aGDL,-12.172778209164164,46.67939805457112,0.0,3.527119084752175e-08,3.527119084752175e-08,0.0,0.0,0.0,0.0,0.8,6.234782359544392e-05,0.0,4.9254780640400696e-05,3.750394076199129e-08,0.3,10184194.96,-12.172794377029835
113.85000000000001,0,aGDL,-12.172844426320921,46.67937315867186,0.0,3.5302199652054726e-08,3.5302199652054726e-08,0.0,0.0,0.0,0.0,0.8,6.234779591154653e-05,0.0,4.925475877012176e-05,3.750384394381733e-08,0.3,10184194.96,-12.172860594162424
113.94999999999999,0,aGDL,-12.172910792719279,46.679348262754765,0.0,3.533320847046266e-08,3.533320847046266e-08,0.0,0.0,0.0,0.0,0.8,6.23477681652599e-05,0.0,4.9254736850555317e-05,3.750374690757704e-08,0.3,10184194.96,-12.172926960536765
114.05,0,aGDL,-12.172977308358952,46.6793233668198,0.0,3.5364217302776676e-08,3.5364217302776676e-08,0.0,0.0,0.0,0.0,0.8,6.234774035658416e-05,0.0,4.925471488170148e-05,3.750364965327178e-08,0.3,10184194.96,-12.17299347615264
114.14999999999999,0,aGDL,-12.173043973239714,46.67929847086696,0.0,3.539522614902789e-08,3.539522614902789e-08,0.0,0.0,0.0,0.0,0.8,6.234771248551945e-05,0.0,4.925469286356036e-05,3.750355218090283e-08,0.3,10184194.96,-12.173060141009831
114.25,0,aGDL,-12.173110787361395,46.67927357489621,0.0,3.5426235009247424e-08,3.5426235009247424e-08,0.0,0.0,0.0,0.0,0.8,6.234768455206586e-05,0.0,4.925467079613203e-05,3.750345449047144e-08,0.3,10184194.96,-12.173126955108113
114.35,0,aGDL,-12.173177750723767,46.67924867890752,0.0,3.54572438834664e-08,3.54572438834664e-08,0.0,0.0,0.0,0.0,0.8,6.234765655622358e-05,0.0,4.925464867941662e-05,3.750335658197894e-08,0.3,10184194.96,-12.17319391844728
114.44999999999999,0,aGDL,-12.173244863326545,46.67922378290087,0.0,3.548825277171594e-08,3.548825277171594e-08,0.0,0.0,0.0,0.0,0.8,6.234762849799268e-05,0.0,4.925462651341422e-05,3.750325845542674e-08,0.3,10184194.96,-12.17326103102711
114.55,0,aGDL,-12.173312125169616,46.679198886876236,0.0,3.551926167402717e-08,3.551926167402717e-08,0.0,0.0,0.0,0.0,0.8,6.234760037737331e-05,0.0,4.925460429812491e-05,3.750316011081596e-08,0.3,10184194.96,-12.173328292847396
114.64999999999999,0,aGDL,-12.173379536252753,46.6791739908336,0.0,3.555027059043121e-08,3.555027059043121e-08,0.0,0.0,0.0,0.0,0.8,6.234757219436557e-05,0.0,4.925458203354879e-05,3.750306154814791e-08,0.3,10184194.96,-12.173395703907927
114.75,0,aGDL,-12.173447096575728,46.67914909477292,0.0,3.5581279520959176e-08,3.5581279520959176e-08,0.0,0.0,0.0,0.0,0.8,6.23475439489696e-05,0.0,4.925455971968597e-05,3.750296276742392e-08,0.3,10184194.96,-12.173463264208495
114.85,0,aGDL,-12.173514806138257,46.67912419869418,0.0,3.561228846564219e-08,3.561228846564219e-08,0.0,0.0,0.0,0.0,0.8,6.234751564118556e-05,0.0,4.925453735653658e-05,3.750286376864545e-08,0.3,10184194.96,-12.173530973748893
114.95,0,aGDL,-12.173582664940284,46.67909930259736,0.0,3.5643297424511376e-08,3.5643297424511376e-08,0.0,0.0,0.0,0.0,0.8,6.234748727101349e-05,0.0,4.925451494410066e-05,3.750276455181354e-08,0.3,10184194.96,-12.173598832528917
115.05,0,aGDL,-12.173650672981466,46.679074406482435,0.0,3.567430639759786e-08,3.567430639759786e-08,0.0,0.0,0.0,0.0,0.8,6.234745883845358e-05,0.0,4.925449248237833e-05,3.750266511692969e-08,0.3,10184194.96,-12.173666840548362
115.14999999999999,0,aGDL,-12.173718830261691,46.67904951034937,0.0,3.570531538493275e-08,3.570531538493275e-08,0.0,0.0,0.0,0.0,0.8,6.234743034350594e-05,0.0,4.925446997136969e-05,3.7502565463995065e-08,0.3,10184194.96,-12.173734997807031
115.25,0,aGDL,-12.173787136780788,46.67902461419815,0.0,3.573632438654719e-08,3.573632438654719e-08,0.0,0.0,0.0,0.0,0.8,6.234740178617064e-05,0.0,4.9254447411074795e-05,3.750246559301088e-08,0.3,10184194.96,-12.173803304304721
115.35,0,aGDL,-12.173855592538416,46.67899971802875,0.0,3.576733340247228e-08,3.576733340247228e-08,0.0,0.0,0.0,0.0,0.8,6.234737316644787e-05,0.0,4.925442480149381e-05,3.750236550397873e-08,0.3,10184194.96,-12.173871760041239
115.44999999999999,0,aGDL,-12.173924197534518,46.67897482184114,0.0,3.579834243273915e-08,3.579834243273915e-08,0.0,0.0,0.0,0.0,0.8,6.234734448433772e-05,0.0,4.925440214262679e-05,3.750226519689961e-08,0.3,10184194.96,-12.17394036501639
115.54999999999998,0,aGDL,-12.173992951768867,46.678949925635294,0.0,3.582935147737893e-08,3.582935147737893e-08,0.0,0.0,0.0,0.0,0.8,6.234731573984026e-05,0.0,4.92543794344738e-05,3.750216467177491e-08,0.3,10184194.96,-12.174009119229973
115.64999999999999,0,aGDL,-12.174061855241234,46.67892502941119,0.0,3.5860360536422723e-08,3.5860360536422723e-08,0.0,0.0,0.0,0.0,0.8,6.234728693295569e-05,0.0,4.9254356677035e-05,3.750206392860599e-08,0.3,10184194.96,-12.174078022681812
115.75,0,aGDL,-12.17413090795145,46.67890013316881,0.0,3.589136960990167e-08,3.589136960990167e-08,0.0,0.0,0.0,0.0,0.8,6.234725806368407e-05,0.0,4.925433387031041e-05,3.750196296739401e-08,0.3,10184194.96,-12.174147075371705
115.85,0,aGDL,-12.174200109899346,46.67887523690812,0.0,3.592237869784688e-08,3.592237869784688e-08,0.0,0.0,0.0,0.0,0.8,6.234722913202553e-05,0.0,4.9254311014300176e-05,3.7501861788140374e-08,0.3,10184194.96,-12.174216277299468
115.95,0,aGDL,-12.174269461084691,46.6788503406291,0.0,3.595338780028948e-08,3.595338780028948e-08,0.0,0.0,0.0,0.0,0.8,6.23472001379802e-05,0.0,4.925428810900435e-05,3.750176039084634e-08,0.3,10184194.96,-12.174285628464915
116.05,0,aGDL,-12.174338961507374,46.67882544433172,0.0,3.5984396917260595e-08,3.5984396917260595e-08,0.0,0.0,0.0,0.0,0.8,6.234717108154817e-05,0.0,4.9254265154423056e-05,3.7501658775513135e-08,0.3,10184194.96,-12.174355128867864
116.14999999999999,0,aGDL,-12.17440861116711,46.678800548015964,0.0,3.6015406048791333e-08,3.6015406048791333e-08,0.0,0.0,0.0,0.0,0.8,6.234714196272958e-05,0.0,4.925424215055637e-05,3.750155694214215e-08,0.3,10184194.96,-12.174424778508136
116.25,0,aGDL,-12.174478410063841,46.678775651681796,0.0,3.6046415194912837e-08,3.6046415194912837e-08,0.0,0.0,0.0,0.0,0.8,6.234711278152452e-05,0.0,4.925421909740437e-05,3.750145489073456e-08,0.3,10184194.96,-12.174494577385547
116.35,0,aGDL,-12.174548358197285,46.678750755329204,0.0,3.607742435565621e-08,3.607742435565621e-08,0.0,0.0,0.0,0.0,0.8,6.23470835379331e-05,0.0,4.925419599496715e-05,3.750135262129175e-08,0.3,10184194.96,-12.174564525499916
116.45,0,aGDL,-12.174618455567327,46.67872585895815,0.0,3.610843353105259e-08,3.610843353105259e-08,0.0,0.0,0.0,0.0,0.8,6.234705423195544e-05,0.0,4.9254172843244796e-05,3.750125013381493e-08,0.3,10184194.96,-12.174634622851078
116.54999999999998,0,aGDL,-12.17468870217374,46.67870096256862,0.0,3.6139442721133086e-08,3.6139442721133086e-08,0.0,0.0,0.0,0.0,0.8,6.234702486359166e-05,0.0,4.925414964223742e-05,3.750114742830549e-08,0.3,10184194.96,-12.174704869438846
116.64999999999999,0,aGDL,-12.174759098016409,46.678676066160584,0.0,3.617045192592882e-08,3.617045192592882e-08,0.0,0.0,0.0,0.0,0.8,6.234699543284188e-05,0.0,4.925412639194508e-05,3.750104450476458e-08,0.3,10184194.96,-12.174775265263058
116.74999999999999,0,aGDL,-12.174829643095109,46.67865116973402,0.0,3.6201461145470926e-08,3.6201461145470926e-08,0.0,0.0,0.0,0.0,0.8,6.234696593970618e-05,0.0,4.9254103092367874e-05,3.7500941363193583e-08,0.3,10184194.96,-12.174845810323543
116.85,0,aGDL,-12.174900337409724,46.6786262732889,0.0,3.6232470379790516e-08,3.6232470379790516e-08,0.0,0.0,0.0,0.0,0.8,6.234693638418466e-05,0.0,4.9254079743505866e-05,3.7500838003593703e-08,0.3,10184194.96,-12.174916504620123
116.95,0,aGDL,-12.174971180960085,46.6786013768252,0.0,3.626347962891872e-08,3.626347962891872e-08,0.0,0.0,0.0,0.0,0.8,6.234690676627746e-05,0.0,4.9254056345359185e-05,3.7500734425966266e-08,0.3,10184194.96,-12.174987348152644
117.05,0,aGDL,-12.175042173745965,46.67857648034289,0.0,3.6294488892886656e-08,3.6294488892886656e-08,0.0,0.0,0.0,0.0,0.8,6.234687708598467e-05,0.0,4.925403289792789e-05,3.750063063031262e-08,0.3,10184194.96,-12.175058340920936
117.15,0,aGDL,-12.175113315767305,46.67855158384196,0.0,3.632549817172544e-08,3.632549817172544e-08,0.0,0.0,0.0,0.0,0.8,6.234684734330638e-05,0.0,4.925400940121204e-05,3.750052661663386e-08,0.3,10184194.96,-12.17512948292484
117.24999999999999,0,aGDL,-12.175184607023823,46.67852668732237,0.0,3.63565074654662e-08,3.63565074654662e-08,0.0,0.0,0.0,0.0,0.8,6.234681753824274e-05,0.0,4.925398585521176e-05,3.750042238493148e-08,0.3,10184194.96,-12.175200774164189
117.35,0,aGDL,-12.175256047515461,46.678501790784104,0.0,3.6387516774140064e-08,3.6387516774140064e-08,0.0,0.0,0.0,0.0,0.8,6.234678767079383e-05,0.0,4.925396225992711e-05,3.750031793520664e-08,0.3,10184194.96,-12.17527221463883
117.44999999999999,0,aGDL,-12.175327637241992,46.67847689422713,0.0,3.6418526097778146e-08,3.6418526097778146e-08,0.0,0.0,0.0,0.0,0.8,6.234675774095973e-05,0.0,4.9253938615358184e-05,3.750021326746067e-08,0.3,10184194.96,-12.175343804348609
117.55,0,aGDL,-12.175399376203245,46.678451997651436,0.0,3.644953543641157e-08,3.644953543641157e-08,0.0,0.0,0.0,0.0,0.8,6.234672774874063e-05,0.0,4.925391492150509e-05,3.750010838169487e-08,0.3,10184194.96,-12.175415543293362
117.65,0,aGDL,-12.175471264399164,46.67842710105699,0.0,3.648054479007146e-08,3.648054479007146e-08,0.0,0.0,0.0,0.0,0.8,6.234669769413652e-05,0.0,4.9253891178367834e-05,3.7500003277910414e-08,0.3,10184194.96,-12.175487431472947
117.74999999999999,0,aGDL,-12.175543301829578,46.678402204443756,0.0,3.651155415878894e-08,3.651155415878894e-08,0.0,0.0,0.0,0.0,0.8,6.234666757714752e-05,0.0,4.925386738594653e-05,3.749989795610861e-08,0.3,10184194.96,-12.175559468887206
117.85,0,aGDL,-12.175615488494259,46.67837730781173,0.0,3.6542563542595126e-08,3.6542563542595126e-08,0.0,0.0,0.0,0.0,0.8,6.23466373977738e-05,0.0,4.925384354424131e-05,3.7499792416290804e-08,0.3,10184194.96,-12.175631655535996
117.94999999999999,0,aGDL,-12.175687824393094,46.67835241116087,0.0,3.657357294152115e-08,3.657357294152115e-08,0.0,0.0,0.0,0.0,0.8,6.234660715601544e-05,0.0,4.9253819653252197e-05,3.749968665845825e-08,0.3,10184194.96,-12.175703991419168
118.05,0,aGDL,-12.175760309526027,46.67832751449116,0.0,3.6604582355598124e-08,3.6604582355598124e-08,0.0,0.0,0.0,0.0,0.8,6.234657685187249e-05,0.0,4.925379571297927e-05,3.749958068261211e-08,0.3,10184194.96,-12.175776476536576
118.15,0,aGDL,-12.175832943892772,46.67830261780257,0.0,3.6635591784857185e-08,3.6635591784857185e-08,0.0,0.0,0.0,0.0,0.8,6.23465464853451e-05,0.0,4.9253771723422624e-05,3.749947448875385e-08,0.3,10184194.96,-12.17584911088808
118.25,0,aGDL,-12.175905727493273,46.678277721095085,0.0,3.666660122932944e-08,3.666660122932944e-08,0.0,0.0,0.0,0.0,0.8,6.234651605643333e-05,0.0,4.925374768458233e-05,3.7499368076884594e-08,0.3,10184194.96,-12.175921894473536
118.35,0,aGDL,-12.17597866032736,46.67825282436867,0.0,3.669761068904602e-08,3.669761068904602e-08,0.0,0.0,0.0,0.0,0.8,6.234648556513732e-05,0.0,4.9253723596458486e-05,3.749926144700573e-08,0.3,10184194.96,-12.17599482729281
118.44999999999999,0,aGDL,-12.176051742394918,46.678227927623304,0.0,3.6728620164038044e-08,3.6728620164038044e-08,0.0,0.0,0.0,0.0,0.8,6.234645501145714e-05,0.0,4.9253699459051135e-05,3.7499154599118414e-08,0.3,10184194.96,-12.17606790934576
118.55,0,aGDL,-12.176124973695835,46.67820303085897,0.0,3.675962965433664e-08,3.675962965433664e-08,0.0,0.0,0.0,0.0,0.8,6.234642439539287e-05,0.0,4.925367527236036e-05,3.749904753322395e-08,0.3,10184194.96,-12.176141140632255
118.64999999999999,0,aGDL,-12.176198354229882,46.67817813407562,0.0,3.6790639159972934e-08,3.6790639159972934e-08,0.0,0.0,0.0,0.0,0.8,6.234639371694464e-05,0.0,4.9253651036386264e-05,3.749894024932368e-08,0.3,10184194.96,-12.176214521152165
118.75,0,aGDL,-12.17627188399706,46.67815323727325,0.0,3.682164868097804e-08,3.682164868097804e-08,0.0,0.0,0.0,0.0,0.8,6.234636297611251e-05,0.0,4.925362675112888e-05,3.74988327474188e-08,0.3,10184194.96,-12.176288050905354
118.85,0,aGDL,-12.176345562997142,46.678128340451835,0.0,3.6852658217383074e-08,3.6852658217383074e-08,0.0,0.0,0.0,0.0,0.8,6.23463321728966e-05,0.0,4.9253602416588304e-05,3.749872502751059e-08,0.3,10184194.96,-12.176361729891694
118.94999999999999,0,aGDL,-12.176419391230013,46.67810344361134,0.0,3.688366776921918e-08,3.688366776921918e-08,0.0,0.0,0.0,0.0,0.8,6.2346301307297e-05,0.0,4.9253578032764615e-05,3.749861708960037e-08,0.3,10184194.96,-12.176435558111066
119.05,0,aGDL,-12.17649336869556,46.67807854675175,0.0,3.6914677336517464e-08,3.6914677336517464e-08,0.0,0.0,0.0,0.0,0.8,6.234627037931379e-05,0.0,4.9253553599657893e-05,3.7498508933689406e-08,0.3,10184194.96,-12.176509535563332
119.14999999999999,0,aGDL,-12.176567495393726,46.678053649873036,0.0,3.6945686919309056e-08,3.6945686919309056e-08,0.0,0.0,0.0,0.0,0.8,6.234623938894706e-05,0.0,4.925352911726818e-05,3.749840055977882e-08,0.3,10184194.96,-12.176583662248383
119.25,0,aGDL,-12.176641771324284,46.678028752975166,0.0,3.697669651762508e-08,3.697669651762508e-08,0.0,0.0,0.0,0.0,0.8,6.234620833619693e-05,0.0,4.925350458559556e-05,3.749829196787003e-08,0.3,10184194.96,-12.17665793816609
119.35,0,aGDL,-12.176716196487178,46.678003856058126,0.0,3.700770613149665e-08,3.700770613149665e-08,0.0,0.0,0.0,0.0,0.8,6.234617722106343e-05,0.0,4.925348000464011e-05,3.749818315796427e-08,0.3,10184194.96,-12.176732363316336
119.44999999999999,0,aGDL,-12.176790770882292,46.67797895912189,0.0,3.70387157609549e-08,3.70387157609549e-08,0.0,0.0,0.0,0.0,0.8,6.234614604354671e-05,0.0,4.9253455374401894e-05,3.7498074130062756e-08,0.3,10184194.96,-12.17680693769901
119.55,0,aGDL,-12.176865494509457,46.67795406216642,0.0,3.7069725406030956e-08,3.7069725406030956e-08,0.0,0.0,0.0,0.0,0.8,6.234611480364683e-05,0.0,4.9253430694880995e-05,3.749796488416685e-08,0.3,10184194.96,-12.176881661313988
119.64999999999999,0,aGDL,-12.176940367368616,46.677929165191706,0.0,3.710073506675593e-08,3.710073506675593e-08,0.0,0.0,0.0,0.0,0.8,6.23460835013639e-05,0.0,4.925340596607747e-05,3.7497855420277704e-08,0.3,10184194.96,-12.176956534161166
119.75,0,aGDL,-12.177015389459655,46.67790426819772,0.0,3.7131744743160955e-08,3.7131744743160955e-08,0.0,0.0,0.0,0.0,0.8,6.234605213669794e-05,0.0,4.925338118799137e-05,3.7497745738396615e-08,0.3,10184194.96,-12.17703155624043
119.85,0,aGDL,-12.177090560782403,46.67787937118444,0.0,3.716275443527714e-08,3.716275443527714e-08,0.0,0.0,0.0,0.0,0.8,6.234602070964914e-05,0.0,4.925335636062281e-05,3.749763583852495e-08,0.3,10184194.96,-12.177106727551674
119.94999999999999,0,aGDL,-12.177165881336862,46.677854474151836,0.0,3.719376414313563e-08,3.719376414313563e-08,0.0,0.0,0.0,0.0,0.8,6.234598922021747e-05,0.0,4.92533314839718e-05,3.749752572066379e-08,0.3,10184194.96,-12.177182048094785
120.05,0,aGDL,-12.177241351122802,46.677829577099885,0.0,3.7224773866767526e-08,3.7224773866767526e-08,0.0,0.0,0.0,0.0,0.8,6.234595766840313e-05,0.0,4.9253306558038466e-05,3.7497415384814584e-08,0.3,10184194.96,-12.177257517869668
120.14999999999999,0,aGDL,-12.177316970140225,46.67780468002856,0.0,3.725578360620397e-08,3.725578360620397e-08,0.0,0.0,0.0,0.0,0.8,6.234592605420611e-05,0.0,4.9253281582822825e-05,3.7497304830978396e-08,0.3,10184194.96,-12.177333136876216
120.25,0,aGDL,-12.177392738389017,46.67777978293783,0.0,3.728679336147607e-08,3.728679336147607e-08,0.0,0.0,0.0,0.0,0.8,6.234589437762652e-05,0.0,4.925325655832496e-05,3.7497194059156586e-08,0.3,10184194.96,-12.17740890511433
120.35,0,aGDL,-12.177468655869006,46.67775488582769,0.0,3.731780313261497e-08,3.731780313261497e-08,0.0,0.0,0.0,0.0,0.8,6.234586263866447e-05,0.0,4.9253231484544936e-05,3.7497083069350444e-08,0.3,10184194.96,-12.177484822583912
120.45,0,aGDL,-12.177544722580137,46.6777299886981,0.0,3.7348812919651774e-08,3.7348812919651774e-08,0.0,0.0,0.0,0.0,0.8,6.234583083732003e-05,0.0,4.9253206361482824e-05,3.749697186156121e-08,0.3,10184194.96,-12.177560889284864
120.54999999999998,0,aGDL,-12.177620938522352,46.677705091549036,0.0,3.737982272261761e-08,3.737982272261761e-08,0.0,0.0,0.0,0.0,0.8,6.234579897359327e-05,0.0,4.9253181189138675e-05,3.7496860435790064e-08,0.3,10184194.96,-12.177637105217096
120.64999999999999,0,aGDL,-12.177697303695538,46.67768019438048,0.0,3.741083254154361e-08,3.741083254154361e-08,0.0,0.0,0.0,0.0,0.8,6.234576704748425e-05,0.0,4.9253155967512564e-05,3.749674879203829e-08,0.3,10184194.96,-12.177713470380512
120.75,0,aGDL,-12.177773818099524,46.677655297192395,0.0,3.744184237646089e-08,3.744184237646089e-08,0.0,0.0,0.0,0.0,0.8,6.234573505899311e-05,0.0,4.925313069660456e-05,3.7496636930307276e-08,0.3,10184194.96,-12.177789984775027
120.85,0,aGDL,-12.177850481734367,46.67763039998477,0.0,3.747285222740058e-08,3.747285222740058e-08,0.0,0.0,0.0,0.0,0.8,6.234570300811984e-05,0.0,4.9253105376414684e-05,3.749652485059807e-08,0.3,10184194.96,-12.17786664840055
120.95,0,aGDL,-12.177927294599897,46.67760550275757,0.0,3.75038620943938e-08,3.75038620943938e-08,0.0,0.0,0.0,0.0,0.8,6.234567089486459e-05,0.0,4.9253080006943024e-05,3.749641255291202e-08,0.3,10184194.96,-12.177943461256998
121.04999999999998,0,aGDL,-12.178004256696,46.677580605510784,0.0,3.753487197747167e-08,3.753487197747167e-08,0.0,0.0,0.0,0.0,0.8,6.234563871922742e-05,0.0,4.9253054588189665e-05,3.7496300037250454e-08,0.3,10184194.96,-12.178020423344284
121.14999999999999,0,aGDL,-12.178081368022674,46.67755570824437,0.0,3.756588187666532e-08,3.756588187666532e-08,0.0,0.0,0.0,0.0,0.8,6.234560648120838e-05,0.0,4.925302912015462e-05,3.74961873036145e-08,0.3,10184194.96,-12.17809753466233
121.24999999999999,0,aGDL,-12.178158628579808,46.67753081095831,0.0,3.759689179200588e-08,3.759689179200588e-08,0.0,0.0,0.0,0.0,0.8,6.234557418080757e-05,0.0,4.9253003602837976e-05,3.7496074352005404e-08,0.3,10184194.96,-12.178174795211055
121.35,0,aGDL,-12.178236038367288,46.67750591365259,0.0,3.762790172352446e-08,3.762790172352446e-08,0.0,0.0,0.0,0.0,0.8,6.234554181802506e-05,0.0,4.925297803623978e-05,3.7495961182424504e-08,0.3,10184194.96,-12.17825220499038
121.45,0,aGDL,-12.178313597385056,46.677481016327164,0.0,3.76589116712522e-08,3.76589116712522e-08,0.0,0.0,0.0,0.0,0.8,6.234550939286091e-05,0.0,4.9252952420360124e-05,3.749584779487305e-08,0.3,10184194.96,-12.178329764000233
121.55,0,aGDL,-12.178391305633056,46.67745611898203,0.0,3.768992163522021e-08,3.768992163522021e-08,0.0,0.0,0.0,0.0,0.8,6.234547690531522e-05,0.0,4.925292675519902e-05,3.749573418935226e-08,0.3,10184194.96,-12.178407472240542
121.65,0,aGDL,-12.178469163111231,46.67743122161714,0.0,3.772093161545962e-08,3.772093161545962e-08,0.0,0.0,0.0,0.0,0.8,6.234544435538803e-05,0.0,4.9252901040756535e-05,3.749562036586332e-08,0.3,10184194.96,-12.178485329711235
121.74999999999999,0,aGDL,-12.178547169819467,46.67740632423249,0.0,3.775194161200155e-08,3.775194161200155e-08,0.0,0.0,0.0,0.0,0.8,6.234541174307942e-05,0.0,4.925287527703274e-05,3.749550632440756e-08,0.3,10184194.96,-12.178563336412239
121.85,0,aGDL,-12.178625325757764,46.67738142682804,0.0,3.778295162487714e-08,3.778295162487714e-08,0.0,0.0,0.0,0.0,0.8,6.234537906838944e-05,0.0,4.9252849464027665e-05,3.7495392064986107e-08,0.3,10184194.96,-12.178641492343496
121.95,0,aGDL,-12.178703630925952,46.67735652940378,0.0,3.7813961654117495e-08,3.7813961654117495e-08,0.0,0.0,0.0,0.0,0.8,6.234534633131824e-05,0.0,4.9252823601741415e-05,3.749527758760039e-08,0.3,10184194.96,-12.178719797504932
122.04999999999998,0,aGDL,-12.178782085324087,46.677331631959674,0.0,3.7844971699753757e-08,3.7844971699753757e-08,0.0,0.0,0.0,0.0,0.8,6.23453135318658e-05,0.0,4.9252797690173974e-05,3.749516289225149e-08,0.3,10184194.96,-12.178798251896495
122.14999999999999,0,aGDL,-12.178860688952,46.677306734495694,0.0,3.787598176181704e-08,3.787598176181704e-08,0.0,0.0,0.0,0.0,0.8,6.234528067003223e-05,0.0,4.925277172932546e-05,3.7495047978940744e-08,0.3,10184194.96,-12.178876855518116
122.24999999999999,0,aGDL,-12.178939441809746,46.677281837011826,0.0,3.7906991840338466e-08,3.7906991840338466e-08,0.0,0.0,0.0,0.0,0.8,6.234524774581757e-05,0.0,4.925274571919588e-05,3.74949328476693e-08,0.3,10184194.96,-12.178955608369739
122.35,0,aGDL,-12.179018343897155,46.67725693950804,0.0,3.793800193534917e-08,3.793800193534917e-08,0.0,0.0,0.0,0.0,0.8,6.234521475922191e-05,0.0,4.925271965978531e-05,3.749481749843853e-08,0.3,10184194.96,-12.179034510451308
122.44999999999999,0,aGDL,-12.179097395214285,46.67723204198432,0.0,3.7969012046880274e-08,3.7969012046880274e-08,0.0,0.0,0.0,0.0,0.8,6.234518171024528e-05,0.0,4.9252693551093775e-05,3.749470193124949e-08,0.3,10184194.96,-12.179113561762778
122.55,0,aGDL,-12.179176595760964,46.67720714444062,0.0,3.8000022174962904e-08,3.8000022174962904e-08,0.0,0.0,0.0,0.0,0.8,6.234514859888782e-05,0.0,4.9252667393121374e-05,3.74945861461036e-08,0.3,10184194.96,-12.17919276230408
122.65,0,aGDL,-12.179255945537193,46.67718224687694,0.0,3.8031032319628176e-08,3.8031032319628176e-08,0.0,0.0,0.0,0.0,0.8,6.234511542514954e-05,0.0,4.925264118586813e-05,3.749447014300207e-08,0.3,10184194.96,-12.17927211207518
122.75,0,aGDL,-12.179335444542971,46.67715734929323,0.0,3.8062042480907225e-08,3.8062042480907225e-08,0.0,0.0,0.0,0.0,0.8,6.234508218903048e-05,0.0,4.925261492933407e-05,3.7494353921946e-08,0.3,10184194.96,-12.179351611076022
122.85000000000001,0,aGDL,-12.179415092778243,46.67713245168949,0.0,3.809305265883117e-08,3.809305265883117e-08,0.0,0.0,0.0,0.0,0.8,6.234504889053073e-05,0.0,4.9252588623519266e-05,3.74942374829367e-08,0.3,10184194.96,-12.179431259306567
122.94999999999997,0,aGDL,-12.179494890242893,46.67710755406568,0.0,3.8124062853431134e-08,3.8124062853431134e-08,0.0,0.0,0.0,0.0,0.8,6.234501552965036e-05,0.0,4.925256226842377e-05,3.749412082597546e-08,0.3,10184194.96,-12.17951105676677
123.04999999999998,0,aGDL,-12.179574836936922,46.67708265642178,0.0,3.815507306473825e-08,3.815507306473825e-08,0.0,0.0,0.0,0.0,0.8,6.23449821063894e-05,0.0,4.925253586404763e-05,3.74940039510635e-08,0.3,10184194.96,-12.179591003456585
123.14999999999999,0,aGDL,-12.179654932860274,46.67705775875776,0.0,3.818608329278365e-08,3.818608329278365e-08,0.0,0.0,0.0,0.0,0.8,6.234494862074796e-05,0.0,4.925250941039089e-05,3.749388685820202e-08,0.3,10184194.96,-12.179671099375978
123.24999999999999,0,aGDL,-12.179735178013004,46.677032861073606,0.0,3.821709353759844e-08,3.821709353759844e-08,0.0,0.0,0.0,0.0,0.8,6.234491507272606e-05,0.0,4.925248290745358e-05,3.749376954739216e-08,0.3,10184194.96,-12.179751344524911
123.35,0,aGDL,-12.179815572394944,46.677007963369284,0.0,3.8248103799213764e-08,3.8248103799213764e-08,0.0,0.0,0.0,0.0,0.8,6.234488146232376e-05,0.0,4.925245635523577e-05,3.7493652018635333e-08,0.3,10184194.96,-12.179831738903355
123.44999999999999,0,aGDL,-12.179896116006148,46.67698306564478,0.0,3.827911407766073e-08,3.827911407766073e-08,0.0,0.0,0.0,0.0,0.8,6.234484778954112e-05,0.0,4.925242975373748e-05,3.7493534271932644e-08,0.3,10184194.96,-12.179912282511271
123.55,0,aGDL,-12.179976808846561,46.67695816790005,0.0,3.831012437297048e-08,3.831012437297048e-08,0.0,0.0,0.0,0.0,0.8,6.234481405437821e-05,0.0,4.925240310295878e-05,3.749341630728536e-08,0.3,10184194.96,-12.17999297534863
123.64999999999999,0,aGDL,-12.180057650916126,46.67693327013508,0.0,3.834113468517413e-08,3.834113468517413e-08,0.0,0.0,0.0,0.0,0.8,6.234478025683507e-05,0.0,4.92523764028997e-05,3.749329812469472e-08,0.3,10184194.96,-12.180073817415405
123.75,0,aGDL,-12.180138642214843,46.67690837234985,0.0,3.837214501430281e-08,3.837214501430281e-08,0.0,0.0,0.0,0.0,0.8,6.234474639691175e-05,0.0,4.925234965356028e-05,3.7493179724161955e-08,0.3,10184194.96,-12.180154808711574
123.85000000000001,0,aGDL,-12.18021978274271,46.67688347454433,0.0,3.840315536038765e-08,3.840315536038765e-08,0.0,0.0,0.0,0.0,0.8,6.234471247460832e-05,0.0,4.9252322854940565e-05,3.749306110568823e-08,0.3,10184194.96,-12.180235949237108
123.95,0,aGDL,-12.180301072499674,46.6768585767185,0.0,3.843416572345976e-08,3.843416572345976e-08,0.0,0.0,0.0,0.0,0.8,6.234467848992482e-05,0.0,4.92522960070406e-05,3.7492942269274816e-08,0.3,10184194.96,-12.18031723899199
124.05000000000001,0,aGDL,-12.180382511485732,46.67683367887233,0.0,3.8465176103550285e-08,3.8465176103550285e-08,0.0,0.0,0.0,0.0,0.8,6.234464444286131e-05,0.0,4.925226910986042e-05,3.749282321492297e-08,0.3,10184194.96,-12.180398677976198
124.15,0,aGDL,-12.180464099700885,46.676808781005796,0.0,3.8496186500690336e-08,3.8496186500690336e-08,0.0,0.0,0.0,0.0,0.8,6.234461033341782e-05,0.0,4.925224216340008e-05,3.749270394263378e-08,0.3,10184194.96,-12.180480266189718
124.24999999999999,0,aGDL,-12.180545837145075,46.67678388311887,0.0,3.8527196914911045e-08,3.8527196914911045e-08,0.0,0.0,0.0,0.0,0.8,6.234457616159444e-05,0.0,4.92522151676596e-05,3.749258445240859e-08,0.3,10184194.96,-12.18056200363253
124.34999999999998,0,aGDL,-12.180627723818304,46.67675898521154,0.0,3.855820734624355e-08,3.855820734624355e-08,0.0,0.0,0.0,0.0,0.8,6.234454192739117e-05,0.0,4.925218812263903e-05,3.749246474424865e-08,0.3,10184194.96,-12.180643890304632
124.44999999999999,0,aGDL,-12.180709759720514,46.67673408728377,0.0,3.858921779471896e-08,3.858921779471896e-08,0.0,0.0,0.0,0.0,0.8,6.234450763080813e-05,0.0,4.9252161028338425e-05,3.749234481815517e-08,0.3,10184194.96,-12.180725926206005
124.55,0,aGDL,-12.18079194485182,46.67670918933553,0.0,3.862022826036841e-08,3.862022826036841e-08,0.0,0.0,0.0,0.0,0.8,6.234447327184528e-05,0.0,4.925213388475778e-05,3.7492224674129205e-08,0.3,10184194.96,-12.180808111336644
124.64999999999999,0,aGDL,-12.180874279212105,46.67668429136681,0.0,3.865123874322302e-08,3.865123874322302e-08,0.0,0.0,0.0,0.0,0.8,6.234443885050274e-05,0.0,4.925210669189717e-05,3.749210431217214e-08,0.3,10184194.96,-12.180890445696543
124.75,0,aGDL,-12.18095676280143,46.67665939337758,0.0,3.8682249243313925e-08,3.8682249243313925e-08,0.0,0.0,0.0,0.0,0.8,6.234440436678051e-05,0.0,4.92520794497566e-05,3.74919837322851e-08,0.3,10184194.96,-12.180972929285698
124.85,0,aGDL,-12.181039395619791,46.67663449536781,0.0,3.871325976067225e-08,3.871325976067225e-08,0.0,0.0,0.0,0.0,0.8,6.234436982067864e-05,0.0,4.925205215833612e-05,3.749186293446929e-08,0.3,10184194.96,-12.181055562104111
124.95,0,aGDL,-12.181122177667135,46.676609597337475,0.0,3.874427029532912e-08,3.874427029532912e-08,0.0,0.0,0.0,0.0,0.8,6.23443352121972e-05,0.0,4.9252024817635796e-05,3.7491741918726063e-08,0.3,10184194.96,-12.181138344151778
125.05,0,aGDL,-12.181205108943459,46.67658469928656,0.0,3.877528084731566e-08,3.877528084731566e-08,0.0,0.0,0.0,0.0,0.8,6.234430054133624e-05,0.0,4.9251997427655626e-05,3.7491620685056525e-08,0.3,10184194.96,-12.181221275428703
125.15,0,aGDL,-12.181288189448878,46.67655980121503,0.0,3.8806291416663e-08,3.8806291416663e-08,0.0,0.0,0.0,0.0,0.8,6.234426580809573e-05,0.0,4.925196998839562e-05,3.7491499233461846e-08,0.3,10184194.96,-12.181304355934895
125.24999999999999,0,aGDL,-12.181371419183279,46.676534903122864,0.0,3.8837302003402256e-08,3.8837302003402256e-08,0.0,0.0,0.0,0.0,0.8,6.234423101247578e-05,0.0,4.925194249985587e-05,3.749137756394333e-08,0.3,10184194.96,-12.181387585670361
125.34999999999998,0,aGDL,-12.181454798146717,46.67651000501004,0.0,3.886831260756457e-08,3.886831260756457e-08,0.0,0.0,0.0,0.0,0.8,6.234419615447644e-05,0.0,4.925191496203638e-05,3.749125567650215e-08,0.3,10184194.96,-12.181470964635109
125.44999999999999,0,aGDL,-12.18153832633925,46.67648510687653,0.0,3.889932322918107e-08,3.889932322918107e-08,0.0,0.0,0.0,0.0,0.8,6.234416123409769e-05,0.0,4.925188737493717e-05,3.7491133571139434e-08,0.3,10184194.96,-12.181554492829155
125.54999999999998,0,aGDL,-12.181622003760765,46.676460208722304,0.0,3.8930333868282875e-08,3.8930333868282875e-08,0.0,0.0,0.0,0.0,0.8,6.234412625133964e-05,0.0,4.9251859738558306e-05,3.749101124785659e-08,0.3,10184194.96,-12.181638170252509
125.64999999999999,0,aGDL,-12.181705830411431,46.67643531054735,0.0,3.8961344524901114e-08,3.8961344524901114e-08,0.0,0.0,0.0,0.0,0.8,6.234409120620224e-05,0.0,4.9251832052899765e-05,3.7490888706654606e-08,0.3,10184194.96,-12.18172199690519
125.75,0,aGDL,-12.181789806291192,46.676410412351636,0.0,3.899235519906692e-08,3.899235519906692e-08,0.0,0.0,0.0,0.0,0.8,6.23440560986856e-05,0.0,4.925180431796162e-05,3.749076594753481e-08,0.3,10184194.96,-12.181805972787217
125.85,0,aGDL,-12.181873931400048,46.676385514135134,0.0,3.902336589081141e-08,3.902336589081141e-08,0.0,0.0,0.0,0.0,0.8,6.234402092878973e-05,0.0,4.925177653374388e-05,3.749064297049838e-08,0.3,10184194.96,-12.181890097898608
125.95,0,aGDL,-12.181958205738056,46.67636061589783,0.0,3.905437660016572e-08,3.905437660016572e-08,0.0,0.0,0.0,0.0,0.8,6.234398569651467e-05,0.0,4.925174870024659e-05,3.749051977554652e-08,0.3,10184194.96,-12.181974372239393
126.05,0,aGDL,-12.182042629305215,46.67633571763968,0.0,3.9085387327160973e-08,3.9085387327160973e-08,0.0,0.0,0.0,0.0,0.8,6.234395040186048e-05,0.0,4.9251720817469766e-05,3.749039636268045e-08,0.3,10184194.96,-12.182058795809597
126.15,0,aGDL,-12.182127202101583,46.67631081936068,0.0,3.91163980718283e-08,3.91163980718283e-08,0.0,0.0,0.0,0.0,0.8,6.234391504482715e-05,0.0,4.925169288541344e-05,3.749027273190133e-08,0.3,10184194.96,-12.182143368609244
126.25,0,aGDL,-12.182211924127216,46.676285921060796,0.0,3.914740883419883e-08,3.914740883419883e-08,0.0,0.0,0.0,0.0,0.8,6.234387962541471e-05,0.0,4.9251664904077624e-05,3.749014888321029e-08,0.3,10184194.96,-12.182228090638368
126.35000000000001,0,aGDL,-12.182296795382058,46.67626102274,0.0,3.9178419614303677e-08,3.9178419614303677e-08,0.0,0.0,0.0,0.0,0.8,6.234384414362324e-05,0.0,4.9251636873462354e-05,3.7490024816608716e-08,0.3,10184194.96,-12.182312961896997
126.44999999999999,0,aGDL,-12.182381815866222,46.67623612439828,0.0,3.920943041217399e-08,3.920943041217399e-08,0.0,0.0,0.0,0.0,0.8,6.234380859945272e-05,0.0,4.925160879356764e-05,3.748990053209767e-08,0.3,10184194.96,-12.182397982385174
126.54999999999998,0,aGDL,-12.182466985579708,46.67621122603559,0.0,3.924044122784088e-08,3.924044122784088e-08,0.0,0.0,0.0,0.0,0.8,6.23437729929032e-05,0.0,4.9251580664393535e-05,3.748977602967837e-08,0.3,10184194.96,-12.182483152102929
126.64999999999999,0,aGDL,-12.182552304522574,46.676186327651926,0.0,3.9271452061335495e-08,3.9271452061335495e-08,0.0,0.0,0.0,0.0,0.8,6.234373732397474e-05,0.0,4.925155248594004e-05,3.748965130935204e-08,0.3,10184194.96,-12.182568471050306
126.74999999999999,0,aGDL,-12.182637772694818,46.67616142924725,0.0,3.930246291268895e-08,3.930246291268895e-08,0.0,0.0,0.0,0.0,0.8,6.234370159266734e-05,0.0,4.92515242582072e-05,3.748952637111985e-08,0.3,10184194.96,-12.182653939227347
126.85,0,aGDL,-12.182723390096555,46.67613653082155,0.0,3.933347378193237e-08,3.933347378193237e-08,0.0,0.0,0.0,0.0,0.8,6.234366579898102e-05,0.0,4.9251495981195005e-05,3.7489401214982975e-08,0.3,10184194.96,-12.182739556634095
126.95,0,aGDL,-12.182809156727785,46.676111632374784,0.0,3.936448466909689e-08,3.936448466909689e-08,0.0,0.0,0.0,0.0,0.8,6.23436299429158e-05,0.0,4.925146765490348e-05,3.7489275840942606e-08,0.3,10184194.96,-12.182825323270594
127.05,0,aGDL,-12.182895072588565,46.67608673390694,0.0,3.9395495574213646e-08,3.9395495574213646e-08,0.0,0.0,0.0,0.0,0.8,6.234359402447175e-05,0.0,4.925143927933268e-05,3.748915024900001e-08,0.3,10184194.96,-12.182911239136898
127.15,0,aGDL,-12.182981137678894,46.67606183541799,0.0,3.942650649731375e-08,3.942650649731375e-08,0.0,0.0,0.0,0.0,0.8,6.234355804364887e-05,0.0,4.925141085448261e-05,3.748902443915636e-08,0.3,10184194.96,-12.182997304233059
127.25,0,aGDL,-12.183067351998943,46.67603693690791,0.0,3.945751743842834e-08,3.945751743842834e-08,0.0,0.0,0.0,0.0,0.8,6.234352200044716e-05,0.0,4.925138238035326e-05,3.748889841141271e-08,0.3,10184194.96,-12.183083518559126
127.35000000000001,0,aGDL,-12.183153715548713,46.676012038376676,0.0,3.948852839758854e-08,3.948852839758854e-08,0.0,0.0,0.0,0.0,0.8,6.234348589486667e-05,0.0,4.925135385694466e-05,3.748877216577029e-08,0.3,10184194.96,-12.183169882115157
127.44999999999997,0,aGDL,-12.183240228328202,46.67598713982426,0.0,3.951953937482548e-08,3.951953937482548e-08,0.0,0.0,0.0,0.0,0.8,6.234344972690743e-05,0.0,4.9251325284256867e-05,3.7488645702230456e-08,0.3,10184194.96,-12.18325639490121
127.54999999999998,0,aGDL,-12.183326890337526,46.67596224125063,0.0,3.9550550370170296e-08,3.9550550370170296e-08,0.0,0.0,0.0,0.0,0.8,6.234341349656943e-05,0.0,4.925129666228985e-05,3.7488519020794223e-08,0.3,10184194.96,-12.183343056917344
127.64999999999999,0,aGDL,-12.18341370157674,46.67593734265578,0.0,3.9581561383654116e-08,3.9581561383654116e-08,0.0,0.0,0.0,0.0,0.8,6.234337720385272e-05,0.0,4.925126799104364e-05,3.748839212146284e-08,0.3,10184194.96,-12.183429868163628
127.74999999999999,0,aGDL,-12.183500662045958,46.675912444039675,0.0,3.9612572415308064e-08,3.9612572415308064e-08,0.0,0.0,0.0,0.0,0.8,6.23433408487573e-05,0.0,4.925123927051826e-05,3.748826500423738e-08,0.3,10184194.96,-12.183516828640125
127.85,0,aGDL,-12.18358777174518,46.67588754540228,0.0,3.9643583465163274e-08,3.9643583465163274e-08,0.0,0.0,0.0,0.0,0.8,6.234330443128317e-05,0.0,4.92512105007137e-05,3.748813766911917e-08,0.3,10184194.96,-12.1836039383469
127.94999999999999,0,aGDL,-12.183675030674465,46.67586264674359,0.0,3.967459453325087e-08,3.967459453325087e-08,0.0,0.0,0.0,0.0,0.8,6.234326795143042e-05,0.0,4.9251181681630034e-05,3.748801011610934e-08,0.3,10184194.96,-12.183691197284027
128.04999999999998,0,aGDL,-12.183762438833924,46.67583774806357,0.0,3.970560561960199e-08,3.970560561960199e-08,0.0,0.0,0.0,0.0,0.8,6.234323140919902e-05,0.0,4.925115281326722e-05,3.7487882345209025e-08,0.3,10184194.96,-12.183778605451572
128.15,0,aGDL,-12.183849996223614,46.675812849362195,0.0,3.973661672424775e-08,3.973661672424775e-08,0.0,0.0,0.0,0.0,0.8,6.234319480458896e-05,0.0,4.9251123895625286e-05,3.748775435641947e-08,0.3,10184194.96,-12.183866162849617
128.25,0,aGDL,-12.18393770284365,46.67578795063944,0.0,3.9767627847219294e-08,3.9767627847219294e-08,0.0,0.0,0.0,0.0,0.8,6.234315813760029e-05,0.0,4.925109492870423e-05,3.748762614974177e-08,0.3,10184194.96,-12.183953869478238
128.35,0,aGDL,-12.184025558694088,46.67576305189528,0.0,3.979863898854775e-08,3.979863898854775e-08,0.0,0.0,0.0,0.0,0.8,6.234312140823302e-05,0.0,4.9251065912504086e-05,3.7487497725177106e-08,0.3,10184194.96,-12.18404172533751
128.45000000000002,0,aGDL,-12.184113563774986,46.67573815312969,0.0,3.982965014826424e-08,3.982965014826424e-08,0.0,0.0,0.0,0.0,0.8,6.234308461648714e-05,0.0,4.925103684702484e-05,3.7487369082726735e-08,0.3,10184194.96,-12.184129730427518
128.55,0,aGDL,-12.184201718086456,46.675713254342654,0.0,3.9860661326399894e-08,3.9860661326399894e-08,0.0,0.0,0.0,0.0,0.8,6.23430477623627e-05,0.0,4.9251007732266535e-05,3.748724022239175e-08,0.3,10184194.96,-12.184217884748348
128.64999999999998,0,aGDL,-12.184290021628556,46.675688355534135,0.0,3.989167252298585e-08,3.989167252298585e-08,0.0,0.0,0.0,0.0,0.8,6.234301084585969e-05,0.0,4.925097856822915e-05,3.748711114417333e-08,0.3,10184194.96,-12.184306188300086
128.74999999999997,0,aGDL,-12.184378474401399,46.675663456704115,0.0,3.992268373805323e-08,3.992268373805323e-08,0.0,0.0,0.0,0.0,0.8,6.234297386697812e-05,0.0,4.9250949354912714e-05,3.7486981848072694e-08,0.3,10184194.96,-12.18439464108282
128.85,0,aGDL,-12.184467076405042,46.67563855785257,0.0,3.995369497163318e-08,3.995369497163318e-08,0.0,0.0,0.0,0.0,0.8,6.234293682571801e-05,0.0,4.9250920092317234e-05,3.748685233409098e-08,0.3,10184194.96,-12.184483243096645
128.95,0,aGDL,-12.184555827639656,46.67561365897947,0.0,3.998470622375681e-08,3.998470622375681e-08,0.0,0.0,0.0,0.0,0.8,6.234289972207936e-05,0.0,4.9250890780442685e-05,3.7486722602229316e-08,0.3,10184194.96,-12.184571994341646
129.04999999999998,0,aGDL,-12.18464472810524,46.67558876008479,0.0,4.001571749445527e-08,4.001571749445527e-08,0.0,0.0,0.0,0.0,0.8,6.234286255606217e-05,0.0,4.9250861419289115e-05,3.748659265248893e-08,0.3,10184194.96,-12.184660894817933
129.15,0,aGDL,-12.184733777801966,46.67556386116851,0.0,4.004672878375967e-08,4.004672878375967e-08,0.0,0.0,0.0,0.0,0.8,6.234282532766646e-05,0.0,4.9250832008856496e-05,3.748646248487092e-08,0.3,10184194.96,-12.184749944525596
129.25,0,aGDL,-12.18482297672989,46.67553896223061,0.0,4.007774009170116e-08,4.007774009170116e-08,0.0,0.0,0.0,0.0,0.8,6.234278803689223e-05,0.0,4.925080254914486e-05,3.748633209937655e-08,0.3,10184194.96,-12.184839143464735
129.35,0,aGDL,-12.184912324889183,46.67551406327105,0.0,4.010875141831087e-08,4.010875141831087e-08,0.0,0.0,0.0,0.0,0.8,6.234275068373947e-05,0.0,4.925077304015419e-05,3.7486201496006774e-08,0.3,10184194.96,-12.184928491635462
129.45,0,aGDL,-12.185001822279844,46.67548916428982,0.0,4.013976276361991e-08,4.013976276361991e-08,0.0,0.0,0.0,0.0,0.8,6.234271326820824e-05,0.0,4.925074348188451e-05,3.7486070674762994e-08,0.3,10184194.96,-12.185017989037874
129.55,0,aGDL,-12.185091468902044,46.67546426528689,0.0,4.0170774127659436e-08,4.0170774127659436e-08,0.0,0.0,0.0,0.0,0.8,6.234267579029848e-05,0.0,4.92507138743358e-05,3.7485939635646266e-08,0.3,10184194.96,-12.185107635672084
129.64999999999998,0,aGDL,-12.185181264755954,46.67543936626223,0.0,4.020178551046056e-08,4.020178551046056e-08,0.0,0.0,0.0,0.0,0.8,6.23426382500102e-05,0.0,4.925068421750805e-05,3.748580837865762e-08,0.3,10184194.96,-12.185197431538205
129.74999999999997,0,aGDL,-12.185271209841574,46.67541446721582,0.0,4.023279691205443e-08,4.023279691205443e-08,0.0,0.0,0.0,0.0,0.8,6.234260064734343e-05,0.0,4.9250654511401306e-05,3.74856769037984e-08,0.3,10184194.96,-12.185287376636348
129.85,0,aGDL,-12.185361304159017,46.675389568147644,0.0,4.0263808332472165e-08,4.0263808332472165e-08,0.0,0.0,0.0,0.0,0.8,6.234256298229817e-05,0.0,4.925062475601555e-05,3.748554521106977e-08,0.3,10184194.96,-12.185377470966628
129.95,0,aGDL,-12.18545154770851,46.67536466905766,0.0,4.02948197717449e-08,4.02948197717449e-08,0.0,0.0,0.0,0.0,0.8,6.234252525487438e-05,0.0,4.925059495135076e-05,3.7485413300472706e-08,0.3,10184194.96,-12.185467714529164
130.04999999999998,0,aGDL,-12.185541940490111,46.67533976994585,0.0,4.0325831229903776e-08,4.0325831229903776e-08,0.0,0.0,0.0,0.0,0.8,6.234248746507209e-05,0.0,4.925056509740695e-05,3.748528117200846e-08,0.3,10184194.96,-12.185558107324079
130.15,0,aGDL,-12.185632482503934,46.675314870812194,0.0,4.035684270697991e-08,4.035684270697991e-08,0.0,0.0,0.0,0.0,0.8,6.234244961289129e-05,0.0,4.9250535194184114e-05,3.748514882567819e-08,0.3,10184194.96,-12.18564864935149
130.25,0,aGDL,-12.185723173750148,46.67528997165667,0.0,4.0387854203004446e-08,4.0387854203004446e-08,0.0,0.0,0.0,0.0,0.8,6.234241169833198e-05,0.0,4.925050524168226e-05,3.7485016261482995e-08,0.3,10184194.96,-12.185739340611534
130.35,0,aGDL,-12.18581401422881,46.675265072479235,0.0,4.041886571800851e-08,4.041886571800851e-08,0.0,0.0,0.0,0.0,0.8,6.234237372139414e-05,0.0,4.9250475239901364e-05,3.7484883479424096e-08,0.3,10184194.96,-12.18583018110433
130.45,0,aGDL,-12.185905003940093,46.67524017327988,0.0,4.044987725202323e-08,4.044987725202323e-08,0.0,0.0,0.0,0.0,0.8,6.234233568207779e-05,0.0,4.925044518884145e-05,3.748475047950261e-08,0.3,10184194.96,-12.185921170830012
130.55,0,aGDL,-12.185996142884107,46.67521527405858,0.0,4.0480888805079744e-08,4.0480888805079744e-08,0.0,0.0,0.0,0.0,0.8,6.234229758038292e-05,0.0,4.925041508850251e-05,3.748461726171968e-08,0.3,10184194.96,-12.186012309788712
130.65,0,aGDL,-12.186087431061026,46.67519037481531,0.0,4.051190037720919e-08,4.051190037720919e-08,0.0,0.0,0.0,0.0,0.8,6.23422594163095e-05,0.0,4.9250384938884504e-05,3.74844838260764e-08,0.3,10184194.96,-12.186103597980567
130.75,0,aGDL,-12.186178868471018,46.67516547555003,0.0,4.054291196844269e-08,4.054291196844269e-08,0.0,0.0,0.0,0.0,0.8,6.234222118985752e-05,0.0,4.925035473998743e-05,3.748435017257389e-08,0.3,10184194.96,-12.186195035405712
130.85,0,aGDL,-12.186270455114084,46.675140576262734,0.0,4.057392357881138e-08,4.057392357881138e-08,0.0,0.0,0.0,0.0,0.8,6.2342182901027e-05,0.0,4.925032449181133e-05,3.748421630121344e-08,0.3,10184194.96,-12.186286622064294
130.95,0,aGDL,-12.186362190990508,46.675115676953396,0.0,4.0604935208346396e-08,4.0604935208346396e-08,0.0,0.0,0.0,0.0,0.8,6.234214454981791e-05,0.0,4.925029419435616e-05,3.7484082211996034e-08,0.3,10184194.96,-12.186378357956452
131.04999999999998,0,aGDL,-12.186454076100404,46.67509077762198,0.0,4.063594685707887e-08,4.063594685707887e-08,0.0,0.0,0.0,0.0,0.8,6.234210613623024e-05,0.0,4.925026384762188e-05,3.7483947904922845e-08,0.3,10184194.96,-12.186470243082331
131.14999999999998,0,aGDL,-12.186546110443828,46.67506587826847,0.0,4.066695852503993e-08,4.066695852503993e-08,0.0,0.0,0.0,0.0,0.8,6.234206766026401e-05,0.0,4.925023345160856e-05,3.748381337999512e-08,0.3,10184194.96,-12.186562277442082
131.25,0,aGDL,-12.186638294021066,46.67504097889283,0.0,4.069797021226072e-08,4.069797021226072e-08,0.0,0.0,0.0,0.0,0.8,6.234202912191913e-05,0.0,4.9250203006316114e-05,3.748367863721382e-08,0.3,10184194.96,-12.18665446103585
131.35,0,aGDL,-12.186730626832173,46.67501607949505,0.0,4.072898191877237e-08,4.072898191877237e-08,0.0,0.0,0.0,0.0,0.8,6.234199052119566e-05,0.0,4.925017251174457e-05,3.7483543676580176e-08,0.3,10184194.96,-12.186746793863795
131.45,0,aGDL,-12.18682310887732,46.674991180075104,0.0,4.0759993644606e-08,4.0759993644606e-08,0.0,0.0,0.0,0.0,0.8,6.234195185809357e-05,0.0,4.9250141967893914e-05,3.748340849809534e-08,0.3,10184194.96,-12.186839275926069
131.55,0,aGDL,-12.186915740156735,46.67496628063296,0.0,4.079100538979276e-08,4.079100538979276e-08,0.0,0.0,0.0,0.0,0.8,6.234191313261281e-05,0.0,4.925011137476412e-05,3.748327310176031e-08,0.3,10184194.96,-12.186931907222831
131.65,0,aGDL,-12.187008520670474,46.67494138116859,0.0,4.0822017154363776e-08,4.0822017154363776e-08,0.0,0.0,0.0,0.0,0.8,6.234187434475338e-05,0.0,4.925008073235516e-05,3.74831374875764e-08,0.3,10184194.96,-12.187024687754242
131.75,0,aGDL,-12.187101450418766,46.674916481681976,0.0,4.085302893835018e-08,4.085302893835018e-08,0.0,0.0,0.0,0.0,0.8,6.234183549451527e-05,0.0,4.9250050040667056e-05,3.7483001655544615e-08,0.3,10184194.96,-12.187117617520466
131.84999999999997,0,aGDL,-12.18719452940178,46.67489158217309,0.0,4.0884040741783105e-08,4.0884040741783105e-08,0.0,0.0,0.0,0.0,0.8,6.234179658189847e-05,0.0,4.925001929969979e-05,3.748286560566607e-08,0.3,10184194.96,-12.187210696521667
131.95,0,aGDL,-12.187287757619629,46.67486668264191,0.0,4.091505256469369e-08,4.091505256469369e-08,0.0,0.0,0.0,0.0,0.8,6.234175760690293e-05,0.0,4.924998850945332e-05,3.7482729337941954e-08,0.3,10184194.96,-12.187303924758016
132.04999999999998,0,aGDL,-12.187381135072542,46.67484178308841,0.0,4.0946064407113074e-08,4.0946064407113074e-08,0.0,0.0,0.0,0.0,0.8,6.234171856952866e-05,0.0,4.924995766992765e-05,3.7482592852373346e-08,0.3,10184194.96,-12.187397302229686
132.14999999999998,0,aGDL,-12.187474661760632,46.67481688351257,0.0,4.0977076269072385e-08,4.0977076269072385e-08,0.0,0.0,0.0,0.0,0.8,6.234167946977564e-05,0.0,4.9249926781122754e-05,3.748245614896143e-08,0.3,10184194.96,-12.187490828936843
132.25,0,aGDL,-12.187568337684183,46.67479198391436,0.0,4.1008088150602756e-08,4.1008088150602756e-08,0.0,0.0,0.0,0.0,0.8,6.23416403076438e-05,0.0,4.9249895843038595e-05,3.748231922770714e-08,0.3,10184194.96,-12.187584504879668
132.35,0,aGDL,-12.187662162843253,46.67476708429375,0.0,4.103910005173532e-08,4.103910005173532e-08,0.0,0.0,0.0,0.0,0.8,6.234160108313316e-05,0.0,4.924986485567519e-05,3.748218208861182e-08,0.3,10184194.96,-12.187678330058338
132.45,0,aGDL,-12.187756137238068,46.674742184650725,0.0,4.107011197250122e-08,4.107011197250122e-08,0.0,0.0,0.0,0.0,0.8,6.234156179624369e-05,0.0,4.9249833819032506e-05,3.748204473167648e-08,0.3,10184194.96,-12.187772304473038
132.54999999999998,0,aGDL,-12.1878502608688,46.674717284985256,0.0,4.110112391293158e-08,4.110112391293158e-08,0.0,0.0,0.0,0.0,0.8,6.234152244697534e-05,0.0,4.924980273311051e-05,3.748190715690228e-08,0.3,10184194.96,-12.187866428123943
132.65,0,aGDL,-12.187944533735674,46.67469238529732,0.0,4.113213587305755e-08,4.113213587305755e-08,0.0,0.0,0.0,0.0,0.8,6.23414830353281e-05,0.0,4.92497715979092e-05,3.7481769364290256e-08,0.3,10184194.96,-12.187960701011251
132.75,0,aGDL,-12.188038955838863,46.67466748558689,0.0,4.116314785291025e-08,4.116314785291025e-08,0.0,0.0,0.0,0.0,0.8,6.234144356130194e-05,0.0,4.924974041342853e-05,3.7481631353841505e-08,0.3,10184194.96,-12.188055123135141
132.85,0,aGDL,-12.188133527178536,46.67464258585394,0.0,4.1194159852520827e-08,4.1194159852520827e-08,0.0,0.0,0.0,0.0,0.8,6.234140402489684e-05,0.0,4.92497091796685e-05,3.748149312555722e-08,0.3,10184194.96,-12.188149694495811
132.95000000000002,0,aGDL,-12.188228247754921,46.67461768609845,0.0,4.12251718719204e-08,4.12251718719204e-08,0.0,0.0,0.0,0.0,0.8,6.234136442611275e-05,0.0,4.9249677896629065e-05,3.748135467943843e-08,0.3,10184194.96,-12.188244415093454
133.05,0,aGDL,-12.188323117568189,46.67459278632039,0.0,4.125618391114012e-08,4.125618391114012e-08,0.0,0.0,0.0,0.0,0.8,6.234132476494964e-05,0.0,4.924964656431021e-05,3.748121601548633e-08,0.3,10184194.96,-12.188339284928263
133.14999999999998,0,aGDL,-12.188418136618509,46.67456788651974,0.0,4.128719597021111e-08,4.128719597021111e-08,0.0,0.0,0.0,0.0,0.8,6.234128504140752e-05,0.0,4.924961518271193e-05,3.748107713370201e-08,0.3,10184194.96,-12.188434304000443
133.25,0,aGDL,-12.188513304906166,46.67454298669647,0.0,4.1318208049164525e-08,4.1318208049164525e-08,0.0,0.0,0.0,0.0,0.8,6.234124525548628e-05,0.0,4.9249583751834166e-05,3.748093803408645e-08,0.3,10184194.96,-12.188529472310192
133.35,0,aGDL,-12.188608622431275,46.67451808685056,0.0,4.134922014803148e-08,4.134922014803148e-08,0.0,0.0,0.0,0.0,0.8,6.234120540718598e-05,0.0,4.924955227167691e-05,3.748079871664091e-08,0.3,10184194.96,-12.188624789857712
133.45,0,aGDL,-12.188704089194118,46.67449318698199,0.0,4.138023226684313e-08,4.138023226684313e-08,0.0,0.0,0.0,0.0,0.8,6.234116549650649e-05,0.0,4.924952074224013e-05,3.748065918136636e-08,0.3,10184194.96,-12.188720256643217
133.54999999999998,0,aGDL,-12.18879970519481,46.67446828709072,0.0,4.141124440563059e-08,4.141124440563059e-08,0.0,0.0,0.0,0.0,0.8,6.234112552344786e-05,0.0,4.924948916352381e-05,3.748051942826407e-08,0.3,10184194.96,-12.188815872666911
133.65,0,aGDL,-12.188895470433636,46.67444338717674,0.0,4.1442256564425014e-08,4.1442256564425014e-08,0.0,0.0,0.0,0.0,0.8,6.234108548801e-05,0.0,4.9249457535527906e-05,3.7480379457334986e-08,0.3,10184194.96,-12.18891163792901
133.75,0,aGDL,-12.188991384910821,46.67441848724002,0.0,4.147326874325753e-08,4.147326874325753e-08,0.0,0.0,0.0,0.0,0.8,6.234104539019287e-05,0.0,4.924942585825237e-05,3.7480239268580174e-08,0.3,10184194.96,-12.189007552429725
133.85,0,aGDL,-12.189087448626537,46.67439358728053,0.0,4.150428094215928e-08,4.150428094215928e-08,0.0,0.0,0.0,0.0,0.8,6.234100522999647e-05,0.0,4.9249394131697204e-05,3.7480098862000853e-08,0.3,10184194.96,-12.18910361616928
133.95000000000002,0,aGDL,-12.189183661581069,46.67436868729825,0.0,4.15352931611614e-08,4.15352931611614e-08,0.0,0.0,0.0,0.0,0.8,6.234096500742071e-05,0.0,4.924936235586236e-05,3.747995823759798e-08,0.3,10184194.96,-12.189199829147892
134.05,0,aGDL,-12.18928002377453,46.674343787293154,0.0,4.156630540029502e-08,4.156630540029502e-08,0.0,0.0,0.0,0.0,0.8,6.234092472246561e-05,0.0,4.924933053074782e-05,3.747981739537279e-08,0.3,10184194.96,-12.189296191365784
134.14999999999998,0,aGDL,-12.18937653520726,46.674318887265215,0.0,4.159731765959127e-08,4.159731765959127e-08,0.0,0.0,0.0,0.0,0.8,6.234088437513103e-05,0.0,4.9249298656353516e-05,3.747967633532625e-08,0.3,10184194.96,-12.189392702823179
134.24999999999997,0,aGDL,-12.18947319587943,46.67429398721442,0.0,4.1628329939081304e-08,4.1628329939081304e-08,0.0,0.0,0.0,0.0,0.8,6.234084396541702e-05,0.0,4.924926673267945e-05,3.747953505745946e-08,0.3,10184194.96,-12.189489363520307
134.35,0,aGDL,-12.18957000579121,46.67426908714073,0.0,4.1659342238796256e-08,4.1659342238796256e-08,0.0,0.0,0.0,0.0,0.8,6.234080349332353e-05,0.0,4.924923475972559e-05,3.747939356177365e-08,0.3,10184194.96,-12.189586173457402
134.45,0,aGDL,-12.189666964942944,46.67424418704413,0.0,4.1690354558767265e-08,4.1690354558767265e-08,0.0,0.0,0.0,0.0,0.8,6.234076295885047e-05,0.0,4.9249202737491856e-05,3.747925184826975e-08,0.3,10184194.96,-12.189683132634695
134.54999999999998,0,aGDL,-12.189764073334857,46.67421928692459,0.0,4.172136689902546e-08,4.172136689902546e-08,0.0,0.0,0.0,0.0,0.8,6.234072236199779e-05,0.0,4.924917066597825e-05,3.747910991694881e-08,0.3,10184194.96,-12.189780241052421
134.65,0,aGDL,-12.189861330967119,46.674194386782084,0.0,4.175237925960199e-08,4.175237925960199e-08,0.0,0.0,0.0,0.0,0.8,6.234068170276549e-05,0.0,4.9249138545184726e-05,3.747896776781202e-08,0.3,10184194.96,-12.189877498710825
134.75,0,aGDL,-12.189958737840016,46.67416948661659,0.0,4.1783391640527976e-08,4.1783391640527976e-08,0.0,0.0,0.0,0.0,0.8,6.234064098115348e-05,0.0,4.924910637511125e-05,3.7478825400860435e-08,0.3,10184194.96,-12.189974905610137
134.85,0,aGDL,-12.190056293953774,46.674144586428085,0.0,4.181440404183457e-08,4.181440404183457e-08,0.0,0.0,0.0,0.0,0.8,6.234060019716172e-05,0.0,4.9249074155757756e-05,3.747868281609507e-08,0.3,10184194.96,-12.190072461750615
134.95,0,aGDL,-12.19015399930862,46.67411968621654,0.0,4.184541646355291e-08,4.184541646355291e-08,0.0,0.0,0.0,0.0,0.8,6.23405593507902e-05,0.0,4.924904188712426e-05,3.7478540013517124e-08,0.3,10184194.96,-12.190170167132496
135.05,0,aGDL,-12.19025185390484,46.674094785981936,0.0,4.187642890571413e-08,4.187642890571413e-08,0.0,0.0,0.0,0.0,0.8,6.234051844203881e-05,0.0,4.924900956921067e-05,3.7478396993127536e-08,0.3,10184194.96,-12.190268021756033
135.15,0,aGDL,-12.190349857742717,46.67406988572424,0.0,4.190744136834936e-08,4.190744136834936e-08,0.0,0.0,0.0,0.0,0.8,6.234047747090754e-05,0.0,4.9248977202016944e-05,3.74782537549274e-08,0.3,10184194.96,-12.190366025621483
135.25,0,aGDL,-12.190448010822422,46.67404498544344,0.0,4.193845385148975e-08,4.193845385148975e-08,0.0,0.0,0.0,0.0,0.8,6.23404364373963e-05,0.0,4.9248944785543074e-05,3.747811029891785e-08,0.3,10184194.96,-12.190464178729094
135.35,0,aGDL,-12.190546313144296,46.674020085139496,0.0,4.1969466355166434e-08,4.1969466355166434e-08,0.0,0.0,0.0,0.0,0.8,6.234039534150506e-05,0.0,4.924891231978899e-05,3.7477966625099855e-08,0.3,10184194.96,-12.190562481079127
135.45,0,aGDL,-12.190644764708509,46.67399518481239,0.0,4.200047887941056e-08,4.200047887941056e-08,0.0,0.0,0.0,0.0,0.8,6.234035418323376e-05,0.0,4.9248879804754664e-05,3.747782273347459e-08,0.3,10184194.96,-12.19066093267184
135.54999999999998,0,aGDL,-12.190743365515402,46.6739702844621,0.0,4.2031491424253255e-08,4.2031491424253255e-08,0.0,0.0,0.0,0.0,0.8,6.234031296258233e-05,0.0,4.924884724044003e-05,3.747767862404305e-08,0.3,10184194.96,-12.190759533507498
135.64999999999998,0,aGDL,-12.190842115565204,46.673945384088604,0.0,4.206250398972567e-08,4.206250398972567e-08,0.0,0.0,0.0,0.0,0.8,6.234027167955073e-05,0.0,4.924881462684507e-05,3.74775342968063e-08,0.3,10184194.96,-12.19085828358637
135.75,0,aGDL,-12.190941014858197,46.673920483691866,0.0,4.2093516575858933e-08,4.2093516575858933e-08,0.0,0.0,0.0,0.0,0.8,6.234023033413889e-05,0.0,4.924878196396972e-05,3.74773897517654e-08,0.3,10184194.96,-12.190957182908718
135.85,0,aGDL,-12.19104006339461,46.673895583271864,0.0,4.212452918268419e-08,4.212452918268419e-08,0.0,0.0,0.0,0.0,0.8,6.234018892634678e-05,0.0,4.924874925181394e-05,3.747724498892152e-08,0.3,10184194.96,-12.191056231474823
135.95,0,aGDL,-12.191139261174783,46.673870682828586,0.0,4.2155541810232575e-08,4.2155541810232575e-08,0.0,0.0,0.0,0.0,0.8,6.234014745617427e-05,0.0,4.924871649037767e-05,3.747710000827552e-08,0.3,10184194.96,-12.191155429284949
136.05,0,aGDL,-12.191238608198944,46.67384578236199,0.0,4.2186554458535234e-08,4.2186554458535234e-08,0.0,0.0,0.0,0.0,0.8,6.234010592362136e-05,0.0,4.924868367966087e-05,3.747695480982858e-08,0.3,10184194.96,-12.191254776339381
136.15,0,aGDL,-12.191338104467434,46.67382088187206,0.0,4.2217567127623307e-08,4.2217567127623307e-08,0.0,0.0,0.0,0.0,0.8,6.234006432868797e-05,0.0,4.924865081966349e-05,3.747680939358165e-08,0.3,10184194.96,-12.19135427263839
136.25,0,aGDL,-12.191437749980423,46.67379598135877,0.0,4.224857981752793e-08,4.224857981752793e-08,0.0,0.0,0.0,0.0,0.8,6.234002267137403e-05,0.0,4.9248617910385484e-05,3.747666375953596e-08,0.3,10184194.96,-12.19145391818227
136.35,0,aGDL,-12.19153754473831,46.6737710808221,0.0,4.227959252828024e-08,4.227959252828024e-08,0.0,0.0,0.0,0.0,0.8,6.233998095167948e-05,0.0,4.9248584951826784e-05,3.747651790769241e-08,0.3,10184194.96,-12.191553712971297
136.45,0,aGDL,-12.191637488741321,46.67374618026202,0.0,4.231060525991138e-08,4.231060525991138e-08,0.0,0.0,0.0,0.0,0.8,6.233993916960424e-05,0.0,4.9248551943987355e-05,3.747637183805205e-08,0.3,10184194.96,-12.191653657005766
136.54999999999998,0,aGDL,-12.191737581989742,46.6737212796785,0.0,4.23416180124525e-08,4.23416180124525e-08,0.0,0.0,0.0,0.0,0.8,6.233989732514828e-05,0.0,4.9248518886867135e-05,3.747622555061607e-08,0.3,10184194.96,-12.19175375028596
136.64999999999998,0,aGDL,-12.191837824483912,46.67369637907153,0.0,4.237263078593473e-08,4.237263078593473e-08,0.0,0.0,0.0,0.0,0.8,6.233985541831146e-05,0.0,4.924848578046605e-05,3.747607904538531e-08,0.3,10184194.96,-12.191853992812177
136.75,0,aGDL,-12.191938216224116,46.67367147844107,0.0,4.240364358038922e-08,4.240364358038922e-08,0.0,0.0,0.0,0.0,0.8,6.233981344909377e-05,0.0,4.9248452624784075e-05,3.7475932322360857e-08,0.3,10184194.96,-12.191954384584713
136.85,0,aGDL,-12.192038757210582,46.6736465777871,0.0,4.243465639584711e-08,4.243465639584711e-08,0.0,0.0,0.0,0.0,0.8,6.233977141749515e-05,0.0,4.9248419419821173e-05,3.747578538154392e-08,0.3,10184194.96,-12.192054925603864
136.95,0,aGDL,-12.192139447443708,46.67362167710961,0.0,4.2465669232339524e-08,4.2465669232339524e-08,0.0,0.0,0.0,0.0,0.8,6.233972932351548e-05,0.0,4.924838616557723e-05,3.747563822293535e-08,0.3,10184194.96,-12.192155615869938
137.05,0,aGDL,-12.19224028692372,46.67359677640855,0.0,4.249668208989762e-08,4.249668208989762e-08,0.0,0.0,0.0,0.0,0.8,6.233968716715474e-05,0.0,4.9248352862052234e-05,3.747549084653629e-08,0.3,10184194.96,-12.192256455383237
137.15,0,aGDL,-12.19234127565096,46.67357187568391,0.0,4.2527694968552546e-08,4.2527694968552546e-08,0.0,0.0,0.0,0.0,0.8,6.23396449484128e-05,0.0,4.924831950924611e-05,3.747534325234776e-08,0.3,10184194.96,-12.192357444144067
137.25,0,aGDL,-12.19244241362577,46.67354697493567,0.0,4.255870786833542e-08,4.255870786833542e-08,0.0,0.0,0.0,0.0,0.8,6.233960266728961e-05,0.0,4.924828610715879e-05,3.747519544037069e-08,0.3,10184194.96,-12.19245858215274
137.35,0,aGDL,-12.192543700848432,46.673522074163785,0.0,4.2589720789277406e-08,4.2589720789277406e-08,0.0,0.0,0.0,0.0,0.8,6.233956032378508e-05,0.0,4.9248252655790204e-05,3.747504741060622e-08,0.3,10184194.96,-12.192559869409568
137.45000000000002,0,aGDL,-12.192645137319232,46.673497173368254,0.0,4.262073373140963e-08,4.262073373140963e-08,0.0,0.0,0.0,0.0,0.8,6.233951791789916e-05,0.0,4.924821915514034e-05,3.747489916305536e-08,0.3,10184194.96,-12.192661305914864
137.54999999999998,0,aGDL,-12.19274672303851,46.673472272549034,0.0,4.265174669476324e-08,4.265174669476324e-08,0.0,0.0,0.0,0.0,0.8,6.233947544963176e-05,0.0,4.924818560520909e-05,3.747475069771911e-08,0.3,10184194.96,-12.192762891668954
137.64999999999998,0,aGDL,-12.192848458006608,46.67344737170611,0.0,4.268275967936939e-08,4.268275967936939e-08,0.0,0.0,0.0,0.0,0.8,6.233943291898282e-05,0.0,4.924815200599641e-05,3.747460201459848e-08,0.3,10184194.96,-12.192864626672156
137.75,0,aGDL,-12.19295034222381,46.673422470839455,0.0,4.2713772685259205e-08,4.2713772685259205e-08,0.0,0.0,0.0,0.0,0.8,6.233939032595222e-05,0.0,4.924811835750225e-05,3.7474453113694596e-08,0.3,10184194.96,-12.192966510924792
137.85,0,aGDL,-12.193052375690513,46.673397569949046,0.0,4.274478571246384e-08,4.274478571246384e-08,0.0,0.0,0.0,0.0,0.8,6.233934767053989e-05,0.0,4.9248084659726495e-05,3.74743039950083e-08,0.3,10184194.96,-12.193068544427192
137.95,0,aGDL,-12.193154558406945,46.67337266903486,0.0,4.2775798761014436e-08,4.2775798761014436e-08,0.0,0.0,0.0,0.0,0.8,6.233930495274575e-05,0.0,4.924805091266914e-05,3.747415465854077e-08,0.3,10184194.96,-12.193170727179686
138.04999999999998,0,aGDL,-12.193256890373561,46.67334776809686,0.0,4.280681183094213e-08,4.280681183094213e-08,0.0,0.0,0.0,0.0,0.8,6.233926217256972e-05,0.0,4.9248017116330075e-05,3.747400510429292e-08,0.3,10184194.96,-12.193273059182607
138.15,0,aGDL,-12.193359371590589,46.67332286713504,0.0,4.2837824922278067e-08,4.2837824922278067e-08,0.0,0.0,0.0,0.0,0.8,6.233921933001171e-05,0.0,4.924798327070925e-05,3.747385533226581e-08,0.3,10184194.96,-12.193375540436287
138.25,0,aGDL,-12.193462002058425,46.673297966149356,0.0,4.286883803505339e-08,4.286883803505339e-08,0.0,0.0,0.0,0.0,0.8,6.233917642507166e-05,0.0,4.924794937580661e-05,3.747370534246044e-08,0.3,10184194.96,-12.193478170941075
138.35,0,aGDL,-12.193564781777354,46.673273065139796,0.0,4.289985116929925e-08,4.289985116929925e-08,0.0,0.0,0.0,0.0,0.8,6.233913345774946e-05,0.0,4.924791543162207e-05,3.7473555134877916e-08,0.3,10184194.96,-12.1935809506973
138.45000000000002,0,aGDL,-12.193667710747775,46.67324816410633,0.0,4.293086432504678e-08,4.293086432504678e-08,0.0,0.0,0.0,0.0,0.8,6.2339090428045e-05,0.0,4.9247881438155556e-05,3.7473404709519104e-08,0.3,10184194.96,-12.193683879705315
138.54999999999998,0,aGDL,-12.193770788970028,46.67322326304894,0.0,4.296187750232713e-08,4.296187750232713e-08,0.0,0.0,0.0,0.0,0.8,6.233904733595823e-05,0.0,4.9247847395406996e-05,3.747325406638505e-08,0.3,10184194.96,-12.193786957965465
138.64999999999998,0,aGDL,-12.193874016444454,46.67319836196759,0.0,4.299289070117144e-08,4.299289070117144e-08,0.0,0.0,0.0,0.0,0.8,6.233900418148903e-05,0.0,4.924781330337633e-05,3.7473103205476797e-08,0.3,10184194.96,-12.193890185478098
138.74999999999997,0,aGDL,-12.193977393171451,46.67317346086227,0.0,4.3023903921610864e-08,4.3023903921610864e-08,0.0,0.0,0.0,0.0,0.8,6.233896096463732e-05,0.0,4.924777916206347e-05,3.74729521267952e-08,0.3,10184194.96,-12.19399356224357
138.85,0,aGDL,-12.194080919151247,46.673148559732944,0.0,4.305491716367654e-08,4.305491716367654e-08,0.0,0.0,0.0,0.0,0.8,6.233891768540301e-05,0.0,4.924774497146837e-05,3.7472800830341564e-08,0.3,10184194.96,-12.194097088262232
138.95,0,aGDL,-12.194184594384296,46.673123658579584,0.0,4.308593042739961e-08,4.308593042739961e-08,0.0,0.0,0.0,0.0,0.8,6.233887434378601e-05,0.0,4.924771073159094e-05,3.747264931611665e-08,0.3,10184194.96,-12.194200763534452
139.04999999999998,0,aGDL,-12.194288418870997,46.67309875740217,0.0,4.311694371281122e-08,4.311694371281122e-08,0.0,0.0,0.0,0.0,0.8,6.23388309397862e-05,0.0,4.924767644243109e-05,3.7472497584121414e-08,0.3,10184194.96,-12.194304588060584
139.15,0,aGDL,-12.194392392611633,46.67307385620069,0.0,4.314795701994252e-08,4.314795701994252e-08,0.0,0.0,0.0,0.0,0.8,6.233878747340351e-05,0.0,4.924764210398878e-05,3.7472345634357023e-08,0.3,10184194.96,-12.194408561840998
139.25,0,aGDL,-12.194496515606602,46.6730489549751,0.0,4.317897034882465e-08,4.317897034882465e-08,0.0,0.0,0.0,0.0,0.8,6.233874394463784e-05,0.0,4.9247607716263886e-05,3.747219346682436e-08,0.3,10184194.96,-12.194512684876058
139.35,0,aGDL,-12.194600787856245,46.673024053725385,0.0,4.3209983699488754e-08,4.3209983699488754e-08,0.0,0.0,0.0,0.0,0.8,6.233870035348908e-05,0.0,4.9247573279256373e-05,3.747204108152453e-08,0.3,10184194.96,-12.194616957166131
139.45,0,aGDL,-12.194705209360961,46.67299915245152,0.0,4.324099707196598e-08,4.324099707196598e-08,0.0,0.0,0.0,0.0,0.8,6.233865669995715e-05,0.0,4.9247538792966146e-05,3.74718884784584e-08,0.3,10184194.96,-12.1947213787116
139.55,0,aGDL,-12.194809780121147,46.67297425115347,0.0,4.327201046628748e-08,4.327201046628748e-08,0.0,0.0,0.0,0.0,0.8,6.233861298404191e-05,0.0,4.92475042573931e-05,3.747173565762698e-08,0.3,10184194.96,-12.194825949512833
139.65,0,aGDL,-12.194914500137145,46.67294934983122,0.0,4.3303023882484384e-08,4.3303023882484384e-08,0.0,0.0,0.0,0.0,0.8,6.233856920574332e-05,0.0,4.9247469672537215e-05,3.7471582619031284e-08,0.3,10184194.96,-12.194930669570216
139.74999999999997,0,aGDL,-12.195019369409408,46.67292444848475,0.0,4.333403732058785e-08,4.333403732058785e-08,0.0,0.0,0.0,0.0,0.8,6.233852536506117e-05,0.0,4.924743503839833e-05,3.747142936267217e-08,0.3,10184194.96,-12.195035538884126
139.85,0,aGDL,-12.195124387938222,46.67289954711403,0.0,4.3365050780629026e-08,4.3365050780629026e-08,0.0,0.0,0.0,0.0,0.8,6.233848146199549e-05,0.0,4.9247400354976437e-05,3.747127588855083e-08,0.3,10184194.96,-12.195140557454954
139.95,0,aGDL,-12.195229555723984,46.67287464571903,0.0,4.339606426263905e-08,4.339606426263905e-08,0.0,0.0,0.0,0.0,0.8,6.23384374965461e-05,0.0,4.924736562227141e-05,3.747112219666815e-08,0.3,10184194.96,-12.19524572528308
140.04999999999998,0,aGDL,-12.195334872767148,46.67284974429973,0.0,4.342707776664908e-08,4.342707776664908e-08,0.0,0.0,0.0,0.0,0.8,6.233839346871288e-05,0.0,4.924733084028317e-05,3.747096828702509e-08,0.3,10184194.96,-12.1953510423689
140.14999999999998,0,aGDL,-12.195440339068114,46.67282484285611,0.0,4.3458091292690253e-08,4.3458091292690253e-08,0.0,0.0,0.0,0.0,0.8,6.233834937849575e-05,0.0,4.924729600901164e-05,3.747081415962257e-08,0.3,10184194.96,-12.195456508712807
140.25,0,aGDL,-12.195545954627164,46.672799941388135,0.0,4.3489104840793716e-08,4.3489104840793716e-08,0.0,0.0,0.0,0.0,0.8,6.23383052258946e-05,0.0,4.924726112845674e-05,3.7470659814461704e-08,0.3,10184194.96,-12.195562124315204
140.35,0,aGDL,-12.195651719444868,46.67277503989578,0.0,4.352011841099062e-08,4.352011841099062e-08,0.0,0.0,0.0,0.0,0.8,6.23382610109093e-05,0.0,4.9247226198618346e-05,3.747050525154324e-08,0.3,10184194.96,-12.19566788917648
140.45,0,aGDL,-12.195757633521453,46.67275013837904,0.0,4.355113200331212e-08,4.355113200331212e-08,0.0,0.0,0.0,0.0,0.8,6.233821673353979e-05,0.0,4.924719121949643e-05,3.747035047086839e-08,0.3,10184194.96,-12.195773803297051
140.55,0,aGDL,-12.195863696857487,46.67272523683786,0.0,4.3582145617789346e-08,4.3582145617789346e-08,0.0,0.0,0.0,0.0,0.8,6.233817239378588e-05,0.0,4.924715619109084e-05,3.747019547243791e-08,0.3,10184194.96,-12.195879866677316
140.65,0,aGDL,-12.195969909453254,46.672700335272246,0.0,4.361315925445346e-08,4.361315925445346e-08,0.0,0.0,0.0,0.0,0.8,6.233812799164753e-05,0.0,4.9247121113401546e-05,3.747004025625291e-08,0.3,10184194.96,-12.195986079317679
140.75,0,aGDL,-12.19607627130921,46.67267543368215,0.0,4.3644172913335595e-08,4.3644172913335595e-08,0.0,0.0,0.0,0.0,0.8,6.233808352712459e-05,0.0,4.924708598642841e-05,3.7469884822314296e-08,0.3,10184194.96,-12.196092441218559
140.85,0,aGDL,-12.196182782425751,46.67265053206756,0.0,4.367518659446691e-08,4.367518659446691e-08,0.0,0.0,0.0,0.0,0.8,6.233803900021693e-05,0.0,4.924705081017137e-05,3.746972917062306e-08,0.3,10184194.96,-12.196198952380369
140.95,0,aGDL,-12.196289442803334,46.67262563042844,0.0,4.370620029787856e-08,4.370620029787856e-08,0.0,0.0,0.0,0.0,0.8,6.233799441092446e-05,0.0,4.9247015584630325e-05,3.746957330118012e-08,0.3,10184194.96,-12.196305612803531
141.04999999999998,0,aGDL,-12.196396252442355,46.67260072876478,0.0,4.373721402360168e-08,4.373721402360168e-08,0.0,0.0,0.0,0.0,0.8,6.233794975924706e-05,0.0,4.924698030980517e-05,3.7469417213986417e-08,0.3,10184194.96,-12.19641242248846
141.14999999999998,0,aGDL,-12.19650321134327,46.67257582707654,0.0,4.376822777166742e-08,4.376822777166742e-08,0.0,0.0,0.0,0.0,0.8,6.233790504518458e-05,0.0,4.9246944985695823e-05,3.7469260909042906e-08,0.3,10184194.96,-12.196519381435587
141.25,0,aGDL,-12.196610319506476,46.67255092536371,0.0,4.379924154210694e-08,4.379924154210694e-08,0.0,0.0,0.0,0.0,0.8,6.233786026873693e-05,0.0,4.924690961230216e-05,3.746910438635053e-08,0.3,10184194.96,-12.19662648964533
141.35,0,aGDL,-12.196717576932372,46.672526023626254,0.0,4.383025533495138e-08,4.383025533495138e-08,0.0,0.0,0.0,0.0,0.8,6.233781542990398e-05,0.0,4.924687418962414e-05,3.74689476459103e-08,0.3,10184194.96,-12.196733747118127
141.45,0,aGDL,-12.196824983621411,46.67250112186415,0.0,4.386126915023189e-08,4.386126915023189e-08,0.0,0.0,0.0,0.0,0.8,6.233777052868561e-05,0.0,4.924683871766163e-05,3.746879068772314e-08,0.3,10184194.96,-12.196841153854407
141.55,0,aGDL,-12.196932539574107,46.67247622007738,0.0,4.3892282987979624e-08,4.3892282987979624e-08,0.0,0.0,0.0,0.0,0.8,6.233772556508167e-05,0.0,4.924680319641452e-05,3.746863351178986e-08,0.3,10184194.96,-12.19694870985461
141.65,0,aGDL,-12.197040244790742,46.67245131826591,0.0,4.3923296848225726e-08,4.3923296848225726e-08,0.0,0.0,0.0,0.0,0.8,6.23376805390921e-05,0.0,4.9246767625882756e-05,3.746847611811165e-08,0.3,10184194.96,-12.197056415119171
141.75,0,aGDL,-12.197148099271942,46.672426416429715,0.0,4.395431073100135e-08,4.395431073100135e-08,0.0,0.0,0.0,0.0,0.8,6.233763545071667e-05,0.0,4.924673200606618e-05,3.746831850668918e-08,0.3,10184194.96,-12.197164269648537
141.85,0,aGDL,-12.197256103017992,46.672401514568776,0.0,4.398532463633764e-08,4.398532463633764e-08,0.0,0.0,0.0,0.0,0.8,6.233759029995536e-05,0.0,4.9246696336964736e-05,3.74681606775236e-08,0.3,10184194.96,-12.197272273443149
141.95000000000002,0,aGDL,-12.197364256029402,46.672376612683074,0.0,4.401633856426575e-08,4.401633856426575e-08,0.0,0.0,0.0,0.0,0.8,6.233754508680799e-05,0.0,4.924666061857831e-05,3.7468002630615774e-08,0.3,10184194.96,-12.19738042650346
142.04999999999998,0,aGDL,-12.197472558306686,46.67235171077257,0.0,4.404735251481683e-08,4.404735251481683e-08,0.0,0.0,0.0,0.0,0.8,6.233749981127441e-05,0.0,4.924662485090677e-05,3.7467844365966506e-08,0.3,10184194.96,-12.197488728829917
142.14999999999998,0,aGDL,-12.197581009850182,46.67232680883724,0.0,4.407836648802204e-08,4.407836648802204e-08,0.0,0.0,0.0,0.0,0.8,6.233745447335454e-05,0.0,4.924658903395008e-05,3.7467685883576944e-08,0.3,10184194.96,-12.197597180422978
142.25,0,aGDL,-12.197689610660404,46.672301906877074,0.0,4.4109380483912514e-08,4.4109380483912514e-08,0.0,0.0,0.0,0.0,0.8,6.233740907304818e-05,0.0,4.924655316770806e-05,3.746752718344786e-08,0.3,10184194.96,-12.197705781283101
142.35,0,aGDL,-12.197798360737863,46.67227700489204,0.0,4.414039450251942e-08,4.414039450251942e-08,0.0,0.0,0.0,0.0,0.8,6.233736361035524e-05,0.0,4.924651725218064e-05,3.746736826558017e-08,0.3,10184194.96,-12.197814531410742
142.45,0,aGDL,-12.1979072600829,46.672252102882105,0.0,4.4171408543873896e-08,4.4171408543873896e-08,0.0,0.0,0.0,0.0,0.8,6.23373180852756e-05,0.0,4.924648128736773e-05,3.7467209129974987e-08,0.3,10184194.96,-12.19792343080637
142.54999999999998,0,aGDL,-12.198016308696083,46.67222720084725,0.0,4.4202422608007095e-08,4.4202422608007095e-08,0.0,0.0,0.0,0.0,0.8,6.233727249780909e-05,0.0,4.924644527326918e-05,3.746704977663299e-08,0.3,10184194.96,-12.198032479470454
142.65,0,aGDL,-12.198125506577867,46.67220229878746,0.0,4.4233436694950177e-08,4.4233436694950177e-08,0.0,0.0,0.0,0.0,0.8,6.233722684795559e-05,0.0,4.924640920988491e-05,3.746689020555522e-08,0.3,10184194.96,-12.19814167740346
142.75,0,aGDL,-12.198234853728707,46.67217739670269,0.0,4.426445080473429e-08,4.426445080473429e-08,0.0,0.0,0.0,0.0,0.8,6.233718113571494e-05,0.0,4.92463730972148e-05,3.7466730416742547e-08,0.3,10184194.96,-12.198251024605861
142.85,0,aGDL,-12.198344350149114,46.67215249459294,0.0,4.429546493739058e-08,4.429546493739058e-08,0.0,0.0,0.0,0.0,0.8,6.233713536108701e-05,0.0,4.9246336935258735e-05,3.7466570410195864e-08,0.3,10184194.96,-12.198360521078135
142.95000000000002,0,aGDL,-12.198453995839486,46.67212759245817,0.0,4.4326479092950206e-08,4.4326479092950206e-08,0.0,0.0,0.0,0.0,0.8,6.233708952407169e-05,0.0,4.924630072401663e-05,3.7466410185916206e-08,0.3,10184194.96,-12.19847016682076
143.04999999999998,0,aGDL,-12.198563790800335,46.672102690298345,0.0,4.4357493271444314e-08,4.4357493271444314e-08,0.0,0.0,0.0,0.0,0.8,6.233704362466882e-05,0.0,4.924626446348836e-05,3.746624974390441e-08,0.3,10184194.96,-12.198579961834222
143.14999999999998,0,aGDL,-12.198673735032173,46.67207778811346,0.0,4.438850747290406e-08,4.438850747290406e-08,0.0,0.0,0.0,0.0,0.8,6.233699766287822e-05,0.0,4.924622815367379e-05,3.746608908416134e-08,0.3,10184194.96,-12.198689906119005
143.24999999999997,0,aGDL,-12.198783828535511,46.67205288590348,0.0,4.4419521697360604e-08,4.4419521697360604e-08,0.0,0.0,0.0,0.0,0.8,6.233695163869978e-05,0.0,4.924619179457282e-05,3.7465928206687914e-08,0.3,10184194.96,-12.198799999675598
143.35,0,aGDL,-12.198894071310804,46.67202798366839,0.0,4.4450535944845095e-08,4.4450535944845095e-08,0.0,0.0,0.0,0.0,0.8,6.233690555213335e-05,0.0,4.9246155386185346e-05,3.7465767111485035e-08,0.3,10184194.96,-12.19891024250449
143.45,0,aGDL,-12.199004463358563,46.67200308140815,0.0,4.448155021538868e-08,4.448155021538868e-08,0.0,0.0,0.0,0.0,0.8,6.233685940317876e-05,0.0,4.924611892851122e-05,3.746560579855356e-08,0.3,10184194.96,-12.199020634606184
143.54999999999998,0,aGDL,-12.199115004679243,46.671978179122746,0.0,4.451256450902252e-08,4.451256450902252e-08,0.0,0.0,0.0,0.0,0.8,6.23368131918359e-05,0.0,4.924608242155036e-05,3.7465444267894546e-08,0.3,10184194.96,-12.19913117598117
143.65,0,aGDL,-12.199225695273356,46.671953276812154,0.0,4.454357882577777e-08,4.454357882577777e-08,0.0,0.0,0.0,0.0,0.8,6.233676691810462e-05,0.0,4.924604586530265e-05,3.746528251950875e-08,0.3,10184194.96,-12.199241866629956
143.75,0,aGDL,-12.19933653514147,46.671928374476344,0.0,4.4574593165685573e-08,4.4574593165685573e-08,0.0,0.0,0.0,0.0,0.8,6.233672058198471e-05,0.0,4.924600925976793e-05,3.746512055339707e-08,0.3,10184194.96,-12.199352706553046
143.85,0,aGDL,-12.19944752428404,46.6719034721153,0.0,4.460560752877709e-08,4.460560752877709e-08,0.0,0.0,0.0,0.0,0.8,6.233667418347608e-05,0.0,4.92459726049461e-05,3.74649583695604e-08,0.3,10184194.96,-12.199463695750945
143.95,0,aGDL,-12.199558662701577,46.671878569728975,0.0,4.463662191508348e-08,4.463662191508348e-08,0.0,0.0,0.0,0.0,0.8,6.233662772257855e-05,0.0,4.924593590083705e-05,3.7464795967999644e-08,0.3,10184194.96,-12.199574834224164
144.05,0,aGDL,-12.199669950394593,46.67185366731737,0.0,4.4667636324635895e-08,4.4667636324635895e-08,0.0,0.0,0.0,0.0,0.8,6.233658119929198e-05,0.0,4.924589914744066e-05,3.746463334871573e-08,0.3,10184194.96,-12.199686121973222
144.15,0,aGDL,-12.199781387363657,46.671828764880445,0.0,4.4698650757465476e-08,4.4698650757465476e-08,0.0,0.0,0.0,0.0,0.8,6.233653461361617e-05,0.0,4.9245862344756773e-05,3.7464470511709393e-08,0.3,10184194.96,-12.19979755899863
144.24999999999997,0,aGDL,-12.199892973609224,46.67180386241819,0.0,4.47296652136034e-08,4.47296652136034e-08,0.0,0.0,0.0,0.0,0.8,6.2336487965551e-05,0.0,4.9245825492785294e-05,3.7464307456981666e-08,0.3,10184194.96,-12.199909145300914
144.35,0,aGDL,-12.20000470913186,46.671778959930556,0.0,4.4760679693080805e-08,4.4760679693080805e-08,0.0,0.0,0.0,0.0,0.8,6.233644125509631e-05,0.0,4.9245788591526085e-05,3.746414418453332e-08,0.3,10184194.96,-12.200020880880597
144.45,0,aGDL,-12.200116593932023,46.671754057417544,0.0,4.479169419592886e-08,4.479169419592886e-08,0.0,0.0,0.0,0.0,0.8,6.233639448225195e-05,0.0,4.9245751640979045e-05,3.7463980694365374e-08,0.3,10184194.96,-12.200132765738209
144.54999999999998,0,aGDL,-12.200228628010336,46.67172915487911,0.0,4.482270872217872e-08,4.482270872217872e-08,0.0,0.0,0.0,0.0,0.8,6.233634764701773e-05,0.0,4.9245714641144005e-05,3.746381698647851e-08,0.3,10184194.96,-12.200244799874273
144.65,0,aGDL,-12.200340811367255,46.671704252315244,0.0,4.4853723271861524e-08,4.4853723271861524e-08,0.0,0.0,0.0,0.0,0.8,6.233630074939351e-05,0.0,4.924567759202087e-05,3.7463653060873726e-08,0.3,10184194.96,-12.200356983289328
144.75,0,aGDL,-12.200453144003347,46.67167934972591,0.0,4.4884737845008446e-08,4.4884737845008446e-08,0.0,0.0,0.0,0.0,0.8,6.233625378937913e-05,0.0,4.924564049360951e-05,3.7463488917551874e-08,0.3,10184194.96,-12.200469315983913
144.85,0,aGDL,-12.200565625919182,46.67165444711109,0.0,4.491575244165063e-08,4.491575244165063e-08,0.0,0.0,0.0,0.0,0.8,6.233620676697439e-05,0.0,4.924560334590977e-05,3.746332455651373e-08,0.3,10184194.96,-12.200581797958563
144.95,0,aGDL,-12.200678257115271,46.671629544470754,0.0,4.4946767061819244e-08,4.4946767061819244e-08,0.0,0.0,0.0,0.0,0.8,6.233615968217916e-05,0.0,4.924556614892153e-05,3.7463159977760244e-08,0.3,10184194.96,-12.200694429213822
145.05,0,aGDL,-12.200791037592182,46.67160464180488,0.0,4.4977781705545444e-08,4.4977781705545444e-08,0.0,0.0,0.0,0.0,0.8,6.233611253499323e-05,0.0,4.9245528902644656e-05,3.746299518129219e-08,0.3,10184194.96,-12.200807209750243
145.15,0,aGDL,-12.200903967350428,46.671579739113454,0.0,4.5008796372860374e-08,4.5008796372860374e-08,0.0,0.0,0.0,0.0,0.8,6.233606532541648e-05,0.0,4.924549160707903e-05,3.746283016711053e-08,0.3,10184194.96,-12.20092013956837
145.24999999999997,0,aGDL,-12.201017046390575,46.67155483639643,0.0,4.50398110637952e-08,4.50398110637952e-08,0.0,0.0,0.0,0.0,0.8,6.233601805344873e-05,0.0,4.9245454262224496e-05,3.746266493521608e-08,0.3,10184194.96,-12.201033218668758
145.35,0,aGDL,-12.201130274713137,46.671529933653794,0.0,4.5070825778381073e-08,4.5070825778381073e-08,0.0,0.0,0.0,0.0,0.8,6.233597071908982e-05,0.0,4.9245416868080955e-05,3.7462499485609724e-08,0.3,10184194.96,-12.201146447051961
145.45,0,aGDL,-12.201243652318794,46.67150503088553,0.0,4.510184051664917e-08,4.510184051664917e-08,0.0,0.0,0.0,0.0,0.8,6.23359233223395e-05,0.0,4.92453794246482e-05,3.746233381829214e-08,0.3,10184194.96,-12.201259824718544
145.54999999999998,0,aGDL,-12.201357179208003,46.671480128091595,0.0,4.513285527863063e-08,4.513285527863063e-08,0.0,0.0,0.0,0.0,0.8,6.233587586319769e-05,0.0,4.924534193192616e-05,3.746216793326439e-08,0.3,10184194.96,-12.201373351669066
145.64999999999998,0,aGDL,-12.201470855381388,46.67145522527198,0.0,4.5163870064356615e-08,4.5163870064356615e-08,0.0,0.0,0.0,0.0,0.8,6.233582834166416e-05,0.0,4.9245304389914675e-05,3.746200183052713e-08,0.3,10184194.96,-12.201487027904093
145.75,0,aGDL,-12.20158468083946,46.67143032242665,0.0,4.519488487385829e-08,4.519488487385829e-08,0.0,0.0,0.0,0.0,0.8,6.233578075773874e-05,0.0,4.9245266798613604e-05,3.746183551008137e-08,0.3,10184194.96,-12.201600853424198
145.85,0,aGDL,-12.201698655582788,46.67140541955558,0.0,4.5225899707166806e-08,4.5225899707166806e-08,0.0,0.0,0.0,0.0,0.8,6.233573311142129e-05,0.0,4.924522915802282e-05,3.7461668971927904e-08,0.3,10184194.96,-12.201714828229953
145.95,0,aGDL,-12.201812779612055,46.67138051665876,0.0,4.5256914564313326e-08,4.5256914564313326e-08,0.0,0.0,0.0,0.0,0.8,6.233568540271156e-05,0.0,4.924519146814213e-05,3.7461502216067446e-08,0.3,10184194.96,-12.201828952321934
146.05,0,aGDL,-12.201927052927715,46.67135561373615,0.0,4.528792944532901e-08,4.528792944532901e-08,0.0,0.0,0.0,0.0,0.8,6.233563763160944e-05,0.0,4.9245153728971454e-05,3.7461335242500985e-08,0.3,10184194.96,-12.20194322570072
146.15,0,aGDL,-12.20204147553045,46.67133071078773,0.0,4.531894435024501e-08,4.531894435024501e-08,0.0,0.0,0.0,0.0,0.8,6.23355897981147e-05,0.0,4.924511594051061e-05,3.746116805122917e-08,0.3,10184194.96,-12.202057648366894
146.25,0,aGDL,-12.202156047420772,46.671305807813475,0.0,4.5349959279092495e-08,4.5349959279092495e-08,0.0,0.0,0.0,0.0,0.8,6.233554190222721e-05,0.0,4.924507810275949e-05,3.746100064225301e-08,0.3,10184194.96,-12.202172220321044
146.35,0,aGDL,-12.202270768599305,46.67128090481336,0.0,4.538097423190261e-08,4.538097423190261e-08,0.0,0.0,0.0,0.0,0.8,6.233549394394672e-05,0.0,4.92450402157179e-05,3.746083301557324e-08,0.3,10184194.96,-12.202286941563758
146.45,0,aGDL,-12.20238563906662,46.67125600178736,0.0,4.541198920870654e-08,4.541198920870654e-08,0.0,0.0,0.0,0.0,0.8,6.233544592327308e-05,0.0,4.924500227938574e-05,3.746066517119071e-08,0.3,10184194.96,-12.20240181209563
146.54999999999998,0,aGDL,-12.202500658823283,46.671231098735454,0.0,4.5443004209535424e-08,4.5443004209535424e-08,0.0,0.0,0.0,0.0,0.8,6.233539784020612e-05,0.0,4.924496429376284e-05,3.746049710910632e-08,0.3,10184194.96,-12.202516831917258
146.64999999999998,0,aGDL,-12.202615827869977,46.67120619565761,0.0,4.547401923442043e-08,4.547401923442043e-08,0.0,0.0,0.0,0.0,0.8,6.233534969474563e-05,0.0,4.9244926258849045e-05,3.746032882932068e-08,0.3,10184194.96,-12.202632001029235
146.75,0,aGDL,-12.20273114620727,46.67118129255381,0.0,4.550503428339272e-08,4.550503428339272e-08,0.0,0.0,0.0,0.0,0.8,6.233530148689139e-05,0.0,4.924488817464419e-05,3.7460160331834736e-08,0.3,10184194.96,-12.202747319432172
146.85,0,aGDL,-12.202846613835789,46.671156389424034,0.0,4.5536049356483455e-08,4.5536049356483455e-08,0.0,0.0,0.0,0.0,0.8,6.233525321664324e-05,0.0,4.924485004114816e-05,3.7459991616649203e-08,0.3,10184194.96,-12.20286278712667
146.95,0,aGDL,-12.202962230756043,46.67113148626824,0.0,4.5567064453723794e-08,4.5567064453723794e-08,0.0,0.0,0.0,0.0,0.8,6.233520488400099e-05,0.0,4.924481185836079e-05,3.74598226837651e-08,0.3,10184194.96,-12.202978404113344
147.04999999999998,0,aGDL,-12.203077996968773,46.67110658308642,0.0,4.55980795751449e-08,4.55980795751449e-08,0.0,0.0,0.0,0.0,0.8,6.233515648896445e-05,0.0,4.9244773626281924e-05,3.7459653533183005e-08,0.3,10184194.96,-12.2030941703928
147.15,0,aGDL,-12.20319391247449,46.67108167987853,0.0,4.562909472077793e-08,4.562909472077793e-08,0.0,0.0,0.0,0.0,0.8,6.233510803153344e-05,0.0,4.924473534491141e-05,3.745948416490388e-08,0.3,10184194.96,-12.203210085965662
147.25,0,aGDL,-12.203309977273932,46.671056776644576,0.0,4.566010989065405e-08,4.566010989065405e-08,0.0,0.0,0.0,0.0,0.8,6.23350595117077e-05,0.0,4.924469701424908e-05,3.745931457892837e-08,0.3,10184194.96,-12.203326150832545
147.35,0,aGDL,-12.203426191367612,46.6710318733845,0.0,4.569112508480442e-08,4.569112508480442e-08,0.0,0.0,0.0,0.0,0.8,6.233501092948708e-05,0.0,4.92446586342948e-05,3.7459144775257365e-08,0.3,10184194.96,-12.20344236499408
147.45,0,aGDL,-12.203542554756154,46.671006970098304,0.0,4.5722140303260204e-08,4.5722140303260204e-08,0.0,0.0,0.0,0.0,0.8,6.23349622848714e-05,0.0,4.924462020504841e-05,3.745897475389177e-08,0.3,10184194.96,-12.203558728450885
147.54999999999998,0,aGDL,-12.203659067440299,46.670982066785946,0.0,4.575315554605257e-08,4.575315554605257e-08,0.0,0.0,0.0,0.0,0.8,6.233491357786042e-05,0.0,4.924458172650973e-05,3.745880451483211e-08,0.3,10184194.96,-12.203616337877598
147.64999999999998,0,aGDL,-12.203775729420556,46.670957163447405,0.0,4.578417081321267e-08,4.578417081321267e-08,0.0,0.0,0.0,0.0,0.8,6.233486480845395e-05,0.0,4.924454319867862e-05,3.74586340580794e-08,0.3,10184194.96,-12.203673997067094
147.75,0,aGDL,-12.203892540697609,46.67093226008266,0.0,4.581518610477168e-08,4.581518610477168e-08,0.0,0.0,0.0,0.0,0.8,6.23348159766518e-05,0.0,4.9244504621554915e-05,3.74584633836344e-08,0.3,10184194.96,-12.203731706019525
147.85,0,aGDL,-12.20400950127214,46.670907356691686,0.0,4.584620142076075e-08,4.584620142076075e-08,0.0,0.0,0.0,0.0,0.8,6.233476708245373e-05,0.0,4.924446599513843e-05,3.7458292491497754e-08,0.3,10184194.96,-12.203789464735035
147.95,0,aGDL,-12.204126611144773,46.67088245327445,0.0,4.5877216761211057e-08,4.5877216761211057e-08,0.0,0.0,0.0,0.0,0.8,6.233471812585955e-05,0.0,4.924442731942904e-05,3.745812138167031e-08,0.3,10184194.96,-12.203847273213771
148.04999999999998,0,aGDL,-12.204243870316077,46.67085754983094,0.0,4.5908232126153756e-08,4.5908232126153756e-08,0.0,0.0,0.0,0.0,0.8,6.233466910686909e-05,0.0,4.924438859442658e-05,3.745795005415294e-08,0.3,10184194.96,-12.203905131455882
148.15,0,aGDL,-12.204361278786791,46.67083264636113,0.0,4.593924751562001e-08,4.593924751562001e-08,0.0,0.0,0.0,0.0,0.8,6.233462002548209e-05,0.0,4.9244349820130855e-05,3.745777850894631e-08,0.3,10184194.96,-12.203963039461515
148.25,0,aGDL,-12.204478836557541,46.67080774286498,0.0,4.597026292964099e-08,4.597026292964099e-08,0.0,0.0,0.0,0.0,0.8,6.233457088169836e-05,0.0,4.924431099654171e-05,3.7457606746051225e-08,0.3,10184194.96,-12.204020997230822
148.35,0,aGDL,-12.204596543629009,46.67078283934248,0.0,4.6001278368247864e-08,4.6001278368247864e-08,0.0,0.0,0.0,0.0,0.8,6.233452167551769e-05,0.0,4.9244272123658966e-05,3.745743476546841e-08,0.3,10184194.96,-12.20407900476395
148.45000000000002,0,aGDL,-12.20471440000182,46.6707579357936,0.0,4.603229383147178e-08,4.603229383147178e-08,0.0,0.0,0.0,0.0,0.8,6.233447240693988e-05,0.0,4.9244233201482496e-05,3.7457262567198666e-08,0.3,10184194.96,-12.20413706206105
148.55,0,aGDL,-12.204832405676655,46.67073303221832,0.0,4.606330931934392e-08,4.606330931934392e-08,0.0,0.0,0.0,0.0,0.8,6.233442307596469e-05,0.0,4.924419423001211e-05,3.745709015124279e-08,0.3,10184194.96,-12.204195169122276
148.64999999999998,0,aGDL,-12.20495056065414,46.67070812861661,0.0,4.609432483189543e-08,4.609432483189543e-08,0.0,0.0,0.0,0.0,0.8,6.233437368259193e-05,0.0,4.924415520924762e-05,3.7456917517601544e-08,0.3,10184194.96,-12.204253325947777
148.74999999999997,0,aGDL,-12.205068864935015,46.670683224988444,0.0,4.61253403691575e-08,4.61253403691575e-08,0.0,0.0,0.0,0.0,0.8,6.233432422682135e-05,0.0,4.9244116139188854e-05,3.745674466627559e-08,0.3,10184194.96,-12.204311532537707
148.85,0,aGDL,-12.205187318519904,46.6706583213338,0.0,4.615635593116128e-08,4.615635593116128e-08,0.0,0.0,0.0,0.0,0.8,6.233427470865276e-05,0.0,4.924407701983568e-05,3.7456571597265816e-08,0.3,10184194.96,-12.204369788892217
148.95,0,aGDL,-12.20530592140949,46.67063341765266,0.0,4.6187371517937954e-08,4.6187371517937954e-08,0.0,0.0,0.0,0.0,0.8,6.233422512808594e-05,0.0,4.924403785118789e-05,3.7456398310572865e-08,0.3,10184194.96,-12.204428095011465
149.04999999999998,0,aGDL,-12.205424673604512,46.670608513944984,0.0,4.621838712951866e-08,4.621838712951866e-08,0.0,0.0,0.0,0.0,0.8,6.233417548512065e-05,0.0,4.9243998633245314e-05,3.7456224806197476e-08,0.3,10184194.96,-12.204486450895605
149.15,0,aGDL,-12.205543575105537,46.670583610210755,0.0,4.6249402765934593e-08,4.6249402765934593e-08,0.0,0.0,0.0,0.0,0.8,6.23341257797567e-05,0.0,4.9243959366007794e-05,3.7456051084140575e-08,0.3,10184194.96,-12.20454485654479
149.25,0,aGDL,-12.205662625913362,46.67055870644996,0.0,4.62804184272169e-08,4.62804184272169e-08,0.0,0.0,0.0,0.0,0.8,6.233407601199382e-05,0.0,4.9243920049475126e-05,3.74558771444027e-08,0.3,10184194.96,-12.204603311959177
149.35,0,aGDL,-12.20578182602867,46.670533802662554,0.0,4.631143411339676e-08,4.631143411339676e-08,0.0,0.0,0.0,0.0,0.8,6.233402618183184e-05,0.0,4.9243880683647146e-05,3.745570298698464e-08,0.3,10184194.96,-12.204661817138925
149.45,0,aGDL,-12.20590117545214,46.670508898848524,0.0,4.6342449824505325e-08,4.6342449824505325e-08,0.0,0.0,0.0,0.0,0.8,6.233397628927046e-05,0.0,4.924384126852365e-05,3.7455528611887095e-08,0.3,10184194.96,-12.204720372084187
149.55,0,aGDL,-12.206020674184401,46.67048399500784,0.0,4.6373465560573783e-08,4.6373465560573783e-08,0.0,0.0,0.0,0.0,0.8,6.233392633430953e-05,0.0,4.9243801804104525e-05,3.745535401911097e-08,0.3,10184194.96,-12.204778976795126
149.65,0,aGDL,-12.206140322226247,46.670459091140486,0.0,4.6404481321633294e-08,4.6404481321633294e-08,0.0,0.0,0.0,0.0,0.8,6.233387631694876e-05,0.0,4.924376229038951e-05,3.745517920865687e-08,0.3,10184194.96,-12.204837631271896
149.74999999999997,0,aGDL,-12.20626011957836,46.67043418724643,0.0,4.643549710771502e-08,4.643549710771502e-08,0.0,0.0,0.0,0.0,0.8,6.233382623718795e-05,0.0,4.924372272737848e-05,3.745500418052548e-08,0.3,10184194.96,-12.204896335514661
149.85,0,aGDL,-12.20638006624148,46.67040928332564,0.0,4.646651291885013e-08,4.646651291885013e-08,0.0,0.0,0.0,0.0,0.8,6.233377609502684e-05,0.0,4.9243683115071206e-05,3.7454828934717545e-08,0.3,10184194.96,-12.204955089523578
149.95,0,aGDL,-12.20650016221623,46.670384379378106,0.0,4.64975287550698e-08,4.64975287550698e-08,0.0,0.0,0.0,0.0,0.8,6.233372589046526e-05,0.0,4.924364345346755e-05,3.745465347123388e-08,0.3,10184194.96,-12.205013893298807
150.04999999999998,1,aCL,-12.20662708779713,46.67033556857312,0.0,4.6558318616997746e-08,4.6558318616997746e-08,0.0,0.0,0.0,0.0,0.3916,2.1347732952440627e-05,0.0,1.6864709032428093e-05,1.0915659643658752e-08,0.27,23329779.68292,-12.20829956148852
150.14999999999998,1,aCL,-12.206760714994118,46.67026498965014,0.0,4.664888253295361e-08,4.664888253295361e-08,0.0,0.0,0.0,0.0,0.3916,2.134771382141235e-05,0.0,1.6864693918915753e-05,1.091560274565488e-08,0.27,23329779.68292,-12.208366552962543
150.25,1,aCL,-12.206894363515516,46.67019654942117,0.0,4.673944653042621e-08,4.673944653042621e-08,0.0,0.0,0.0,0.0,0.3916,2.134769468733847e-05,0.0,1.6864678802997393e-05,1.0915545838742024e-08,0.27,23329779.68292,-12.208433551559734
150.35,1,aCL,-12.207028033363372,46.67013024789002,0.0,4.683001060942928e-08,4.683001060942928e-08,0.0,0.0,0.0,0.0,0.3916,2.1347675550218695e-05,0.0,1.6864663684672767e-05,1.091548892291942e-08,0.27,23329779.68292,-12.208500557280775
150.45,1,aCL,-12.207161724539958,46.67006608506052,0.0,4.692057476997657e-08,4.692057476997657e-08,0.0,0.0,0.0,0.0,0.3916,2.1347656410052704e-05,0.0,1.6864648563941633e-05,1.0915431998186176e-08,0.27,23329779.68292,-12.208567570126359
150.55,1,aCL,-12.207295437047321,46.67000406093648,0.0,4.7011139012081824e-08,4.7011139012081824e-08,0.0,0.0,0.0,0.0,0.3916,2.1347637266840203e-05,0.0,1.686463344080376e-05,1.0915375064541493e-08,0.27,23329779.68292,-12.208634590097184
150.65,1,aCL,-12.207429170887679,46.66994417552173,0.0,4.710170333575879e-08,4.710170333575879e-08,0.0,0.0,0.0,0.0,0.3916,2.134761812058088e-05,0.0,1.6864618315258894e-05,1.091531812198451e-08,0.27,23329779.68292,-12.20870161719395
150.75,1,aCL,-12.207562926063304,46.669886428820085,0.0,4.7192267741021234e-08,4.7192267741021234e-08,0.0,0.0,0.0,0.0,0.3916,2.1347598971274415e-05,0.0,1.6864603187306784e-05,1.0915261170514357e-08,0.27,23329779.68292,-12.208768651417373
150.85,1,aCL,-12.207696702576413,46.66983082083537,0.0,4.7282832227882885e-08,4.7282832227882885e-08,0.0,0.0,0.0,0.0,0.3916,2.134757981892049e-05,0.0,1.6864588056947185e-05,1.0915204210130156e-08,0.27,23329779.68292,-12.208835692768163
150.95,1,aCL,-12.207830500429282,46.66977735157142,0.0,4.7373396796357504e-08,4.7373396796357504e-08,0.0,0.0,0.0,0.0,0.3916,2.134756066351879e-05,0.0,1.6864572924179845e-05,1.0915147240831014e-08,0.27,23329779.68292,-12.208835692768163
151.04999999999998,1,aCL,-12.207964319624296,46.66972602103205,0.0,4.746396144645887e-08,4.746396144645887e-08,0.0,0.0,0.0,0.0,0.3916,2.1347541505068976e-05,0.0,1.686455778900449e-05,1.0915090262616015e-08,0.27,23329779.68292,-12.208835692768163
151.14999999999998,1,aCL,-12.208098160163729,46.66967682922108,0.0,4.7554526178200716e-08,4.7554526178200716e-08,0.0,0.0,0.0,0.0,0.3916,2.1347522343570718e-05,0.0,1.6864542651420865e-05,1.091503327548427e-08,0.27,23329779.68292,-12.208835692768163
151.25,1,aCL,-12.20823202204997,46.66962977614235,0.0,4.764509099159681e-08,4.764509099159681e-08,0.0,0.0,0.0,0.0,0.3916,2.1347503179023683e-05,0.0,1.6864527511428707e-05,1.0914976279434834e-08,0.27,23329779.68292,-12.208835692768163
151.35,1,aCL,-12.208365905285518,46.66958486179968,0.0,4.773565588666091e-08,4.773565588666091e-08,0.0,0.0,0.0,0.0,0.3916,2.1347484011427516e-05,0.0,1.6864512369027736e-05,1.0914919274466727e-08,0.27,23329779.68292,-12.208835692768163
151.45,1,aCL,-12.208499809872762,46.66954208619689,0.0,4.782622086340678e-08,4.782622086340678e-08,0.0,0.0,0.0,0.0,0.3916,2.1347464840781878e-05,0.0,1.6864497224217684e-05,1.0914862260579018e-08,0.27,23329779.68292,-12.208835692768163
151.55,1,aCL,-12.208633735814146,46.66950144933783,0.0,4.791678592184817e-08,4.791678592184817e-08,0.0,0.0,0.0,0.0,0.3916,2.1347445667086423e-05,0.0,1.6864482076998275e-05,1.0914805237770759e-08,0.27,23329779.68292,-12.208835692768163
151.65,1,aCL,-12.208767683112285,46.66946295122631,0.0,4.800735106199886e-08,4.800735106199886e-08,0.0,0.0,0.0,0.0,0.3916,2.1347426490340783e-05,0.0,1.686446692736922e-05,1.0914748206040891e-08,0.27,23329779.68292,-12.208835692768163
151.75,1,aCL,-12.208901651769622,46.66942659186616,0.0,4.809791628387261e-08,4.809791628387261e-08,0.0,0.0,0.0,0.0,0.3916,2.1347407310544607e-05,0.0,1.686445177533024e-05,1.0914691165388488e-08,0.27,23329779.68292,-12.208835692768163
151.85,1,aCL,-12.209035641788773,46.669392371261225,0.0,4.818848158748318e-08,4.818848158748318e-08,0.0,0.0,0.0,0.0,0.3916,2.1347388127697527e-05,0.0,1.6864436620881048e-05,1.0914634115812493e-08,0.27,23329779.68292,-12.208835692768163
151.95,1,aCL,-12.209169653172353,46.66936028941533,0.0,4.827904697284434e-08,4.827904697284434e-08,0.0,0.0,0.0,0.0,0.3916,2.1347368941799177e-05,0.0,1.6864421464021347e-05,1.0914577057311883e-08,0.27,23329779.68292,-12.208835692768163
152.04999999999998,1,aCL,-12.209303685923032,46.6693303463323,0.0,4.836961243996986e-08,4.836961243996986e-08,0.0,0.0,0.0,0.0,0.3916,2.1347349752849167e-05,0.0,1.6864406304750844e-05,1.0914519989885604e-08,0.27,23329779.68292,-12.208835692768163
152.14999999999998,1,aCL,-12.209437740043427,46.66930254201598,0.0,4.846017798887354e-08,4.846017798887354e-08,0.0,0.0,0.0,0.0,0.3916,2.134733056084713e-05,0.0,1.686439114306923e-05,1.0914462913532626e-08,0.27,23329779.68292,-12.208835692768163
152.25,1,aCL,-12.209571815536208,46.6692768764702,0.0,4.8550743619569135e-08,4.8550743619569135e-08,0.0,0.0,0.0,0.0,0.3916,2.1347311365792694e-05,0.0,1.6864375978976227e-05,1.09144058282519e-08,0.27,23329779.68292,-12.208835692768163
152.35,1,aCL,-12.209705912404218,46.669253349698785,0.0,4.8641309332070414e-08,4.8641309332070414e-08,0.0,0.0,0.0,0.0,0.3916,2.1347292167685452e-05,0.0,1.6864360812471504e-05,1.0914348734042289e-08,0.27,23329779.68292,-12.208835692768163
152.45,1,aCL,-12.209840030650184,46.669231961705584,0.0,4.8731875126391165e-08,4.8731875126391165e-08,0.0,0.0,0.0,0.0,0.3916,2.134727296652501e-05,0.0,1.6864345643554756e-05,1.091429163090271e-08,0.27,23329779.68292,-12.208835692768163
152.54999999999998,1,aCL,-12.209974170276894,46.66921271249443,0.0,4.8822441002545166e-08,4.8822441002545166e-08,0.0,0.0,0.0,0.0,0.3916,2.1347253762310973e-05,0.0,1.6864330472225668e-05,1.0914234518832065e-08,0.27,23329779.68292,-12.208835692768163
152.65,1,aCL,-12.210108331287131,46.66919560206915,0.0,4.891300696054619e-08,4.891300696054619e-08,0.0,0.0,0.0,0.0,0.3916,2.1347234555042965e-05,0.0,1.6864315298483943e-05,1.0914177397829256e-08,0.27,23329779.68292,-12.208902620191528
152.75,1,aCL,-12.210242513683909,46.669180630433594,0.0,4.900357300040803e-08,4.900357300040803e-08,0.0,0.0,0.0,0.0,0.3916,2.134721534472053e-05,0.0,1.686430012232922e-05,1.0914120267893077e-08,0.27,23329779.68292,-12.208969554728947
152.85,1,aCL,-12.210376717469956,46.6691677975916,0.0,4.909413912214447e-08,4.909413912214447e-08,0.0,0.0,0.0,0.0,0.3916,2.13471961313433e-05,0.0,1.686428494376121e-05,1.0914063129022439e-08,0.27,23329779.68292,-12.209036496380993
152.95000000000002,1,aCL,-12.210510942648284,46.66915710354699,0.0,4.918470532576929e-08,4.918470532576929e-08,0.0,0.0,0.0,0.0,0.3916,2.1347176914910846e-05,0.0,1.6864269762779568e-05,1.0914005981216166e-08,0.27,23329779.68292,-12.209103445148248
153.05,1,aCL,-12.210645189221907,46.66914854830363,0.0,4.927527161129627e-08,4.927527161129627e-08,0.0,0.0,0.0,0.0,0.3916,2.1347157695422734e-05,0.0,1.686425457938396e-05,1.0913948824473033e-08,0.27,23329779.68292,-12.209170401031292
153.14999999999998,1,aCL,-12.210779457193723,46.66914213186534,0.0,4.9365837978739216e-08,4.9365837978739216e-08,0.0,0.0,0.0,0.0,0.3916,2.1347138472878554e-05,0.0,1.686423939357406e-05,1.09138916587919e-08,0.27,23329779.68292,-12.209237364030718
153.24999999999997,1,aCL,-12.21091374656686,46.66913785423598,0.0,4.9456404428111925e-08,4.9456404428111925e-08,0.0,0.0,0.0,0.0,0.3916,2.134711924727787e-05,0.0,1.686422420534951e-05,1.0913834484171521e-08,0.27,23329779.68292,-12.209304334147127
153.35,1,aCL,-12.211048057344271,46.66913571541937,0.0,4.954697095942819e-08,4.954697095942819e-08,0.0,0.0,0.0,0.0,0.3916,2.134710001862025e-05,0.0,1.6864209014709992e-05,1.0913777300610707e-08,0.27,23329779.68292,-12.20937131138112
153.45,2,PEM,-12.21119078529074,0.0,0.0,154.69143301908957,0.0,0.0,0.0,0.0,0.0,0.0,0.0,0.0,4.4707831269059094e-11,0.0,0.24,225750000.0,-12.212800914383044
153.54999999999998,2,PEM,-12.21133942934955,0.0,0.0,155.25893880080383,0.0,0.0,0.0,0.0,0.0,0.0,0.0,0.0,4.464665911173142e-11,0.0,0.24,225750000.0,-12.212854578718225
153.65,2,PEM,-12.211485593802195,0.0,0.0,155.82986196328469,0.0,0.0,0.0,0.0,0.0,0.0,0.0,0.0,4.458534364575109e-11,0.0,0.24,225750000.0,-12.212907417094012
153.75,2,PEM,-12.211629278696023,0.0,0.0,156.40422540589879,0.0,0.0,0.0,0.0,0.0,0.0,0.0,0.0,4.4523886006690566e-11,0.0,0.24,225750000.0,-12.212959429545796
153.85,2,PEM,-12.211770484083104,0.0,0.0,156.98205232967183,0.0,0.0,0.0,0.0,0.0,0.0,0.0,0.0,4.4462287344276005e-11,0.0,0.24,225750000.0,-12.213010616109946
153.95,2,PEM,-12.211909210020053,0.0,0.0,157.56336623400804,0.0,0.0,0.0,0.0,0.0,0.0,0.0,0.0,4.440054882351312e-11,0.0,0.24,225750000.0,-12.213060976823803
154.05,2,PEM,-12.212045456568205,0.0,0.0,158.14819091371285,0.0,0.0,0.0,0.0,0.0,0.0,0.0,0.0,4.433867162577726e-11,0.0,0.24,225750000.0,-12.213110511725697
154.14999999999998,2,PEM,-12.212179223793328,0.0,0.0,158.7365504563004,0.0,0.0,0.0,0.0,0.0,0.0,0.0,0.0,4.427665694987232e-11,0.0,0.24,225750000.0,-12.213159220854935
154.24999999999997,2,PEM,-12.212310511765907,0.0,0.0,159.3284692395694,0.0,0.0,0.0,0.0,0.0,0.0,0.0,0.0,4.42145060130587e-11,0.0,0.24,225750000.0,-12.213207104251815
154.35,2,PEM,-12.212439320561145,0.0,0.0,159.9239719294308,0.0,0.0,0.0,0.0,0.0,0.0,0.0,0.0,4.4152220052054094e-11,0.0,0.24,225750000.0,-12.213254161957622
154.45,2,PEM,-12.212565650258682,0.0,0.0,160.52308347797145,0.0,0.0,0.0,0.0,0.0,0.0,0.0,0.0,4.408980032400937e-11,0.0,0.24,225750000.0,-12.213300394014636
154.54999999999998,2,PEM,-12.212689500942986,0.0,0.0,161.12582912174054,0.0,0.0,0.0,0.0,0.0,0.0,0.0,0.0,4.402724810745984e-11,0.0,0.24,225750000.0,-12.213345800466142
154.64999999999998,2,PEM,-12.212810872703187,0.0,0.0,161.7322343802434,0.0,0.0,0.0,0.0,0.0,0.0,0.0,0.0,4.396456470325599e-11,0.0,0.24,225750000.0,-12.213390381356414
154.75,2,PEM,-12.212929765633021,0.0,0.0,162.34232505463035,0.0,0.0,0.0,0.0,0.0,0.0,0.0,0.0,4.3901751435474114e-11,0.0,0.24,225750000.0,-12.213434136730742
154.85,2,PEM,-12.213046179830883,0.0,0.0,162.95612722656787,0.0,0.0,0.0,0.0,0.0,0.0,0.0,0.0,4.3838809652309227e-11,0.0,0.24,225750000.0,-12.213477066635416
154.95,2,PEM,-12.213160115400058,0.0,0.0,163.57366725728008,0.0,0.0,0.0,0.0,0.0,0.0,0.0,0.0,4.3775740726950484e-11,0.0,0.24,225750000.0,-12.213519171117746
155.05,2,PEM,-12.213271572448434,0.0,0.0,164.19497178674908,0.0,0.0,0.0,0.0,0.0,0.0,0.0,0.0,4.371254605844357e-11,0.0,0.24,225750000.0,-12.21356045022605
155.15,2,PEM,-12.213380551088619,0.0,0.0,164.82006773306372,0.0,0.0,0.0,0.0,0.0,0.0,0.0,0.0,4.364922707253805e-11,0.0,0.24,225750000.0,-12.213600904009677
155.25,2,PEM,-12.213487051437994,0.0,0.0,165.44898229190582,0.0,0.0,0.0,0.0,0.0,0.0,0.0,0.0,4.358578522252317e-11,0.0,0.24,225750000.0,-12.213640532518985
155.35,2,PEM,-12.213591073618716,0.0,0.0,166.08174293616497,0.0,0.0,0.0,0.0,0.0,0.0,0.0,0.0,4.352222199005272e-11,0.0,0.24,225750000.0,-12.213679335805379
155.45,2,PEM,-12.213692617757772,0.0,0.0,166.7183774156714,0.0,0.0,0.0,0.0,0.0,0.0,0.0,0.0,4.345853888596042e-11,0.0,0.24,225750000.0,-12.213717313921284
155.54999999999998,2,PEM,-12.21379168398687,0.0,0.0,167.3589137570385,0.0,0.0,0.0,0.0,0.0,0.0,0.0,0.0,4.339473745106651e-11,0.0,0.24,225750000.0,-12.213754466920163
155.64999999999998,2,PEM,-12.21388827244266,0.0,0.0,168.00338026360683,0.0,0.0,0.0,0.0,0.0,0.0,0.0,0.0,4.333081925697666e-11,0.0,0.24,225750000.0,-12.213790794856521
155.75,2,PEM,-12.213982383266455,0.0,0.0,168.65180551548085,0.0,0.0,0.0,0.0,0.0,0.0,0.0,0.0,4.326678590687535e-11,0.0,0.24,225750000.0,-12.213826297785916
155.85,2,PEM,-12.214074016604513,0.0,0.0,169.30421836965039,0.0,0.0,0.0,0.0,0.0,0.0,0.0,0.0,4.3202639036312087e-11,0.0,0.24,225750000.0,-12.213860975764941
155.95,2,PEM,-12.214163172608039,0.0,0.0,169.96064796018993,0.0,0.0,0.0,0.0,0.0,0.0,0.0,0.0,4.31383803139842e-11,0.0,0.24,225750000.0,-12.21389482885126
156.05,2,PEM,-12.214249851432953,0.0,0.0,170.62112369852804,0.0,0.0,0.0,0.0,0.0,0.0,0.0,0.0,4.307401144251536e-11,0.0,0.24,225750000.0,-12.213981525178342
156.15,2,PEM,-12.214334053240236,0.0,0.0,171.28567527378004,0.0,0.0,0.0,0.0,0.0,0.0,0.0,0.0,4.300953415923051e-11,0.0,0.24,225750000.0,-12.214065745023314
156.25,2,PEM,-12.214415778195757,0.0,0.0,171.95433265313744,0.0,0.0,0.0,0.0,0.0,0.0,0.0,0.0,4.2944950236929036e-11,0.0,0.24,225750000.0,-12.214147488554193
156.34999999999997,2,PEM,-12.214495026470274,0.0,0.0,172.6271260823074,0.0,0.0,0.0,0.0,0.0,0.0,0.0,0.0,4.2880261484655784e-11,0.0,0.24,225750000.0,-12.214226755944015
156.45,2,PEM,-12.214571798239547,0.0,0.0,173.30408608599643,0.0,0.0,0.0,0.0,0.0,0.0,0.0,0.0,4.2815469748470883e-11,0.0,0.24,225750000.0,-12.214303547370815
156.54999999999998,2,PEM,-12.214646093684394,0.0,0.0,173.9852434684319,0.0,0.0,0.0,0.0,0.0,0.0,0.0,0.0,4.275057691221915e-11,0.0,0.24,225750000.0,-12.214377863017683
156.64999999999998,2,PEM,-12.21471791299058,0.0,0.0,174.6706293139153,0.0,0.0,0.0,0.0,0.0,0.0,0.0,0.0,4.268558489829935e-11,0.0,0.24,225750000.0,-12.214449703072766
156.75,2,PEM,-12.214787256348814,0.0,0.0,175.36027498740287,0.0,0.0,0.0,0.0,0.0,0.0,0.0,0.0,4.2620495668434105e-11,0.0,0.24,225750000.0,-12.214519067729293
156.85,2,PEM,-12.214854123955035,0.0,0.0,176.05421213510652,0.0,0.0,0.0,0.0,0.0,0.0,0.0,0.0,4.255531122444008e-11,0.0,0.24,225750000.0,-12.214585957185605
156.95,2,PEM,-12.214918516010187,0.0,0.0,176.75247268511092,0.0,0.0,0.0,0.0,0.0,0.0,0.0,0.0,4.249003360900018e-11,0.0,0.24,225750000.0,-12.21465037164517
157.04999999999998,2,PEM,-12.214980432720324,0.0,0.0,177.45508884800066,0.0,0.0,0.0,0.0,0.0,0.0,0.0,0.0,4.2424664906437044e-11,0.0,0.24,225750000.0,-12.214712311316612
157.15,2,PEM,-12.215039874296508,0.0,0.0,178.16209311749333,0.0,0.0,0.0,0.0,0.0,0.0,0.0,0.0,4.235920724348885e-11,0.0,0.24,225750000.0,-12.214771776413732
157.25,2,PEM,-12.215096840955198,0.0,0.0,178.87351827107267,0.0,0.0,0.0,0.0,0.0,0.0,0.0,0.0,4.22936627900866e-11,0.0,0.24,225750000.0,-12.214828767155531
157.35,2,PEM,-12.215151332917742,0.0,0.0,179.58939737061738,0.0,0.0,0.0,0.0,0.0,0.0,0.0,0.0,4.222803376013567e-11,0.0,0.24,225750000.0,-12.214883283766236
157.45000000000002,2,PEM,-12.215203350410889,0.0,0.0,180.3097637630207,0.0,0.0,0.0,0.0,0.0,0.0,0.0,0.0,4.216232241229805e-11,0.0,0.24,225750000.0,-12.214935326475342
157.54999999999998,2,PEM,-12.215252893666559,0.0,0.0,181.03465108079644,0.0,0.0,0.0,0.0,0.0,0.0,0.0,0.0,4.209653105077964e-11,0.0,0.24,225750000.0,-12.214984895517599
157.64999999999998,2,PEM,-12.215299962921904,0.0,0.0,181.76409324266575,0.0,0.0,0.0,0.0,0.0,0.0,0.0,0.0,4.203066202611951e-11,0.0,0.24,225750000.0,-12.215031991133076
157.74999999999997,2,PEM,-12.21534455841936,0.0,0.0,182.4981244541209,0.0,0.0,0.0,0.0,0.0,0.0,0.0,0.0,4.196471773598323e-11,0.0,0.24,225750000.0,-12.215076613567179
157.85,2,PEM,-12.21538668040671,0.0,0.0,183.2367792079615,0.0,0.0,0.0,0.0,0.0,0.0,0.0,0.0,4.189870062595923e-11,0.0,0.24,225750000.0,-12.21511876307066
157.95,2,PEM,-12.21542632913696,0.0,0.0,183.9800922847982,0.0,0.0,0.0,0.0,0.0,0.0,0.0,0.0,4.18326131903595e-11,0.0,0.24,225750000.0,-12.215158439899673
158.04999999999998,2,PEM,-12.21546350486858,0.0,0.0,184.7280987535196,0.0,0.0,0.0,0.0,0.0,0.0,0.0,0.0,4.176645797302323e-11,0.0,0.24,225750000.0,-12.215195644315777
158.15,2,PEM,-12.215498207865437,0.0,0.0,185.4808339717177,0.0,0.0,0.0,0.0,0.0,0.0,0.0,0.0,4.170023756812452e-11,0.0,0.24,225750000.0,-12.215230376585984
158.25,2,PEM,-12.215530438396797,0.0,0.0,186.23833358606754,0.0,0.0,0.0,0.0,0.0,0.0,0.0,0.0,4.163395462098418e-11,0.0,0.24,225750000.0,-12.21526263698278
158.35,2,PEM,-12.215560196737272,0.0,0.0,187.00063353265648,0.0,0.0,0.0,0.0,0.0,0.0,0.0,0.0,4.156761182888498e-11,0.0,0.24,225750000.0,-12.21529242578415
158.45,2,PEM,-12.215587483167099,0.0,0.0,187.76777003725852,0.0,0.0,0.0,0.0,0.0,0.0,0.0,0.0,4.150121194189029e-11,0.0,0.24,225750000.0,-12.215319743273625
158.55,2,PEM,-12.215612297971916,0.0,0.0,188.53977961554912,0.0,0.0,0.0,0.0,0.0,0.0,0.0,0.0,4.1434757763667196e-11,0.0,0.24,225750000.0,-12.215344589740294
158.64999999999998,2,PEM,-12.215634641443046,0.0,0.0,189.3166990732561,0.0,0.0,0.0,0.0,0.0,0.0,0.0,0.0,4.1368252152312444e-11,0.0,0.24,225750000.0,-12.21536696547885
158.74999999999997,2,PEM,-12.215654513877212,0.0,0.0,190.09856550624198,0.0,0.0,0.0,0.0,0.0,0.0,0.0,0.0,4.1301698021182596e-11,0.0,0.24,225750000.0,-12.215386870789615
158.85,2,PEM,-12.21567191557682,0.0,0.0,190.88541630051273,0.0,0.0,0.0,0.0,0.0,0.0,0.0,0.0,4.123509833972672e-11,0.0,0.24,225750000.0,-12.215404305978572
158.95,2,PEM,-12.215686846849962,0.0,0.0,191.6772891321484,0.0,0.0,0.0,0.0,0.0,0.0,0.0,0.0,4.1168456134322724e-11,0.0,0.24,225750000.0,-12.215419271357405
159.04999999999998,2,PEM,-12.215699308010358,0.0,0.0,192.4742219671514,0.0,0.0,0.0,0.0,0.0,0.0,0.0,0.0,4.110177448911683e-11,0.0,0.24,225750000.0,-12.215431767243524
159.15,2,PEM,-12.215709299377352,0.0,0.0,193.2762530612069,0.0,0.0,0.0,0.0,0.0,0.0,0.0,0.0,4.10350565468656e-11,0.0,0.24,225750000.0,-12.215441793960112
159.25,2,PEM,-12.215716821276203,0.0,0.0,194.0834209593505,0.0,0.0,0.0,0.0,0.0,0.0,0.0,0.0,4.0968305509779966e-11,0.0,0.24,225750000.0,-12.215449351836144
159.35,2,PEM,-12.215721874037854,0.0,0.0,194.89576449553857,0.0,0.0,0.0,0.0,0.0,0.0,0.0,0.0,4.09015246403727e-11,0.0,0.24,225750000.0,-12.215454441206434
159.45,2,PEM,-12.215724457998988,0.0,0.0,195.71332279211586,0.0,0.0,0.0,0.0,0.0,0.0,0.0,0.0,4.0834717262306874e-11,0.0,0.24,225750000.0,-12.215457062411664
159.55,2,PEM,-12.2157245735022,0.0,0.0,196.53613525917518,0.0,0.0,0.0,0.0,0.0,0.0,0.0,0.0,4.0767886761246323e-11,0.0,0.24,225750000.0,-12.215457215798429
159.65,2,PEM,-12.215722220896055,0.0,0.0,197.36424159380405,0.0,0.0,0.0,0.0,0.0,0.0,0.0,0.0,4.070103658570713e-11,0.0,0.24,225750000.0,-12.215454901719262
159.75,2,PEM,-12.215717400534913,0.0,0.0,198.19768177921276,0.0,0.0,0.0,0.0,0.0,0.0,0.0,0.0,4.0634170247910446e-11,0.0,0.24,225750000.0,-12.21545012053269
159.85,2,PEM,-12.215710112779163,0.0,0.0,199.03649608373874,0.0,0.0,0.0,0.0,0.0,0.0,0.0,0.0,4.0567291324635654e-11,0.0,0.24,225750000.0,-12.215442872603246
159.95,2,PEM,-12.215700357995104,0.0,0.0,199.88072505972085,0.0,0.0,0.0,0.0,0.0,0.0,0.0,0.0,4.050040345807341e-11,0.0,0.24,225750000.0,-12.215433158301535
160.04999999999998,2,PEM,-12.215688136555173,0.0,0.0,200.73040954223805,0.0,0.0,0.0,0.0,0.0,0.0,0.0,0.0,4.0433510356678154e-11,0.0,0.24,225750000.0,-12.215420978004257
160.14999999999998,2,PEM,-12.21567344883789,0.0,0.0,201.58559064770765,0.0,0.0,0.0,0.0,0.0,0.0,0.0,0.0,4.036661579602032e-11,0.0,0.24,225750000.0,-12.215406332094249
160.25,2,PEM,-12.215656295227745,0.0,0.0,202.44630977233535,0.0,0.0,0.0,0.0,0.0,0.0,0.0,0.0,4.02997236196366e-11,0.0,0.24,225750000.0,-12.215389220960533
160.35,2,PEM,-12.215636676115594,0.0,0.0,203.31260859041237,0.0,0.0,0.0,0.0,0.0,0.0,0.0,0.0,4.0232837739878034e-11,0.0,0.24,225750000.0,-12.215369644998349
160.45,2,PEM,-12.215614591898316,0.0,0.0,204.18452905245215,0.0,0.0,0.0,0.0,0.0,0.0,0.0,0.0,4.016596213875636e-11,0.0,0.24,225750000.0,-12.215347604609196
160.55,2,PEM,-12.215590042979102,0.0,0.0,205.06211338316112,0.0,0.0,0.0,0.0,0.0,0.0,0.0,0.0,4.0099100868786065e-11,0.0,0.24,225750000.0,-12.215323100200887
160.65,2,PEM,-12.215563029767509,0.0,0.0,205.9454040792363,0.0,0.0,0.0,0.0,0.0,0.0,0.0,0.0,4.0032258053823164e-11,0.0,0.24,225750000.0,-12.215296132187573
160.75,2,PEM,-12.215533552679176,0.0,0.0,206.83444390698284,0.0,0.0,0.0,0.0,0.0,0.0,0.0,0.0,3.9965437889899703e-11,0.0,0.24,225750000.0,-12.215266700989805
160.84999999999997,2,PEM,-12.215501612136393,0.0,0.0,207.7292758997447,0.0,0.0,0.0,0.0,0.0,0.0,0.0,0.0,3.989864464605175e-11,0.0,0.24,225750000.0,-12.21523480703457
160.95,2,PEM,-12.215467208567702,0.0,0.0,208.6299433551416,0.0,0.0,0.0,0.0,0.0,0.0,0.0,0.0,3.983188266514291e-11,0.0,0.24,225750000.0,-12.215200450755324
161.04999999999998,2,PEM,-12.215430342408183,0.0,0.0,209.5364898321038,0.0,0.0,0.0,0.0,0.0,0.0,0.0,0.0,3.976515636467937e-11,0.0,0.24,225750000.0,-12.215163632592061
161.14999999999998,2,PEM,-12.215391014099282,0.0,0.0,210.4489591476976,0.0,0.0,0.0,0.0,0.0,0.0,0.0,0.0,3.969847023761861e-11,0.0,0.24,225750000.0,-12.215124352991342
161.25,2,PEM,-12.21534922408921,0.0,0.0,211.36739537373455,0.0,0.0,0.0,0.0,0.0,0.0,0.0,0.0,3.963182885316818e-11,0.0,0.24,225750000.0,-12.21508261240635
161.35,2,PEM,-12.215304972832541,0.0,0.0,212.2918428331548,0.0,0.0,0.0,0.0,0.0,0.0,0.0,0.0,3.9565236857576225e-11,0.0,0.24,225750000.0,-12.215038411296932
161.45,2,PEM,-12.215258260790733,0.0,0.0,213.22234609617732,0.0,0.0,0.0,0.0,0.0,0.0,0.0,0.0,3.949869897491016e-11,0.0,0.24,225750000.0,-12.214991750129649
161.54999999999998,2,PEM,-12.215209088431777,0.0,0.0,214.15894997620825,0.0,0.0,0.0,0.0,0.0,0.0,0.0,0.0,3.943222000782513e-11,0.0,0.24,225750000.0,-12.21494262937782
161.65,2,PEM,-12.215157456230372,0.0,0.0,215.10169952549822,0.0,0.0,0.0,0.0,0.0,0.0,0.0,0.0,3.936580483831903e-11,0.0,0.24,225750000.0,-12.214891049521583
161.75,2,PEM,-12.215103364668153,0.0,0.0,216.05064003054008,0.0,0.0,0.0,0.0,0.0,0.0,0.0,0.0,3.929945842847393e-11,0.0,0.24,225750000.0,-12.214837011047933
161.85,2,PEM,-12.215046814233574,0.0,0.0,217.00581700719738,0.0,0.0,0.0,0.0,0.0,0.0,0.0,0.0,3.923318582118308e-11,0.0,0.24,225750000.0,-12.214780514450782
161.95000000000002,2,PEM,-12.2149878054218,0.0,0.0,217.96727619555412,0.0,0.0,0.0,0.0,0.0,0.0,0.0,0.0,3.9166992140861854e-11,0.0,0.24,225750000.0,-12.214721560230997
162.04999999999998,2,PEM,-12.214926338735154,0.0,0.0,218.9350635544763,0.0,0.0,0.0,0.0,0.0,0.0,0.0,0.0,3.9100882594141104e-11,0.0,0.24,225750000.0,-12.214660148896469
162.14999999999998,2,PEM,-12.214862414682898,0.0,0.0,219.9092252558741,0.0,0.0,0.0,0.0,0.0,0.0,0.0,0.0,3.903486247054215e-11,0.0,0.24,225750000.0,-12.214596280962146
162.25,2,PEM,-12.214796033781226,0.0,0.0,220.8898076786547,0.0,0.0,0.0,0.0,0.0,0.0,0.0,0.0,3.896893714313261e-11,0.0,0.24,225750000.0,-12.214529956950111
162.35,2,PEM,-12.214727196553554,0.0,0.0,221.87685740235565,0.0,0.0,0.0,0.0,0.0,0.0,0.0,0.0,3.8903112069159824e-11,0.0,0.24,225750000.0,-12.214461177389605
162.45,2,PEM,-12.214655903530513,0.0,0.0,222.87042120044646,0.0,0.0,0.0,0.0,0.0,0.0,0.0,0.0,3.883739279066249e-11,0.0,0.24,225750000.0,-12.214389942817112
162.54999999999998,2,PEM,-12.214582155249673,0.0,0.0,223.87054603328738,0.0,0.0,0.0,0.0,0.0,0.0,0.0,0.0,3.877178493505843e-11,0.0,0.24,225750000.0,-12.214316253776396
162.65,2,PEM,-12.214505952256218,0.0,0.0,224.8772790407338,0.0,0.0,0.0,0.0,0.0,0.0,0.0,0.0,3.870629421570533e-11,0.0,0.24,225750000.0,-12.214240110818555
162.75,2,PEM,-12.214427295102382,0.0,0.0,225.89066753437316,0.0,0.0,0.0,0.0,0.0,0.0,0.0,0.0,3.864092643243602e-11,0.0,0.24,225750000.0,-12.214161514502093
162.85,2,PEM,-12.214346184347903,0.0,0.0,226.9107589893828,0.0,0.0,0.0,0.0,0.0,0.0,0.0,0.0,3.8575687472063564e-11,0.0,0.24,225750000.0,-12.214080465392959
162.95000000000002,2,PEM,-12.214262620559964,0.0,0.0,227.93760103599456,0.0,0.0,0.0,0.0,0.0,0.0,0.0,0.0,3.851058330885623e-11,0.0,0.24,225750000.0,-12.214049341178507
163.04999999999998,2,PEM,-12.214176604313138,0.0,0.0,228.97124145055346,0.0,0.0,0.0,0.0,0.0,0.0,0.0,0.0,3.8445620004980356e-11,0.0,0.24,225750000.0,-12.214017397286266
163.14999999999998,2,PEM,-12.214088136189673,0.0,0.0,230.01172814615634,0.0,0.0,0.0,0.0,0.0,0.0,0.0,0.0,3.838080371090839e-11,0.0,0.24,225750000.0,-12.21398463383433
163.24999999999997,2,PEM,-12.213997216779319,0.0,0.0,231.05910916285544,0.0,0.0,0.0,0.0,0.0,0.0,0.0,0.0,3.831614066579185e-11,0.0,0.24,225750000.0,-12.213951050942136
163.35,2,PEM,-12.213903846679614,0.0,0.0,232.11343265741198,0.0,0.0,0.0,0.0,0.0,0.0,0.0,0.0,3.8251637197795336e-11,0.0,0.24,225750000.0,-12.21391664873046
163.45,2,PEM,-12.21380802649577,0.0,0.0,233.17474689258577,0.0,0.0,0.0,0.0,0.0,0.0,0.0,0.0,3.8187299724391335e-11,0.0,0.24,225750000.0,-12.21388142732144
163.54999999999998,2,PEM,-12.213709756840728,0.0,0.0,234.24310022594284,0.0,0.0,0.0,0.0,0.0,0.0,0.0,0.0,3.812313475261295e-11,0.0,0.24,225750000.0,-12.213845386838573
163.65,2,PEM,-12.213609038335335,0.0,0.0,235.31854109816555,0.0,0.0,0.0,0.0,0.0,0.0,0.0,0.0,3.805914887926191e-11,0.0,0.24,225750000.0,-12.21380852740672
163.75,2,PEM,-12.213505871608447,0.0,0.0,236.40111802084786,0.0,0.0,0.0,0.0,0.0,0.0,0.0,0.0,3.799534879107094e-11,0.0,0.24,225750000.0,-12.213770849152136
163.85,2,PEM,-12.213400257296826,0.0,0.0,237.49087956375763,0.0,0.0,0.0,0.0,0.0,0.0,0.0,0.0,3.7931741264817584e-11,0.0,0.24,225750000.0,-12.21373235220245
163.95,2,PEM,-12.213292196045302,0.0,0.0,238.58787434154794,0.0,0.0,0.0,0.0,0.0,0.0,0.0,0.0,3.7868333167386764e-11,0.0,0.24,225750000.0,-12.213693036686697
164.05,2,PEM,-12.213181688506722,0.0,0.0,239.69215099989765,0.0,0.0,0.0,0.0,0.0,0.0,0.0,0.0,3.780513145578071e-11,0.0,0.24,225750000.0,-12.213652902735312
164.15,2,PEM,-12.21306873534229,0.0,0.0,240.80375820106153,0.0,0.0,0.0,0.0,0.0,0.0,0.0,0.0,3.7742143177072557e-11,0.0,0.24,225750000.0,-12.213611950480143
164.24999999999997,2,PEM,-12.212953337221279,0.0,0.0,241.92274460880967,0.0,0.0,0.0,0.0,0.0,0.0,0.0,0.0,3.767937546830283e-11,0.0,0.24,225750000.0,-12.213570180054461
164.35,2,PEM,-12.212835494821434,0.0,0.0,243.04915887273347,0.0,0.0,0.0,0.0,0.0,0.0,0.0,0.0,3.7616835556314004e-11,0.0,0.24,225750000.0,-12.21352759159297
164.45,2,PEM,-12.212715208828854,0.0,0.0,244.18304961189637,0.0,0.0,0.0,0.0,0.0,0.0,0.0,0.0,3.755453075752299e-11,0.0,0.24,225750000.0,-12.213484185231808
164.54999999999998,2,PEM,-12.212592479937939,0.0,0.0,245.32446539780656,0.0,0.0,0.0,0.0,0.0,0.0,0.0,0.0,3.7492468477627044e-11,0.0,0.24,225750000.0,-12.213439961108573
164.64999999999998,2,PEM,-12.212467308851842,0.0,0.0,246.47345473668656,0.0,0.0,0.0,0.0,0.0,0.0,0.0,0.0,3.7430656211240394e-11,0.0,0.24,225750000.0,-12.213394919362313
164.75,2,PEM,-12.212339696282186,0.0,0.0,247.63006605101398,0.0,0.0,0.0,0.0,0.0,0.0,0.0,0.0,3.7369101541460616e-11,0.0,0.24,225750000.0,-12.213349060133545
164.85,2,PEM,-12.212209642949233,0.0,0.0,248.79434766030792,0.0,0.0,0.0,0.0,0.0,0.0,0.0,0.0,3.7307812139359294e-11,0.0,0.24,225750000.0,-12.213302383564265
164.95,2,PEM,-12.212077149582,0.0,0.0,249.96634776113243,0.0,0.0,0.0,0.0,0.0,0.0,0.0,0.0,3.72467957633959e-11,0.0,0.24,225750000.0,-12.213254889797955
165.05,2,PEM,-12.211942216918487,0.0,0.0,251.14611440628855,0.0,0.0,0.0,0.0,0.0,0.0,0.0,0.0,3.718606025875092e-11,0.0,0.24,225750000.0,-12.213206578979591
165.15,2,PEM,-12.21180484570533,0.0,0.0,252.33369548316486,0.0,0.0,0.0,0.0,0.0,0.0,0.0,0.0,3.712561355657589e-11,0.0,0.24,225750000.0,-12.21315745125566
165.24999999999997,2,PEM,-12.211665036698264,0.0,0.0,253.52913869121392,0.0,0.0,0.0,0.0,0.0,0.0,0.0,0.0,3.706546367315615e-11,0.0,0.24,225750000.0,-12.213107506774158
165.35,2,PEM,-12.211522790662002,0.0,0.0,254.73249151852318,0.0,0.0,0.0,0.0,0.0,0.0,0.0,0.0,3.700561870898407e-11,0.0,0.24,225750000.0,-12.21305674568461
165.45,3,cCL,-12.201833887016448,0.0,9.708549455617195,20.360175762072426,0.0007059344241667764,0.8415197562103686,19.51795007143789,0.000850019955768049,0.02121516312112814,0.3986348169231038,0.0,4.3852517846314256e-06,4.943374739039061e-06,1.0469776700095212e-08,0.3187812562463987,27688372.9681297,-12.200470412869068
165.54999999999998,3,cCL,-12.201722906553755,0.0,9.708551020775213,20.371067648099572,0.0007059202649154495,0.8417659053282568,19.5285958225064,0.0008502685912406635,0.02122673458968087,0.3986229968190785,0.0,4.3850600060707736e-06,4.9431585522979616e-06,1.0469803461222073e-08,0.31880773930136885,27690656.647834323,-12.200416890927679
165.64999999999998,3,cCL,-12.201612168874533,0.0,9.708554151228663,20.381373655534333,0.000705907215552859,0.8419920973543582,19.53867565096442,0.0008504970680347052,0.021237690924961326,0.398611812007004,0.0,4.384878705641865e-06,4.942954177269012e-06,1.046983162799133e-08,0.31883281053077783,27692816.055429522,-12.200363446221571
165.75,3,cCL,-12.201501670931066,0.0,9.708558847096496,20.391093800186802,0.0007058952762679649,0.8421983326348095,19.548189572275724,0.0008507053864998075,0.021248032143777962,0.3986012624697223,0.0,4.384707882734295e-06,4.942761613264114e-06,1.0469861201636316e-08,0.3188564699730877,27694851.194227755,-12.200310078644627
165.85,3,cCL,-12.201391412243936,0.0,9.708565108488925,20.40022809730706,0.0007058844470935188,0.8423846115118676,19.5571376013481,0.0008508935469816845,0.02125775826233489,0.3985913481906834,0.0,4.384547536697114e-06,4.942580859549474e-06,1.0469892182342188e-08,0.31887871766538256,27696762.06742595,-12.20025678809128
165.95,3,cCL,-12.201281392337023,0.0,9.708572935504984,20.40877656158582,0.0007058747280633826,0.842550934323948,19.56551975253381,0.0008510615498221697,0.0212668692962324,0.39858206915394545,0.0,4.384397666914269e-06,4.9424119154306295e-06,1.0469924570293292e-08,0.31889955364336986,27698548.678105634,-12.200203574456527
166.05,3,cCL,-12.201171610737163,0.0,9.708582328232533,20.416739207153498,0.0007058661192119731,0.8426973014055291,19.573336039628757,0.0008512093953591203,0.02127536526046604,0.3985734253441749,0.0,4.384258272804614e-06,4.942254780252475e-06,1.0469958365673421e-08,0.3189189779413782,27700211.029232718,-12.200150437635907
166.15,3,cCL,-12.201062066974032,0.0,9.708593286748252,20.42411604758122,0.0007058586205743733,0.8428237130873975,19.580586475873247,0.0008513370839266641,0.021283246169427443,0.3985654167466459,0.0,4.3841293538219e-06,4.942109453399232e-06,1.0469993568665762e-08,0.31893699059235936,27701749.123657763,-12.20009737752551
166.25,3,cCL,-12.200952760580378,0.0,9.708605811117646,20.430907095880073,0.0007058522321866656,0.8429301696961605,19.587271073951726,0.0008514446158547076,0.02129051203690405,0.3985580433472412,0.0,4.384010909454784e-06,4.941975934294483e-06,1.0470030179452888e-08,0.3189535916278874,27703162.96411571,-12.20004439402198
166.35,3,cCL,-12.200843691092018,0.0,9.708619901395029,20.437112364501616,0.0007058469540855983,0.843016671554741,19.59338984599279,0.0008515319914694354,0.021297162876079117,0.39855130513245146,0.0,4.383902939226818e-06,4.94185422240114e-06,1.0470068198216687e-08,0.3189687810781589,27704452.553226087,-12.199991487022496
166.45,3,cCL,-12.20073485804744,0.0,9.708635557623538,20.442731865337553,0.0007058427863086969,0.8430832189821102,19.598942803569134,0.0008515992110930407,0.021303198699531668,0.3985452020893753,0.0,4.383805442696459e-06,4.941744317221462e-06,1.0470107625138573e-08,0.3189825589719928,27705617.89349292,-12.199938656424786
166.54999999999998,3,cCL,-12.200626260988372,0.0,9.70865277983512,20.447765609720495,0.0007058397288939311,0.8431298122935158,19.603929957698085,0.0008516462750439553,0.02130861951923705,0.398539734205719,0.0,4.38371841945705e-06,4.941646218297038e-06,1.0470148460399226e-08,0.3189949253368316,27706658.987304877,-12.199885902127123
166.64999999999998,3,cCL,-12.200517899459271,0.0,9.708671568050544,20.452213608423204,0.0007058377818807138,0.8431564517999797,19.608351318841343,0.0008516731836363431,0.02131342534656668,0.39853490146979703,0.0,4.383641869136841e-06,4.941559925208802e-06,1.0470190704178825e-08,0.3190058801987409,27707575.83693505,-12.199833224028312
166.75,3,cCL,-12.20040977300755,0.0,9.708691922279387,20.456075871658758,0.0007058369453084579,0.843163137808932,19.612206896904517,0.0008516799371807394,0.02131761619228752,0.3985307038705318,0.0,4.3835757913989735e-06,4.9414854375770256e-06,1.0470234356656924e-08,0.3190154235824081,27708368.444541138,-12.199780622027701
166.85,3,cCL,-12.200301881183464,0.0,9.708713842520037,20.45935240908076,0.0007058372192179085,0.8431498706238227,19.61549670123772,0.0008516665359836593,0.02132119206656274,0.3985271413974536,0.0,4.383520185941494e-06,4.941422755061321e-06,1.0470279418012548e-08,0.31902355551114386,27709036.812165357,-12.199728096025172
166.95,3,cCL,-12.200194223540223,0.0,9.7087373287597,20.462043229783603,0.0007058386036501441,0.8431166505442785,19.618220740635675,0.000851632980347756,0.02132415297895182,0.3985242140407005,0.0,4.383475052497333e-06,4.94137187736063e-06,1.047032588842407e-08,0.31903027600688266,27709580.941734556,-12.199675645921149
167.04999999999998,3,cCL,-12.20008679963388,0.0,9.70876238097439,20.464148342302224,0.0007058410986473529,0.8430634778659603,19.620379023337616,0.000851579270571677,0.021326498938410453,0.3985219217910179,0.0,4.383440390834317e-06,4.94133280421323e-06,1.0470373768069355e-08,0.3190355850901821,27710000.835060153,-12.199623271616579
167.15,3,cCL,-12.19997960902333,0.0,9.708788999128938,20.465667754611793,0.0007058447042525007,0.8429903528807408,19.6219715570268,0.0008515054069502432,0.02132822995329,0.3985202646397598,0.0,4.38341620075517e-06,4.941305535396737e-06,1.047042305712566e-08,0.31903948278022204,27710296.493838064,-12.19957097301295
167.25,3,cCL,-12.199872651270255,0.0,9.708817183176981,20.46660147412862,0.0007058494205088861,0.842897275876542,19.62299834883157,0.0008514113897742848,0.021329346031338663,0.39851924257888705,0.0,4.383402482097506e-06,4.941290070728097e-06,1.047047375576974e-08,0.31904196909480703,27710467.919648904,-12.199518750012276
167.35,3,cCL,-12.199765925939289,0.0,9.708846933060975,20.466949507709266,0.0007058552474611401,0.8427842471374617,19.623459405324343,0.0008512972193307694,0.02132984717970037,0.3985188556009689,0.0,4.3833992347338336e-06,4.9412864100635945e-06,1.0470525864177729e-08,0.319043044050364,27710515.113957796,-12.199466602517102
167.45000000000002,3,cCL,-12.199659432597741,0.0,9.708878248712185,20.466711861651355,0.0007058621851542268,0.8426512669437819,19.62335473252242,0.00085116289590281,0.021329733404915674,0.39851910369918153,0.0,4.383406458571548e-06,4.941294553298836e-06,1.0470579382525259e-08,0.3190427076619441,27710438.078114554,-12.199414530430499
167.54999999999998,3,cCL,-12.199553170815818,0.0,9.708911130050696,20.465888541692937,0.0007058702336339984,0.8424983355718401,19.622684335887463,0.0008510084197695354,0.021329004712921155,0.39851998686730933,0.0,4.3834241535529415e-06,4.941314500368771e-06,1.0470634310987418e-08,0.3190409599432215,27710236.81335352,-12.199362533656064
167.64999999999998,3,cCL,-12.199447140166512,0.0,9.708945576985403,20.46447955301297,0.0007058793929474172,0.8423254532941179,19.621448220325906,0.0008508337912061797,0.0213276611090499,0.39852150509974393,0.0,4.383452319655191e-06,4.9413462512476705e-06,1.0470690649738715e-08,0.31903780090649425,27709911.32079369,-12.199310612097923
167.74999999999997,3,cCL,-12.199341340225487,0.0,9.70898158941402,20.462484900231203,0.0007058896631415568,0.8421326203793738,19.619646390188688,0.000850639010484216,0.021325702598031182,0.3985236583914846,0.0,4.383490956890369e-06,4.941389805949143e-06,1.0470748398953195e-08,0.319033230562684,27709461.6014387,-12.199258765660721
167.85,3,cCL,-12.199235770571363,0.0,9.70901916722308,20.459904587408175,0.0007059010442649338,0.8419198370923606,19.61727884927155,0.0008504240778710714,0.021323129183990815,0.39852644673813814,0.0,4.383540065305429e-06,4.94144516452612e-06,1.0470807558804273e-08,0.31902724892133627,27708887.65617679,-12.19920699424963
167.95,3,cCL,-12.19913043078543,0.0,9.709058310287933,20.456738618045375,0.0007059135363665092,0.8416871036939728,19.614345600815035,0.0008501889936302756,0.021319940870451127,0.3985298701359186,0.0,4.3835996449822175e-06,4.941512327070863e-06,1.0470868129464904e-08,0.3190198559906207,27708189.485780865,-12.199155297770343
168.04999999999998,3,cCL,-12.19902532045154,0.0,9.709099018472754,20.452986995084924,0.0007059271394960209,0.8414344204413664,19.61084664750406,0.0008499337580215822,0.0213161376603305,0.39853392858164793,0.0,4.383669696037475e-06,4.941591293714971e-06,1.0470930111107582e-08,0.31901105177732997,27707367.09090842,-12.199050142582257
168.15,3,cCL,-12.198920439156666,0.0,9.70914129163054,20.44864972091031,0.0007059418537038731,0.8411617875879203,19.606781991468686,0.0008496583713009296,0.021311719555944224,0.39853862207275487,0.0,4.383750218622811e-06,4.941682064629351e-06,1.047099350390411e-08,0.3190008362868818,27706420.472101726,-12.198945216779498
168.25,3,cCL,-12.198815786490172,0.0,9.709185129603117,20.443726797345505,0.00070595767904158,0.8408692053829478,19.602151634283516,0.0008493628337201493,0.02130668655900382,0.39854395060727604,0.0,4.383841212924744e-06,4.9417846400242565e-06,1.0471058308025942e-08,0.3189892095233172,27705349.629787583,-12.198840519900148
168.35,3,cCL,-12.198711362044264,0.0,9.709230532221133,20.438218225655888,0.0007059746155612112,0.8405566740722378,19.59695557696809,0.0008490471455275129,0.021301038670617486,0.398549914183855,0.0,4.383942679164661e-06,4.9418990201492535e-06,1.0471124523643949e-08,0.3189761714893019,27704154.56427758,-12.19873605153533
168.45,3,cCL,-12.198607165413932,0.0,9.709277499304074,20.43212400654745,0.0007059926633156133,0.8402241938974709,19.591193819986664,0.0008487113069671424,0.021294775891289853,0.39855651280174303,0.0,4.384054617598845e-06,4.942025205293242e-06,1.04711921509285e-08,0.31896172218612506,27702835.275767855,-12.1986318112789
168.55,3,cCL,-12.198503196196668,0.0,9.709326030660256,20.42544414016704,0.000706011822358632,0.8398717650966289,19.584866363248054,0.0008483553182794231,0.021287898220921798,0.3985637464607988,0.0,4.384177028518466e-06,4.942163195784452e-06,1.0471261190049504e-08,0.3189458616136997,27701391.764339235,-12.198527798727435
168.65,3,cCL,-12.198399453992863,0.0,9.709376126086832,20.41817862610299,0.0007060320927445574,0.8394993879039836,19.57797320610626,0.0008479791797009936,0.021280405658811154,0.39857161516148787,0.0,4.384309912249573e-06,4.942312991990428e-06,1.0471331641176291e-08,0.31892858977056393,27699824.029957317,-12.19842401348022
168.74999999999997,3,cCL,-12.198295938405408,0.0,9.709427785369797,20.410327463384576,0.0007060534745285674,0.8391070625498734,19.570514347360174,0.0008475828914645187,0.021272298203652364,0.39858011890488315,0.0,4.384453269153104e-06,4.942474594318044e-06,1.0471403504477786e-08,0.31890990665387986,27698132.072472353,-12.198320455139239
168.85,3,cCL,-12.198192649040038,0.0,9.709481008283992,20.401890650482112,0.0007060759677668393,0.8386947892608521,19.562489785253494,0.0008471664537988404,0.021263575853536405,0.3985892576926648,0.0,4.384607099624874e-06,4.942648003213494e-06,1.0471476780122343e-08,0.31888981225943397,27696315.891619273,-12.198217123309169
168.95,3,cCL,-12.198089585504988,0.0,9.709535794593101,20.392868185307037,0.0007060995725162167,0.838262568259799,19.553899517474722,0.0008467298669290899,0.021254238605950784,0.3985990315271202,0.0,4.384771404095593e-06,4.942833219162304e-06,1.0471551468277887e-08,0.318868306581637,27694375.487017747,-12.198114017597364
169.04999999999998,3,cCL,-12.197986747411221,0.0,9.709592144049662,20.383260065212074,0.000706124288834209,0.8378103997656636,19.544743541157576,0.000846273131076428,0.021244286457779975,0.3986094404111436,0.0,4.38494618303084e-06,4.9430302426893105e-06,1.047162756911183e-08,0.3188453896135245,27692310.858172167,-12.19801113761387
169.15,3,cCL,-12.197884134372316,0.0,9.709650056395068,20.373066286990877,0.0007061501167792139,0.8373382839936999,19.535021852880398,0.0008457962464582827,0.02123371940530478,0.39862048434823694,0.0,4.3851314369310915e-06,4.943239074358685e-06,1.0471705082791126e-08,0.3188210613467559,27690122.004471578,-12.197908482971377
169.25,3,cCL,-12.197781746004466,0.0,9.709709531359573,20.36228684687868,0.0007061770564105174,0.8368462211553558,19.524734448666912,0.0008452992132882382,0.021222537444203167,0.3986321633425086,0.0,4.385327166331699e-06,4.943459714773915e-06,1.0471784009482241e-08,0.3187953217716162,27687808.925189853,-12.197806053285243
169.35,3,cCL,-12.197679581926593,0.0,9.709770568662291,20.35092174055171,0.0007062051077878495,0.836334211458423,19.513881323985498,0.0008447820317761848,0.021210740569549455,0.39864447739867437,0.0,4.385533371802894e-06,4.9436921645778075e-06,1.0471864349351135e-08,0.31876817087701415,27685371.61948555,-12.197703848173468
169.45,3,cCL,-12.197577641760176,0.0,9.709833168011214,20.338970963127665,0.0007062342709721614,0.8358022551068695,19.502462473749823,0.0008442447021281509,0.021198328775815026,0.3986574265220569,0.0,4.385750053949788e-06,4.943936424452489e-06,1.0471946102563306e-08,0.31873960865048384,27682810.08640203,-12.197601867256703
169.55,3,cCL,-12.197475925129254,0.0,9.709897329103196,20.326434509165416,0.0007062645460249595,0.8352503523008432,19.490477892318548,0.0008436872245463063,0.021185302056867986,0.39867101071858574,0.0,4.38597721341238e-06,4.944192495119411e-06,1.047202926928382e-08,0.31870963507818406,27680124.324867323,-12.19750011015823
169.65,3,cCL,-12.197374431660535,0.0,9.709963051623982,20.313312372665013,0.0007062959330085272,0.834678503236907,19.477927573495098,0.0008431095992291989,0.02117166040597293,0.39868522999479794,0.0,4.386214850865552e-06,4.94446037733935e-06,1.0472113849677238e-08,0.3186782501448975,27677314.33369425,-12.197398576503948
169.74999999999997,3,cCL,-12.197273160983286,0.0,9.710030335248192,20.299604547068032,0.0007063284319860363,0.8340867081076896,19.464811510528357,0.0008425118263714036,0.021157403815791693,0.39870008435783694,0.0,4.386462967019059e-06,4.944740071912394e-06,1.0472199843907677e-08,0.31864545383403264,27674380.111580364,-12.197297265922387
169.85,3,cCL,-12.19717211272939,0.0,9.71009917963934,20.28531102525761,0.0007063620430214357,0.8334749671023909,19.451129696112197,0.0008418939061640312,0.021142532278382822,0.3987155738154532,0.0,4.386721562617539e-06,4.945031579677953e-06,1.0472287252138784e-08,0.31861124612762276,27671321.65710813,-12.197196178044681
169.95,3,cCL,-12.197071286533344,0.0,9.710169584449837,20.27043179955785,0.0007063967661792292,0.8328432804063518,19.43688212238532,0.0008412558387942947,0.021127045785201436,0.3987316983760043,0.0,4.386990638440511e-06,4.945334901514758e-06,1.0472376074533692e-08,0.3185756270063254,27668138.968744636,-12.197095312504567
170.04999999999998,3,cCL,-12.196970682032088,0.0,9.710241549320992,20.254966861734456,0.0007064326015251421,0.8321916482011249,19.422068780931806,0.0008405976244455807,0.021110944327099788,0.3987484580484546,0.0,4.387270195302378e-06,4.945650038340862e-06,1.0472466311255196e-08,0.3185385964494234,27664832.044841792,-12.196994668938396
170.14999999999998,3,cCL,-12.196870298865292,0.0,9.710315073883026,20.23891620299461,0.0007064695491254547,0.8315200706646952,19.40668966278079,0.0008399192632976719,0.021094227894326942,0.39876585284237537,0.0,4.387560234052419e-06,4.945976991113636e-06,1.0472557962465529e-08,0.3185001544348246,27661400.883636322,-12.196894246985089
170.25,3,cCL,-12.19677013667507,0.0,9.710390157755068,20.22227981398701,0.0007065076090472244,0.8308285479714447,19.39074475840652,0.0008392207555267118,0.021076896476528825,0.39878388276794446,0.0,4.3878607555747915e-06,4.9463157608297645e-06,1.0472651028326509e-08,0.3184603009390619,27657845.4832498,-12.196794046286163
170.35,3,cCL,-12.196670195106208,0.0,9.710466800545174,20.205057684801826,0.000706546781358286,0.8301170802918036,19.374234057728664,0.0008385021013048522,0.02105895006274855,0.3988025478359466,0.0,4.388171760788529e-06,4.946666348525252e-06,1.0472745508999499e-08,0.3184190359372937,27654165.841688514,-12.196694066485728
170.45,3,cCL,-12.196570473805934,0.0,9.71054500185032,20.187249804970584,0.0007065870661274731,0.8293856677929295,19.357157550111527,0.0008377633008009389,0.021040388641425573,0.39882184805777354,0.0,4.388493250647556e-06,4.947028755275427e-06,1.0472841404645406e-08,0.31837635940330233,27650361.956843633,-12.196594307230445
170.55,3,cCL,-12.196470972424095,0.0,9.710624761256424,20.168856163466707,0.0007066284634241748,0.8286343106379966,19.339515224365286,0.0008370043541797946,0.02102121220039705,0.3988417834454232,0.0,4.388825226140661e-06,4.947402982194927e-06,1.0472938715424684e-08,0.31833227130949693,27646433.826491155,-12.196494768169554
170.65,3,cCL,-12.196371690613034,0.0,9.710706078338339,20.149876748704372,0.0007066709733187793,0.8278630089867356,19.321307068744318,0.0008362252616027632,0.021001420726895998,0.3988623540115013,0.0,4.38916768829153e-06,4.947789030437724e-06,1.0473037441497346e-08,0.3182867716269094,27642381.448291767,-12.196395448954869
170.75,3,cCL,-12.196272628027657,0.0,9.710788952659868,20.130311548540345,0.0007067145958821186,0.8270717629952564,19.302533070949206,0.0008354260232275318,0.020981014207553484,0.39888355976921896,0.0,4.389520638158706e-06,4.948186901197086e-06,1.0473137583022961e-08,0.31823986032519924,27638204.819791198,-12.196296349240741
170.85,3,cCL,-12.19617378432531,0.0,9.710873383773775,20.11016055027236,0.0007067593311863574,0.8262605728159517,19.283193218125223,0.000834606639208032,0.02095999262839698,0.398905400732395,0.0,4.3898840768356305e-06,4.94859659570562e-06,1.0473239140160675e-08,0.31819153737264994,27633903.938419897,-12.196197468684092
170.95,3,cCL,-12.196075159166071,0.0,9.710959371221778,20.089423740639898,0.0007068051793039931,0.8254294385976431,19.26328749686295,0.0008337671096945889,0.020938355974851032,0.3989278769154544,0.0,4.3902580054506115e-06,4.949018115235235e-06,1.047334211306913e-08,0.3181418027361706,27629478.80149315,-12.196098806944388
171.04999999999998,3,cCL,-12.195976752212346,0.0,9.711046914534576,20.068101105824,0.0007068521403087447,0.824578360485673,19.242815893198017,0.0008329074348340131,0.020916104231736975,0.39895098833342907,0.0,4.390642425166842e-06,4.949451461097166e-06,1.0473446501906568e-08,0.3180906563812949,27624929.406211134,-12.196000363683629
171.14999999999998,3,cCL,-12.195878563129156,0.0,9.711136013231844,20.046192631447692,0.0007069002142745529,0.8237073386216107,19.221778392611807,0.0008320276147693038,0.020893237383273703,0.398974735001957,0.0,4.391037337182385e-06,4.949896634641961e-06,1.0473552306830774e-08,0.3180380982721834,27620255.74965891,-12.195902138566373
171.25,3,cCL,-12.195780591583912,0.0,9.711226666822244,20.023698302575184,0.0007069494012768018,0.8228163731437199,19.200174980030187,0.0008311276496401211,0.020869755413076292,0.3989991169372836,0.0,4.391442742730194e-06,4.9503536372594914e-06,1.047365952799914e-08,0.31798412837161993,27615457.828806352,-12.195804131259695
171.35,3,cCL,-12.19568283724675,0.0,9.711318874803435,20.000618103712952,0.0007069997013913198,0.8219054641865549,19.178005639825006,0.0008302075395823787,0.020845658304157615,0.39902413415626,0.0,4.391858643078088e-06,4.950822470378937e-06,1.047376816556852e-08,0.31792874664101567,27610535.64050829,-12.195706341433219
171.45,3,cCL,-12.195585299790196,0.0,9.711412636662084,19.97695201880864,0.0007070511146944902,0.8209746118811236,19.15527035581282,0.0008292672847284077,0.02082094603892698,0.3990497866763446,0.0,4.392285039528778e-06,4.9513031354688035e-06,1.0473878219695388e-08,0.31787195304040566,27605489.181504335,-12.195608768759081
171.54999999999998,3,cCL,-12.195487978889105,0.0,9.711507951873868,19.952700031251826,0.0007071036412643616,0.8200238163549262,19.131969111255636,0.0008283068852069961,0.020795618599190907,0.3990760745156021,0.0,4.3927219334198464e-06,4.951795634036918e-06,1.0473989690535838e-08,0.31781374752845093,27600318.44841902,-12.195511412911953
171.65,3,cCL,-12.195390874221232,0.0,9.711604819903492,19.927862123874014,0.0007071572811786497,0.8190530777320023,19.108101888860833,0.0008273263411434367,0.02076967596615308,0.39910299769270347,0.0,4.393169326123749e-06,4.952299967630408e-06,1.0474102578245368e-08,0.3177541300624381,27595023.437761817,-12.195414273569032
171.75,3,cCL,-12.195293985466321,0.0,9.71170324020469,19.902438278948356,0.0007072120345169575,0.8180623961328587,19.08366867078098,0.0008263256526594532,0.02074311812041411,0.39913055622692645,0.0,4.39362721904783e-06,4.952816137835736e-06,1.0474216882979238e-08,0.31769310059827915,27589604.145927075,-12.195317350410019
171.85,3,cCL,-12.195197312307187,0.0,9.711803212220241,19.87642847818967,0.0007072679013588878,0.8170517716745771,19.058669438613734,0.0008253048198733102,0.02071594504197145,0.39915875013815527,0.0,4.394095613634304e-06,4.953344146278671e-06,1.0474332604892042e-08,0.31763065909051114,27584060.56919403,-12.195220643117148
171.95,3,cCL,-12.195100854428574,0.0,9.711904735381973,19.849832702754632,0.0007073248817852651,0.8160212044706854,19.03310417340216,0.0008242638428996822,0.02068815671021974,0.3991875794468806,0.0,4.394574511360278e-06,4.9538839946243136e-06,1.0474449744138167e-08,0.31756680549229666,27578392.703726828,-12.195124151375154
172.04999999999998,3,cCL,-12.195004611518016,0.0,9.712007809110775,19.82265093324187,0.0007073829758775796,0.8149706946313179,19.006972855634675,0.000823202721849816,0.020659753103950733,0.39921704417419945,0.0,4.395063913737721e-06,4.954435684577068e-06,1.0474568300871434e-08,0.31750153975542417,27572600.54557459,-12.19502787487128
172.14999999999998,3,cCL,-12.194908583265544,0.0,9.712112432816614,19.794883149691817,0.0007074421837180989,0.8139002422631407,18.980275465244958,0.0008221214568314552,0.020630734201353217,0.39924714434181535,0.0,4.39556382231349e-06,4.954999217880661e-06,1.0474688275245212e-08,0.31743486183030767,27566684.090671323,-12.1949318132953
172.24999999999997,3,cCL,-12.194812769363637,0.0,9.712218605898531,19.76652933158671,0.0007075025053899786,0.8128098474694903,18.95301198161183,0.0008210200479489801,0.02060109998001286,0.3992778799720382,0.0,4.396074238669315e-06,4.955574596318138e-06,1.0474809667412447e-08,0.3173667716659863,27560643.334836,-12.194835966339465
172.35,3,cCL,-12.194717169507214,0.0,9.712326327744666,19.73758945785067,0.0007075639409771517,0.8116995103501884,18.925182383559505,0.0008198984953032206,0.020570850416912506,0.39930925108778426,0.0,4.396595164421814e-06,4.956161821711863e-06,1.0474932477525686e-08,0.3172972692101248,27554478.27377251,-12.19474033369856
172.45,3,cCL,-12.194621783393643,0.0,9.71243559773226,19.708063506849676,0.0007076264905644392,0.8105692310016527,18.89678664935746,0.0008187567989915683,0.02053998548843202,0.39934125771257645,0.0,4.39712660122248e-06,4.956760895923524e-06,1.0475056705737045e-08,0.3172263544090135,27548188.903069675,-12.194644915069853
172.54999999999998,3,cCL,-12.19452661072279,0.0,9.712546415227665,19.677951456391643,0.0007076901542372172,0.8094190095170174,18.86782475672039,0.0008175949591080983,0.02050850517034825,0.39937389987054367,0.0,4.397668550757688e-06,4.95737182085412e-06,1.0475182352198164e-08,0.3171540272075683,27541775.218201302,-12.19454971015312
172.65,3,cCL,-12.194431651197135,0.0,9.712658779586363,19.647253283726315,0.0007077549320820831,0.8082488459860441,18.83829668280819,0.0008164129757434788,0.020476409437834988,0.3994071775864216,0.0,4.398221014748688e-06,4.957994598443976e-06,1.0475309417060204e-08,0.3170802875493303,27535237.21452613,-12.194454718650647
172.75,3,cCL,-12.194336904521492,0.0,9.71277269015297,19.615968965545516,0.0007078208241859674,0.8070587404950975,18.808202404226233,0.000815210848984947,0.020443698265463297,0.3994410908855518,0.0,4.398783994951611e-06,4.958629230672725e-06,1.0475437900473966e-08,0.31700513537646663,27528574.887287907,-12.19435994026721
172.85,3,cCL,-12.194242370403117,0.0,9.712888146261252,19.58409847798299,0.0007078878306369107,0.8058486931272694,18.777541897025085,0.0008139885789164338,0.02041037162720118,0.3994756397938824,0.0,4.399357493157473e-06,4.959275719559334e-06,1.0475567802589782e-08,0.31692857062976987,27521788.23161534,-12.194265374710092
172.95,3,cCL,-12.194148048551938,0.0,9.71300514723413,19.551641796614152,0.000707955951523731,0.8046187039623145,18.746315136700314,0.0008127461656184995,0.020376429496413384,0.39951082433796814,0.0,4.39994151119217e-06,4.959934067162083e-06,1.0475699123557499e-08,0.3168505932486575,27514877.242522057,-12.19417102168907
173.05,3,cCL,-12.1940539386801,0.0,9.7131236923837,19.518598896456886,0.0007080251869360232,0.8033687730767576,18.714522098193193,0.000811483609168442,0.020341871845862166,0.3995466445449694,0.0,4.400536050916477e-06,4.960604275578574e-06,1.047583186352659e-08,0.3167712031711735,27507841.91490677,-12.19407688091643
173.14999999999998,3,cCL,-12.193960040502532,0.0,9.713243781011242,19.48496975196999,0.0007080955369641595,0.8020989005436977,18.68216275588933,0.0008102009096400987,0.020306698647705793,0.3995831004426541,0.0,4.401141114226055e-06,4.961286346945735e-06,1.0475966022645996e-08,0.3166904003339853,27500682.24355298,-12.19398295210695
173.24999999999997,3,cCL,-12.193866353736212,0.0,9.713365412407226,19.4507543370553,0.0007081670016991781,0.8008090864332064,18.649237083620395,0.0008088980671042489,0.02027090987350043,0.3996201920593953,0.0,4.401756703051449e-06,4.961980283439815e-06,1.0476101601064343e-08,0.3166081846723878,27493398.223129388,-12.19388923497791
173.35,3,cCL,-12.193772878101129,0.0,9.713488585851339,19.415952625056043,0.0007082395812333386,0.79949933081189,18.61574505466292,0.0008075750816281717,0.020234505494198828,0.39965791942417306,0.0,4.402382819358076e-06,4.9626860872763775e-06,1.0476238598929639e-08,0.3165245561203004,27485989.84818957,-12.193795729249082
173.45,3,cCL,-12.193679613319262,0.0,9.713613300612483,19.380564588757917,0.0007083132756594557,0.7981696337433132,18.581686641738944,0.0008062319532760739,0.020197485480151028,0.3996962825665729,0.0,4.4030194651462434e-06,4.963403760710311e-06,1.0476377016389608e-08,0.31643951461026887,27478457.113172226,-12.193702434642766
173.54999999999998,3,cCL,-12.193586559115317,0.0,9.71373955594879,19.34459020038824,0.000708388085070788,0.796819995287786,18.547061817015383,0.0008048686821088747,0.020159849801103677,0.39973528151678744,0.0,4.403666642451139e-06,4.9641333060358294e-06,1.047651685359141e-08,0.3163530600734634,27470800.012400977,-12.193609350883738
173.65,3,cCL,-12.193493715216505,0.0,9.713867351107647,19.30802943161662,0.0007084640095621486,0.79545041550232,18.51187055210474,0.0008034852681841616,0.020121598426200805,0.39977491630561507,0.0,4.404324353342834e-06,4.964874725586467e-06,1.0476658110681789e-08,0.3162651924396809,27463018.540084515,-12.193516477699283
173.75,3,cCL,-12.193401081352306,0.0,9.713996685325693,19.270882253554728,0.0007085410492286837,0.7940608944409704,18.47611281806453,0.0008020817115565358,0.020082731323983184,0.3998151869644603,0.0,4.4049925999262815e-06,4.965628021735081e-06,1.0476800787807073e-08,0.3161759116373431,27455112.690316573,-12.193423814819207
173.85,3,cCL,-12.193308657255045,0.0,9.714127557828842,19.23314863675609,0.0007086192041665385,0.7926514321544378,18.439788585397487,0.0008006580122772098,0.02004324846238857,0.39985609352533424,0.0,4.405671384341316e-06,4.9663931968938475e-06,1.0476944885113018e-08,0.31608521759349717,27447082.457075857,-12.1933313619758
173.95,3,cCL,-12.193216442659093,0.0,9.7142599678323,19.194828551216734,0.0007086984744723024,0.7912220286905233,18.40289782405174,0.000799214170394468,0.02000314980875189,0.39989763602085365,0.0,4.406360708762662e-06,4.9671702535142736e-06,1.0477090402745074e-08,0.3159931102338165,27438927.83422625,-12.193239118903875
174.05,3,cCL,-12.193124437301606,0.0,9.714393914540564,19.1559219663745,0.0007087788602438971,0.7897726840937865,18.36544050342047,0.0007977501859533198,0.019962435329804858,0.3999398144842419,0.0,4.4070605753999244e-06,4.967959194087187e-06,1.0477237340848125e-08,0.31589958948259944,27430648.81551659,-12.193147085340756
174.14999999999998,3,cCL,-12.193032640922127,0.0,9.714529397147452,19.116428851109156,0.0007088603615796885,0.7883033984056818,18.327416592341894,0.0007962660589956381,0.019921104991675972,0.3999826289493284,0.0,4.407770986497596e-06,4.968760021142746e-06,1.0477385699566629e-08,0.3158046552627694,27422245.39458074,-12.193055197949274
174.24999999999997,3,cCL,-12.1929410532627,0.0,9.714666414836104,19.076349173742983,0.0007089429785791523,0.7868141716646244,18.28882605909978,0.0007947617895602267,0.019879158759891064,0.40002607945054874,0.0,4.408491944335055e-06,4.969572737250426e-06,1.047753547904458e-08,0.3157083074958764,27413717.56493772,-12.193008484423833
174.35,3,cCL,-12.192849674067986,0.0,9.714804966779012,19.03568290204001,0.0007090267113422088,0.7853050039060986,18.249668871422568,0.0007932373776829278,0.019836596599372355,0.4000701660229447,0.0,4.409223451226557e-06,4.9703973450190285e-06,1.047768667942544e-08,0.3156105461020946,27405065.319991548,-12.192961841545417
174.45,3,cCL,-12.192758503084804,0.0,9.714945052138013,18.99443000320581,0.0007091115599696662,0.7837758951624397,18.2099449964834,0.0007916928233964038,0.019793418474438478,0.4001148887021651,0.0,4.409965509521279e-06,4.971233847096715e-06,1.0477839300852348e-08,0.3155113710002224,27396288.653031185,-12.192915269237877
174.54999999999998,3,cCL,-12.192667540062814,0.0,9.715086670064327,18.952590443888692,0.000709197524563554,0.7822268454629872,18.16965440090114,0.0007901281267302901,0.01974962434880559,0.4001602475244641,0.0,4.410718121603255e-06,4.972082246170941e-06,1.0477993343467816e-08,0.3154107821076851,27387387.557230797,-12.192868767425308
174.64999999999998,3,cCL,-12.192576784754067,0.0,9.715229819698553,18.910164190178754,0.0007092846052261237,0.780657854834149,18.12879705073938,0.0007885432877112616,0.01970521418558628,0.40020624252670245,0.0,4.411481289891415e-06,4.9729425449685055e-06,1.0478148807413956e-08,0.3153087793405324,27378362.025649577,-12.19282233603199
174.75,3,cCL,-12.192486236913112,0.0,9.715374500170693,18.867151207608426,0.0007093728020608481,0.7790689232994472,18.087372911506918,0.000786938306363078,0.019660187947290127,0.4002528737463468,0.0,4.412255016839585e-06,4.973814746255533e-06,1.0478305692832354e-08,0.31520536261343973,27369212.05123185,-12.192775974982355
174.85,3,cCL,-12.192395896297057,0.0,9.715520710600169,18.823551461152064,0.0007094621151718661,0.7774600508792734,18.04538194815762,0.0007853131827063368,0.0196145455958235,0.4003001412214702,0.0,4.4130393049364705e-06,4.974698852837476e-06,1.0478463999864146e-08,0.3151005318397076,27359937.626806978,-12.192729684200964
174.95,3,cCL,-12.192305762665285,0.0,9.71566845009583,18.77936491522629,0.0007095525446642048,0.7758312375912789,18.002824125090346,0.0007836679167588676,0.019568287092489506,0.4003480449907516,0.0,4.413834156705679e-06,4.97559486755913e-06,1.0478623728650047e-08,0.3149942869312618,27350538.745089464,-12.192683463612445
175.05,3,cCL,-12.192215835780019,0.0,9.715817717755977,18.73459153368981,0.0007096440906435575,0.77418248345018,17.959699406148985,0.0007820025085355354,0.019521412397988026,0.4003965850934764,0.0,4.4146395747056985e-06,4.976502793304606e-06,1.0478784879330153e-08,0.3148866277986532,27341015.39867891,-12.192637313141464
175.15,3,cCL,-12.192126115405927,0.0,9.715968512668374,18.689231279842332,0.0007097367532163945,0.7725137884677434,17.916007754621372,0.0007803169580482257,0.019473921472414536,0.40044576156953726,0.0,4.415455561529931e-06,4.977422632997377e-06,1.047894745204412e-08,0.31477755435105514,27331367.58005977,-12.192591232712651
175.25,3,cCL,-12.192036601310008,0.0,9.71612083391026,18.64328411642608,0.0007098305324904075,0.7708251526530026,17.871749133240588,0.0007786112653060632,0.019425814275261508,0.40049557445943246,0.0,4.416282119806673e-06,4.97835438960025e-06,1.0479111446931157e-08,0.3146670664962671,27321595.28160172,-12.19254522225054
175.35,3,cCL,-12.19194729326199,0.0,9.716274680548377,18.59675000562491,0.0007099254285733991,0.769116576012145,17.82692350418419,0.000776885430315298,0.019377090765417597,0.4005460238042671,0.0,4.41711925219911e-06,4.97929806611536e-06,1.0479276864129916e-08,0.31455516414071194,27311698.495559454,-12.19249928167949
175.45,3,cCL,-12.191858191034214,0.0,9.716430051638975,18.54962890906453,0.0007100214415746153,0.7673880585484757,17.78153082907448,0.0007751394530792683,0.019327750901167912,0.40059710964575285,0.0,4.417966961405332e-06,4.980253665584192e-06,1.0479443703778501e-08,0.3144418471894374,27301677.21407269,-12.192453410923605
175.54999999999998,3,cCL,-12.191769294401297,0.0,9.716586946227832,18.501920787813148,0.0007101185716039682,0.7656396002626379,17.735571068978906,0.0007733733335986241,0.019277794640194464,0.40064883202620694,0.0,4.418825250158323e-06,4.981221191087565e-06,1.047961196601464e-08,0.3143271155461168,27291531.42916641,-12.192407609906622
175.64999999999998,3,cCL,-12.191680603140526,0.0,9.716745363350269,18.453625602380963,0.0007102168187719249,0.7638712011524463,17.689044184409745,0.0007715870718711579,0.01922722193957581,0.40070119098855306,0.0,4.41969412122596e-06,4.982200645745628e-06,1.047978165097547e-08,0.31421096911304797,27281261.13275066,-12.192361878551804
175.75,3,cCL,-12.19159211703186,0.0,9.716905302031174,18.404743312720637,0.0007103161831898408,0.7620828612131214,17.641950135324326,0.0007697806678920419,0.01917603275578731,0.40075418657632067,0.0,4.420573577411009e-06,4.9831920327178645e-06,1.047995275879757e-08,0.31409340779115447,27270866.316620734,-12.192316216781784
175.85,3,cCL,-12.191503835857702,0.0,9.717066761285011,18.355273878226523,0.0007104166649700705,0.760274580436948,17.594288881124605,0.0007679541216534828,0.019124227044700657,0.40080781883364586,0.0,4.421463621551145e-06,4.984195355203108e-06,1.0480125289617066e-08,0.3139744314799838,27260346.972456917,-12.192270624518418
175.95,3,cCL,-12.191415759403128,0.0,9.717229740115842,18.305217257735432,0.0007105182642257457,0.7584463588136627,17.546060380657543,0.0007661074331451139,0.019071804761584286,0.40086208780527066,0.0,4.422364256518931e-06,4.985210616439522e-06,1.0480299243569502e-08,0.313854040077709,27249703.091824755,-12.192225101682578
176.04999999999998,3,cCL,-12.191327887455543,0.0,9.71739423751734,18.2545734095263,0.0007106209810706643,0.7565981963305185,17.497264592214712,0.0007642406023540591,0.01901876586110295,0.400916993536543,0.0,4.423275485221835e-06,4.986237819704615e-06,1.0480474620789978e-08,0.31373223348112744,27238934.66617497,-12.192179648193932
176.15,3,cCL,-12.191240219805309,0.0,9.717560252472811,18.20334229132018,0.0007107248156191792,0.754730092971872,17.44790147353269,0.0007623536292645171,0.01896511029731814,0.4009725360734174,0.0,4.424197310602221e-06,4.987276968315231e-06,1.0480651421412931e-08,0.31360901158566157,27228041.6868434,-12.192134263970662
176.25,3,cCL,-12.19115275624506,0.0,9.71772778395521,18.151523860280175,0.0007108297679873088,0.7528420487195132,17.397970981792675,0.0007604465138580941,0.01891083802368769,0.4010287154624542,0.0,4.425129735637354e-06,4.988328065627563e-06,1.0480829645572386e-08,0.3134843742853583,27217024.14505102,-12.192088948929133
176.35,3,cCL,-12.191065496570218,0.0,9.717896830927158,18.09911807301211,0.0007109358382909603,0.7509340635528768,17.347473073620943,0.000758519256114017,0.01885594899306624,0.40108553175081973,0.0,4.426072763339396e-06,4.9893911150371366e-06,1.0481009293401722e-08,0.31335832147289017,27205882.03190416,-12.192043702983506
176.45,3,cCL,-12.190978440578704,0.0,9.718067392340963,18.046124885563753,0.0007110430266471512,0.7490061374486893,17.296407705088416,0.000756571856008777,0.0188004431577048,0.4011429849862864,0.0,4.427026396755412e-06,4.990466119978827e-06,1.0481190365033829e-08,0.31323085303955406,27194615.33839425,-12.191998526045237
176.54999999999998,3,cCL,-12.19089158807111,0.0,9.718239467138632,17.99254425342445,0.0007111513331738983,0.7470582703810824,17.244774831710195,0.0007546043135162448,0.018744320469250213,0.4012010752172335,0.0,4.427990638967378e-06,4.991553083926862e-06,1.0481372860601018e-08,0.31310196887527025,27183224.05539777,-12.191953418022502
176.64999999999998,3,cCL,-12.190801721923435,0.0,9.718413053164493,17.938376131526542,0.0007112609557767824,0.7450904621240843,17.19257440844668,0.0007526166284081659,0.018687580878746394,0.4012598024928455,0.0,4.428965588640692e-06,4.9926521181040536e-06,1.0481558095190938e-08,0.31297166886846983,27171708.17359393,-12.191908378819459
176.75,4,cGDL,-12.208306975853475,0.0,9.71853243569337,10.949734537521948,0.00139491273581005,0.4679609418640548,10.480378682922083,0.0004726878200647018,0.011391715959697917,0.7881355962202374,0.0,1.219029607850506e-05,1.3741788306678431e-05,3.738583380542281e-08,0.3262030041330847,12535951.769098308,-12.187265815967862
176.85,4,cGDL,-12.187496369429596,0.0,9.71859608302605,10.934759179090857,0.0013974532569693832,0.46740157452727193,10.465960151306616,0.00047212280255279994,0.011376043642724583,0.7881518335547226,0.0,1.219237425404981e-05,1.3744130977292513e-05,3.7416269892582493e-08,0.3261670041232292,12532764.293959495,-12.187192005367253
176.95,4,cGDL,-12.18740613171417,0.0,9.71865972721592,10.919787843224185,0.0013974929354365062,0.4668451182736007,10.451545232015148,0.0004715607255288896,0.011360375252190379,0.7881680640222808,0.0,1.2192758251841597e-05,1.3744563847530528e-05,3.7416480273615296e-08,0.32613101474551687,12529578.775809979,-12.187120331774972
177.04999999999998,4,cGDL,-12.187315994207552,0.0,9.71872336940403,10.904820525026107,0.00139753259463693,0.4662890722157893,10.43713392021568,0.0004709990628442316,0.011344710782843132,0.7881842901543127,0.0,1.2193142145169882e-05,1.3744996600009687e-05,3.741669045132742e-08,0.32609503453225125,12526394.168139124,-12.187050577539363
177.15,4,cGDL,-12.187225956876375,0.0,9.718787009591018,10.889857219603023,0.0013975722345830333,0.46573343629112884,10.422726211077311,0.00047043781443548366,0.01132905022943186,0.7882005119561327,0.0,1.219352593415664e-05,1.3745429234867486e-05,3.741690042577369e-08,0.3260590634714433,12523210.469931103,-12.186982554027708
177.25,4,cGDL,-12.187136019686989,0.0,9.718850647777522,10.874897922063708,0.0013976118552870842,0.4651782104380261,10.408322099770395,0.0004698769802404304,0.01131339358670695,0.7882167294330527,0.0,1.219390961892379e-05,1.3745861752241363e-05,3.7417110197009374e-08,0.32602310155110753,12520027.680170821,-12.186916096945742
177.35,4,cGDL,-12.18704618260557,0.0,9.718914283964175,10.859942627519674,0.0013976514567614062,0.464623394596117,10.393921581466795,0.000469316560198098,0.01129774084942043,0.7882329425903815,0.0,1.2194293199593223e-05,1.3746294152268724e-05,3.741731976508962e-08,0.3259871487592631,12516845.797844002,-12.186851062534762
177.45000000000002,4,cGDL,-12.1869564455979,0.0,9.718977918151618,10.844991331084891,0.0013976910390184893,0.46406898870607477,10.379524651339798,0.0004687565542485604,0.011282092012325868,0.7882491514334256,0.0,1.2194676676286807e-05,1.3746726435086947e-05,3.7417529130070244e-08,0.32595120508393316,12513664.821937092,-12.186787324460171
177.55,4,cGDL,-12.186866808629645,0.0,9.719041550340481,10.830044027875745,0.001397730602070546,0.4635149927097985,10.365131304563876,0.0004681969623331298,0.011266447070178126,0.7882653559674888,0.0,1.2195060049126371e-05,1.3747158600833363e-05,3.7417738292006814e-08,0.3259152705131446,12510484.751437295,-12.186724771249107
177.64999999999998,4,cGDL,-12.186777271666301,0.0,9.719105180531402,10.815100713011246,0.0013977701459300107,0.4629614065502903,10.350741536315025,0.0004676377843942326,0.011250806017733723,0.7882815561978721,0.0,1.2195443318233684e-05,1.3747590649645246e-05,3.7417947250955233e-08,0.3258793450349286,12507305.585332591,-12.186663304167322
177.74999999999997,4,cGDL,-12.186687834672966,0.0,9.719168808725012,10.80016138161278,0.0013978096706093734,0.46240823017170135,10.336355341770469,0.0004670790203754559,0.01123516884975051,0.7882977521298741,0.0,1.219582648373052e-05,1.3748022581659859e-05,3.741815600697164e-08,0.3258434286373201,12504127.322611693,-12.186602835449929
177.85,4,cGDL,-12.186598497614511,0.0,9.719232434921945,10.785226028804395,0.0013978491761210132,0.46185546351933954,10.321972716108935,0.00046652067022155507,0.011219535560987972,0.7883139437687905,0.0,1.2196209545738591e-05,1.3748454397014413e-05,3.7418364560112416e-08,0.32580752130835844,12500949.962264093,-12.18654328681905
177.95,4,cGDL,-12.1865092607909,0.0,9.719296059142959,10.770294649712444,0.001397888662437008,0.4613031065397111,10.307593654510296,0.0004659627338784961,0.011203906146206843,0.7883301311199148,0.0,1.2196592504352174e-05,1.374888609581518e-05,3.7418572909944865e-08,0.32577162303608653,12497773.503280034,-12.186484588235517
178.04999999999998,4,cGDL,-12.186423063317704,0.0,9.719359682456762,10.772224450395544,0.0013978952846270265,0.4607618954026768,10.31006465970824,0.0004654160559622998,0.011206592021422001,0.7883279919226157,0.0,1.2196549909740174e-05,1.3748838080070743e-05,3.7418775249033626e-08,0.3257774217768422,12498053.428254174,-12.18642667684262
178.15,4,cGDL,-12.18633402143388,0.0,9.719423304858333,10.757213614665758,0.00139793490141632,0.46021030300577276,10.29560537675857,0.000464858891925023,0.011190875409520185,0.7883442656985549,0.0,1.2196934862090396e-05,1.3749272026356446e-05,3.7418983208033115e-08,0.32574132546553153,12494860.855624216,-12.186369496068293
178.25,4,cGDL,-12.186245078924912,0.0,9.719486925274424,10.74220675154388,0.0013979744991154397,0.45965912012978866,10.281149656914977,0.00046430214154524106,0.011175162670559758,0.7883605351878951,0.0,1.2197319711181547e-05,1.3749705856241017e-05,3.741919096499289e-08,0.3257052382084549,12491669.18409833,-12.186312994858694
178.35,4,cGDL,-12.186156236087925,0.0,9.719550543685175,10.727203856077145,0.0013980140776967964,0.4591083467257495,10.266697495273698,0.00046374580477348434,0.011159453799210541,0.788376800396016,0.0,1.2197704457110137e-05,1.3750139569833246e-05,3.7419398519483765e-08,0.3256691599934508,12488478.412651502,-12.186257127021257
178.45,4,cGDL,-12.186067461420464,0.0,9.719614160079505,10.712023863234593,0.0013980539899529076,0.4585578674163893,10.252067941828251,0.0004631897650670599,0.011143552110682882,0.7883932581242501,0.0,1.219809366984142e-05,1.375057831873033e-05,3.741960593379316e-08,0.3256326430458881,12485251.425567612,-12.186201850659435
178.55,4,cGDL,-12.185978782614825,0.0,9.719677774445001,10.69682681312577,0.0013980939240789692,0.4580077840828489,10.237420935118843,0.00046263412533621104,0.011127631451216133,0.7884097344234478,0.0,1.2198483310176552e-05,1.3751017549653567e-05,3.741981315309803e-08,0.32559608314586014,12482021.02873651,-12.186147127684494
178.64999999999998,4,cGDL,-12.185890203271754,0.0,9.719741386780719,10.681633682686952,0.001398133839207727,0.45745811004294845,10.222777438804796,0.00046207889903328124,0.011111714607396517,0.7884262064935703,0.0,1.2198872848676318e-05,1.3751456665780577e-05,3.742002017025757e-08,0.3255595321695168,12478791.522116708,-12.186092923392438
178.74999999999997,4,cGDL,-12.185801723355496,0.0,9.719804997087264,10.666444466890885,0.0013981737353519486,0.45690884525230174,10.208137447903232,0.0004615240861134361,0.011095801573807861,0.7884426743400788,0.0,1.2199262285466324e-05,1.3751895667252946e-05,3.742022698532767e-08,0.3255229901045035,12475562.904668909,-12.186039206096074
178.85,4,cGDL,-12.185713342829274,0.0,9.71986860536526,10.65125916071283,0.0013982136125246791,0.45635998966755265,10.193500957432752,0.00046096968653288147,0.0110798923450356,0.7884591379684316,0.0,1.219965162067222e-05,1.3752334554212321e-05,3.742043359836556e-08,0.32548645693847006,12472335.175354555,-12.185985946804092
178.95,4,cGDL,-12.185625061656367,0.0,9.719932211615335,10.636077759130359,0.0013982534707387972,0.4558115432465584,10.178867962413062,0.0004604157002490489,0.01106398691566637,0.7884755973840847,0.0,1.220004085441959e-05,1.3752773326800266e-05,3.74206400094282e-08,0.32544993265906963,12469108.333135813,-12.185933118940218
179.04999999999998,4,cGDL,-12.185536879799542,0.0,9.719995815838114,10.620900257123584,0.0013982933100072925,0.45526350594832377,10.164238457865252,0.00045986212722052904,0.011048085280288318,0.7884920525924912,0.0,1.2200429986834013e-05,1.3753211985158343e-05,3.7420846218573165e-08,0.3254134172539595,12465882.376975624,-12.185880698096796
179.14999999999998,4,cGDL,-12.185448797221568,0.0,9.720059418034223,10.605726649674947,0.001398333130343321,0.4547158777329776,10.149612438811626,0.0004593089674070481,0.011032187433490898,0.7885085035991021,0.0,1.2200819018041011e-05,1.3753650529428049e-05,3.742105222585784e-08,0.3253769107108007,12462657.305837637,-12.185828661817906
179.25,4,cGDL,-12.185360813884756,0.0,9.720123018204282,10.590556931769394,0.0013983729317597615,0.4541686585618447,10.134989900275789,0.00045875622076954007,0.011016293369864988,0.7885249504093655,0.0,1.2201207948166094e-05,1.375408895975087e-05,3.74212580313401e-08,0.3253404130172581,12459433.118686276,-12.185776989408026
179.35,4,cGDL,-12.18527292975142,0.0,9.720186616348917,10.575391098394395,0.00139841271426977,0.4536218483973632,10.120370837282762,0.0004582038872700638,0.011000403084003001,0.7885413930287271,0.0,1.2201596777334718e-05,1.375452727626823e-05,3.742146363507772e-08,0.32530392416100057,12456209.814486714,-12.18528289089822
179.45,4,cGDL,-12.185185144783361,0.0,9.72025021246875,10.560229144539642,0.001398452477886336,0.4530754472031297,10.105755244858626,0.00045765196687184816,0.010984516570498506,0.7885578314626297,0.0,1.220198550567233e-05,1.3754965479121536e-05,3.7421669037129014e-08,0.32526744412970054,12452987.39220483,-12.185195170574625
179.55,4,cGDL,-12.185097458942323,0.0,9.720313806564402,10.545071065197368,0.001398492222622616,0.452529454943929,10.091143118030816,0.00045710045953932223,0.01096863382394654,0.7885742657165142,0.0,1.2202374133304332e-05,1.3755403568452158e-05,3.742187423755219e-08,0.32523097291103437,12449765.850807276,-12.18510754862117
179.65,4,cGDL,-12.18500987218971,0.0,9.720377398636492,10.52991685536231,0.0013985319484918768,0.4519838715856666,10.076534451828152,0.0004565493652380471,0.010952754838943644,0.7885906957958183,0.0,1.2202762660356095e-05,1.3755841544401416e-05,3.7422079236405934e-08,0.32519451049268244,12446545.189261455,-12.185020024995417
179.75,4,cGDL,-12.184922384486754,0.0,9.720440988685644,10.514766510031672,0.0013985716555072192,0.4514386970954615,10.061929241280703,0.0004559986839348096,0.01093687961008772,0.7886071217059776,0.0,1.2203151086952961e-05,1.3756279407110614e-05,3.742228403374885e-08,0.32515805686232896,12443325.406535532,-12.184932599654696
179.85,4,cGDL,-12.184834995794404,0.0,9.720504576712473,10.49962002420519,0.0013986113436816883,0.4508939314415146,10.047327481419993,0.0004554484155974895,0.010921008131978252,0.7886235434524242,0.0,1.2203539413220218e-05,1.3756717156720973e-05,3.742248862963987e-08,0.3251216120076625,12440106.501598429,-12.184845272556098
179.95,4,cGDL,-12.184747706073267,0.0,9.720568162717601,10.484477392884939,0.0013986510130287733,0.45034957459325536,10.032729167278655,0.00045489856019520746,0.010905140399215928,0.7886399610405889,0.0,1.2203927639283162e-05,1.3757154793373747e-05,3.742269302413828e-08,0.3250851759163749,12436888.473419802,-12.184758043656503
180.04999999999998,4,cGDL,-12.184660515284008,0.0,9.720631746701644,10.469338611075312,0.0013986906635614638,0.44980562652122424,10.018134293890526,0.0004543491176982063,0.010889276406402746,0.7886563744758991,0.0,1.2204315765267014e-05,1.3757592317210086e-05,3.742289721730312e-08,0.32504874857616173,12433671.320970016,-12.18467091291256
180.14999999999998,4,cGDL,-12.18457342338661,0.0,9.720695328665219,10.454203673783235,0.001398730295293249,0.44926208719712635,10.003542856290816,0.0004538000880779054,0.010873416148142192,0.7886727837637799,0.0,1.2204703791296995e-05,1.375802972837116e-05,3.74231012091942e-08,0.32501232997472257,12430455.043220213,-12.184583880280682
180.25,4,cGDL,-12.184486430341167,0.0,9.720758908608941,10.439072576017885,0.0013987699082373406,0.448718956593859,9.988954849515789,0.00045325147130692833,0.010857559619038901,0.7886891889096542,0.0,1.220509171749829e-05,1.3758467026998074e-05,3.742330499987109e-08,0.3249759200997604,12427239.639142245,-12.184496945717054
180.35,4,cGDL,-12.184399536107435,0.0,9.720822486533429,10.423945312790986,0.0013988095024070057,0.44817623468543333,9.974370268603145,0.0004527032673590236,0.010841706813699071,0.7887055899189419,0.0,1.2205479543996034e-05,1.3758904213231892e-05,3.7423508589393656e-08,0.32493951893898226,12424025.107708719,-12.184410109177634
180.45,4,cGDL,-12.18431274064477,0.0,9.720886062439293,10.408821879116784,0.0013988490778157892,0.44763392144710173,9.959789108591867,0.0004521554762091937,0.01082585772673029,0.7887219867970605,0.0,1.220586727091535e-05,1.375934128721367e-05,3.7423711977822175e-08,0.3249031264800992,12420811.447893033,-12.184323370618158
180.55,4,cGDL,-12.184226043912531,0.0,9.720949636327152,10.393702270011646,0.0013988886344769025,0.44709201685515976,9.94521136452201,0.0004516080978334947,0.010810012352741314,0.7887383795494253,0.0,1.2206254898381327e-05,1.3759778249084405e-05,3.742391516521676e-08,0.3248667427108256,12417598.658669231,-12.184236729987543
180.65,4,cGDL,-12.184139445869562,0.0,9.721013208197617,10.37858648049479,0.0013989281724037794,0.4465505208871479,9.930637031435237,0.0004510611322092403,0.01079417068634265,0.7887547681814481,0.0,1.2206642426519e-05,1.3760215098985055e-05,3.742411815163817e-08,0.32483036761888034,12414386.739012217,-12.184150129604074
180.75,4,cGDL,-12.184052946474708,0.0,9.721076778051298,10.363474505588638,0.0013989676916099647,0.4460094335217968,9.916066104375231,0.0004505145793149462,0.01077833272214699,0.788771152698538,0.0,1.2207029855453376e-05,1.3760651837056532e-05,3.742432093714694e-08,0.3247940011919881,12411175.687897798,-12.184063627152971
180.84999999999997,4,cGDL,-12.18396654568636,0.0,9.72114034588881,10.348366340317844,0.0013990071921088365,0.4454687547389189,9.901498578386816,0.0004499684391302211,0.010762498454768277,0.7887875331061015,0.0,1.220741718530942e-05,1.3761088463439713e-05,3.742452352180409e-08,0.32475764341787705,12407965.504302472,-12.18397722259722
180.95,4,cGDL,-12.183880243462852,0.0,9.721203911710763,10.333261979709697,0.001399046673913884,0.4449284845195186,9.886934448516264,0.0004494227116358774,0.010746667878822027,0.7888039094095421,0.0,1.2207804416212057e-05,1.376152497827541e-05,3.742472590567062e-08,0.32472129428427954,12404756.187203526,-12.183890915893048
181.04999999999998,4,cGDL,-12.18379403976212,0.0,9.721267475517768,10.318161418793737,0.001399086137038652,0.44438862284580816,9.87237370981089,0.0004488773968139476,0.010730840988924881,0.7888202816142612,0.0,1.2208191548286195e-05,1.3761961381704437e-05,3.7424928088807927e-08,0.32468495377893136,12401547.735578975,-12.183804707613422
181.14999999999998,4,cGDL,-12.183707934541928,0.0,9.721331037310433,10.303064652601929,0.0013991255814966852,0.44384916970115973,9.857816357319273,0.0004483324946476361,0.010715017779694861,0.7888366497256576,0.0,1.2208578581656702e-05,1.3762397673867555e-05,3.742513007127751e-08,0.3246486218895718,12398340.148407567,-12.183718597787385
181.25,4,cGDL,-12.18362192775976,0.0,9.721394597089366,10.287971676168846,0.0013991650073014728,0.4433101250700469,9.843262386091498,0.0004477880051212595,0.010699198245751627,0.7888530137491272,0.0,1.2208965516448416e-05,1.376283385490549e-05,3.742533185314109e-08,0.32461229860394486,12395133.42466883,-12.183632586372404
181.35,4,cGDL,-12.18353601937281,0.0,9.721458154855178,10.272882484531175,0.0013992044144667815,0.44277148893813495,9.828711791178574,0.0004472439282203383,0.010683382381715841,0.7888693736900638,0.0,1.220935235278615e-05,1.3763269924958933e-05,3.742553343446066e-08,0.32457598390979747,12391927.56334297,-12.183546673325699
181.45,4,cGDL,-12.183450209338162,0.0,9.721521710608474,10.257797072728193,0.0013992438030059895,0.4422332612923258,9.814164567632861,0.00044670026393164224,0.010667570182209632,0.7888857295538587,0.0,1.2209739090794677e-05,1.3763705884168546e-05,3.7425734815298204e-08,0.3245396777948803,12388722.563410994,-12.183460858604233
181.54999999999998,4,cGDL,-12.183364497612502,0.0,9.72158526434986,10.242715435801433,0.0013992831729330857,0.4416954421206382,9.799620710507861,0.0004461570122430689,0.010651761641856371,0.7889020813459007,0.0,1.2210125730598752e-05,1.3764141732674956e-05,3.742593599571612e-08,0.32450338024694786,12385518.423854599,-12.183375142164804
181.65,4,cGDL,-12.1832788841524,0.0,9.721648816079943,10.227637568794579,0.0013993225242614482,0.44115803141221765,9.7850802148581,0.0004456141731436542,0.010635956755280543,0.7889184290715758,0.0,1.2210512272323087e-05,1.376457747061875e-05,3.742613697577682e-08,0.3244670912537577,12382315.14365618,-12.183289524639768
181.75,4,cGDL,-12.183193368913976,0.0,9.721712365799329,10.212563466754244,0.0013993618570049549,0.44062102915746326,9.770543075739775,0.00044507174662370026,0.01062015551710845,0.7889347727362679,0.0,1.2210898716092372e-05,1.3765013098140492e-05,3.742633775554329e-08,0.32443081080307223,12379112.72179898,-12.183204006258562
181.85,4,cGDL,-12.183107951853401,0.0,9.721775913508619,10.19749312472891,0.0013994011711772059,0.4400844353478953,9.756009288209837,0.00044452973267464175,0.010604357921967214,0.7889511123453582,0.0,1.2211285062031257e-05,1.376544861538069e-05,3.742653833507813e-08,0.32439453888265646,12375911.157266883,-12.1831185869798
181.95000000000002,4,cGDL,-12.183022632926225,0.0,9.72183945920842,10.18242653776976,0.0013994404667921345,0.4395482499761955,9.741478847326773,0.0004439881312890864,0.010588563964485622,0.7889674479042253,0.0,1.2211671310264383e-05,1.3765884022479849e-05,3.742673871444478e-08,0.3243582754802797,12372710.449044555,-12.183033266761782
182.04999999999998,4,cGDL,-12.182937412088052,0.0,9.721903002899332,10.167363700930327,0.0013994797438633966,0.43901247303626617,9.726951748150197,0.0004434469424608749,0.010572773639293693,0.7889837794182455,0.0,1.221205746091633e-05,1.3766319319578408e-05,3.742693889370644e-08,0.3243220205837149,12369510.59611742,-12.182948045562554
182.14999999999998,4,cGDL,-12.182852289294146,0.0,9.721966544581957,10.152304609266514,0.0013995190024048698,0.4384771045231356,9.712427985740973,0.00044290616618498544,0.010556986941022797,0.7890001068927922,0.0,1.2212443514111663e-05,1.3766754506816785e-05,3.742713887292657e-08,0.3242857741807388,12366311.597471613,-12.182862923339888
182.24999999999997,4,cGDL,-12.182767264499375,0.0,9.722030084256899,10.137249257836734,0.0013995582424303765,0.4379421444330312,9.697907555161272,0.00044236580245760726,0.01054120386430573,0.7890164303332368,0.0,1.2212829469974928e-05,1.3767189584335376e-05,3.7427338652169157e-08,0.32424953625913194,12363113.452094054,-12.182777900051285
182.35,4,cGDL,-12.182682337658605,0.0,9.722093621924754,10.122197641701613,0.001399597463953739,0.4374075927633652,9.683390451474294,0.0004418258512761265,0.010525424403776407,0.7890327497449474,0.0,1.2213215328630607e-05,1.3767624552274503e-05,3.742753823149795e-08,0.3242133068066782,12359916.158972356,-12.182692975653987
182.45,4,cGDL,-12.18259750872636,0.0,9.722157157586127,10.107149755924413,0.0013996366669890015,0.43687344951267765,9.668876669744746,0.0004412863126390683,0.010509648554070376,0.7890490651332907,0.0,1.2213601090203177e-05,1.376805941077449e-05,3.7427737610977056e-08,0.3241770858111657,12356719.717094919,-12.182608150104956
182.54999999999998,4,cGDL,-12.182512777656768,0.0,9.722220691241612,10.092105595570512,0.0013996758515499308,0.4363397146807309,9.654366205038231,0.00044074718654619284,0.010493876309824164,0.7890653765036297,0.0,1.221398675481708e-05,1.3768494159975619e-05,3.7427936790670973e-08,0.32414087326038576,12353524.125450836,-12.182523423360895
182.65,4,cGDL,-12.182428144403787,0.0,9.72228422289181,10.077065155707965,0.0013997150176505713,0.43580638826844886,9.639859052421865,0.0004402084729984332,0.01047810766567594,0.7890816838613257,0.0,1.221437232259673e-05,1.3768928800018132e-05,3.742813577064429e-08,0.3241046691421338,12350329.383029995,-12.182438795378228
182.75,4,cGDL,-12.182343608921315,0.0,9.722347752537319,10.062028431407,0.0013997541653049117,0.4352734702779154,9.62535520696378,0.00043967017199789436,0.010462342616264978,0.7890979872117372,0.0,1.221475779366649e-05,1.3769363331042225e-05,3.74283345509616e-08,0.32406847344420864,12347135.488822978,-12.182354266113112
182.85,4,cGDL,-12.182259171162627,0.0,9.722411280178735,10.046995417740488,0.0013997932945268854,0.4347409607124473,9.610854663733514,0.0004391322835479265,0.010446581156232081,0.78911428656022,0.0,1.2215143168150724e-05,1.3769797753188087e-05,3.742853313168812e-08,0.32403228615441326,12343942.44182117,-12.182269835521444
182.95,4,cGDL,-12.182174831081113,0.0,9.72247480581665,10.031966109783705,0.0013998324053305922,0.4342088595764766,9.596357417801897,0.00043859480765300664,0.010430823280219454,0.7891305819121276,0.0,1.2215528446173731e-05,1.3770232066595844e-05,3.742873151288882e-08,0.32399610726055444,12340750.241016686,-12.182185503558836
183.04999999999998,4,cGDL,-12.182090588629592,0.0,9.722538329451668,10.016940502614586,0.0013998714977300764,0.4336771668756097,9.581863464241247,0.0004380577443187977,0.01041506898287092,0.7891468732728103,0.0,1.2215913627859801e-05,1.3770666271405594e-05,3.742892969462931e-08,0.3239599367504433,12337558.885402435,-12.182101270180642
183.14999999999998,4,cGDL,-12.182006443760883,0.0,9.722601851084375,10.001918591313446,0.0013999105717394933,0.4331458826167087,9.567372798124998,0.000437521093552231,0.01039931825883152,0.7891631606476163,0.0,1.2216298713333167e-05,1.3771100367757388e-05,3.742912767697504e-08,0.3239237746118946,12334368.37397209,-12.182017135341935
183.24999999999997,4,cGDL,-12.181922396427524,0.0,9.722665370715369,9.98690037096258,0.0013999496273728873,0.4326150068077603,9.552885414527447,0.0004369848553613741,0.010383571102747225,0.7891794440418914,0.0,1.221668370271805e-05,1.3771534355791256e-05,3.7429325459991696e-08,0.32388762083272565,12331178.705719957,-12.181933098997527
183.35,4,cGDL,-12.181838446581537,0.0,9.722728888345241,9.971885836646956,0.0013999886646444137,0.43208453945793235,9.53840130852438,0.00043644902975548724,0.010367827509265631,0.7891957234609789,0.0,1.221706859613866e-05,1.3771968235647218e-05,3.742952304374559e-08,0.32385147540075837,12327989.879641147,-12.181849161101947
183.45,4,cGDL,-12.181754594175061,0.0,9.722792403974585,9.956874983453712,0.001400027683568228,0.4315544805775881,9.523920475192556,0.0004359136167450385,0.010352087473035386,0.7892119989102196,0.0,1.2217453393719138e-05,1.377240200746521e-05,3.742972042830263e-08,0.32381533830381765,12324801.894731473,-12.181765321609472
183.54999999999998,4,cGDL,-12.181670839159665,0.0,9.722855917603994,9.94186780647248,0.0014000666841585963,0.4310248301782721,9.50944290961005,0.000435378616341689,0.010336350988706576,0.7892282703949518,0.0,1.2217838095583622e-05,1.3772835671385176e-05,3.7429917613729496e-08,0.3237792095297324,12321614.749987507,-12.18168158047408
183.65,4,cGDL,-12.181587181486861,0.0,9.722919429234054,9.926864300795192,0.001400105666429674,0.4304955882727226,9.49496860685604,0.00043484402855830566,0.010320618050930477,0.7892445379205113,0.0,1.2218222701856223e-05,1.3773269227547015e-05,3.7430114600092636e-08,0.3237430890663348,12318428.444406545,-12.181597937649503
183.75,4,cGDL,-12.181503621107822,0.0,9.722982938865357,9.911864461516334,0.0014001446303957832,0.429966754874852,9.480497562011086,0.0004343098534089414,0.010304888654359877,0.7892608014922312,0.0,1.2218607212660995e-05,1.3773702676090576e-05,3.743031138745901e-08,0.3237069769014614,12315242.976986663,-12.181514393089182
183.85,4,cGDL,-12.181420157973491,0.0,9.723046446498495,9.896868283732626,0.0014001835760712456,0.4294383299997378,9.466029770156817,0.00043377609090882607,0.010289162793648714,0.7892770611154426,0.0,1.221899162812199e-05,1.3774136017155698e-05,3.743050797589558e-08,0.32367087302295183,12312058.346726637,-12.1814309467463
183.95,4,cGDL,-12.181336792034529,0.0,9.723109952134052,9.881875762543153,0.0014002225034703275,0.4289103136636763,9.451565226376006,0.00043324274107442055,0.010273440463452181,0.7892933167954735,0.0,1.2219375948363211e-05,1.3774569250882166e-05,3.743070436546972e-08,0.3236347774186493,12308874.552625993,-12.181347598573755
184.05,4,cGDL,-12.181253523245516,0.0,9.723173455772837,9.866886893049617,0.0014002614126067958,0.42838270588413846,9.437103925752872,0.0004327098039233722,0.010257721658427034,0.7893095685376496,0.0,1.22197601735083e-05,1.3775002377409356e-05,3.743090055624277e-08,0.3235986900764014,12305691.593685037,-12.181264348524177
184.15,4,cGDL,-12.1811703860227,0.0,9.723236957428904,9.852109139201746,0.0014002998992763693,0.4278556390871442,9.422853200215325,0.00043217741321933755,0.010242231739364484,0.7893255908474163,0.0,1.2220139064158414e-05,1.377542949050585e-05,3.743109647924242e-08,0.32356312405505394,12302551.997065341,-12.181181196549923
184.25,4,cGDL,-12.181087359780122,0.0,9.72330045712159,9.837418389205414,0.0014003382052781288,0.4273290341057116,9.408689016894424,0.00043164548899566826,0.010226835887928722,0.7893415186230757,0.0,1.2220515754553652e-05,1.3775854123315023e-05,3.743129217571363e-08,0.32352777242573855,12299430.321624426,-12.181098142603078
184.35,4,cGDL,-12.18100443066777,0.0,9.723363954857078,9.822731306174044,0.0014003764929786944,0.42680283778306344,9.394528091898001,0.0004311139775586499,0.01021144357815,0.7893574424442914,0.0,1.2220892349299918e-05,1.3776278648301725e-05,3.743148767339008e-08,0.3234924290960632,12296309.484492863,-12.181015186635449
184.45,4,cGDL,-12.180921598632551,0.0,9.723427450636038,9.808047885394517,0.001400414762392388,0.42627705014156214,9.380370420490562,0.00043058287893087084,0.010196054804881047,0.7893733623161882,0.0,1.2221268848516888e-05,1.3776703065600855e-05,3.743168297234365e-08,0.3234570940543241,12293189.484709932,-12.18093232859857
184.54999999999998,4,cGDL,-12.18083886362274,0.0,9.723490944459057,9.793368122155975,0.0014004530135334758,0.4257516712047266,9.366215997937715,0.0004300521931360875,0.010180669562975777,0.7893892782438882,0.0,1.2221645252324073e-05,1.3777127375347136e-05,3.7431878072644174e-08,0.3234217672888212,12290070.32131563,-12.180849568443703
184.64999999999998,4,cGDL,-12.180756225586322,0.0,9.723554436326713,9.77869201175008,0.001400491246416391,0.4252267009973173,9.352064819506346,0.0004295219201993104,0.010165287847289506,0.7894051902325112,0.0,1.2222021560840946e-05,1.377755157767525e-05,3.743207297436163e-08,0.3233864487878582,12286951.993350735,-12.180766906121836
184.75,4,cGDL,-12.180673684471117,0.0,9.723617926239594,9.764019549470854,0.0014005294610553998,0.42470213954520497,9.337916880464594,0.00042899206014667166,0.010149909652678906,0.7894210982871744,0.0,1.2222397774186962e-05,1.3777975672719849e-05,3.743226767756614e-08,0.32335113853974257,12283834.499856746,-12.180684341583675
184.85,4,cGDL,-12.180591240224487,0.0,9.72368141419828,9.749350730614802,0.0014005676574647685,0.424177986875495,9.323772176081842,0.0004284626130055505,0.010134534974002003,0.7894370024129925,0.0,1.222277389248154e-05,1.3778399660615555e-05,3.7432462182328344e-08,0.3233158365327856,12280717.839875927,-12.180601874779661
184.95,4,cGDL,-12.180508892793853,0.0,9.723744900203352,9.734685550480942,0.0014006058356588746,0.42365424301655746,9.309630701628725,0.0004279335788046035,0.01011916380611818,0.7894529026150773,0.0,1.2223149915844051e-05,1.3778823541496929e-05,3.743265648871847e-08,0.3232805427553023,12277602.012451336,-12.180519505659948
185.05,4,cGDL,-12.180426642126065,0.0,9.72380838425539,9.720024004370487,0.001400643995652262,0.42313090799779246,9.295492452377042,0.00042740495757352773,0.010103796143888089,0.7894687988985384,0.0,1.2223525844393858e-05,1.3779247315498531e-05,3.743285059680766e-08,0.32324525719561126,12274487.016626691,-12.180437234174422
185.15,4,cGDL,-12.180344488167918,0.0,9.723871866354974,9.705366087587322,0.0014006821374591416,0.4226079818499807,9.281357423599882,0.00042687674934341487,0.010088431982173785,0.7894846912684829,0.0,1.2223901678250282e-05,1.3779670982754863e-05,3.743304450666676e-08,0.32320997984203514,12271372.851446558,-12.180355060272694
185.25,4,cGDL,-12.18026243086581,0.0,9.723935346502683,9.69071179543761,0.0014007202610942238,0.422085464604986,9.26722561057153,0.00042634895414645055,0.010073071315838619,0.789500579730015,0.0,1.2224277417532614e-05,1.37800945434004e-05,3.743323821836715e-08,0.32317471068290005,12268259.515956195,-12.180272983904093
185.34999999999997,4,cGDL,-12.180180470166022,0.0,9.723998824699096,9.676061123229983,0.0014007583665718304,0.42156335629585207,9.25309700856756,0.0004258215720160122,0.010057714139747348,0.7895164642882367,0.0,1.222465306236011e-05,1.378051799756958e-05,3.743343173198015e-08,0.32313944970653596,12265147.009201627,-12.180191005017667
185.45,4,cGDL,-12.180098606014496,0.0,9.72406230094479,9.661414066275533,0.001400796453906561,0.4210416569569172,9.23897161286471,0.00042529460298678507,0.010042360448765988,0.7895323449482473,0.0,1.2225028612851996e-05,1.3780941345396798e-05,3.7433625047577516e-08,0.32310419690127656,12262035.330229647,-12.180109123562211
185.54999999999998,4,cGDL,-12.180016838356835,0.0,9.724125775240344,9.64677061988769,0.0014008345231128483,0.42052036662366926,9.224849418740908,0.00042476804709461543,0.010027010237761856,0.7895482217151436,0.0,1.2225404069127478e-05,1.378136458701643e-05,3.7433818165231145e-08,0.32306895225545923,12258924.478087783,-12.18002733948621
185.64999999999998,4,cGDL,-12.179935167138467,0.0,9.724189247586331,9.632130779382367,0.0014008725742053474,0.4199994853327594,9.210730421475402,0.00042424190437652463,0.010011663501603698,0.7895640945940199,0.0,1.2225779431305723e-05,1.3781787722562816e-05,3.743401108501321e-08,0.323033715757425,12255814.451824311,-12.179945652737896
185.75,4,cGDL,-12.17985359230471,0.0,9.724252717983326,9.617494540077892,0.0014009106071987132,0.4194790131220537,9.19661461634864,0.00042371617487076135,0.009996320235161565,0.7895799635899676,0.0,1.2226154699505848e-05,1.378221075217023e-05,3.7434203806995835e-08,0.322998487395519,12252705.250488264,-12.179864063265214
185.85,4,cGDL,-12.179772113800311,0.0,9.724316186431906,9.60286189729502,0.0014009486221074896,0.4189589500307135,9.182501998642199,0.0004231908586168823,0.009980980433306738,0.7895958287080764,0.0,1.2226529873846983e-05,1.3782633675972964e-05,3.743439633125167e-08,0.3229632671580896,12249596.87312945,-12.179782571015824
185.95,4,cGDL,-12.179690731569963,0.0,9.724379652932646,9.588232846356888,0.0014009866189463316,0.4184392960989603,9.168392563638982,0.00042266595565551546,0.009965644090911937,0.7896116899534326,0.0,1.2226904954448183e-05,1.3783056494105225e-05,3.743458865785347e-08,0.322928055033489,12246489.31879839,-12.179701175937128
186.04999999999998,4,cGDL,-12.179609445558015,0.0,9.724443117486116,9.573607382589097,0.001401024597730005,0.4179200513683177,9.15428630662305,0.00042214146602860374,0.00995031120285114,0.7896275473311203,0.0,1.2227279941428501e-05,1.378347920670122e-05,3.743478078687418e-08,0.32289285101007337,12243382.586546386,-12.179619877976224
186.15,4,cGDL,-12.17952825570859,0.0,9.724506580092891,9.558985501319643,0.001401062558473165,0.41740121588144985,9.14018322287972,0.00042161738977924225,0.009934981763999696,0.7896434008462212,0.0,1.222765483490695e-05,1.3783901813895105e-05,3.743497271838703e-08,0.32285765507620234,12240276.675425475,-12.17953867707995
186.25,4,cGDL,-12.17944716196564,0.0,9.724570040753541,9.544367197878973,0.001401100501190633,0.4168827896822907,9.126083307695492,0.0004210937269518088,0.00991965576923423,0.789659250503814,0.0,1.2228029635002492e-05,1.3784324315820993e-05,3.743516445246521e-08,0.3228224672202394,12237171.584488466,-12.179457573198466
186.35,4,cGDL,-12.179366164272665,0.0,9.724633499468638,9.529752467599835,0.0014011384258970638,0.41636477281591844,9.11198655635802,0.0004205704775918368,0.009904333213432629,0.7896750963089756,0.0,1.2228404341834094e-05,1.378474671261298e-05,3.743535598918249e-08,0.3227872874305513,12234067.312788887,-12.17937659413528
186.45000000000002,4,cGDL,-12.17928526257299,0.0,9.724696956238754,9.515141305817567,0.0014011763326073345,0.41584716532869354,9.097892964156266,0.0004200476417461551,0.009889014091474201,0.7896909382667796,0.0,1.2228778955520677e-05,1.3785169004405125e-05,3.74355473286127e-08,0.3227521156955092,12230963.85938106,-12.179295712313223
186.54999999999998,4,cGDL,-12.179204456809657,0.0,9.724760411064457,9.500533707869838,0.0014012142213363776,0.41532996726807064,9.083802526380431,0.0004195252194626976,0.0098736983982396,0.7897067763822978,0.0,1.2229153476181126e-05,1.378559119133145e-05,3.743573847082993e-08,0.3227169520034875,12227861.22332003,-12.179214927622123
186.64999999999998,4,cGDL,-12.179123746925598,0.0,9.724823863946314,9.485929669096612,0.001401252092098848,0.4148131786828245,9.069715238321688,0.00041900321079073186,0.00985838612861053,0.7897226106605988,0.0,1.2229527903934296e-05,1.3786013273525935e-05,3.7435929415908264e-08,0.32268179634286415,12224759.403661586,-12.179134239148956
186.74999999999997,4,cGDL,-12.179043132863285,0.0,9.7248873148849,9.47132918484049,0.0014012899449097893,0.4142967996228664,9.055631095272714,0.00041848161578067315,0.009843077277470342,0.7897384411067491,0.0,1.2229902238899017e-05,1.3786435251122527e-05,3.743612016392221e-08,0.3226466487020212,12221658.399462305,-12.179053646160288
186.85,4,cGDL,-12.17896261456491,0.0,9.724950763880774,9.456732250446303,0.001401327779784023,0.41378083013935657,9.041550092527162,0.00041796043448419855,0.009827771839703436,0.7897542677258125,0.0,1.2230276481194093e-05,1.3786857124255158e-05,3.7436310714946614e-08,0.322611509069344,12218558.20977948,-12.178973148325193
186.95,4,cGDL,-12.178882191972605,0.0,9.725014210934507,9.442138861261407,0.0014013655967365368,0.4132652702846381,9.027472225380032,0.0004174396669541799,0.009812469810195687,0.7897700905228502,0.0,1.2230650630938274e-05,1.3787278893057691e-05,3.743650106905626e-08,0.3225763774332219,12215458.833671179,-12.17889274558305
187.04999999999998,4,cGDL,-12.17880186502805,0.0,9.725077656046667,9.42754901263555,0.0014014033957823746,0.412750120112278,9.01339748912749,0.00041691931324472527,0.009797171183834228,0.789785909502921,0.0,1.2231024688250312e-05,1.378770055766399e-05,3.743669122632628e-08,0.32254125378204773,12212360.270196216,-12.178812437873024
187.15,4,cGDL,-12.178721633672751,0.0,9.725141099217817,9.412962699920811,0.0014014411769365243,0.4122353796770992,8.999325879066776,0.0004163993734112113,0.009781875955507365,0.7898017246710815,0.0,1.2231398653248906e-05,1.3788122118207859e-05,3.743688118683205e-08,0.322506138104218,12209262.518414158,-12.17873222513402
187.25,4,cGDL,-12.178641497847934,0.0,9.725204540448521,9.398379918471731,0.0014014789402139183,0.41172104903504203,8.985257390496475,0.00041587984751014347,0.009766584120104864,0.789817536032385,0.0,1.2231772526052738e-05,1.3788543574823085e-05,3.743707095064914e-08,0.32247103038813285,12206165.577385306,-12.178652107304698
187.35,4,cGDL,-12.178561457494595,0.0,9.725267979739346,9.383800663645296,0.0014015166856296557,0.41120712824333444,8.971192018716332,0.00041536073559932774,0.009751295672517752,0.789833343591883,0.0,1.2232146306780441e-05,1.3788964927643407e-05,3.743726051785322e-08,0.3224359306221962,12203069.446170745,-12.178572084323456
187.45,4,cGDL,-12.178481512553333,0.0,9.725331417090851,9.36922493080094,0.0014015544131989466,0.41069361736042115,8.95712975902732,0.0004148420377377991,0.00973601060763839,0.7898491473546239,0.0,1.223251999555064e-05,1.378938617680254e-05,3.7437449888520456e-08,0.32240083879481585,12199974.123832311,-12.178492156131075
187.54999999999998,4,cGDL,-12.178401662964575,0.0,9.725394852503603,9.354652715300201,0.0014015921229368344,0.41018051644590875,8.943070606731355,0.0004143237539857664,0.00972072892036017,0.7898649473256542,0.0,1.2232893592481922e-05,1.3789807322434164e-05,3.743763906272704e-08,0.32236575489440233,12196879.609432528,-12.178412342653305
187.64999999999998,4,cGDL,-12.178321908668579,0.0,9.725458285978162,9.340084012507429,0.0014016298148584738,0.4096678255606916,8.929014557131879,0.000413805884404739,0.009705450605578128,0.7898807435100171,0.0,1.2233267097692828e-05,1.3790228364671916e-05,3.743782804054925e-08,0.3223306789093709,12193785.902034767,-12.178332623694601
187.74999999999997,4,cGDL,-12.178242249605091,0.0,9.725521717515088,9.325518817789124,0.0014016674889790748,0.4091555447668115,8.914961605533334,0.0004132884290573853,0.009690175658188405,0.7898965359127542,0.0,1.2233640511301898e-05,1.3790649303649413e-05,3.743801682206397e-08,0.32229561082813984,12190693.00070308,-12.178252999188858
187.85,4,cGDL,-12.1781626857138,0.0,9.725585147114943,9.31095712651424,0.0014017051453137364,0.40864367412758223,8.900911747241343,0.0004127713880076588,0.009674904073088417,0.7899123245389039,0.0,1.2234013833427624e-05,1.379107013950023e-05,3.743820540734803e-08,0.3222605506391312,12187600.904502297,-12.178173469072368
187.95,4,cGDL,-12.17808321693417,0.0,9.725648574778285,9.296398934053963,0.0014017427838778906,0.4081322137075199,8.886864977562565,0.0004122547613207272,0.009659635845176701,0.7899281093935027,0.0,1.2234387064188459e-05,1.3791490872357898e-05,3.7438393796478286e-08,0.32222549833077035,12184509.612497963,-12.17809403308968
188.04999999999998,4,cGDL,-12.178003843205147,0.0,9.725712000505673,9.281844235781845,0.0014017804046866367,0.40762116357232214,8.872821291804836,0.00041173854906295166,0.009644370969353083,0.789943890481584,0.0,1.2234760203702858e-05,1.379191150235595e-05,3.743858198953237e-08,0.322190453891486,12181419.123756358,-12.178014690828164
188.15,4,cGDL,-12.17792456446557,0.0,9.72577542429767,9.267293027073782,0.0014018180077554065,0.40711052378900436,8.858780685277022,0.0004112227513020246,0.009629109440518502,0.7899596678081795,0.0,1.2235133252089236e-05,1.3792332029627867e-05,3.743876998658768e-08,0.32215541730971026,12178329.437344523,-12.177935442226449
188.25,4,cGDL,-12.177845380653991,0.0,9.725838846154826,9.252745303308142,0.0014018555930994103,0.4066002944256906,8.844743153289352,0.0004107073681067582,0.009613851253575383,0.7899754413783179,0.0,1.2235506209465965e-05,1.3792752454307088e-05,3.7438957787722064e-08,0.32212038857387953,12175240.552330239,-12.177856287226065
188.35,4,cGDL,-12.177766291708792,0.0,9.725902266077705,9.238201059865688,0.0014018931607341356,0.40609047555180855,8.830708691153145,0.00041019239954728136,0.00959859640342733,0.7899912111970254,0.0,1.2235879075951393e-05,1.3793172776527026e-05,3.743914539301338e-08,0.3220853676724334,12172152.46778206,-12.177777225771363
188.45,4,cGDL,-12.1776872975679,0.0,9.725965684066857,9.223660292129553,0.0014019307106749035,0.40558106723797965,8.816677294180899,0.00040967784569492896,0.009583344884979238,0.7900069772693259,0.0,1.2236251851663849e-05,1.3793592996421063e-05,3.7439332802539936e-08,0.3220503545938151,12169065.182769276,-12.177698257809537
188.55,4,cGDL,-12.177608398169014,0.0,9.726029100122842,9.209122995485313,0.001401968242937146,0.4050720695560279,8.802648957686348,0.00040916370662225044,0.009568096693137334,0.7900227396002405,0.0,1.2236624536721619e-05,1.379401311412255e-05,3.743952001638018e-08,0.32201534932647163,12165978.696361938,-12.177619383290626
188.65,4,cGDL,-12.177529593449776,0.0,9.726092514246213,9.194589165320892,0.0014020057575362954,0.40456348257910074,8.788623676984255,0.00040864998240313207,0.009552851822808973,0.790038498194788,0.0,1.2236997131242953e-05,1.379443312976478e-05,3.7439707034612604e-08,0.32198035185885343,12162893.00763086,-12.177540602167506
188.74999999999997,4,cGDL,-12.177450883531208,0.0,9.726155926445818,9.180058797026627,0.0014020432544655237,0.4040553063814442,8.774601447390717,0.00040813667311256994,0.009537610268902954,0.7900542530579845,0.0,1.2237369635331002e-05,1.3794853043464038e-05,3.743989385704774e-08,0.32194536217941466,12159808.115647584,-12.177461914395904
188.85,4,cGDL,-12.177373688885268,0.0,9.726219337287437,9.174429865477645,0.0014020633986313036,0.4035532284531303,8.769474573625883,0.0004076295236900306,0.009532037580028135,0.7900603328962819,0.0,1.2237517228720742e-05,1.3795019421467018e-05,3.744007760514627e-08,0.32193238498655546,12158547.980489342,-12.177383319934394
188.95,4,cGDL,-12.177295185048536,0.0,9.726282746776532,9.15998280429655,0.0014021007107657413,0.4030459233885776,8.755534780197207,0.00040711709433189654,0.009516885630649138,0.790075997275019,0.0,1.2237887619269004e-05,1.3795436952630516e-05,3.744026400489473e-08,0.32189759977819327,12155480.339682302,-12.177304818744393
189.04999999999998,4,cGDL,-12.177216772788427,0.0,9.72634615435205,9.14552242807468,0.00140213803797673,0.402539018624791,8.741581271411912,0.00040660506931797073,0.009501718773273818,0.7900916761574083,0.0,1.2238258343279666e-05,1.3795854859697078e-05,3.744045021502837e-08,0.3218627808682335,12152410.056643825,-12.177226410790185
189.14999999999998,4,cGDL,-12.177138411114072,0.0,9.726409559987504,9.130790588278634,0.001402175883174428,0.40203234922421144,8.727356063171248,0.00040609328204465803,0.00948625659040353,0.7901076501275519,0.0,1.2238635923427563e-05,1.3796280495500163e-05,3.7440636318727494e-08,0.32182728985503456,12149284.214559015,-12.177148096038893
189.25,4,cGDL,-12.17706014360067,0.0,9.726472963665698,9.116062042914328,0.001402213711103606,0.40152609088412294,8.713133738319101,0.00040558190998396255,0.009470797541651197,0.7901236205483649,0.0,1.2239013417522277e-05,1.379670603429784e-05,3.744082222751262e-08,0.321791806215205,12146159.134982238,-12.177069874460509
189.35,4,cGDL,-12.176981970190184,0.0,9.726536365386913,9.10133678710688,0.001402251521779696,0.4010202436859632,8.698914291899138,0.0004050709532181446,0.009455341621629499,0.7901395874251523,0.0,1.2239390825688462e-05,1.3797131476230629e-05,3.744100794145463e-08,0.3217563299365292,12143034.816932248,-12.176991746027879
189.45,4,cGDL,-12.176903890818494,0.0,9.726599765151681,9.086614815983575,0.0014022893152189075,0.40051480771248704,8.684697718955869,0.000404560411830795,0.00943988882495203,0.7901555507632172,0.0,1.2239768148051237e-05,1.3797556821439575e-05,3.744119346063319e-08,0.32172086100679453,12139911.259428509,-12.176913710716722
189.55,4,cGDL,-12.176825905421197,0.0,9.726663162960534,9.07189612467386,0.0014023270914372832,0.400009783047638,8.670484014534784,0.0004040502859067051,0.00942443914623346,0.7901715105678598,0.0,1.224014538473568e-05,1.3797982070065674e-05,3.744137878512819e-08,0.32168539941379126,12136788.461491182,-12.176835768505605
189.65,4,cGDL,-12.176748013933604,0.0,9.726726558814004,9.0571807083094,0.0014023648504510877,0.3995051697766081,8.65627317368234,0.0004035405755319274,0.0094089925800895,0.7901874668443786,0.0,1.224052253586686e-05,1.3798407222249915e-05,3.74415639150198e-08,0.3216499451453129,12133666.42214116,-12.176757919375982
189.74999999999997,4,cGDL,-12.176670216290859,0.0,9.726789952712622,9.042468562024053,0.001402402592276697,0.39900096798586643,8.64206519144591,0.0004030312807938045,0.009393549121136859,0.7902034195980694,0.0,1.2240899601569811e-05,1.3798832278133243e-05,3.7441748850388215e-08,0.32161449818915605,12130545.140400046,-12.176680163312161
189.84999999999997,4,cGDL,-12.176592512427817,0.0,9.726853344656917,9.02775968095373,0.0014024403169302646,0.39849717776306004,8.62786006287374,0.0004025224017808687,0.009378108763993196,0.790219368834226,0.0,1.2241276581969552e-05,1.3799257237856587e-05,3.744193359131386e-08,0.32157905853312,12127424.615290118,-12.176602500301328
189.95,4,cGDL,-12.17651490241309,0.0,9.72691673465323,9.013054060236625,0.0014024780244118462,0.3979937991970973,8.613657783015116,0.0004020139385829266,0.0093626715032773,0.7902353145581398,0.0,1.2241653477180053e-05,1.3799682101548422e-05,3.744211813768182e-08,0.32154362616500753,12124304.845834399,-12.176524930333551
190.04999999999998,4,cGDL,-12.176438405427405,0.0,9.726980123111977,9.004803665895595,0.001402503145225109,0.39749495790632544,8.605906204844045,0.00040151005849123784,0.009354245874830483,0.7902442440666784,0.0,1.2241867249916775e-05,1.3799923081724364e-05,3.7442300417709204e-08,0.32152415679852,12122508.394933786,-12.176447453401762
190.14999999999998,4,cGDL,-12.176360975232171,0.0,9.72704351002924,8.990035631054523,0.0014025409522054333,0.3969923592267656,8.591640730875552,0.000401002383057339,0.00933873992486473,0.790260257692078,0.0,1.2242245714718377e-05,1.3800349714773441e-05,3.7442484592593416e-08,0.3214885685291677,12119376.006248392,-12.176370069501791
190.25,4,cGDL,-12.176283638375196,0.0,9.727106894991138,8.975270847054468,0.0014025787420929303,0.3964901724763782,8.577378095835996,0.00040049512371351334,0.0093232370606913,0.7902762678155952,0.0,1.2242624094640881e-05,1.3800776252140627e-05,3.744266857361945e-08,0.3214529875236883,12116244.371326685,-12.176292778632334
190.35,4,cGDL,-12.17620639492469,0.0,9.727170277992252,8.96050930897194,0.0014026165148878778,0.39598839774898115,8.56311829470807,0.00039998828055452644,0.009307737276856598,0.7902922744425889,0.0,1.2243002389799878e-05,1.3801202693956228e-05,3.7442852360672173e-08,0.3214174137697225,12113113.489180094,-12.17621558079499
190.45,4,cGDL,-12.176129235049075,0.0,9.727233659024748,8.945689004340574,0.0014026543914072431,0.3954869954857669,8.5487993544634,0.00039948181362198677,0.00929217321137326,0.7903083449750048,0.0,1.2243382167276038e-05,1.3801630806747536e-05,3.744303597370148e-08,0.3213816939102463,12109970.648139406,-12.17613847599433
190.54999999999998,4,cGDL,-12.176052150677037,0.0,9.727297038068867,8.930758668273752,0.001402692471525302,0.39498593299800505,8.534370042804222,0.0003989756898969748,0.00927648917696111,0.7903245351331419,0.0,1.2243764722613287e-05,1.3802062050945885e-05,3.744321942911518e-08,0.32134570116700734,12106805.339638619,-12.17606146496549
190.65,4,cGDL,-12.175975159669463,0.0,9.727360415113141,8.915831540073322,0.0014027305346309138,0.3944852828028915,8.5199435267358,0.00039846998262918335,0.009260808181234564,0.7903407218361364,0.0,1.2244147194236961e-05,1.3802493200776209e-05,3.7443402690572623e-08,0.3213097155806254,12103640.776175676,-12.175984547731789
190.75,4,cGDL,-12.175898262118835,0.0,9.727423790158078,8.900907614651599,0.0014027685807216916,0.3939850450054398,8.505519801065438,0.00039796469192468665,0.00924513021854939,0.790356905089526,0.0,1.2244529582264826e-05,1.380292425637126e-05,3.7443585757921664e-08,0.32127373713831353,12100476.956730764,-12.175907724308273
190.85,4,cGDL,-12.175821458114854,0.0,9.727487163204183,8.885986886922845,0.001402806609795526,0.3934852197119314,8.491098860601118,0.0003974598178908398,0.009229455283262085,0.7903730848988471,0.0,1.2244911886814841e-05,1.3803355217864004e-05,3.744376863101414e-08,0.32123776582728775,12097313.880284725,-12.175830994712886
190.95,4,cGDL,-12.175744747747217,0.0,9.72755053425196,8.871069351804488,0.0014028446218503077,0.3929858070298469,8.47668070015279,0.000396955360636209,0.009213783369731294,0.7903892612696325,0.0,1.2245294108004898e-05,1.3803786085387338e-05,3.744395130970169e-08,0.3212018016347693,12094151.545819318,-12.175754358966453
191.04999999999998,4,cGDL,-12.175668131105454,0.0,9.727613903301917,8.8561550042161,0.0014028826168839825,0.3924868070679654,8.462265314531251,0.0003964513202706721,0.009198114472316577,0.7904054342074128,0.0,1.2245676245952841e-05,1.3804216859074111e-05,3.744413379383602e-08,0.3211658445479823,12090989.952317016,-12.175677817092692
191.14999999999998,4,cGDL,-12.175591608278978,0.0,9.727677270354555,8.841243839079652,0.0014029205948945522,0.3919882199363022,8.447852698548456,0.00039594769690535575,0.009182448585378757,0.790421603717716,0.0,1.224605830077648e-05,1.3804647539057121e-05,3.744431608326881e-08,0.32112989455415447,12087829.09876104,-12.175601369118215
191.25,4,cGDL,-12.175515179356921,0.0,9.727740635410377,8.826335851319255,0.0014029585558799629,0.3914900457460752,8.4334428470173,0.00039544449065260123,0.009166785703279674,0.7904377698060677,0.0,1.2246440272593596e-05,1.3805078125469145e-05,3.744449817785198e-08,0.3210939516405167,12084668.984135319,-12.175525015072518
191.35,4,cGDL,-12.175438844428527,0.0,9.727803998469888,8.811431035861872,0.001402996499838216,0.3909922846098738,8.41903575475216,0.0003949417016261351,0.009151125820382784,0.7904539324779911,0.0,1.2246822161521908e-05,1.3805508618442877e-05,3.744468007743715e-08,0.3210580157943041,12081509.607424647,-12.175448754984409
191.45,4,cGDL,-12.175362603582698,0.0,9.727867359533587,8.796529387636605,0.0014030344267672579,0.39049493664142587,8.404631416568412,0.0003944393299408342,0.009135468931052621,0.7904700917390065,0.0,1.224720396767911e-05,1.3805939018110995e-05,3.7444861781876176e-08,0.3210220870027551,12078350.967614496,-12.175372561032004
191.54999999999998,4,cGDL,-12.175286456908225,0.0,9.727930718601975,8.781630901575172,0.001403072336665201,0.3899980019558022,8.390229827282704,0.0003939373757129315,0.009119815029655113,0.790486247594632,0.0,1.224758569118284e-05,1.3806369324606113e-05,3.744504329102101e-08,0.32098616525311197,12075193.063691176,-12.175296461175535
191.65,4,cGDL,-12.175210404493782,0.0,9.727994075675552,8.766735572611422,0.0014031102295299358,0.3895014806693278,8.375830981712564,0.0003934358390599271,0.009104164110557134,0.790502400050383,0.0,1.224796733215071e-05,1.38067995380608e-05,3.744522460472351e-08,0.32095025053262005,12072035.89464169,-12.175220456293536
191.75,4,cGDL,-12.175134446428046,0.0,9.728057430754816,8.75184339568136,0.001403148105359464,0.3890053728995321,8.361434874676469,0.00039293472010053747,0.009088516168126597,0.790518549111773,0.0,1.2248348890700281e-05,1.380722965860759e-05,3.744540572283536e-08,0.3209143428285275,12068879.459453737,-12.175144547291646
191.85,4,cGDL,-12.175058582799295,0.0,9.728120783840268,8.73695436572308,0.0014031859641518984,0.388509678765232,8.347041500993695,0.0003924340189547798,0.009072871196732278,0.7905346947843129,0.0,1.22487303669491e-05,1.3807659686378986e-05,3.744558664520872e-08,0.3208784421280853,12065723.757115722,-12.175068734222602
191.95000000000002,4,cGDL,-12.174982813695806,0.0,9.728184134932402,8.722068477677352,0.001403223805905296,0.3880143983865415,8.332650855484905,0.0003919337357439813,0.009057229190744462,0.7905508370735116,0.0,1.2249111761014657e-05,1.380808962150743e-05,3.744576737169546e-08,0.3208425484185487,12062568.78661688,-12.174993017142913
192.04999999999998,4,cGDL,-12.174907139205743,0.0,9.728247484031716,8.707185726486594,0.0014032616306177137,0.38751953188479477,8.318262932971182,0.0003914338705907018,0.009041590144533894,0.7905669759848755,0.0,1.2249493073014414e-05,1.380851946412534e-05,3.744594790214755e-08,0.32080666168717453,12059414.546947038,-12.174917403235009
192.14999999999998,4,cGDL,-12.174831559417157,0.0,9.728310831138707,8.692306107095904,0.0014032994382872088,0.3870250793826068,8.30387772827501,0.00039093442361879473,0.009025954052472838,0.7905831115239084,0.0,1.2249874303065786e-05,1.3808949214365067e-05,3.744612823641685e-08,0.32077078192122394,12056261.037096843,-12.174841885712892
192.24999999999997,4,cGDL,-12.174756074417871,0.0,9.728374176253867,8.677429614452334,0.0014033372289118384,0.3865310410038857,8.289495236219537,0.00039043539495341986,0.009010320908934279,0.7905992436961123,0.0,1.2250255451286165e-05,1.3809378872358948e-05,3.744630837435542e-08,0.3207349091079605,12053108.256057627,-12.174766464478825
192.35,4,cGDL,-12.174680684295538,0.0,9.728437519377692,8.662556243505232,0.0014033750024897151,0.3860374168737724,8.27511545162897,0.0003899367847209822,0.008994690708292358,0.7906153725069867,0.0,1.2250636517792904e-05,1.3809808438239271e-05,3.7446488315815414e-08,0.3206990432346511,12049956.202821443,-12.174691138705978
192.45,4,cGDL,-12.174605389137866,0.0,9.728500860510675,8.647685989206138,0.0014034127590190626,0.3855442071186778,8.260738369328442,0.0003894385930491695,0.00897906344492222,0.7906314979620286,0.0,1.2251017502703299e-05,1.3810237912138263e-05,3.744666806064867e-08,0.3206631842885656,12046804.876381071,-12.174615908461242
192.54999999999998,4,cGDL,-12.174530189032225,0.0,9.728564199653308,8.632818846508815,0.0014034504984978824,0.38505141186628844,8.246363984144029,0.000388940820066958,0.008963439113200031,0.7906476200667331,0.0,1.225139840613464e-05,1.3810667294188139e-05,3.744684760870735e-08,0.3206273322569769,12043654.275730023,-12.17454077381191
192.65,4,cGDL,-12.174455084065983,0.0,9.728627536806083,8.617954810369206,0.0014034882209242316,0.38455903124554663,8.231992290902735,0.00038844346590459256,0.008947817707502973,0.7906637388265925,0.0,1.2251779228204153e-05,1.3811096584521046e-05,3.74470269598435e-08,0.3205914871271612,12040504.399862511,-12.17446571484298
192.75,4,cGDL,-12.174380074326393,0.0,9.728690871969492,8.60309387574553,0.0014035259262965005,0.38406706538676044,8.217623284432474,0.0003879465306936974,0.008932199222209211,0.7906798542470971,0.0,1.2252159969029033e-05,1.3811525783269095e-05,3.744720611390908e-08,0.3205556488863973,12037355.24777352,-12.174390751763378
192.85,4,cGDL,-12.174305159900427,0.0,9.728754205144025,8.58823603759812,0.0014035636146126351,0.38357551442135035,8.203256959562157,0.00038745001456702056,0.008916583651697996,0.7906959663337351,0.0,1.225254062872646e-05,1.3811954890564374e-05,3.744738507075635e-08,0.3205198175219675,12034206.818458695,-12.174315884655284
192.95,4,cGDL,-12.174230340880115,0.0,9.728817536330169,8.5733812908895,0.0014036012858703595,0.3830843784821457,8.188893311121484,0.00038695391765873307,0.008900970990349439,0.7907120750919918,0.0,1.2252921207413132e-05,1.3812383906538442e-05,3.744756383022993e-08,0.3204839930211568,12031059.110914439,-12.174241113601141
193.05,4,cGDL,-12.174155654463505,0.0,9.728880865544143,8.558770678120974,0.001403638470489077,0.38259381198603004,8.174773227664454,0.0003864583959454849,0.00888562307354832,0.7907279185305062,0.0,1.2253295612214335e-05,1.3812805962859796e-05,3.7447742316159735e-08,0.3204487714815948,12027961.535547057,-12.174166438877796
193.15,4,cGDL,-12.174081064286213,0.0,9.728944192802402,8.54416683835491,0.0014036756308366538,0.38210366316706135,8.160659499557012,0.0003859632961283448,0.008870282064735882,0.7907437546391358,0.0,1.2253669842787264e-05,1.3813227822778371e-05,3.74479206031185e-08,0.3204135659095983,12024865.436682658,-12.17409186092197
193.24999999999997,4,cGDL,-12.174006569866265,0.0,9.729007518105673,8.529566099973959,0.001403712774054544,0.3816139298152558,8.146548457384649,0.0003854686159750059,0.008854943975418096,0.790759587408607,0.0,1.2254043991929125e-05,1.3813649590901922e-05,3.744809869212058e-08,0.3203783672249958,12021770.061720353,-12.174017379821773
193.35,4,cGDL,-12.173932171289266,0.0,9.729070841454442,8.514968458199458,0.0014037499001406384,0.3811246120686563,8.132440096230662,0.00038497435562490534,0.008839608800250719,0.7907754168441244,0.0,1.2254418059750677e-05,1.3814071267355307e-05,3.744827658301928e-08,0.32034317541570284,12018675.40971067,-12.173942995665119
193.45,4,cGDL,-12.17385786864071,0.0,9.729134162849194,8.500373908255284,0.0014037870090927163,0.3806357100665704,8.118334411179621,0.00038448051521875793,0.008824276533890892,0.7907912429508904,0.0,1.2254792046362624e-05,1.3814492852263323e-05,3.744845427566782e-08,0.32030799046963876,12015581.479704922,-12.173868708539766
193.54999999999998,4,cGDL,-12.173783662006088,0.0,9.729197482290415,8.485782445367734,0.0014038241009086128,0.3801472239496398,8.104231397317186,0.00038398709489862603,0.008808947170996942,0.7908070657341045,0.0,1.2255165951875638e-05,1.381491434575072e-05,3.744863176991935e-08,0.32027281237472627,12012488.270755207,-12.173794518533327
193.64999999999998,4,cGDL,-12.173709551470608,0.0,9.729260799778586,8.471194064765243,0.0014038611755862185,0.379659153859746,8.09013104972991,0.00038349409480782425,0.008793620706228163,0.790822885198964,0.0,1.225553977640034e-05,1.3815335747942202e-05,3.744880906562717e-08,0.3202376411188911,12009395.781914327,-12.17372042573325
193.75,4,cGDL,-12.173635537119424,0.0,9.729324115314194,8.456608761678202,0.001403898233123424,0.3791714999401064,8.076033363504973,0.00038300151509101655,0.008778297134244535,0.7908387013506646,0.0,1.2255913520047338e-05,1.3815757058962453e-05,3.744898616264452e-08,0.32020247669006124,12006304.01223577,-12.173646430226846
193.85,4,cGDL,-12.173561619037514,0.0,9.729387428897716,8.44202653133923,0.0014039352735181754,0.3786842623351568,8.061938333730556,0.0003825093558940978,0.008762976449707126,0.7908545141943988,0.0,1.225628718292718e-05,1.3816178278936093e-05,3.744916306082465e-08,0.32016731907616797,12003212.960773727,-12.173572532101248
193.95,4,cGDL,-12.173487797312646,0.0,9.72945074052964,8.427447368983234,0.0014039722967679191,0.37819744119065335,8.047845955495813,0.0003820176173642963,0.008747658647278058,0.7908703237353576,0.0,1.225666076515016e-05,1.3816599407987454e-05,3.744933976001667e-08,0.32013216826514573,12000122.626583155,-12.17349873144347
194.05,4,cGDL,-12.173414092368546,0.0,9.729514050219132,8.413004516347367,0.0014040090433007357,0.377711121965818,8.033889385338249,0.0003815263858240586,0.008732488462324184,0.7908859851518518,0.0,1.2257030898397501e-05,1.3817016649102639e-05,3.7449516218300884e-08,0.3200973537633548,11997060.322414156,-12.17342502834035
194.15,4,cGDL,-12.17334052380653,0.0,9.729577357992387,8.398825771194971,0.0014040452641416734,0.37722538665106603,8.020196339279764,0.0003810357440919859,0.00871760471660844,0.7909013595392996,0.0,1.2257394351833533e-05,1.381742636024871e-05,3.744969239544877e-08,0.32006319161418345,11994052.24508086,-12.173351422878595
194.24999999999997,4,cGDL,-12.17326705201765,0.0,9.729640663866912,8.3846501668839,0.001404081467633711,0.3767400683274873,8.006506017088778,0.00038054552356311846,0.008702723931618236,0.7909167305448187,0.0,1.2257757722522488e-05,1.3817835978116259e-05,3.744986837291847e-08,0.320029036447146,11991044.900057217,-12.173277915144745
194.35,4,cGDL,-12.17319367707944,0.0,9.729703967843191,8.370477699011815,0.001404117653774739,0.37625516714624746,7.992818414211793,0.00038005572439014896,0.008687846102404122,0.7909320981732058,0.0,1.2258121010566368e-05,1.381824550282027e-05,3.74500441505732e-08,0.319994888251064,11988038.28647364,-12.173204505225199
194.45,4,cGDL,-12.173120399126105,0.0,9.729767269921709,8.35630836317876,0.0014041538225560424,0.37577068325974533,7.979133526096459,0.0003795663467270155,0.00867297122401789,0.7909474624292552,0.0,1.2258484216062461e-05,1.381865493447041e-05,3.745021972819321e-08,0.3199607470147628,11985032.403461292,-12.173131193206217
194.54999999999998,4,cGDL,-12.173047581515277,0.0,9.729830570258901,8.344533931312954,0.0014041853147590544,0.37528814841316116,7.967841597585034,0.0003790789377910719,0.008660697388679384,0.7909602236735296,0.0,1.2258786872878366e-05,1.3818996111244703e-05,3.745039435840443e-08,0.3199325275863939,11982517.531355683,-12.173057979173894
194.64999999999998,4,cGDL,-12.172974511793313,0.0,9.729893868860785,8.330455890128668,0.0014042212829823986,0.37480455417042496,7.954247114675261,0.000378590458758005,0.008645920776820935,0.7909754887644211,0.0,1.2259147762874045e-05,1.381940293269438e-05,3.745056950732895e-08,0.31989861054898705,11979530.53971052,-12.172984863214186
194.75,4,cGDL,-12.172901530996171,0.0,9.729957165573895,8.316326719086534,0.0014042573395232627,0.3743213429533749,7.940601118793636,0.0003781023666195706,0.008631088172601779,0.7909908094607786,0.0,1.2259509942070674e-05,1.3819811207425122e-05,3.745074447283177e-08,0.31986456628086585,11976533.155797014,-12.172911845412903
194.85,4,cGDL,-12.172828601875665,0.0,9.730020460375554,8.301899742142036,0.001404293964894332,0.37383835694196393,7.926657091235177,0.00037761450196157974,0.008615931620907801,0.7910064538771306,0.0,1.2259879646865183e-05,1.3820227965557116e-05,3.745091933163881e-08,0.31982978475227003,11973474.814453661,-12.172838925855707
194.95,4,cGDL,-12.172755769946207,0.0,9.730083753246607,8.287475582702223,0.0014043305734895428,0.3733557887992712,7.912715463329462,0.00037712705939320324,0.008600777677532024,0.7910220952630749,0.0,1.2260249277169562e-05,1.3820644639718418e-05,3.7451093990018576e-08,0.3197950094041449,11970417.139371661,-12.172766104628113
195.05,4,cGDL,-12.172683035297325,0.0,9.7301470441875,8.273054235770973,0.0014043671653066747,0.372873638685132,7.898776229920534,0.00037664003907589093,0.008585626336870145,0.791037733624054,0.0,1.2260618833100053e-05,1.3821061230040061e-05,3.745126844781563e-08,0.31976024022382676,11967360.129561638,-12.172693381815492
195.15,4,cGDL,-12.172610398011841,0.0,9.730210333198677,8.258635696353956,0.00140440374034434,0.37239190676060374,7.884839385853008,0.000376153441172327,0.008570477593318486,0.7910533689655092,0.0,1.226098831477341e-05,1.3821477736653663e-05,3.745144270488401e-08,0.3197254771986537,11964303.78403485,-12.172620757503074
195.25,4,cGDL,-12.172537858172632,0.0,9.730273620280583,8.244219959458825,0.0014044402986012061,0.3719105931881329,7.8709049259720905,0.0003756672658465989,0.008555331441274011,0.7910690012928795,0.0,1.2261357722306351e-05,1.3821894159690795e-05,3.7451616761077526e-08,0.31969072031596635,11961248.101803252,-12.172548231775933
195.35,4,cGDL,-12.172465415862348,0.0,9.730336905433656,8.229807020094864,0.0014044768400757746,0.37142969813140697,7.856972845123381,0.00037518151326404746,0.00854018787513411,0.7910846306116018,0.0,1.226172705581555e-05,1.3822310499282985e-05,3.745179061625027e-08,0.31965596956310693,11958193.081879402,-12.172475804719012
195.45,4,cGDL,-12.17239307116347,0.0,9.730400188658342,8.215396873273386,0.001404513364766824,0.3709492217554356,7.843043138153184,0.0003746961835913491,0.00852504688929694,0.7911002569271118,0.0,1.2262096315417688e-05,1.382272675556176e-05,3.745196427025617e-08,0.3196212249274202,11955138.72327655,-12.172403476417106
195.54999999999998,4,cGDL,-12.172320824158533,0.0,9.73046346995508,8.200989514007238,0.0014045498726728556,0.3704691642265246,7.829115799908041,0.0003742112769964895,0.008509908478160914,0.7911158802448427,0.0,1.2262465501229384e-05,1.382314292865858e-05,3.7452137722949063e-08,0.3195864863962522,11952085.025008539,-12.17233124695477
195.64999999999998,4,cGDL,-12.17224867492979,0.0,9.730526749324312,8.186584937311508,0.001404586363792537,0.3699895257123225,7.815190825235393,0.00037372679364881063,0.008494772636125428,0.7911315005702259,0.0,1.226283461336724e-05,1.382355901870489e-05,3.745231097418295e-08,0.31955175395695207,11949031.986089962,-12.172259115688739
195.75,4,cGDL,-12.17217662355938,0.0,9.730590026766475,8.172183138202719,0.0014046228381246473,0.36951030638172927,7.801268208982865,0.00037324273371891844,0.008479639357590071,0.791147117908691,0.0,1.2263203651947837e-05,1.3823975025832108e-05,3.745248402381178e-08,0.31951702759687006,11945979.605535965,-12.172187082690337
195.85,4,cGDL,-12.172104670129443,0.0,9.73065330228201,8.157784111699442,0.0014046592956677428,0.3690315064050252,7.787347945998749,0.0003727590973788133,0.008464508636955161,0.7911627322656661,0.0,1.2263572617087723e-05,1.3824390950171615e-05,3.745265687168941e-08,0.319482307303359,11942927.882362414,-12.172115148041895
195.95,4,cGDL,-12.172032814722002,0.0,9.730716575871353,8.143387852822038,0.0014046957364204915,0.3685531259537171,7.7734300311319,0.0003722758848017344,0.00844938046862163,0.7911783436465767,0.0,1.226394150890339e-05,1.3824806791854732e-05,3.745282951766962e-08,0.3194475930637736,11939876.815585801,-12.172043311825622
196.04999999999998,4,cGDL,-12.171961057418798,0.0,9.730779847534942,8.128994356593623,0.0014047321603817275,0.3680751652007265,7.7595144592325145,0.00037179309616235,0.008434254846991864,0.7911939520568458,0.0,1.2264310327511321e-05,1.3825222551012762e-05,3.74530019616064e-08,0.3194128848654729,11936826.404223483,-12.171971574123598
196.15,4,cGDL,-12.17188939830163,0.0,9.730843117273212,8.114603618039581,0.0014047685675499522,0.3675976243201991,7.745601225151832,0.0003713107316365647,0.008419131766469383,0.7912095575018941,0.0,1.2264679073027929e-05,1.3825638227776935e-05,3.745317420335349e-08,0.3193781826958193,11933776.647293545,-12.171899935017773
196.25,4,cGDL,-12.171817837452068,0.0,9.730906385086602,8.100215632187105,0.0014048049579239996,0.36712050348763486,7.731690323741546,0.0003708287914016514,0.008404011221458202,0.7912251599871403,0.0,1.2265047745569607e-05,1.3826053822278468e-05,3.745334624276481e-08,0.3193434865421768,11930727.543814724,-12.171828394589985
196.35,4,cGDL,-12.171746374951624,0.0,9.730969650975542,8.085830394065356,0.0014048413315025932,0.36664380287983495,7.717781749854018,0.0003703472756361969,0.008388893206363063,0.7912407595180008,0.0,1.2265416345252716e-05,1.3826469334648517e-05,3.745351807969414e-08,0.31930879639191206,11927679.092806447,-12.17175695292194
196.45,4,cGDL,-12.171675010881756,0.0,9.731032914940467,8.071447898705234,0.001404877688284345,0.36616752267493735,7.703875498342012,0.00036986618452013875,0.008373777715589144,0.7912563560998908,0.0,1.2265784872193581e-05,1.382688476501822e-05,3.745368971399516e-08,0.3192741122323935,11924631.293288782,-12.171685610095224
196.54999999999998,4,cGDL,-12.171603745323637,0.0,9.731096176981813,8.057068141139315,0.0014049140282682004,0.3656916630524058,7.689971564058641,0.00036938551823475336,0.008358664743542,0.7912719497382233,0.0,1.2266153326508527e-05,1.3827300113518704e-05,3.745386114552179e-08,0.31923943405099103,11921584.144282416,-12.171614366191239
196.64999999999998,4,cGDL,-12.171532578358551,0.0,9.73115943710001,8.04269111640197,0.0014049503514527717,0.36521622419297534,7.676069941857542,0.00036890527696260134,0.008343554284627764,0.7912875404384097,0.0,1.226652170831381e-05,1.3827715380281023e-05,3.7454032374127587e-08,0.31920476183507684,11918537.644808678,-12.171543220882919
196.74999999999997,4,cGDL,-12.171461510067445,0.0,9.731222695295488,8.028316819529612,0.0014049866578368375,0.3647412062787637,7.662170626593012,0.00036842546088764014,0.008328446333253274,0.7913031282058591,0.0,1.2266890017725688e-05,1.3828130565436232e-05,3.7454203399666416e-08,0.3191700955720253,11915491.793889612,-12.171472110403261
196.85,4,cGDL,-12.171390540531377,0.0,9.731285951568681,8.013945245560526,0.0014050229474191211,0.36426660949316864,7.6482736131199385,0.0003679460701951198,0.00831334088382602,0.7913187130459789,0.0,1.2267258254860363e-05,1.3828545669115316e-05,3.7454374221991837e-08,0.3191354352492131,11912446.590547912,-12.171401098743345
196.95,4,cGDL,-12.17131966983112,0.0,9.731349205920017,7.9995763895352585,0.0014050592201984569,0.3637924340209217,7.634378896294138,0.0003674671050716381,0.008298237930754498,0.791334294964174,0.0,1.2267626419834008e-05,1.3828960691449246e-05,3.745454484095753e-08,0.3191007808540201,11909402.033807032,-12.171330185995188
197.04999999999998,4,cGDL,-12.171248898047281,0.0,9.731412458349924,7.985210246496206,0.0014050954761736234,0.3633186800480904,7.620486470971942,0.00036698856570514186,0.008283137468447763,0.7913498739658471,0.0,1.2267994512762776e-05,1.3829375632568947e-05,3.7454715256417366e-08,0.3190661323738281,11906358.122691078,-12.171259372239968
197.15,4,cGDL,-12.17117822526069,0.0,9.731475708858833,7.970846811487446,0.001405131715343455,0.3628453477620576,7.606596332010045,0.0003665104522849067,0.008268039491315266,0.7913654500563999,0.0,1.2268362533762767e-05,1.3829790492605302e-05,3.745488546822465e-08,0.3190314897960204,11903314.856224785,-12.1711886504357
197.25,4,cGDL,-12.171107651551779,0.0,9.731538957447167,7.956486079554921,0.0014051679377067305,0.3623724373515598,7.592708474265654,0.0003660327650015755,0.008252943993767015,0.7913810232412315,0.0,1.2268730482950069e-05,1.383020527168917e-05,3.7455055476233006e-08,0.31899685310798276,11900272.23343356,-12.1711180275116
197.35,4,cGDL,-12.171037177000812,0.0,9.731602204115358,7.942128045746411,0.0014052041432622286,0.3618999490066132,7.578822892596536,0.00036555550404708407,0.008237850970213626,0.7913965935257393,0.0,1.226909836044075e-05,1.383061996995139e-05,3.745522528029621e-08,0.3189622222971027,11897230.253343455,-12.171047503711398
197.45,4,cGDL,-12.17096680168828,0.0,9.73166544886383,7.927772705111431,0.0014052403320087836,0.36142788291861266,7.564939581860809,0.00036507866961476025,0.008222760415066097,0.7914121609153192,0.0,1.2269466166350818e-05,1.383103458752274e-05,3.7455394880267496e-08,0.31892759735076964,11894188.914981177,-12.170977080010694
197.55,4,cGDL,-12.170896525694218,0.0,9.731728691693005,7.913420052701272,0.0014052765039453963,0.3609562392802672,7.5510585369170595,0.0003646022618992598,0.008207672322735934,0.7914277254153649,0.0,1.2269833900796284e-05,1.3831449124533994e-05,3.7455564276000545e-08,0.3188929782563748,11891148.217374077,-12.17090675649415
197.64999999999998,4,cGDL,-12.170826349098775,0.0,9.731791932603313,7.899070083569159,0.0014053126590706788,0.36048501828560525,7.537179752624483,0.000364126281096571,0.008192586687635308,0.7914432870312681,0.0,1.2270201563893105e-05,1.3831863581115864e-05,3.745573346734873e-08,0.31885836500131176,11888108.159550173,-12.170836533246169
197.74999999999997,4,cGDL,-12.170756271981872,0.0,9.731855171595171,7.8847227927704635,0.0014053487973835765,0.360014220130012,7.523303223843068,0.00036365072740405255,0.008177503504177248,0.7914588457684187,0.0,1.2270569155757217e-05,1.3832277957399045e-05,3.745590245416554e-08,0.31882375757297676,11885068.740538228,-12.170766410351032
197.85,4,cGDL,-12.17068629442349,0.0,9.731918408669008,7.870378175362806,0.0014053849188830347,0.3595438450101987,7.509428945433724,0.00036317560102040275,0.008162422766775788,0.7914744016322038,0.0,1.2270936676504493e-05,1.3832692253514156e-05,3.745607123630417e-08,0.31878915595876917,11882029.959367733,-12.170696387892889
197.95,4,cGDL,-12.170616416503265,0.0,9.731981643825241,7.856036226405357,0.0014054210235677767,0.3590738931242198,7.49555691225757,0.00036270090214567656,0.008147344469845184,0.7914899546280092,0.0,1.227130412625081e-05,1.3833106469591823e-05,3.7456239813618154e-08,0.3187545601460896,11878991.815068796,-12.170626465955767
198.04999999999998,4,cGDL,-12.170546638300834,0.0,9.732044877064293,7.841696940959158,0.001405457111436803,0.35860436467145895,7.481687119176263,0.0003622266309812717,0.008132268607800286,0.7915055047612185,0.0,1.2271671505112002e-05,1.383352060576262e-05,3.745640818596085e-08,0.31871997012234077,11875954.306672182,-12.170556644623572
198.15,4,cGDL,-12.170476959895893,0.0,9.732108108386583,7.82736031408706,0.0014054931824888373,0.35813525985264494,7.467819561051926,0.0003617527877299444,0.008117195175056442,0.7915210520372136,0.0,1.2272038813203852e-05,1.3833934662157069e-05,3.745657635318531e-08,0.31868538587492745,11872917.433209319,-12.170486923980079
198.25,4,cGDL,-12.170407381367738,0.0,9.732171337792535,7.813026340854065,0.0014055292367230465,0.3576665788698578,7.453954232747484,0.00036127937259581596,0.008102124166029874,0.7915365964613744,0.0,1.227240605064215e-05,1.3834348638905695e-05,3.745674431514502e-08,0.318650807391257,11869881.193712363,-12.17041730410894
198.35,4,cGDL,-12.170337902795836,0.0,9.732234565282562,7.798695016327049,0.0014055652741380986,0.35719832192652373,7.440091129126388,0.0003608063857843674,0.008087055575137378,0.7915521380390783,0.0,1.2272773217542603e-05,1.3834762536138936e-05,3.745691207169301e-08,0.3186162346587391,11866845.587214138,-12.170347785093684
198.45,4,cGDL,-12.170268524259313,0.0,9.732297790857084,7.784366335574688,0.0014056012947331054,0.3567304892273776,7.426230245052578,0.0003603338275024016,0.00807198939679628,0.7915676767757013,0.0,1.2273140314020935e-05,1.3835176353987236e-05,3.745707962268253e-08,0.318581667664785,11863810.612748116,-12.170278367017714
198.55,4,cGDL,-12.17019924583741,0.0,9.732361014516519,7.770040293667348,0.0014056372985068455,0.3562630809785242,7.412371575390317,0.00035986169795810527,0.008056925625424257,0.7915832126766177,0.0,1.2273507340192812e-05,1.3835590092580989e-05,3.7457246967966655e-08,0.31854710639680806,11860776.269348413,-12.170209049964319
198.64999999999998,4,cGDL,-12.170130067609136,0.0,9.732424236261283,7.755716885677295,0.0014056732854583198,0.3557960973874324,7.398515115004404,0.0003593899973610428,0.00804186425543957,0.7915987457471994,0.0,1.2273874296173872e-05,1.383600375205055e-05,3.7457414107398426e-08,0.3185125508422234,11857742.556049818,-12.170139834016659
198.74999999999997,4,cGDL,-12.17006098965345,0.0,9.732487456091791,7.741396106678487,0.0014057092555864736,0.3553295386628962,7.384660858760005,0.00035891872592211735,0.008026805281260875,0.7916142759928171,0.0,1.2274241182079746e-05,1.3836417332526256e-05,3.745758104083088e-08,0.31847800098844786,11854709.471887752,-12.170070719257769
198.85,4,cGDL,-12.169992012049079,0.0,9.732550674008458,7.727077951746651,0.0014057452088901967,0.35486340501506947,7.370808801522691,0.0003584478838536055,0.008011748697307274,0.7916298034188392,0.0,1.2274607998026013e-05,1.3836830834138415e-05,3.7457747768117137e-08,0.3184434568229002,11851677.01589829,-12.170001705770568
198.95,4,cGDL,-12.16992313487492,0.0,9.732613890011699,7.712762415960381,0.0014057811453684899,0.35439769665544274,7.35695893815957,0.0003579774713691341,0.007996694497999533,0.7916453280306314,0.0,1.2274974744128203e-05,1.3837244257017247e-05,3.745791428910995e-08,0.3184089183330037,11848645.18711838,-12.169932793637855
199.04999999999998,4,cGDL,-12.169854358209534,0.0,9.732677104101924,7.698449494400257,0.0014058170650203539,0.35393241379689827,7.343111263538338,0.00035750748868373564,0.007981642677759063,0.7916608498335573,0.0,1.2275341420501819e-05,1.3837657601292959e-05,3.745808060366233e-08,0.31837438550618397,11845613.984585665,-12.169863982942308
199.14999999999998,4,cGDL,-12.169785681644157,0.0,9.732740316279548,7.684139182148477,0.001405852967903909,0.3534675566535586,7.329265772527014,0.0003570379360136956,0.007966593231007624,0.7916763688329786,0.0,1.227570802730243e-05,1.3838070867140922e-05,3.7458246712338704e-08,0.31833985832986794,11842583.407338383,-12.169795273766482
199.25,4,cGDL,-12.169713889343939,0.0,9.732803525107647,7.647735385076863,0.0014059318932671538,0.3529889546827429,7.293340498500853,0.0003565544996795383,0.007927544020109622,0.7917159014802109,0.0,1.2276633436694145e-05,1.3839114055909766e-05,3.7458419317671456e-08,0.3182506932359193,11835024.055913663,-12.16972666619282
199.35,4,cGDL,-12.169645457361923,0.0,9.732866730610654,7.633798575017635,0.0014059670466378682,0.3525251846499181,7.279867423321079,0.00035608604510092737,0.007912899373175086,0.791731014581724,0.0,1.2276990595746177e-05,1.3839516671568416e-05,3.7458584916428244e-08,0.3182170881256361,11832070.222264815,-12.169658160303635
199.45,4,cGDL,-12.16957712692357,0.0,9.732929934250357,7.619864666083503,0.0014060021824897628,0.3520618412057843,7.266396822695229,0.00035561802141998415,0.007898257415973074,0.791746124562607,0.0,1.2277347677531494e-05,1.3839919200126412e-05,3.7458750307070154e-08,0.3181834893862204,11829117.073866248,-12.169589756181134
199.55,4,cGDL,-12.169508897609774,0.0,9.7329931360272,7.605933654028969,0.0014060373008809024,0.35159892457035985,7.252928692157728,0.00035515042885894937,0.007883618143649705,0.7917612314274914,0.0,1.2277704682189421e-05,1.3840321641740803e-05,3.745891549017589e-08,0.3181498970067514,11826164.609895166,-12.169521453907395
199.65,4,cGDL,-12.169440769497669,0.0,9.733056335941628,7.592005534611811,0.001406072401809233,0.3511364349650936,7.239463027244908,0.0003546832676415087,0.007868981551353162,0.7917763351810053,0.0,1.2278061609818326e-05,1.3840723996522474e-05,3.74590804655994e-08,0.31811631097631404,11823212.829529777,-12.16945325356439
199.75,4,cGDL,-12.169372742664109,0.0,9.733119533994081,7.578080303591979,0.0014061074852724231,0.35067437261281326,7.225999823493893,0.00035421653799274066,0.007854347634232492,0.7917914358277748,0.0,1.227841846051657e-05,1.3841126264582318e-05,3.7459245233194695e-08,0.318082731283996,11820261.731949013,-12.169385155233972
199.84999999999997,4,cGDL,-12.169304817185889,0.0,9.733182730185003,7.564157956731943,0.00140614255126853,0.3502127377377165,7.212539076442958,0.00035375024013910755,0.007839716387437998,0.791806533372423,0.0,1.2278775234382461e-05,1.3841528446031137e-05,3.745940979281579e-08,0.3180491579188885,11817311.316332621,-12.169317158997869
199.95,4,cGDL,-12.169236993139805,0.0,9.733245924514835,7.55023848979636,0.001406177599795444,0.3497515305653077,7.199080781631257,0.0003532843743083916,0.007825087806120932,0.7918216278195708,0.0,1.2279131931514247e-05,1.3841930540979697e-05,3.7459574144316516e-08,0.31801559087008574,11814361.581861079,-12.169249264937703
200.04999999999998,4,cGDL,-12.169169270602424,0.0,9.73330911698402,7.536321898552289,0.0014062126308509448,0.3492907513225534,7.185624934598884,0.0003528189407298519,0.00781046188543357,0.7918367191738367,0.0,1.2279488552010152e-05,1.3842332549538719e-05,3.745973828755079e-08,0.31798203012668513,11811412.527715659,-12.169181473134973
200.14999999999998,4,cGDL,-12.169101649650258,0.0,9.733372307592996,7.5224081787689965,0.001406247644433034,0.3488304002377058,7.172171530886858,0.00035235393963404626,0.007795838620529193,0.7918518074398367,0.0,1.2279845095968347e-05,1.3842734471818865e-05,3.7459902222372434e-08,0.3179484756777872,11808464.153078366,-12.169113783671081
200.25,4,cGDL,-12.169034130359819,0.0,9.733435496342203,7.508497326218194,0.0014062826405395468,0.34837047754042516,7.158720566037229,0.00035188937125295473,0.007781218006562206,0.7918668926221849,0.0,1.228020156348696e-05,1.3843136307930756e-05,3.746006594863508e-08,0.3179149275124956,11805516.457132008,-12.169046196627288
200.35,4,cGDL,-12.168966712807332,0.0,9.73349868323208,7.494589336673926,0.001406317619168429,0.3479109834617572,7.145272035593,0.00035142523581995676,0.0077666000386880435,0.791881974725492,0.0,1.2280557954664078e-05,1.3843538057984961e-05,3.7460229466192544e-08,0.3178813856199173,11802569.439060157,-12.168978712084767
200.45,4,cGDL,-12.168899397069254,0.0,9.733561868263067,7.480684205912488,0.0014063525803176824,0.3474519182340931,7.131825935098077,0.000350961533569791,0.007751984712063127,0.791897053754367,0.0,1.2280914269597727e-05,1.3843939722091982e-05,3.7460392774898204e-08,0.31784784998916243,11799623.098047143,-12.168911330124557
200.54999999999998,4,cGDL,-12.168832183221525,0.0,9.733625051435597,7.466781929712439,0.0014063875239850865,0.3469932820912108,7.118382260097243,0.00035049826473859674,0.007737372021844829,0.7919121297134166,0.0,1.2281270508385922e-05,1.3844341300362312e-05,3.746055587460593e-08,0.3178143206093437,11796677.43327805,-12.168844050827602
200.65,4,cGDL,-12.168765071340317,0.0,9.73368823275011,7.452882503854819,0.0014064224501685874,0.3465350752682575,7.104941006136393,0.00035003542956389645,0.007722761963191731,0.7919272026072444,0.0,1.2281626671126599e-05,1.3844742792906347e-05,3.7460718765169036e-08,0.31778079746957794,11793732.443938766,-12.168776874274725
200.75,4,cGDL,-12.168698061501686,0.0,9.733751412207042,7.4389859241228615,0.0014064573588662976,0.3460772980017757,7.0915021687622195,0.00034957302828462193,0.007708154531263282,0.7919422724404521,0.0,1.228198275791766e-05,1.3845144199834452e-05,3.746088144644093e-08,0.31774728055898416,11790788.129215917,-12.168709800546635
200.85,4,cGDL,-12.168631153781291,0.0,9.733814589806824,7.425092186303019,0.0014064922500759969,0.3456199505296547,7.078065743523288,0.0003491110611410654,0.007693549721220965,0.791957339217638,0.0,1.2282338768856968e-05,1.3845545521256947e-05,3.74610439182752e-08,0.3177137698666872,11787844.488297086,-12.168642829723938
200.95,4,cGDL,-12.168564348255131,0.0,9.733877765549897,7.411201286185119,0.0014065271237956867,0.3451630330912197,7.064631725970104,0.0003486495283749694,0.007678947528228374,0.7919724029433967,0.0,1.2282694704042265e-05,1.384594675728401e-05,3.746120618052497e-08,0.31768026538181743,11784901.520370848,-12.168575961887129
201.04999999999998,4,cGDL,-12.168497644998865,0.0,9.73394093943669,7.397313219561603,0.0014065619800232576,0.34470654592711675,7.051200111654463,0.00034818843022941083,0.007664347947450504,0.7919874636223201,0.0,1.228305056357128e-05,1.3846347908025806e-05,3.7461368233043545e-08,0.31764676709350903,11781959.224626599,-12.16850919711658
201.14999999999998,4,cGDL,-12.168431044088038,0.0,9.73400411146764,7.383427982226935,0.0014065968187568778,0.3442504892794189,7.037770896128759,0.000347727766948908,0.007649750974052999,0.7920025212589982,0.0,1.2283406347541699e-05,1.3846748973592462e-05,3.746153007568418e-08,0.31761327499089875,11779017.600254444,-12.168442535492577
201.24999999999997,4,cGDL,-12.168364545598195,0.0,9.734067281643174,7.3695455699781265,0.0014066316399942713,0.3437948633915649,7.024344074946567,0.0003472675387793585,0.00763515660320279,0.7920175758580179,0.0,1.2283762056051149e-05,1.3847149954094021e-05,3.746169170830002e-08,0.3175797890631269,11776076.646445317,-12.168375977095272
201.35,4,cGDL,-12.16829814960488,0.0,9.734130449963729,7.355665978614417,0.0014066664437335508,0.34333966850839537,7.010919643662288,0.00034680774596807613,0.0076205648300677045,0.7920326274239643,0.0,1.2284117689197204e-05,1.3847550849640483e-05,3.746185313074388e-08,0.3175463092993366,11773136.362390893,-12.168309522004732
201.45,4,cGDL,-12.168231856183297,0.0,9.734193616429732,7.341789203937347,0.0014067012299726622,0.3428849048761057,6.997497597831269,0.0003463483887637431,0.007605975649816596,0.7920476759614197,0.0,1.2284473247077422e-05,1.3847951660341823e-05,3.746201434286907e-08,0.3175128356886742,11770196.747283613,-12.168243170300894
201.54999999999998,4,cGDL,-12.168165665408821,0.0,9.734256781041616,7.327915241750855,0.0014067359987096073,0.34243057274233796,6.984077933009807,0.000345889467416503,0.007591389057619356,0.7920627214749641,0.0,1.228482872978929e-05,1.3848352386307925e-05,3.746217534452831e-08,0.3174793682202892,11767257.800316716,-12.168176922063608
201.65,4,cGDL,-12.168099577356543,0.0,9.734319943799807,7.314044087861166,0.0014067707499424431,0.3419766723560692,6.970660644755155,0.0003454309821778477,0.0075768050486469075,0.7920777639691753,0.0,1.2285184137430272e-05,1.384875302764867e-05,3.746233613557451e-08,0.3174459068833344,11764319.520684196,-12.1681107773726
201.75,4,cGDL,-12.168033592101665,0.0,9.734383104704738,7.300175738077113,0.0014068054836689492,0.341523203967712,6.957245728625732,0.00034497293330071924,0.007562223618071447,0.7920928034486279,0.0,1.228553947009775e-05,1.3849153584473829e-05,3.7462496715860394e-08,0.317412451666966,11761381.907580888,-12.168044736317057
201.85,4,cGDL,-12.167967709719107,0.0,9.734446263756837,7.286310188210377,0.0014068401998874047,0.3410701678290525,6.9438331801814375,0.0003445153210394469,0.00754764476106678,0.7921078399178939,0.0,1.228589472788908e-05,1.3849554056893146e-05,3.7462657085238715e-08,0.317379002560345,11758444.9602025,-12.167978862035001
201.95,4,cGDL,-12.167901930283733,0.0,9.734509420956527,7.272447434074784,0.0014068748985956447,0.34061756419325645,6.930422994982932,0.000344058145649754,0.007533068472807535,0.7921228733815427,0.0,1.2286249910901566e-05,1.384995444501631e-05,3.746281724356222e-08,0.3173455595526348,11755508.677745475,-12.167913041438128
202.05,4,cGDL,-12.167836253870519,0.0,9.73457257630424,7.258587471486972,0.0014069095797917819,0.34016539331491774,6.917015168592262,0.0003436014073888058,0.00751849474846985,0.7921379038441414,0.0,1.2286605019232441e-05,1.3850354748952932e-05,3.746297719068328e-08,0.31731212263300324,11752573.059407137,-12.167847323673254
202.14999999999998,4,cGDL,-12.1677706805541,0.0,9.734635729800397,7.244730296266271,0.0014069442434737622,0.3397136554500283,6.903609696572769,0.0003431451065151801,0.007503923583231271,0.7921529313102535,0.0,1.2286960052978895e-05,1.3850754968812574e-05,3.7463136926454515e-08,0.31727869179062207,11749638.104385661,-12.167781708824462
202.24999999999997,4,cGDL,-12.16770521040928,0.0,9.734698881445427,7.2308759042340895,0.0014069788896395874,0.3392623508559567,6.890206574488493,0.00034268924328884515,0.007489354972270101,0.7921679557844411,0.0,1.2287315012238087e-05,1.3851155104704752e-05,3.746329645072817e-08,0.31724526701466577,11746703.811879938,-12.16771619696757
202.35,4,cGDL,-12.167639843510528,0.0,9.734762031239752,7.21702429121466,0.001407013518287481,0.3388114797915101,6.876805797904862,0.00034223381797122233,0.007474788910766155,0.7921829772712626,0.0,1.22876698971071e-05,1.3851555156738913e-05,3.746345576335674e-08,0.31721184829431276,11743770.18108975,-12.167650788178326
202.45,4,cGDL,-12.167574579932307,0.0,9.734825179183797,7.203175453034884,0.0014070481294152781,0.33836104251686216,6.863407362388607,0.0003417788308251133,0.0074602253939006595,0.7921979957752743,0.0,1.228802470768299e-05,1.3851955125024461e-05,3.7463614864192524e-08,0.3171784356187458,11740837.211215703,-12.167585482532392
202.54999999999998,4,cGDL,-12.167509419749251,0.0,9.734888325277986,7.189329385524812,0.0014070827230210359,0.33791103929359756,6.850011263508193,0.00034132428211474503,0.007445664416856732,0.7922130113010286,0.0,1.2288379444062701e-05,1.3852355009670682e-05,3.746377375308742e-08,0.3171450289771526,11737904.901459366,-12.167520280105357
202.65,4,cGDL,-12.167444363035543,0.0,9.734951469522741,7.175486084516698,0.0014071172991028669,0.33746147038475044,6.836617496832845,0.0003408701721058085,0.00743110597481831,0.7922280238530759,0.0,1.2288734106343187e-05,1.3852754810786864e-05,3.746393242989372e-08,0.31711162835872353,11734973.251023063,-12.167455180972732
202.75,4,cGDL,-12.167379409865418,0.0,9.735014611918482,7.161645545845218,0.0014071518576588282,0.33701233605470327,6.823226057932856,0.0003404165010653568,0.007416550062970495,0.7922430334359643,0.0,1.2289088694621323e-05,1.3853154528482218e-05,3.74640908944635e-08,0.31707823375265265,11732042.259109896,-12.167390185209962
202.85,4,cGDL,-12.167314560313173,0.0,9.735077752465632,7.147807765347276,0.001407186398686977,0.3365636365693031,6.8098369423792855,0.0003399632692619223,0.007401996676499223,0.7922580400542389,0.0,1.2289443208993944e-05,1.38535541628659e-05,3.746424914664853e-08,0.31704484514813647,11729111.92492374,-12.167325292892397
202.95,4,cGDL,-12.167249814452873,0.0,9.73514089116461,7.133972738862919,0.001407220922185315,0.336115372195764,6.79645014574497,0.0003395104769654182,0.007387445810592358,0.7922730437124422,0.0,1.2289797649557824e-05,1.3853953714047004e-05,3.74644071863007e-08,0.3170114625343769,11726182.247669406,-12.167260504095333
203.05,4,cGDL,-12.16718517235853,0.0,9.735204028015836,7.12014046223515,0.0014072554281519545,0.3356675432027422,6.783065663604256,0.00033905812444721435,0.007372897460439409,0.7922880444151134,0.0,1.2290152016409676e-05,1.3854353182134544e-05,3.7464565013271744e-08,0.3169780859005802,11723253.226552615,-12.16719581889398
203.14999999999998,4,cGDL,-12.167120634104037,0.0,9.735267163019731,7.106310931309304,0.0014072899165849528,0.3352201498603002,6.769683491532419,0.0003386062119801012,0.0073583516212308905,0.792303042166789,0.0,1.229050630964617e-05,1.38547525672375e-05,3.746472262741352e-08,0.3169447152359561,11720324.86077987,-12.167131237363442
203.24999999999997,4,cGDL,-12.167056199763351,0.0,9.73533029617671,7.092484141933138,0.0014073243874824226,0.3347731924399186,6.756303625105737,0.00033815473983830164,0.00734380828815841,0.7923180369720033,0.0,1.2290860529363915e-05,1.3855151869464777e-05,3.7464880028577416e-08,0.31691135052971725,11717397.149558468,-12.16706675957874
203.35,4,cGDL,-12.166991869410253,0.0,9.73539342748719,7.078660089956723,0.0014073588408423654,0.33432667121449494,6.742926059901386,0.00033770370829746963,0.00732926745641455,0.792333028835288,0.0,1.2291214675659485e-05,1.3855551088925238e-05,3.746503721661492e-08,0.31687799177107967,11714470.092096483,-12.16700238561482
203.45,4,cGDL,-12.166927643118413,0.0,9.735456556951592,7.0648387712323455,0.0014073932766628938,0.3338805864583326,6.72955079149735,0.0003372531176346794,0.007314729121192772,0.7923480177611726,0.0,1.2291568748629411e-05,1.3855950225727701e-05,3.746519419137762e-08,0.31684463894926196,11711543.68760275,-12.166938115546555
203.54999999999998,4,cGDL,-12.166863520961556,0.0,9.735519684570328,7.051020181614805,0.0014074276949421205,0.3334349384471897,6.7161778154726735,0.00033680296812847445,0.007300193277687689,0.7923630037541839,0.0,1.2291922748370169e-05,1.3856349279980917e-05,3.7465350952716637e-08,0.31681129205348635,11708617.935286913,-12.166873949448743
203.64999999999998,4,cGDL,-12.166799503013124,0.0,9.735582810343814,7.037204316961047,0.001407462095678158,0.3329897274582145,6.702807127407154,0.0003363532600588025,0.0072856599210947325,0.7923779868188465,0.0,1.2292276674978198e-05,1.3856748251793605e-05,3.74655075004834e-08,0.3167779510729776,11705692.834359366,-12.166809887396102
203.75,4,cGDL,-12.166735589346729,0.0,9.735645934272465,7.0233911731304985,0.001407496478869008,0.3325449537700154,6.689438722881614,0.00033590399370708626,0.00727112904661045,0.7923929669596825,0.0,1.2292630528549882e-05,1.3857147141274411e-05,3.746566383452888e-08,0.31674461599696396,11702768.384031322,-12.166745929463282
203.85,4,cGDL,-12.166671780035756,0.0,9.735709056356697,7.009580745984786,0.0014075308445128942,0.3321006176625641,6.676072597477709,0.00033545516935612533,0.007256600649432292,0.7924079441812115,0.0,1.2292984309181561e-05,1.3857545948531942e-05,3.746581995470414e-08,0.31671128681467653,11699844.583514728,-12.166682075724866
203.95,4,cGDL,-12.16660807515342,0.0,9.735772176596921,6.9957730313877775,0.0014075651926078736,0.3316567194173342,6.662708746777835,0.0003350067872902366,0.0072420747247585165,0.7924229184879513,0.0,1.2293338016969557e-05,1.3857944673674773e-05,3.7465975860860364e-08,0.31667796351534905,11696921.43202231,-12.166618326255348
204.05,4,cGDL,-12.166544474773218,0.0,9.73583529499355,6.981968025206006,0.0014075995231520033,0.331213259317185,6.649347166365669,0.00033455884779513633,0.007227551267788771,0.7924378898844162,0.0,1.2293691652010083e-05,1.3858343316811368e-05,3.7466131552848066e-08,0.3166446460882194,11693998.928767646,-12.166554681129163
204.15,4,cGDL,-12.166480978968252,0.0,9.735898411546994,6.9681657233089265,0.0014076338361434515,0.33077023764643215,6.635987851826351,0.0003341113511580123,0.007213030273724295,0.7924528583751177,0.0,1.2294045214399336e-05,1.385874187805016e-05,3.746628703051814e-08,0.3166113345225297,11691077.07296521,-12.16649114042067
204.25,4,cGDL,-12.166417587811566,0.0,9.735961526257668,6.954366121568697,0.0014076681315803863,0.33032765469079123,6.622630798746325,0.0003336642976674659,0.007198511737767745,0.7924678239645648,0.0,1.229439870423346e-05,1.3859140357499534e-05,3.7466442293721375e-08,0.31657802880752617,11688155.863830343,-12.166427704204166
204.34999999999997,4,cGDL,-12.166354300959028,0.0,9.73602463912598,6.940569215860696,0.001407702409511602,0.3298855107373766,6.609276002713808,0.0003332176876135117,0.007183995655123705,0.7924827866572628,0.0,1.2294752121642891e-05,1.3859538755306532e-05,3.746659734291767e-08,0.3165447289324604,11685235.300579317,-12.166364372553856
204.45,4,cGDL,-12.166288606921398,0.0,9.736087748976026,6.908645335731127,0.0014077719786093623,0.3294321602110096,6.577805403541508,0.00033275975778889854,0.007149788482110335,0.7925174517601008,0.0,1.2295564249754649e-05,1.3860454245177964e-05,3.746675749548443e-08,0.31646660031740476,11678599.042781813,-12.166301145543898
204.54999999999998,4,cGDL,-12.16622552091485,0.0,9.736150855807802,6.894846531400205,0.0014078062367450794,0.32899088953927813,6.564447835624182,0.0003323140298376547,0.007135269386548023,0.7925324165836143,0.0,1.2295917711888863e-05,1.3860852693401989e-05,3.746691212868357e-08,0.31643329409245513,11675678.276796235,-12.166238023248377
204.64999999999998,4,cGDL,-12.166162540321352,0.0,9.73621396079761,6.88105047710108,0.0014078404771329378,0.3285500587814052,6.5510925778425415,0.00033186874624384366,0.007120752802002762,0.7925473784517535,0.0,1.2296271100136823e-05,1.3861251058336055e-05,3.746706654612094e-08,0.31639999383932493,11672758.16795069,-12.166175005741298
204.75,4,cGDL,-12.166099664796263,0.0,9.736277063945867,6.867257170111561,0.0014078746998192337,0.32810966823118853,6.537739627180553,0.00033142390730423084,0.007106238725196254,0.7925623373674996,0.0,1.2296624414593531e-05,1.3861649340087252e-05,3.7467220748256244e-08,0.3163666995507229,11669838.715750176,-12.166112093096611
204.85,4,cGDL,-12.166036894412628,0.0,9.736340165252988,6.853466607712404,0.0014079089047992488,0.327669718183874,6.524388980623731,0.0003309795133170445,0.007091727152851881,0.7925772933338311,0.0,1.2296977655319474e-05,1.386204753872377e-05,3.746737473493889e-08,0.31633341121936237,11666919.919700604,-12.16604928538819
204.95,4,cGDL,-12.165974229243261,0.0,9.736403264719389,6.8396787871867915,0.0014079430920685976,0.3272302089361896,6.511040635158533,0.0003305355645820097,0.0070772180816940575,0.792592246353724,0.0,1.2297330822375116e-05,1.386244565431377e-05,3.746752850601845e-08,0.31630012883796,11664001.779308707,-12.165986582689843
205.04999999999998,4,cGDL,-12.165911669361037,0.0,9.736466362345485,6.8258937058201425,0.0014079772616225616,0.3267911407862739,6.497694587772246,0.00033009206140027666,0.007062711508448094,0.7926071964301518,0.0,1.2297683915820853e-05,1.3862843686925326e-05,3.746768206134425e-08,0.31626685239923524,11661084.294081967,-12.165923985075318
205.15,4,cGDL,-12.165849214838659,0.0,9.73652945813169,6.812111360900131,0.001408011413456589,0.3263525140337674,6.484350835452907,0.00032964900407451254,0.0070482074298401165,0.7926221435660854,0.0,1.2298036935717041e-05,1.3863241636626482e-05,3.746783540076558e-08,0.3162335818959103,11658167.463528661,-12.1658614926183
205.25,4,cGDL,-12.165786865748828,0.0,9.736592552078415,6.798331749716665,0.0014080455475661835,0.3259143289796969,6.471009375189402,0.00032920639290878474,0.0070337058425971755,0.792637087764494,0.0,1.2298389882124e-05,1.3863639503485236e-05,3.746798852413151e-08,0.31620031732071024,11655251.287157804,-12.165799105392384
205.34999999999997,4,cGDL,-12.165724622164078,0.0,9.736655644186078,6.7845548695618545,0.0014080796639467374,0.3254765859265868,6.457670203971321,0.00032876422820867353,0.007019206743447088,0.7926520290283442,0.0,1.2298742755101998e-05,1.3864037287569526e-05,3.746814143129132e-08,0.31616705866636285,11652335.764479194,-12.16573682347114
205.45,4,cGDL,-12.16566248415711,0.0,9.736718734455089,6.77078071773007,0.0014081137625936435,0.3250392851783781,6.4443333187890985,0.00032832251028119,0.0070047101291185855,0.7926669673606003,0.0,1.2299095554711256e-05,1.3864434988947233e-05,3.746829412209365e-08,0.3161338059255988,11649420.895003384,-12.165674646928041
205.54999999999998,4,cGDL,-12.16560045180023,0.0,9.736781822885858,6.757009290037278,0.0014081478435052364,0.3246024270395596,6.430998715154213,0.00032788123943389857,0.0069902159947328405,0.7926819027658333,0.0,1.2299448281049402e-05,1.3864832607728417e-05,3.746844659638772e-08,0.31610055908748974,11646506.677938202,-12.165612575836512
205.64999999999998,4,cGDL,-12.165538525164038,0.0,9.7368449094788,6.743240571805757,0.0014081819067003898,0.3241660118093033,6.417666378089753,0.00032744041596899327,0.006975724324010601,0.7926968352600204,0.0,1.2299800934479706e-05,1.3865230144322577e-05,3.746859885402602e-08,0.3160673181151539,11643593.110340713,-12.165550610269912
205.75,4,cGDL,-12.165476704320497,0.0,9.736907994234318,6.729474556588626,0.0014082159521817128,0.3237300397935024,6.4043363008429415,0.00032700004019545697,0.006961235109611893,0.7927117648501927,0.0,1.2300153515157101e-05,1.386562759890437e-05,3.7468750894858045e-08,0.3160340829920615,11640680.19095549,-12.16548875030154
205.85,4,cGDL,-12.165414989341798,0.0,9.736971077152827,6.7157112402962325,0.00140824997994754,0.3232945113010696,6.391008479015215,0.00032656011242532284,0.0069467483467556684,0.792726691540819,0.0,1.2300506023176886e-05,1.3866024971581219e-05,3.7468902718732534e-08,0.31600085370750947,11637767.91901064,-12.16542699600463
205.95,4,cGDL,-12.165353380299848,0.0,9.73703415823473,6.701950618841135,0.0014082839899958732,0.3228594266423667,6.377682908208772,0.0003261206329720876,0.006932264030661709,0.7927416153363662,0.0,1.2300858458634342e-05,1.3866422262460533e-05,3.746905432549852e-08,0.3159676302507974,11634856.293735022,-12.165365347452356
206.04999999999998,4,cGDL,-12.165291877266668,0.0,9.737097237480436,6.688192688138437,0.001408317982325047,0.3224247861291984,6.364359584026913,0.00032568160215070547,0.006917782156550993,0.7927565362412983,0.0,1.2301210821624662e-05,1.3866819471649617e-05,3.746920571500461e-08,0.31593441261122845,11631945.314358331,-12.165303804717835
206.15,4,cGDL,-12.165230480314221,0.0,9.73716031489035,6.674437444105549,0.0014083519569330627,0.32199059007486003,6.351038502073756,0.0003252430202776364,0.006903302719645387,0.7927714542600771,0.0,1.2301563112243016e-05,1.3867216599255761e-05,3.746935688709923e-08,0.3159012007781087,11629034.980111048,-12.1652423678754
206.25,4,cGDL,-12.165169189514302,0.0,9.737223390464877,6.660684882662191,0.0014083859138182553,0.32155683879407576,6.337719657954297,0.0003248048876707836,0.0068888257151677144,0.7927863693971615,0.0,1.2301915330584507e-05,1.3867613645386171e-05,3.746950784163094e-08,0.3158679947407471,11626125.290224433,-12.165181044092547
206.35,4,cGDL,-12.165108004938872,0.0,9.737286464204422,6.646934999731394,0.0014084198529786818,0.3211235326030941,6.324403047275321,0.00032436720464959,0.00687435113834274,0.7928012816570077,0.0,1.2302267476744179e-05,1.3868010610147984e-05,3.746965857844774e-08,0.31583479448845814,11623216.243930755,-12.165119826309637
206.45000000000002,4,cGDL,-12.165046926659443,0.0,9.737349536109388,6.633187791238226,0.0014084537744126213,0.32069067181958005,6.311088665644234,0.00032392997153492936,0.006859878984395907,0.7928161910440692,0.0,1.2302619550817052e-05,1.3868407493648313e-05,3.746980909739824e-08,0.3158016000105585,11620307.840462992,-12.165058714597976
206.54999999999998,4,cGDL,-12.164985954747863,0.0,9.737412606180179,6.619443253110704,0.0014084876781181865,0.320258256762713,6.297776508669873,0.0003234931886492051,0.0068454092485542095,0.7928310975627966,0.0,1.230297155289805e-05,1.3868804295994165e-05,3.7469959398330195e-08,0.31576841129636934,11617400.079055054,-12.164997708815465
206.64999999999998,4,cGDL,-12.164925089275698,0.0,9.7374756744172,6.605701381280114,0.001408521564093601,0.319826287753097,6.284466571962923,0.0003230568563162596,0.006830941926046656,0.7928460012176372,0.0,1.2303323483082047e-05,1.386920101729249e-05,3.747010948109163e-08,0.3157352283352172,11614492.958941827,-12.164936808620594
206.74999999999997,4,cGDL,-12.164864330314629,0.0,9.737538740820847,6.591962171680727,0.001408555432337033,0.31939476511288417,6.271158851135506,0.00032262097486149917,0.006816477012103811,0.7928609020130347,0.0,1.2303675341463837e-05,1.3869597657650143e-05,3.747025934553025e-08,0.3157020511164331,11611586.479359133,-12.164876014084424
206.85,4,cGDL,-12.164803677935993,0.0,9.737601805391527,6.578225620249754,0.0014085892828467617,0.3189636891656423,6.257853341801265,0.0003221855446117599,0.0068020145019578974,0.7928757999534304,0.0,1.2304027128138174e-05,1.386999421717394e-05,3.74704089914939e-08,0.31566887962935264,11608680.639543701,-12.164815325278756
206.95,4,cGDL,-12.164743132211356,0.0,9.737664868129636,6.56449172292724,0.0014086231156208995,0.3185330602364243,6.244550039575195,0.00032175056589537807,0.006787554390842603,0.7928906950432622,0.0,1.2304378843199735e-05,1.387039069597061e-05,3.7470558418830055e-08,0.31563571386331557,11605775.438733162,-12.164754746220542
207.04999999999998,4,cGDL,-12.164682693212058,0.0,9.737727929035577,6.550760475655741,0.0014086569306576147,0.31810287865180287,6.2312489400732805,0.0003213160390422251,0.006773096673992696,0.7929055872869651,0.0,1.2304730486743148e-05,1.3870787094146823e-05,3.747070762738622e-08,0.31560255380766516,11602870.876165975,-12.164694322510918
207.15,4,cGDL,-12.164622361009549,0.0,9.737790988109747,6.537031874380324,0.0014086907279551308,0.3176731447397858,6.2179500389125835,0.000320881964383622,0.006758641346644113,0.7929204766889723,0.0,1.2305082058862983e-05,1.3871183411809183e-05,3.747085661700952e-08,0.315569399451748,11599966.951081427,-12.164634004768885
207.25,4,cGDL,-12.164562135675055,0.0,9.737854045352545,6.523305915048333,0.0014087245075115606,0.3172438588299123,6.204653331710909,0.00032044834225243666,0.006744188404033596,0.792935363253714,0.0,1.2305433559653778e-05,1.387157964906426e-05,3.747100538754724e-08,0.3155362507849134,11597063.662719598,-12.164573792022534
207.35,4,cGDL,-12.164502017279744,0.0,9.737917100764369,6.509582593609539,0.0014087582693252942,0.3168150212531672,6.191358814087047,0.00032001517298299717,0.006729737841398964,0.7929502469856181,0.0,1.230578498921002e-05,1.3871975806018569e-05,3.747115393884652e-08,0.315503107796514,11594161.01032137,-12.164513684338335
207.45,4,cGDL,-12.164442005894898,0.0,9.737980154345614,6.495861906016018,0.0014087920133944443,0.3163866323420455,6.178066481660578,0.0003195824569111571,0.006715289653978889,0.79296512788911,0.0,1.2306136347626126e-05,1.387237188277854e-05,3.747130227075412e-08,0.31546997047590536,11591258.993128417,-12.164453681782966
207.54999999999998,4,cGDL,-12.164382101591627,0.0,9.738043206096677,6.482143848222216,0.0014088257397171788,0.3159586924305193,6.164776330051979,0.0003191501943742619,0.006700843837013021,0.7929800059686128,0.0,1.2306487634996486e-05,1.3872767879450586e-05,3.7471450383116837e-08,0.31543683881244605,11588357.61038322,-12.164393784620046
207.64999999999998,4,cGDL,-12.164322304441043,0.0,9.738106256017954,6.4684284161850405,0.001408859448291666,0.3155312018540731,6.151488354882676,0.00031871838571118495,0.0066864003857420385,0.7929948812285468,0.0,1.2306838851415429e-05,1.387316379614103e-05,3.747159827578128e-08,0.3154037127954978,11585456.861329086,-12.16433399340126
207.74999999999997,4,cGDL,-12.164262614514087,0.0,9.738169304109839,6.454715605863639,0.0014088931391161852,0.3151041609496533,6.138202551774869,0.0003182870312622761,0.006671959295407467,0.7930097536733304,0.0,1.230718999697725e-05,1.3873559632956175e-05,3.747174594859413e-08,0.3153705924144251,11582556.745210083,-12.164274308194754
207.85,4,cGDL,-12.164203031881868,0.0,9.738232350372726,6.4410054132196235,0.0014089268121889598,0.3146775700557235,6.124918916351711,0.00031785613136941766,0.00665752056125186,0.7930246233073788,0.0,1.2307541071776168e-05,1.3873955390002224e-05,3.747189340140147e-08,0.315337477658596,11579657.261271121,-12.164214729068545
207.95,4,cGDL,-12.164143556615102,0.0,9.73829539480701,6.427297834216908,0.001408960467508158,0.31425142951224905,6.111637444237151,0.0003174256863760091,0.006643084178518642,0.7930394901351053,0.0,1.230789207590639e-05,1.3874351067385384e-05,3.74720406340499e-08,0.3153043685173809,11576758.408757895,-12.16415525609063
208.04999999999998,4,cGDL,-12.164084188784898,0.0,9.73835843741308,6.413592864821796,0.001408994105072059,0.31382573966067856,6.098358131056045,0.00031699569662694806,0.0066286501424522234,0.793054354160921,0.0,1.2308243009462044e-05,1.387474666521176e-05,3.747218764638518e-08,0.3152712649801536,11573860.186916903,-12.164095889328987
208.14999999999998,4,cGDL,-12.16402492846197,0.0,9.73842147819133,6.399890501003107,0.0014090277248787197,0.3134005008439761,6.085080972434252,0.0003165661624686627,0.0066142184482981,0.7930692153892333,0.0,1.230859387253721e-05,1.38751421835874e-05,3.7472334438253385e-08,0.3152381670362913,11570962.594995484,-12.164036628851571
208.25,4,cGDL,-12.163965775717031,0.0,9.738484517142153,6.386190738731672,0.0014090613269265306,0.3129757134065744,6.071805963998171,0.000316137084249065,0.006599789091302361,0.7930840738244487,0.0,1.2308944665225952e-05,1.3875537622618347e-05,3.747248100950048e-08,0.3152050746751732,11568065.632241705,-12.16397747472634
208.35,4,cGDL,-12.163906730620965,0.0,9.738547554265937,6.372493573981092,0.0014090949112136042,0.3125513776944537,6.058533101375425,0.00031570846231763,0.0065853620667124186,0.7930989294709699,0.0,1.2309295387622227e-05,1.387593298241051e-05,3.747262735997189e-08,0.3151719878861826,11565169.297904529,-12.16391842702126
208.45,4,cGDL,-12.163847793244315,0.0,9.738610589563072,6.3587990027271,0.0014091284777382196,0.3121274940550809,6.045262380194281,0.0003152802970253342,0.006570937369776392,0.7931137823331983,0.0,1.2309646039820004e-05,1.3876328263069824e-05,3.747277348951333e-08,0.3151389066587052,11562273.591233667,-12.163859485804252
208.55,4,cGDL,-12.16378896365785,0.0,9.738673623033948,6.345107020947843,0.001409162026498545,0.31170406283742225,6.031993796083922,0.0003148525887246689,0.006556514995743393,0.793128632415532,0.0,1.2309996621913158e-05,1.3876723464702106e-05,3.747291939797006e-08,0.3151058309821298,11559378.511479653,-12.163800651143243
208.65,4,cGDL,-12.163730241997314,0.0,9.738736654678954,6.331417624623871,0.0014091955574848658,0.3112810843919884,6.018727344674398,0.0003144253377696853,0.006542094939863475,0.7931434797223669,0.0,1.2310347133990148e-05,1.3877118587407075e-05,3.747306508509206e-08,0.3150727608458483,11556484.05789384,-12.16374192310613
208.74999999999997,4,cGDL,-12.163671990087721,0.0,9.7387996846749,6.3204555520179175,0.0014092237647636563,0.31086031162653355,6.00818601662662,0.0003140003147742763,0.006530636974594152,0.7931553627106317,0.0,1.2310628596591609e-05,1.3877435872521449e-05,3.7473209774066106e-08,0.31504643450822795,11554148.766017782,-12.163683301760804
208.85,4,cGDL,-12.163613482418214,0.0,9.738862713020692,6.3067485279884625,0.0014092573044258705,0.31043822525798836,5.994901045426048,0.00031357396490705897,0.006516196788506574,0.7931702292465864,0.0,1.2310979545035822e-05,1.387783148713129e-05,3.747335502313617e-08,0.31501331906944946,11551250.891607424,-12.163624787175133
208.95,4,cGDL,-12.163555082741027,0.0,9.738925739538807,6.293044087299564,0.001409290826307752,0.31001659272711185,5.9816182037461445,0.0003131480734617291,0.006501758917115375,0.793185093009423,0.0,1.2311330423517238e-05,1.3878227022873978e-05,3.747350005061765e-08,0.31498020916371666,11548353.643159233,-12.163566379416974
209.04999999999998,4,cGDL,-12.163496780245339,0.0,9.738988764224281,6.2792595616768585,0.0014093244913719327,0.3095953612162126,5.968254875969274,0.00031272258708708346,0.006487233560836168,0.7932000438520769,0.0,1.2311683324909022e-05,1.3878624838988352e-05,3.747364487978157e-08,0.3149469003522831,11545440.074841097,-12.163508078554171
209.14999999999998,4,cGDL,-12.163438564834905,0.0,9.739051787061827,6.265318153719036,0.0014093584491597921,0.309174481676851,5.9547343135930255,0.00031229745623924344,0.006472537297383723,0.793215165246377,0.0,1.2312040193539432e-05,1.3879027127262634e-05,3.747378953232161e-08,0.3149132027150441,11542494.44427111,-12.163449884654554
209.25,4,cGDL,-12.163380457623475,0.0,9.739114808041506,6.251379274080062,0.001409392389250419,0.30875405700537173,5.94121582468544,0.00031187278485391085,0.006457843287701564,0.7932302839274445,0.0,1.231239699369696e-05,1.3879429338349299e-05,3.747393396281973e-08,0.3148795104727663,11539549.428611767,-12.16339179778594
209.35,4,cGDL,-12.163322458722632,0.0,9.7391778271637,6.23744291860637,0.0014094263116373185,0.30833408756278224,5.927699404731951,0.00031144857329573963,0.006443151526882555,0.7932453998998217,0.0,1.2312753725475469e-05,1.3879831472354166e-05,3.7474078171059714e-08,0.3148458236144898,11536605.027089184,-12.163333818016135
209.45,4,cGDL,-12.163264768990018,0.0,9.739240844527378,6.225032185637169,0.0014094572504251834,0.3079155535730195,5.915707174813725,0.00031102581168991866,0.006430116494362744,0.7932588576939473,0.0,1.2313071827633326e-05,1.3880190060241204e-05,3.747422172479242e-08,0.31481590875089105,11533973.45492826,-12.163275945412934
209.55,4,cGDL,-12.163206997730754,0.0,9.739303860137971,6.211178928862852,0.0014094909853114568,0.3074965459727353,5.902272891904805,0.0003106025716896316,0.006415514012940006,0.7932738834153704,0.0,1.2313426446136444e-05,1.3880589812008354e-05,3.747436546513247e-08,0.31478242567640696,11531046.281229213,-12.163218180044124
209.65,4,cGDL,-12.163149316071042,0.0,9.739366873893044,6.1971848839830885,0.001409524981538235,0.30707790250402733,5.888697456497523,0.0003101796994990175,0.006400758104888612,0.7932890621956125,0.0,1.2313784624596807e-05,1.3880993576818216e-05,3.7474509023444286e-08,0.31474859357361584,11528090.34476902,-12.16316052197748
209.75,4,cGDL,-12.163091690257431,0.0,9.739429885757763,6.1827926067409384,0.0014095597404078508,0.3066594578871304,5.8747235891134,0.0003097570281688186,0.006385569118601522,0.7933046738532297,0.0,1.2314152881174838e-05,1.3881408702415273e-05,3.747465247244338e-08,0.31471377578405196,11525052.87293068,-12.16310297128076
209.84999999999997,4,cGDL,-12.163034172902087,0.0,9.73949289570656,6.168402560614893,0.0014095944821262418,0.3062414701201945,5.860751496012572,0.00030933481830322675,0.006370382060883231,0.7933202831208136,0.0,1.231452107700571e-05,1.388182375953371e-05,3.747479569872985e-08,0.314678962650357,11522015.955543699,-12.163045528021726
209.95,4,cGDL,-12.16297676408891,0.0,9.739555903739783,6.154014740885335,0.001409629206691354,0.30582393957302717,5.846781172105617,0.00030891307027578504,0.006355196926201757,0.7933358900035224,0.0,1.231488921220007e-05,1.3882238748298262e-05,3.7474938702126835e-08,0.3146441541601539,11518979.59172011,-12.162988192268125
210.04999999999998,4,cGDL,-12.162919473934267,0.0,9.739618909862735,6.139705742750304,0.0014096637649436694,0.3054069159051598,5.832889163080201,0.0003084918342476361,0.0063400969163915225,0.7933514112493609,0.0,1.2315255347429194e-05,1.3882651482556546e-05,3.747508146082038e-08,0.3146095397320977,11515959.482550843,-12.162930964087705
210.14999999999998,4,cGDL,-12.162862317203064,0.0,9.739681914092932,6.12558770126466,0.0014096979385168629,0.30499047165476123,5.819187531671382,0.0003080711834896578,0.0063252038387732416,0.7933667249777372,0.0,1.2315616643440708e-05,1.38830587616968e-05,3.747522394296517e-08,0.31457539667462897,11512978.614333624,-12.162873843548194
210.25,4,cGDL,-12.162805269306716,0.0,9.739744916442934,6.111471906665984,0.0014097320948535108,0.3045744857831266,5.805487688788004,0.00030765099574053194,0.006310312705204352,0.7933820362990552,0.0,1.2315977878131293e-05,1.3883465971711638e-05,3.7475366201622324e-08,0.314541258309157,11509998.304124389,-12.162816830717327
210.35,4,cGDL,-12.16274833031207,0.0,9.739807916913087,6.097358354396317,0.0014097662339531136,0.30415895866629256,5.791789629496071,0.0003072312713800935,0.006295423510321817,0.7933973452182981,0.0,1.2316339051608946e-05,1.3883873112722813e-05,3.7475508236638995e-08,0.314507124623693,11507018.551069617,-12.162759925662822
210.45,4,cGDL,-12.16269150029052,0.0,9.739870915503735,6.083247039899519,0.0014098003558148386,0.3037438906818938,5.778093348861811,0.0003068120107897917,0.006280536248762837,0.7934126517404475,0.0,1.231670016398129e-05,1.3884280184851634e-05,3.747565004785541e-08,0.3144729956062497,11504039.354316501,-12.162703128452403
210.54999999999998,4,cGDL,-12.16263477931335,0.0,9.739933912215227,6.069137958621088,0.0014098344604379087,0.3033292822090447,5.764398841951605,0.00030639321435257043,0.006265650915164788,0.7934279558704828,0.0,1.2317061215355876e-05,1.3884687188219351e-05,3.747579163511174e-08,0.3144388712448408,11501060.713012885,-12.162646439153782
210.65,4,cGDL,-12.162578167451898,0.0,9.739996907047901,6.055031106009115,0.0014098685478214912,0.3029151336284434,5.75070610383285,0.00030597488245297314,0.006250767504166141,0.793443257613381,0.0,1.2317422205840228e-05,1.3885094122947167e-05,3.7475932998247925e-08,0.3144047515274838,11498082.626307486,-12.162589857834675
210.75,4,cGDL,-12.162521664777444,0.0,9.740059900002105,6.040926477514544,0.0014099026179645868,0.3025014453223176,5.737015129574262,0.0003055570154770885,0.006235886010406807,0.7934585569741162,0.0,1.2317783135541798e-05,1.3885500989156209e-05,3.74760741371037e-08,0.3143706364422001,11495105.093349926,-12.162533384567073
210.85,4,cGDL,-12.16246527136127,0.0,9.740122891078181,6.026824068590069,0.0014099366708665295,0.30208821767448446,5.723325914244718,0.00030513961381261056,0.006221006428526868,0.7934738539576606,0.0,1.2318144004567998e-05,1.388590778696756e-05,3.747621505151856e-08,0.3143365259770125,11492128.113290526,-12.16247704101941
210.95000000000002,4,cGDL,-12.162408987274489,0.0,9.74018588027647,6.0127238746900735,0.0014099707065263756,0.30167545107026517,5.709638452913282,0.0003047226778487527,0.006206128753166611,0.7934891485689847,0.0,1.2318504813026216e-05,1.388631451650228e-05,3.7476355741332164e-08,0.31430242011994514,11489151.685280278,-12.162420805797863
211.04999999999998,4,cGDL,-12.162352812588324,0.0,9.740248867597312,5.998625891270777,0.0014100047249432923,0.30126314589658126,5.695952740649252,0.0003043062079763447,0.006191252978966578,0.793504440813057,0.0,1.2318865561023805e-05,1.3886721177881379e-05,3.747649620638363e-08,0.31426831885902373,11486175.808470886,-12.162364677949908
211.14999999999998,4,cGDL,-12.162296747373944,0.0,9.74031185304105,5.984530113790042,0.001410038726116447,0.30085130254187575,5.6822687725220495,0.0003038902045877533,0.006176379100567445,0.7935197306948448,0.0,1.2319226248668077e-05,1.3887127771225831e-05,3.7476636446512004e-08,0.31423422218227504,11483200.482014712,-12.162308657540251
211.24999999999997,4,cGDL,-12.162240791702573,0.0,9.74037483660802,5.970436537707557,0.0014100727100448962,0.3004399213961585,5.668586543601354,0.0003034746680769278,0.006161507112610167,0.7935350182193129,0.0,1.2319586876066296e-05,1.388753429665655e-05,3.7476776461556075e-08,0.31420013007772757,11480225.705064837,-12.16225274463254
211.35,4,cGDL,-12.162184945645095,0.0,9.740437818298563,5.956345158484705,0.0014101066767278625,0.30002900285103434,5.654906048956943,0.0003030595988394286,0.006146637009735808,0.7935503033914247,0.0,1.2319947443325739e-05,1.3887940754294468e-05,3.7476916251354815e-08,0.3141660425334108,11477251.476775018,-12.162196932197226
211.45,4,cGDL,-12.162129209272734,0.0,9.740500798113015,5.942255971584667,0.0014101406261645133,0.2996185472996261,5.641227283658877,0.00030264499727234963,0.006131768786585735,0.7935655862161419,0.0,1.2320307950553591e-05,1.3888347144260413e-05,3.7477055815746554e-08,0.3141319595373559,11474277.796299715,-12.162141227431876
211.54999999999998,4,cGDL,-12.16207358265649,0.0,9.740563776051715,5.928168972472261,0.0014101745583539604,0.29920855513665007,5.627550242777257,0.000302230863774394,0.006116902437801367,0.7935808666984243,0.0,1.232066839785704e-05,1.388875346667521e-05,3.7477195154569713e-08,0.314097881077595,11471304.662794052,-12.16208563040306
211.65,4,cGDL,-12.162018065867358,0.0,9.740626752114999,5.91408415661414,0.0014102084732953157,0.29879902675835546,5.6138749213824894,0.0003018171987458136,0.006102037958024445,0.7935961448432298,0.0,1.2321028785343227e-05,1.388915972165964e-05,3.7477334267662483e-08,0.3140638071421621,11468332.075413864,-12.162030141390746
211.75,4,cGDL,-12.161962658976393,0.0,9.7406897263032,5.900001519478694,0.0014102423709878575,0.2983899625626212,5.600201314545085,0.00030140400258850625,0.006087175341896832,0.7936114206555147,0.0,1.2321389113119251e-05,1.388956590933443e-05,3.747747315486273e-08,0.314029737719092,11465360.033315683,-12.161974760874259
211.85,4,cGDL,-12.161907362054592,0.0,9.740752698616657,5.885921056536011,0.0014102762514306422,0.2979813629488469,5.586529417335734,0.000300991275705906,0.00607231458406058,0.7936266941402336,0.0,1.2321749381292188e-05,1.3889972029820282e-05,3.7477611816008226e-08,0.31399567279642115,11462388.535656717,-12.161919488920347
211.95,4,cGDL,-12.161852175172783,0.0,9.740815669055701,5.871842763257932,0.001410310114622726,0.2975732283180133,5.572859224825296,0.00030057901850304375,0.006057455679157931,0.7936419653023391,0.0,1.232210958996908e-05,1.3890378083237872e-05,3.747775025093679e-08,0.31396161236218734,11459417.581594871,-12.161864325594976
212.04999999999998,4,cGDL,-12.161797098402019,0.0,9.740878637620666,5.857766635118062,0.0014103439605634427,0.2971655590726941,5.559190732084804,0.0003001672313865597,0.006042598621831309,0.7936572341467821,0.0,1.2322469739256917e-05,1.3890784069707797e-05,3.747788845948559e-08,0.3139275564044296,11456447.17028875,-12.161809267027133
212.14999999999998,4,cGDL,-12.161742131813071,0.0,9.740941604311885,5.843692667591704,0.0014103777892517932,0.296758355617023,5.545523934185429,0.00029975591476466974,0.0060277434067232925,0.793672500678512,0.0,1.2322829829262676e-05,1.3891189989350656e-05,3.7478026441492036e-08,0.3138935049111881,11453477.300897636,-12.161754317007896
212.24999999999997,4,cGDL,-12.16168727547688,0.0,9.741004569129688,5.829620856155982,0.001410411600687056,0.296351618356734,5.531858826198561,0.00029934506904720606,0.006012890028476697,0.7936877649024762,0.0,1.2323189860093293e-05,1.3891595842286987e-05,3.747816419679315e-08,0.3138594578705048,11450507.972581528,-12.161699475974341
212.35,4,cGDL,-12.161632529464384,0.0,9.741067532074407,5.815551196289565,0.0014104453948682871,0.29594534769910935,5.5181954031955875,0.000298934694645565,0.0059980384817343345,0.7937030268236202,0.0,1.2323549831855652e-05,1.3892001628637278e-05,3.7478301725225566e-08,0.3138254152704223,11447539.184501074,-12.161644745026774
212.45,4,cGDL,-12.161577893846243,0.0,9.741130493146374,5.801483683473131,0.0014104791717945986,0.2955395440530486,5.5045336602482875,0.00029852479197277636,0.005983188761139443,0.7937182864468878,0.0,1.2323909744656629e-05,1.3892407348522016e-05,3.74784390266263e-08,0.3137913770989851,11444570.935817674,-12.1615901242353
212.54999999999998,4,cGDL,-12.161523368693395,0.0,9.741193452345914,5.787418313188907,0.0014105129314652132,0.29513420782900646,5.490873592428436,0.0002981153614434409,0.0059683408613352565,0.7937335437772214,0.0,1.2324269598603043e-05,1.3892813002061613e-05,3.747857610083155e-08,0.31375734334423877,11441603.22569338,-12.161535613669788
212.65,4,cGDL,-12.161468954076668,0.0,9.741256409673358,5.773355080921539,0.0014105466738792427,0.29472933943907104,5.477215194808589,0.0002977064034738091,0.005953494776965857,0.7937487988195604,0.0,1.2324629393801672e-05,1.3893218589376431e-05,3.747871294767756e-08,0.3137233139942317,11438636.05329109,-12.161481213203151
212.75,4,cGDL,-12.161414650066718,0.0,9.741319365129034,5.759293982157393,0.0014105803990358545,0.29432493929685544,5.463558462461502,0.00029729791848167214,0.0059386505026755455,0.7937640515788429,0.0,1.2324989130359258e-05,1.3893624110586798e-05,3.7478849567000555e-08,0.3136892890370136,11435669.417774368,-12.161426922420212
212.85,4,cGDL,-12.161360456734371,0.0,9.741382318713269,5.745235012384564,0.0014106141069341604,0.2939210078176239,5.449903390460006,0.0002968899068864888,0.005923808033108702,0.7937793020600049,0.0,1.2325348808382504e-05,1.3894029565813005e-05,3.7478985958636406e-08,0.31365526846063535,11432703.318307498,-12.161372741389316
212.95,4,cGDL,-12.1613063741504,0.0,9.741445270426388,5.731178167092874,0.0014106477975732723,0.29351754541819064,5.43624997387711,0.0002964823691092835,0.005908967362909902,0.7937945502679808,0.0,1.232570842797808e-05,1.3894434955175292e-05,3.747912212242061e-08,0.3136212522531492,11429737.754055442,-12.161318670178908
213.05,4,cGDL,-12.161252402385514,0.0,9.741508220268717,5.717123441773893,0.001410681470952413,0.2931145525170074,5.422598207785933,0.00029607530557273473,0.00589412848672384,0.7938097962077034,0.0,1.232606798925263e-05,1.3894840278793875e-05,3.7479258058188725e-08,0.3135872404026086,11426772.72418387,-12.161264708857448
213.15,4,cGDL,-12.161198541510373,0.0,9.741571168240581,5.7030708319216314,0.0014107151270706386,0.29271202953408765,5.408948087260473,0.00029566871670109866,0.005879291399196167,0.7938250398841028,0.0,1.2326427492312737e-05,1.3895245536788902e-05,3.7479393765776055e-08,0.31355323289707016,11423808.227859281,-12.161210857493392
213.24999999999997,4,cGDL,-12.161144791814138,0.0,9.741634114342304,5.6890203330323565,0.0014107487659004714,0.2923099768910851,5.395299607375371,0.000295262602920288,0.0058644560949732295,0.7938402813021065,0.0,1.232678693724687e-05,1.3895650729260104e-05,3.7479529244698595e-08,0.31351922972459284,11420844.264249003,-12.161157116155218
213.35,4,cGDL,-12.161092254786297,0.0,9.741697059135733,5.683663379399635,0.0014107654649802015,0.2919139930526722,5.390338620881983,0.0002948626192451234,0.005859063718349981,0.7938460736624049,0.0,1.232692619599701e-05,1.3895807711851175e-05,3.747966209268366e-08,0.3135067247271936,11419662.464671755,-12.161103484911408
213.45,4,cGDL,-12.16103873432212,0.0,9.741760002623188,5.6696483716136274,0.0014107990079124666,0.2915129029149683,5.376724669690747,0.00029445747769188716,0.005844265945316029,0.7938612765769921,0.0,1.2327284730280771e-05,1.389621187777105e-05,3.747979710112945e-08,0.3134728075460594,11416705.976625038,-12.161049963830447
213.54999999999998,4,cGDL,-12.160985272998687,0.0,9.741822944219003,5.655225990626736,0.0014108333308550103,0.29111202064577124,5.36270313665011,0.00029405254610683965,0.005829025148532728,0.7938769223053606,0.0,1.2327653577617068e-05,1.3896627669313784e-05,3.747993199411063e-08,0.31343788204473744,11413666.082624737,-12.160996552980846
213.64999999999998,4,cGDL,-12.160931922765258,0.0,9.741885883897037,5.640805460506754,0.0014108676370256923,0.2907116102382825,5.348682982631446,0.0002936480911497803,0.005813785850686354,0.7938925660581639,0.0,1.2328022373606844e-05,1.389704340297499e-05,3.7480066658334134e-08,0.313402960230065,11410626.668382606,-12.160943252431114
213.75,4,cGDL,-12.160878683704027,0.0,9.74194882165758,5.6263867762292294,0.0014109019264233469,0.29031167212183984,5.334664202180966,0.0002932441132543837,0.0057985480458488765,0.7939082078408968,0.0,1.2328391118369042e-05,1.3897459078888739e-05,3.7480201093617155e-08,0.313368042088798,11407587.732960917,-12.160890062249791
213.85,4,cGDL,-12.160825555886788,0.0,9.742011757500928,5.611969932771119,0.0014109361990479186,0.28991220672735635,5.320646789844715,0.0002928406128559155,0.005783311728092082,0.793923847659052,0.0,1.2328759812023416e-05,1.3897874697190032e-05,3.7480335299791846e-08,0.31333312760769316,11404549.275422586,-12.160836982505401
213.95,4,cGDL,-12.160772539385334,0.0,9.74207469142737,5.597554925110355,0.0014109704548994628,0.2895132144873598,5.306630740168096,0.0002924375903912725,0.005768076891487061,0.7939394855181217,0.0,1.2329128454689702e-05,1.3898290258013845e-05,3.748046927669013e-08,0.31329821677350644,11401511.294831065,-12.16078401326651
214.05,4,cGDL,-12.160719634271572,0.0,9.742137623437195,5.583141748225991,0.0014110046939778687,0.2891146958359972,5.292616047696016,0.00029203504629898706,0.005752843530104365,0.7939551214235967,0.0,1.2329497046487617e-05,1.3898705761495132e-05,3.7480603024143476e-08,0.31326330957299364,11398473.790250383,-12.160731154601683
214.15,4,cGDL,-12.160666840617125,0.0,9.742200553530699,5.5687303970984345,0.0014110389162831916,0.2887166512090337,5.278602706973118,0.000291632981019226,0.005737611638014259,0.7939707553809666,0.0,1.2329865587536873e-05,1.3899121207768838e-05,3.7480736541983724e-08,0.3132284059929106,11395436.760745186,-12.160678406579505
214.24999999999997,4,cGDL,-12.16061415849407,0.0,9.742263481708166,5.554320866709115,0.001411073121815376,0.28831908104387155,5.264590712543428,0.00029123139499380966,0.005722381209286334,0.7939863873957199,0.0,1.2330234077957112e-05,1.3899536596969834e-05,3.7480869830041583e-08,0.3131935060200127,11392400.205380684,-12.160625769268577
214.34999999999997,4,cGDL,-12.160561587973973,0.0,9.742326407969886,5.539913152040571,0.001411107310574422,0.2879219857794946,5.250580058950502,0.0002908302886661562,0.005707152237989676,0.7940020174733442,0.0,1.233060251786802e-05,1.389995192923304e-05,3.748100288814847e-08,0.31315860964105524,11389364.123222647,-12.160573242737517
214.45,4,cGDL,-12.16050912912874,0.0,9.742389332316145,5.52550724807665,0.0014111414825602742,0.28752536585656474,5.236570740737525,0.00029042966248137855,0.005691924718192962,0.7940176456193258,0.0,1.233097090738921e-05,1.3900367204693292e-05,3.7481135716135013e-08,0.3131237168427934,11386328.513337478,-12.160520827054958
214.54999999999998,4,cGDL,-12.160456782030053,0.0,9.742452254747233,5.511103149802189,0.0014111756377728768,0.28712922171733085,5.222562752447085,0.0002900295168861928,0.005676698643964223,0.7940332718391496,0.0,1.2331339246640307e-05,1.3900782423485437e-05,3.748126831383185e-08,0.31308882761198187,11383293.37479211,-12.16046852228955
214.64999999999998,4,cGDL,-12.16040454674976,0.0,9.742515175263433,5.49670085220331,0.0014112097762122855,0.2867335538056885,5.2085560886214095,0.0002896298523289783,0.005661474009371097,0.7940488961383,0.0,1.2331707535740897e-05,1.3901197585744286e-05,3.7481400681069314e-08,0.3130539419353753,11380258.706654105,-12.160416328509962
214.75,4,cGDL,-12.160352423359654,0.0,9.742578093865031,5.482300350267232,0.0014112438978785002,0.2863383625671675,5.194550743802186,0.00028923066925976514,0.005646250808480637,0.7940645185222596,0.0,1.2332075774810547e-05,1.390161269160462e-05,3.748153281767746e-08,0.31301905979972805,11377224.507991588,-12.160364245784887
214.85,4,cGDL,-12.160300411931416,0.0,9.74264101055231,5.467901638982253,0.0014112780027713545,0.2859436484489108,5.180546712530571,0.0002888319681302129,0.005631029035359316,0.7940801389965105,0.0,1.233244396396882e-05,1.3902027741201216e-05,3.748166472348635e-08,0.3129841811917942,11374190.777873246,-12.160312274183038
214.95,4,cGDL,-12.160248512536896,0.0,9.742703925325554,5.453504713337943,0.0014113120908910148,0.28554941189972277,5.166543989347329,0.00028843374939365937,0.005615808684073184,0.7940957575665332,0.0,1.233281210333523e-05,1.3902442734668807e-05,3.7481796398325474e-08,0.31294930609832766,11371157.515368389,-12.16026041377314
215.04999999999998,4,cGDL,-12.160196725247829,0.0,9.742766838185046,5.439109568324885,0.0014113461622372592,0.28515565337003,5.152542568792618,0.0002880360135050808,0.005600589748687628,0.7941113742378073,0.0,1.2333180193029289e-05,1.390285767214211e-05,3.748192784202439e-08,0.3129144345060818,11368124.719546879,-12.160208664623946
215.15,4,cGDL,-12.160145050135952,0.0,9.742829749131065,5.424716198934879,0.0014113802168100875,0.28476237331190735,5.138542445406162,0.00028763876092111854,0.0055853722232675675,0.7941269890158114,0.0,1.2333548233170492e-05,1.3903272553755829e-05,3.748205905441229e-08,0.3128795664018101,11365092.389479171,-12.160157026804235
215.25,4,cGDL,-12.160093487273116,0.0,9.742892658163896,5.410324600160911,0.001411414254609611,0.28436957217906994,5.124543613727232,0.00028724199210007064,0.0055701561018774255,0.7941426019060226,0.0,1.233391622387829e-05,1.3903687379644617e-05,3.748219003531808e-08,0.3128447017722655,11362060.524236327,-12.160105500382802
215.35,4,cGDL,-12.160042036730943,0.0,9.742955565283815,5.395934766997007,0.0014114482756356628,0.2839772504268657,5.110546068294505,0.0002868457075018846,0.005554941378580984,0.7941582129139171,0.0,1.2334284165272141e-05,1.390410214994314e-05,3.7482320784570727e-08,0.31280984060420064,11359029.122889956,-12.160054085428461
215.45,4,cGDL,-12.159990698581339,0.0,9.743018470491101,5.381546694438345,0.0014114822798881876,0.2835854085123132,5.096549803646144,0.0002864499075881951,0.00553972804744146,0.7941738220449704,0.0,1.2334652057471464e-05,1.3904516864786015e-05,3.748245130199847e-08,0.31277498288436795,11355998.184512267,-12.160002782010064
215.54999999999998,4,cGDL,-12.159939472895928,0.0,9.743081373786035,5.367160377481314,0.00141151626736713,0.28319404689405614,5.082554814319891,0.00028605459282227895,0.005524516102521621,0.7941894293046562,0.0,1.233501990059566e-05,1.3904931524307836e-05,3.748258158742991e-08,0.3127401285995196,11352967.708176063,-12.159951590196478
215.64999999999998,4,cGDL,-12.15988835974656,0.0,9.743144275168893,5.352775811123352,0.0014115502380725453,0.2828031660324081,5.068561094852871,0.0002856597636690991,0.005509305537883555,0.7942050346984474,0.0,1.2335387694764113e-05,1.3905346128643184e-05,3.74827116406929e-08,0.31270527773640727,11349937.692954713,-12.159900510056595
215.75,4,cGDL,-12.159837359205028,0.0,9.743207174639949,5.338392990363127,0.0014115841920043781,0.28241276638931434,5.054568639781809,0.000285265420595267,0.0054940963475889225,0.7942206382318159,0.0,1.2335755440096178e-05,1.3905760677926601e-05,3.748284146161525e-08,0.31267043028178254,11346908.137922188,-12.159849541659344
215.85,4,cGDL,-12.159786471343011,0.0,9.743270072199483,5.324011910201457,0.001411618129162573,0.2820228484284022,5.040577443643892,0.0002848715640690931,0.005478888525699882,0.7942362399102311,0.0,1.2336123136711177e-05,1.3906175172292599e-05,3.748297105002467e-08,0.31263558622239923,11343879.042153265,-12.159798685069385
215.95,4,cGDL,-12.15973569623236,0.0,9.743332967847765,5.309632565640624,0.001411652049546963,0.28163341261494235,5.0265875009761345,0.0002844781945605478,0.005463682066278407,0.794251839739161,0.0,1.233649078472838e-05,1.390658961187563e-05,3.748310040574839e-08,0.3126007455450116,11340850.404723365,-12.159747918754968
216.04999999999998,4,cGDL,-12.159685033944811,0.0,9.743395861585073,5.295254951683881,0.0014116859531576043,0.28124445941586523,5.012598806314858,0.000284085312541278,0.005448476963385716,0.794267437724073,0.0,1.2336858384267066e-05,1.3907003996810149e-05,3.748322952861359e-08,0.3125659082363732,11337822.224708457,-12.159697264247598
216.15,4,cGDL,-12.159634484552157,0.0,9.743458753411678,5.280879063335583,0.0014117198399944408,0.28085598929976674,4.9986113541958215,0.00028369291848461285,0.005433273211082414,0.794283033870433,0.0,1.233722593544647e-05,1.3907418327230565e-05,3.748335841844711e-08,0.312531074283237,11334794.5011851,-12.15964672700771
216.25,4,cGDL,-12.159584048126248,0.0,9.743521643327853,5.266504895601263,0.0014117537100573063,0.2804680027369091,4.984625139154296,0.00028330101286556475,0.005418070803428583,0.7942986281837059,0.0,1.2337593438385813e-05,1.390783260327128e-05,3.7483487075075454e-08,0.31249624367235607,11331767.233230446,-12.159596302930611
216.35,4,cGDL,-12.159533724738765,0.0,9.74358453133387,5.252132443487584,0.0014117875633462562,0.28008050019920716,4.970640155725031,0.0002829095961608153,0.005402869734483729,0.7943142206693554,0.0,1.2337960893204302e-05,1.3908246825066668e-05,3.74836154983252e-08,0.3124614163904829,11328740.419922229,-12.159545991922306
216.45,4,cGDL,-12.159483514461613,0.0,9.743647417429996,5.237761702002362,0.001411821399861124,0.27969348216027073,4.95665639844223,0.00028251866884875833,0.005387669998306772,0.7943298113328445,0.0,1.2338328300021113e-05,1.3908660992751073e-05,3.7483743688022305e-08,0.3124265924243696,11325714.060338786,-12.159495793290489
216.54999999999998,4,cGDL,-12.159433417366586,0.0,9.743710301616504,5.223392666154452,0.0014118552196018541,0.2793069490953588,4.942673861839491,0.0002821282314094533,0.005372471588955969,0.7943454001796346,0.0,1.2338695658955408e-05,1.3909075106458823e-05,3.7483871643992686e-08,0.3123917717607679,11322688.15355901,-12.159445707843686
216.64999999999998,4,cGDL,-12.159383433525477,0.0,9.743773183893662,5.209025330954289,0.0014118890225685021,0.27892090148142135,4.9286925404502995,0.00028173828432466805,0.005357274500489456,0.7943609872151859,0.0,1.2339062970126309e-05,1.3909489166324204e-05,3.7483999366062e-08,0.31235695438643,11319662.698662486,-12.159395735858737
216.74999999999997,4,cGDL,-12.15933356301008,0.0,9.743836064261737,5.194659691413603,0.0014119228087607905,0.27853533979706335,4.914712428807779,0.00028134882807784176,0.005342078726964977,0.7943765724449572,0.0,1.2339430233652928e-05,1.3909903172481484e-05,3.748412685405568e-08,0.31232214028810856,11316637.694729414,-12.159345877407654
216.85,4,cGDL,-12.1592838058923,0.0,9.743898942720998,5.1802957425456055,0.0014119565781787746,0.27815026452258057,4.900733521444846,0.0002809598631541218,0.00532688426244005,0.7943921558744058,0.0,1.2339797449654327e-05,1.3910317125064877e-05,3.7484254107798794e-08,0.3122873294525563,11313613.140840657,-12.15929613256241
216.95,4,cGDL,-12.15923416224399,0.0,9.74396181927171,5.165933479364521,0.0014119903308223436,0.2777656761399529,4.886755812893746,0.0002805713900403565,0.005311691100971463,0.7944077375089882,0.0,1.2340164618249556e-05,1.3910731024208588e-05,3.748438112711618e-08,0.31225252186652536,11310589.036077645,-12.159246501394984
217.04999999999998,4,cGDL,-12.159184632136942,0.0,9.74402469391414,5.151572896885892,0.0014120240666913864,0.27738157513284245,4.872779297686358,0.0002801834092250934,0.005296499236615606,0.7944233173541594,0.0,1.2340531739557649e-05,1.3911144870046805e-05,3.74845079118326e-08,0.3122177175167682,11307565.37952244,-12.159196983977353
217.15,4,cGDL,-12.159135215643118,0.0,9.744087566648549,5.137213990126369,0.0014120577857857919,0.2769979619865873,4.858803970353996,0.00027979592119857304,0.005281308663428257,0.7944388954153733,0.0,1.23408988136976e-05,1.391155866271366e-05,3.748463446177225e-08,0.31218291639003654,11304542.170257684,-12.159147580381509
217.25,4,cGDL,-12.159085912834314,0.0,9.744150437475204,5.122856754103774,0.0014120914881055047,0.2766148371882131,4.844829825427455,0.0002794089264527405,0.005266119375464625,0.7944544716980827,0.0,1.2341265840788401e-05,1.3911972402343291e-05,3.748476077675944e-08,0.312148118473082,11301519.407366619,-12.159098290679452
217.35,4,cGDL,-12.159036723782492,0.0,9.744213306394366,5.108501183837084,0.0014121251736504137,0.2762322012264552,4.830856857436978,0.00027902242548126787,0.005250931366779324,0.7944700462077394,0.0,1.2341632820949004e-05,1.3912386089069788e-05,3.74848868566179e-08,0.3121133237526558,11298497.089933092,-12.15904911494318
217.45,4,cGDL,-12.15898764855956,0.0,9.7442761734063,5.094147274347116,0.001412158842420408,0.2758500545917063,4.816885060912989,0.00027863641877950133,0.005235744631427163,0.7944856189497934,0.0,1.2341999754298329e-05,1.3912799723027204e-05,3.74850127011712e-08,0.3120785322155105,11295475.217041677,-12.159000053244705
217.55,4,cGDL,-12.15893868723748,0.0,9.744339038511262,5.079795020656141,0.0014121924944153763,0.275468397776084,4.802914430385641,0.0002782509068445293,0.005220559163462654,0.7945011899296929,0.0,1.234236664095526e-05,1.3913213304349565e-05,3.748513831024271e-08,0.312043743848399,11292453.787777616,-12.158951105656048
217.64999999999998,4,cGDL,-12.158889839888047,0.0,9.744401901709518,5.065444417787375,0.0014122261296352079,0.2750872312733934,4.788944960384346,0.00027786589017514483,0.005205374956939506,0.7945167591528853,0.0,1.2342733481038677e-05,1.3913626833170875e-05,3.748526368365567e-08,0.3120089586380734,11289432.801226696,-12.158902272249241
217.74999999999997,4,cGDL,-12.158841106583395,0.0,9.744464763001323,5.051095460765208,0.0014122597480797916,0.2747065555791236,4.774976645438005,0.000277481369271842,0.005190192005910875,0.7945323266248173,0.0,1.2343100274667425e-05,1.3914040309625098e-05,3.748538882123266e-08,0.3119741765712855,11286412.25647532,-12.158853553096325
217.85,4,cGDL,-12.15879248739543,0.0,9.744527622386938,5.036748144615137,0.001412293349748961,0.27432637119049746,4.7610094800748906,0.0002770973446368661,0.005175010304429229,0.7945478923509339,0.0,1.2343467021960326e-05,1.3914453733846188e-05,3.748551372279632e-08,0.3119393976347866,11283392.152610471,-12.158804948269346
217.95,4,cGDL,-12.158743982396118,0.0,9.74459047986662,5.02240246436366,0.0014123269346426603,0.27394667860640576,4.747043458822612,0.0002767138167741472,0.005159829846546317,0.7945634563366796,0.0,1.2343833723036196e-05,1.3914867105968078e-05,3.748563838816899e-08,0.31190462181532724,11280372.488719704,-12.158756457840374
218.04999999999998,4,cGDL,-12.158695591657533,0.0,9.744653335440624,5.0080584150385485,0.0014123605027606678,0.2735674783274696,4.733078576208318,0.0002763307861893632,0.00514465062631339,0.7945790185874972,0.0,1.2344200378013809e-05,1.3915280426124658e-05,3.748576281717257e-08,0.3118698490996578,11277353.263891194,-12.158708081881482
218.14999999999998,4,cGDL,-12.158647315251642,0.0,9.74471618910921,4.993715991669535,0.0014123940541029834,0.2731887708560009,4.719114826759431,0.0002759482533898999,0.00512947263778199,0.7945945791088281,0.0,1.2344566987011905e-05,1.3915693694449784e-05,3.748588700962894e-08,0.31183507947453054,11274334.47721389,-12.15865982046476
218.25,4,cGDL,-12.15859915325052,0.0,9.744779040872633,4.979375189287603,0.001412427588669385,0.27281055669603943,4.705152205002894,0.00027556621888488833,0.005114295875003145,0.794610137906112,0.0,1.23449335501492e-05,1.391610691107728e-05,3.748601096535955e-08,0.3118003129266973,11271316.127777353,-12.158611673662309
218.35,4,cGDL,-12.158551105726247,0.0,9.744841890731143,4.965036002924735,0.0014124611064596504,0.27243283635333193,4.691190705464943,0.00027518468318518376,0.005099120332027112,0.7946256949847877,0.0,1.2345300067544383e-05,1.3916520076140941e-05,3.748613468418556e-08,0.31176554944290924,11268298.214671722,-12.15856364154625
218.45,4,cGDL,-12.158503172750954,0.0,9.744904738684998,4.950698427614298,0.0014124946074737799,0.27205561033533204,4.677230322671492,0.0002748036468033657,0.005083946002903796,0.7946412503502929,0.0,1.2345666539316116e-05,1.391693318977453e-05,3.7486258165927877e-08,0.3117307890099177,11265280.73698778,-12.158515724188709
218.55,4,cGDL,-12.15845535444629,0.0,9.744967584734447,4.936362458391048,0.001412528091705445,0.2716788791512299,4.663271051148112,0.0002744231102537676,0.005068772881682731,0.7946568040080636,0.0,1.2346032965578934e-05,1.3917346252107163e-05,3.7486381410334756e-08,0.3116960316144743,11262263.693816965,-12.15846792166467
218.65,4,cGDL,-12.158407873764304,0.0,9.74503042899937,4.923884517171258,0.001412557945285775,0.2713038409381951,4.651168118287777,0.00027404428377595465,0.005055617519878018,0.794670338196346,0.0,1.2346352304575895e-05,1.3917706234249191e-05,3.748650392188948e-08,0.3116658681675139,11259627.628078582,-12.158420246047125
218.74999999999997,4,cGDL,-12.158360294833244,0.0,9.745093271485016,4.909629428904253,0.0014125912446512068,0.27092815115558144,4.637288686504021,0.000273664799147052,0.005040531180982631,0.7946858040198704,0.0,1.2346716671137066e-05,1.391811697473633e-05,3.748662666963053e-08,0.31163130891816937,11256627.375390511,-12.158372685616591
218.84999999999997,4,cGDL,-12.158312822280436,0.0,9.74515611207249,4.89530574248577,0.0014126246638798134,0.2705529124662177,4.623340205355673,0.0002732857701678967,0.005025369788430079,0.7947013444414021,0.0,1.2347082771145778e-05,1.3918529669291604e-05,3.748674919834414e-08,0.3115965790890954,11253613.166572709,-12.158325239293834
218.95,4,cGDL,-12.158265425664297,0.0,9.745218950736541,4.88065813559615,0.0014126586999836377,0.2701779606541743,4.609067516241992,0.00027290703096381243,0.0050098559959152085,0.794717236973121,0.0,1.2347457074699884e-05,1.3918951611479867e-05,3.7486871575774476e-08,0.3115610472699326,11250532.663913237,-12.158277907070156
219.04999999999998,4,cGDL,-12.158218181598386,0.0,9.745281787476724,4.866326800665045,0.0014126921067291742,0.26980370926646585,4.59511039929185,0.00027252899925905643,0.004994685216621576,0.7947327857841194,0.0,1.2347823358939919e-05,1.391936451371409e-05,3.748699363138467e-08,0.31152629664881004,11247517.098808795,-12.158230689015221
219.14999999999998,4,cGDL,-12.158171063039049,0.0,9.745344622319198,4.852084486462358,0.0014127253264730744,0.2694300122247497,4.581241748911135,0.00027215152749974716,0.004979610596642538,0.7947482378758578,0.0,1.234818738243903e-05,1.3919774867476725e-05,3.748711542538374e-08,0.3114917652348245,11244519.887768717,-12.15818358519877
219.25,4,cGDL,-12.158124059611907,0.0,9.745407455269836,4.837843673207124,0.0014127585295734546,0.26905681358942346,4.567374101088127,0.00027177455918123584,0.004964537066400139,0.7947636883744187,0.0,1.2348551363003528e-05,1.3920185172840344e-05,3.748723698085401e-08,0.31145723659149,11241523.090465633,-12.15813659569059
219.35,4,cGDL,-12.158077171386594,0.0,9.745470286328873,4.823604355975044,0.0014127917160302594,0.268684113883507,4.553507450375506,0.00027139809483182523,0.004949464619973376,0.7947791372851949,0.0,1.2348915300751348e-05,1.3920595429937883e-05,3.7487358297617776e-08,0.31142271070563293,11238526.706002314,-12.158089720560525
219.45,4,cGDL,-12.158030398435187,0.0,9.745533115496546,4.809366529842808,0.0014128248858434334,0.26831191363175305,4.539641791325211,0.0002710221349815687,0.004934393251440447,0.7947945846135781,0.0,1.2349279195800197e-05,1.392100563890204e-05,3.7487479375493544e-08,0.3113881875640793,11235530.733482106,-12.158042959878465
219.54999999999998,4,cGDL,-12.157983740829593,0.0,9.745595942773088,4.795130189888186,0.0014128580390125878,0.2679402133606493,4.5257771184885245,0.00027064668016227203,0.004919322954878831,0.7948100303649589,0.0,1.2349643048267782e-05,1.3921415799865499e-05,3.7487600214299874e-08,0.31135366715365426,11232535.172008948,-12.157996313714351
219.65,4,cGDL,-12.157937198642117,0.0,9.74565876815873,4.780895331189975,0.0014128911755375562,0.26756901359845964,4.511913426415978,0.000270271730907535,0.004904253724365194,0.7948254745447273,0.0,1.2350006858271762e-05,1.3921825912960896e-05,3.74877208138545e-08,0.3113191494611823,11229540.02068737,-12.15794978214977
219.75,4,cGDL,-12.157890771944778,0.0,9.745721591653709,4.76666194882806,0.0014129242954181165,0.26719831487516205,4.4980507096574796,0.0002698972877526889,0.004889185553975522,0.7948409171582718,0.0,1.2350370625929791e-05,1.3922235978320855e-05,3.7487841173975224e-08,0.31128463447348714,11226545.278622484,-12.157903413158975
219.85,4,cGDL,-12.157844460809713,0.0,9.745784413258253,4.752430037883328,0.0014129573986539912,0.2668281177224897,4.484188962762184,0.0002695233512348381,0.004874118437784983,0.7948563582109802,0.0,1.235073435135951e-05,1.3922645996077992e-05,3.7487961294479536e-08,0.3112501221773918,11223550.944919981,-12.1578571589731
219.95,4,cGDL,-12.157798265309225,0.0,9.745847232972594,4.738199593437682,0.0014129904852449582,0.2664584226739361,4.470328180278501,0.0002691499218928648,0.004859052369867936,0.7948717977082392,0.0,1.235109803467851e-05,1.3923055966364866e-05,3.748808117518443e-08,0.3112156125597185,11220557.018686146,-12.157811018881496
220.04999999999998,4,cGDL,-12.157752185515449,0.0,9.74591005079696,4.723970610574261,0.0014130235551907955,0.2660892302647515,4.456468356754319,0.0002687770002674258,0.0048439873442981726,0.7948872356554345,0.0,1.2351461676004388e-05,1.392346588931404e-05,3.748820081590681e-08,0.31118110560728923,11217563.499027878,-12.157764992951325
220.14999999999998,4,cGDL,-12.157706221500689,0.0,9.745972866731583,4.709743084377279,0.00141305660849117,0.26572054103192894,4.442609486736859,0.0002684045869009383,0.00482892335514876,0.7949026720579504,0.0,1.2351825275454694e-05,1.3923875765058019e-05,3.748832021646323e-08,0.3111466013069252,11214570.385052677,-12.157719081250011
220.25,4,cGDL,-12.157660373337194,0.0,9.746035680776687,4.695517009932103,0.0014130896451458042,0.2653523555142208,4.428751564772736,0.00026803268233759677,0.0048138603964921044,0.7949181069211704,0.0,1.2352188833146974e-05,1.3924285593729317e-05,3.74884393766699e-08,0.31111209964544717,11211577.675868653,-12.157673283845057
220.35,4,cGDL,-12.157614641097268,0.0,9.746098492932504,4.681292382325021,0.0014131226651545314,0.2649846742521576,4.414894585407709,0.0002676612871233915,0.004798798462399684,0.7949335402504769,0.0,1.2352552349198743e-05,1.3924695375460402e-05,3.748855829634287e-08,0.311077600609675,11208585.37058448,-12.157627600804053
220.45,4,cGDL,-12.157569024853387,0.0,9.746161303199257,4.66706919664339,0.0014131556685170188,0.2646174977880125,4.401038543186861,0.0002672904018060733,0.0047837375469422395,0.7949489720512517,0.0,1.2352915823727494e-05,1.3925105110383723e-05,3.748867697529753e-08,0.31104310418642755,11205593.468309429,-12.157582032194666
220.54999999999998,4,cGDL,-12.1575235246778,0.0,9.746224111577172,4.652847447976942,0.0014131886552329886,0.26425082666583866,4.3871834326558705,0.00026692002693519054,0.004768677644191164,0.7949644023288737,0.0,1.235327925685068e-05,1.3925514798631676e-05,3.748879541334958e-08,0.3110086103625267,11202601.968153626,-12.157536578084649
220.65,4,cGDL,-12.157478140643093,0.0,9.746286918066476,4.638627131416938,0.0014132216253020524,0.26388466143145756,4.373329248360179,0.0002665501630620783,0.004753618748217585,0.7949798310887204,0.0,1.2353642648685686e-05,1.3925924440336592e-05,3.748891361031368e-08,0.3109741191247941,11199610.869227901,-12.157491238541832
220.75,4,cGDL,-12.15743287282163,0.0,9.74634972266739,4.624408242055816,0.001413254578723988,0.2635190026324563,4.359475984844636,0.00026618081073985484,0.004738560853091996,0.7949952583361682,0.0,1.235400599934991e-05,1.3926334035630807e-05,3.748903156600483e-08,0.3109396304600517,11196620.170643693,-12.15744601363413
220.85,4,cGDL,-12.157387721285886,0.0,9.746412525380137,4.610190774987638,0.0014132875154985736,0.2631538508182037,4.345623636653936,0.00026581197052343806,0.0047235039528847125,0.7950106840765919,0.0,1.23543693089607e-05,1.3926743584646609e-05,3.748914928023744e-08,0.31090514435512145,11193629.871513152,-12.157400903429538
220.95,4,cGDL,-12.157342686108564,0.0,9.74647532620494,4.59597472530772,0.0014133204356253648,0.26278920653982996,4.331772198332264,0.0002654436429695252,0.004708448041665505,0.795026108315365,0.0,1.2354732577635353e-05,1.392715308751622e-05,3.748926675282548e-08,0.31087066079682557,11190639.97094907,-12.157355907996148
221.04999999999998,4,cGDL,-12.157297767506236,0.0,9.746538125142022,4.5817600881123886,0.0014133533390864317,0.2624250703502832,4.317921664423019,0.00026507582863664967,0.004693393113503281,0.7950415310578601,0.0,1.2355095805479245e-05,1.3927562544358424e-05,3.7489383983372315e-08,0.31083617977198497,11187650.468064828,-12.15731102740212
221.14999999999998,4,cGDL,-12.157253577449978,0.0,9.74660092252823,4.572777226762838,0.0014133760449380195,0.2620648195565473,4.309299031161353,0.00026471193894600736,0.004684020686044949,0.7950512673750091,0.0,1.2355326423394011e-05,1.392782251364416e-05,3.7489499599121e-08,0.31081463590846153,11185733.52127834,-12.157266261714732
221.24999999999997,4,cGDL,-12.157208902594846,0.0,9.746663718368787,4.5586433871062155,0.0014134087630693903,0.2617017517847243,4.295528226558422,0.0002643452038229539,0.004669052420172197,0.7950666023760049,0.0,1.2355687591812112e-05,1.3928229648951839e-05,3.748961632269003e-08,0.310780352772211,11182760.797549061,-12.15722160663115
221.35,4,cGDL,-12.157164285665829,0.0,9.746726512300006,4.544009380708465,0.001413442440862167,0.26133886994585154,4.281257068321751,0.00026397865651096115,0.004653540291654077,0.795082481051835,0.0,1.2356061432643311e-05,1.3928651069525186e-05,3.748973293555828e-08,0.3107448317665606,11179685.654461075,-12.157177066396557
221.45,4,cGDL,-12.157119781331176,0.0,9.746789304287613,4.529342286283989,0.0014134761691416697,0.2609764761360057,4.266952333978842,0.00026361260215758154,0.004637991667368307,0.7950983957304741,0.0,1.2356436107330607e-05,1.3929073430081777e-05,3.748984931503772e-08,0.31070922797080586,11176603.837356739,-12.157132641245322
221.54999999999998,4,cGDL,-12.157075393659966,0.0,9.746852094329592,4.514676279090469,0.0014135098813756741,0.26061459298366163,4.252648176225431,0.00026324706361986023,0.004622443669810251,0.7951143092665699,0.0,1.2356810749652289e-05,1.3929495754153492e-05,3.7489965451974483e-08,0.3106736258989004,11173522.35185181,-12.157088332010217
221.65,4,cGDL,-12.157031122727574,0.0,9.746914882426125,4.500011353518905,0.001413543577564902,0.2602532210519867,4.238344588889353,0.0002628820414666533,0.004606896292271036,0.7951302216662623,0.0,1.2357185359743529e-05,1.3929918041892706e-05,3.7490081346176935e-08,0.3106380255359009,11170441.196917355,-12.15704413802328
221.75,4,cGDL,-12.156986968608294,0.0,9.746977668577397,4.48534750396077,0.0014135772577100747,0.2598923609059568,4.224041565797103,0.00026251753626864324,0.004591349528040329,0.7951461329356911,0.0,1.2357559937739562e-05,1.3930340293451872e-05,3.749019699745462e-08,0.31060242686686174,11167360.371524937,-12.157000059148338
221.85,4,cGDL,-12.156942931376705,0.0,9.747040452783587,4.470684724808175,0.0014136109218121362,0.25953201311235663,4.209739100774006,0.00026215354859834004,0.004575803370406528,0.7951620430809951,0.0,1.2357934483775594e-05,1.3930762508983397e-05,3.749031240561657e-08,0.3105668298768353,11164279.87464662,-12.156956095454122
221.95,4,cGDL,-12.156899011107157,0.0,9.747103235044877,4.456023010453429,0.001413644569871697,0.25917217823974503,4.195437187643813,0.0002617900790300455,0.004560257812656318,0.7951779521083137,0.0,1.2358308997986868e-05,1.3931184688639742e-05,3.749042757047173e-08,0.31053123455087134,11161199.705254903,-12.156912247009515
222.05,4,cGDL,-12.156855207874287,0.0,9.747166015361449,4.441362355290086,0.0014136782018895344,0.2588128568585085,4.181135820229688,0.0002614271281399076,0.004544712848075748,0.7951938600237843,0.0,1.2358683480508571e-05,1.3931606832573297e-05,3.749054249182855e-08,0.3104956408740191,11158119.86232292,-12.156868513883648
222.14999999999998,4,cGDL,-12.156811522343332,0.0,9.747228793733479,4.426702753712409,0.0014137118177944274,0.2584540495409015,4.166834992353713,0.0002610646965059611,0.004529168469949688,0.7952097668335444,0.0,1.235905793142693e-05,1.3932028940881267e-05,3.749065716863209e-08,0.3104600488313262,11155040.344824363,-12.156824896769729
222.24999999999997,4,cGDL,-12.15677039711261,0.0,9.747291571519995,4.433168044672455,0.001413704301628127,0.2581093987599984,4.173644941610829,0.0002607165644040388,0.004536570588707422,0.7952027128468886,0.0,1.2358896891406815e-05,1.3931847404858592e-05,3.749076609855758e-08,0.31047669742639644,11156291.273449285,-12.15678139537229
222.35,4,cGDL,-12.156726949354606,0.0,9.747354348719538,4.41848619571766,0.0014137379319149046,0.2577516064803592,4.159320851305386,0.0002603551580609689,0.004521000925331942,0.7952186439166071,0.0,1.2359271890528807e-05,1.3932270131141566e-05,3.749088028462905e-08,0.3104410484185197,11153207.415005142,-12.156738009563375
222.45,4,cGDL,-12.156683579110734,0.0,9.747417123949983,4.4034660126295675,0.0014137722067993352,0.25739411081431113,4.144658129608457,0.000259994051327587,0.0045050631843570185,0.7952349427643154,0.0,1.2359655461250389e-05,1.3932702519954983e-05,3.7490994315678525e-08,0.31040456173970365,11150054.312160974,-12.156694756196899
222.54999999999998,4,cGDL,-12.156640326120794,0.0,9.747479897189661,4.388446652630412,0.0014138064660729754,0.25703713136207446,4.129995714802265,0.0002596334660222974,0.004489125776958983,0.7952512407570187,0.0,1.236003900643671e-05,1.3933134879983202e-05,3.749110810251811e-08,0.3103680761206811,11146901.487991478,-12.156651653761378
222.64999999999998,4,cGDL,-12.156597190470393,0.0,9.747542668438728,4.373428109669919,0.0014138407097359917,0.25668066870458967,4.115333600255593,0.00025927340273190877,0.004473188695929993,0.7952675379013382,0.0,1.2360422526233477e-05,1.3933567211390465e-05,3.7491221644938624e-08,0.31033159154538326,11143748.941381127,-12.15660866577616
222.75,4,cGDL,-12.15655417223553,0.0,9.747605437697333,4.358410377697969,0.0014138749377899384,0.25632472342464324,4.100671779335536,0.0002589138620450942,0.004457251934060365,0.7952838342038946,0.0,1.2360806020787188e-05,1.3933999514341922e-05,3.7491334942744714e-08,0.3102951079977382,11140596.671214806,-12.156565791336805
222.85,4,cGDL,-12.156511271492263,0.0,9.747668204965631,4.343393450664621,0.0014139091502361478,0.2559692961068302,4.086010245407555,0.00025855484455235376,0.004441315484138646,0.795300129671309,0.0,1.2361189490244343e-05,1.3934431789002715e-05,3.74914479957407e-08,0.3102586254616708,11137444.676377833,-12.156523030280619
222.95,4,cGDL,-12.156468488316705,0.0,9.74773097024377,4.328377322520267,0.0014139433470760632,0.2556143873375654,4.071348991835626,0.00025819635084602566,0.004425379338951767,0.7953164243102022,0.0,1.2361572934751443e-05,1.3934864035537986e-05,3.749156080373054e-08,0.3102221439211037,11134292.955755984,-12.156480382671223
223.05,4,cGDL,-12.156425822785195,0.0,9.747793733531902,4.31336198721543,0.0014139775283111833,0.2552599977051181,4.056688011982001,0.0002578383815203213,0.0044094434912847836,0.795332718127195,0.0,1.2361956354454966e-05,1.3935296254112872e-05,3.7491673366517516e-08,0.3101856633599562,11131141.508235453,-12.156437848572487
223.14999999999998,4,cGDL,-12.156383274973791,0.0,9.747856494830174,4.298347438700893,0.001414011693942785,0.25490612779955807,4.042027299207392,0.0002574809371712708,0.004393507933921078,0.7953490111289077,0.0,1.2362339749501423e-05,1.3935728444892513e-05,3.7491785683905225e-08,0.3101491837621447,11127990.332702864,-12.156395428048445
223.24999999999997,4,cGDL,-12.156340844958777,0.0,9.747919254138735,4.283333670927681,0.001414045843972478,0.2545527782128085,4.0273668468709,0.00025712401839677625,0.004377572659642283,0.795365303321961,0.0,1.236272312003731e-05,1.393616060804206e-05,3.749189775569655e-08,0.31011270511158284,11124839.428045297,-12.156353121163304
223.35,4,cGDL,-12.156298532816493,0.0,9.747982011457731,4.26832067784698,0.001414079978401428,0.2541999495386172,4.012706648329962,0.00025676762579658304,0.0043616376612282196,0.7953815947129752,0.0,1.2363106466209121e-05,1.3936592743726645e-05,3.749200958169414e-08,0.3100762273921812,11121688.793150252,-12.156310927981448
223.45,4,cGDL,-12.15625633862328,0.0,9.74804476678731,4.253308453410228,0.0014141140972311894,0.2538476423725902,3.9980466969404067,0.00025641175997231333,0.0043457029314569635,0.7953978853085708,0.0,1.2363489788163357e-05,1.393702485211142e-05,3.749212116170021e-08,0.31003975058784744,11118538.426905671,-12.156268848567429
223.54999999999998,4,cGDL,-12.156214262455478,0.0,9.748107520127615,4.238296991569094,0.0014141482004630945,0.25349585731213903,3.9833869860564914,0.0002560564215274132,0.004329768463104882,0.7954141751153678,0.0,1.2363873086046508e-05,1.3937456933361518e-05,3.749223249551691e-08,0.31000327468248634,11115388.328199932,-12.156226882985973
223.64999999999998,4,cGDL,-12.156172304389429,0.0,9.748170271478793,4.22328628627541,0.0014141822880985866,0.253144594956565,3.968727509030747,0.0002557016110672374,0.004313834248946464,0.7954304641399863,0.0,1.2364256360005083e-05,1.3937888987642093e-05,3.7492343582946057e-08,0.30996679965999957,11112238.495921852,-12.156185031299163
223.75,4,cGDL,-12.156130464501814,0.0,9.748233020840985,4.208276331481231,0.0014142163601389979,0.25279385590697173,3.95406825921412,0.00025534732919896134,0.004297900281754478,0.7954467523890466,0.0,1.2364639610185573e-05,1.3938321015118282e-05,3.749245442378868e-08,0.30993032550428584,11109088.928960674,-12.156143281571234
223.85,4,cGDL,-12.156088742868917,0.0,9.748295768214335,4.193267121138864,0.0014142504165857162,0.2524436407663466,3.9394092299559316,0.00025499357653166325,0.004281966554299925,0.7954630398691684,0.0,1.2365022836734483e-05,1.3938753015955235e-05,3.749256501784612e-08,0.30989385219924104,11105939.626206094,-12.156101645659106
223.95,4,cGDL,-12.15604713956742,0.0,9.748358513598987,4.178258649200765,0.0014142844574400737,0.2520939501395094,3.9247504146038152,0.0002546403536762721,0.004266033059351973,0.7954793265869717,0.0,1.2365406039798302e-05,1.3939184990318087e-05,3.7492675364918916e-08,0.309857379728758,11102790.586548233,-12.156060124779621
224.05,4,cGDL,-12.156005654673834,0.0,9.748421256995078,4.163250909619599,0.0014143184827035693,0.25174478463314176,3.9100918065037535,0.00025428766124559773,0.004250099789677993,0.7954956125490765,0.0,1.236578921952355e-05,1.3939616938372e-05,3.749278546480764e-08,0.3098209080767263,11099641.808877647,-12.156018719072064
224.15,4,cGDL,-12.155964288264784,0.0,9.748483998402751,4.148243896348264,0.0014143524923774242,0.251396144855773,3.8954333990001135,0.00025393549985431614,0.004234166738043602,0.7955118977621022,0.0,1.2366172376056703e-05,1.3940048860282103e-05,3.749289531731236e-08,0.30978443722703286,11096493.292085338,-12.155977401616155
224.25,4,cGDL,-12.155923040416894,0.0,9.748546737822144,4.133237603339813,0.0014143864864630262,0.25104803141780946,3.8807751854355406,0.00025358387011899946,0.004218233897212544,0.7955281822326685,0.0,1.2366555509544287e-05,1.3940480756213561e-05,3.749300492223285e-08,0.30974796716356123,11093345.035062736,-12.155936200920001
224.34999999999997,4,cGDL,-12.155881911206961,0.0,9.748609475253396,4.118232024547574,0.001414420464961763,0.250700444931504,3.866117159151108,0.00025323277265808486,0.004202301259946856,0.7955444659673951,0.0,1.2366938620132788e-05,1.3940912626331505e-05,3.749311427936849e-08,0.30971149787019236,11090197.036701722,-12.15589511706325
224.45,4,cGDL,-12.155840900711667,0.0,9.748672210696645,4.103227153924929,0.0014144544278749116,0.25035338601097745,3.851459313486077,0.0002528822080918964,0.004186368819006605,0.7955607489729015,0.0,1.236732170796872e-05,1.39413444708011e-05,3.749322338851847e-08,0.3096750293308036,11087049.295894593,-12.155854150117973
224.54999999999998,4,cGDL,-12.155800009015877,0.0,9.748734944152025,4.088222985425613,0.0014144883752028603,0.25000685527222954,3.8368016417781807,0.0002525321770426561,0.004170436567150196,0.7955770312558071,0.0,1.2367704773197908e-05,1.3941776289786733e-05,3.749333224946983e-08,0.3096385615292698,11083901.811534107,-12.155813300156355
224.64999999999998,4,cGDL,-12.155759268019779,0.0,9.748797675637796,4.073501537732137,0.001414521758053705,0.24966103559948125,3.8224259803746024,0.00025218286424190026,0.004154810848233263,0.7955930062875249,0.0,1.2368080665352935e-05,1.3942200022761491e-05,3.7493440789688736e-08,0.3096027918930394,11080812.394054262,-12.155772567250663
224.75,4,cGDL,-12.155718627372778,0.0,9.748860405161585,4.058615434557918,0.00141455544711791,0.24931563850111013,3.80788524060969,0.00025183397828394964,0.00413900569631488,0.7956091603254012,0.0,1.236846072734728e-05,1.3942628456282392e-05,3.7493549123632456e-08,0.3095666140650231,11077689.337049667,-12.155731951461682
224.85,4,cGDL,-12.155678095690064,0.0,9.748923132707032,4.043638669077867,0.0014145892983546127,0.24897071241223442,3.7932533673672784,0.00025148556809316606,0.004123101486268781,0.795625412945638,0.0,1.2368843083185962e-05,1.3943059475591448e-05,3.7493657231846455e-08,0.3095302110282405,11074547.808326533,-12.155691404957668
224.95,4,cGDL,-12.155638539119423,0.0,9.748985858756955,4.03626751738103,0.0014146083329323045,0.24863123231183712,3.7862216767362606,0.00025114265890084555,0.004115458344278544,0.7956333989968207,0.0,1.2369032591800162e-05,1.394327310348382e-05,3.74937631436149e-08,0.3095126155738688,11072965.44841363,-12.155650975659633
225.04999999999998,4,cGDL,-12.155600041097614,0.0,9.749048584336725,4.037251930816411,0.0014146110912202914,0.24829768393856003,3.7875396357866307,0.00025080574135208085,0.004116890908463729,0.7956323033501843,0.0,1.2369010235048279e-05,1.394324790132715e-05,3.7493866668161726e-08,0.30951568232007354,11073095.988180803,-12.155610699007125
225.15,4,cGDL,-12.15555979826928,0.0,9.749111308914802,4.021607089929814,0.0014146461989034964,0.24795391959761995,3.7722385241332907,0.00025045850464406054,0.004100259265362272,0.7956492822299936,0.0,1.2369409508870723e-05,1.3943697991817907e-05,3.749397419035895e-08,0.30947762412628654,11069817.852120344,-12.155570539799859
225.25,4,cGDL,-12.155519625093689,0.0,9.749174031394869,4.0055256704248725,0.0014146821420603362,0.24761040514556085,3.7565005831372513,0.00025011152034905135,0.004083152807757882,0.7956667356718932,0.0,1.2369819848010713e-05,1.394416055593935e-05,3.74940815756027e-08,0.30943848527246753,11066450.336344918,-12.155530673444213
225.34999999999997,4,cGDL,-12.155479559471587,0.0,9.749236751742329,3.989341318370335,0.0014147182712901385,0.24726735684577184,3.740659243253273,0.00024976500691492105,0.0040659339600579054,0.7956843010330272,0.0,1.2370232792868695e-05,1.394462605741562e-05,3.7494188737859935e-08,0.30939909085991096,11063061.834259644,-12.15549092654145
225.45,4,cGDL,-12.155439613018245,0.0,9.749299469950637,3.9731570690873634,0.001414754386056205,0.2469248419295501,3.724817472771757,0.0002494190322520708,0.0040487146443171276,0.7957018663234309,0.0,1.2370645730934425e-05,1.3945091551235171e-05,3.749429565062795e-08,0.3093596956924448,11059673.466953073,-12.155451298121681
225.54999999999998,4,cGDL,-12.155399785817849,0.0,9.749362186019866,3.95697291536308,0.0014147904863612282,0.2465828610309378,3.708975263845781,0.00024907359700094726,0.004031494852006283,0.7957194315509928,0.0,1.2371058662383806e-05,1.3945557037596292e-05,3.749440231369224e-08,0.3093202997510233,11056285.233082842,-12.15541178818945
225.64999999999998,4,cGDL,-12.155360077951627,0.0,9.74942489995009,3.940788849983818,0.0014148265722081499,0.24624141478587835,3.6931326086257315,0.00024872870180391753,0.004014274574593186,0.795736996723603,0.0,1.2371471587393025e-05,1.3946022516697589e-05,3.74945087268423e-08,0.30928090301659494,11052897.131306821,-12.155372396815103
225.74999999999997,4,cGDL,-12.155320489500866,0.0,9.749487611741381,3.924604865735193,0.0014148626435999678,0.24590050383221057,3.6772894992593823,0.0002483843473052632,0.0039970538035428065,0.795754561849152,0.0,1.2371884506138265e-05,1.3946487988737682e-05,3.74946148898673e-08,0.3092415054701031,11049509.160283143,-12.15533312406908
225.85,4,cGDL,-12.155281020546852,0.0,9.749550321393812,3.90842095540201,0.0014148987005396796,0.24556012880967037,3.6614459278918,0.0002480405341511822,0.003979832530317174,0.7957721269355317,0.0,1.2372297418795771e-05,1.3946953453915233e-05,3.749472080255608e-08,0.3092021070924853,11046121.31867018,-12.155293970021917
225.95,4,cGDL,-12.15524167117087,0.0,9.749613028907449,3.89223711176915,0.0014149347430302828,0.24522029035990728,3.6456018866662125,0.00024769726298980534,0.003962610746376318,0.795789691990634,0.0,1.237271032554178e-05,1.3947418912428916e-05,3.7494826464697326e-08,0.3091627078646759,11042733.605126726,-12.155254934744223
226.04999999999998,4,cGDL,-12.155202441454492,0.0,9.749675734282363,3.8760533276207343,0.0014149707710747472,0.24488098912647774,3.629757367723182,0.0002473545344711896,0.003945388443177372,0.7958072570223514,0.0,1.2373123226552541e-05,1.3947884364477412e-05,3.7494931876078925e-08,0.3091233077676036,11039346.018311823,-12.155216018306682
226.15,4,cGDL,-12.155163331478889,0.0,9.749738437518621,3.859869595740153,0.001415006784676015,0.24454222575484116,3.613912363200636,0.0002470123492473143,0.003928165612174604,0.7958248220385782,0.0,1.2373536122004367e-05,1.394834981025947e-05,3.749503703648913e-08,0.3090839067821918,11035958.556884775,-12.155177220780063
226.25,4,cGDL,-12.155124341325632,0.0,9.74980113861629,3.8436859089099578,0.0014150427838371116,0.24420400089237446,3.598066865233746,0.0002466707079720954,0.0039109422448192896,0.7958423870472087,0.0,1.2373949012073565e-05,1.3948815249973836e-05,3.749514194571537e-08,0.30904450488935803,11032571.219505116,-12.155138542235212
226.35,4,cGDL,-12.155085471076234,0.0,9.749863837575438,3.827502259911971,0.0014150787685609512,0.24386631518837087,3.582220865955039,0.0002463296113013847,0.003893718332559825,0.7958599520561389,0.0,1.2374361896936476e-05,1.39492806838193e-05,3.7495246603544835e-08,0.30900510207001447,11029184.004832648,-12.155099982743057
226.45,4,cGDL,-12.155046720812152,0.0,9.749926534396128,3.811318641527464,0.0014151147388505592,0.24352916929404025,3.566374357494573,0.00024598905989296993,0.0038764938668419276,0.7958775170732652,0.0,1.2374774776769473e-05,1.3949746111994678e-05,3.7495351009764545e-08,0.3089656983050685,11025796.911527459,-12.155061542374597
226.55,4,cGDL,-12.155008090245815,0.0,9.749989229078423,3.795135046537252,0.001415150694754036,0.24319256386247293,3.550527331980025,0.0002456490544065383,0.003859268839108723,0.7958950821064849,0.0,1.2375187651779577e-05,1.3950211534733339e-05,3.74954551647006e-08,0.30892629357542234,11022409.938249942,-12.155023221200917
226.64999999999998,4,cGDL,-12.154968203408657,0.0,9.750051920823735,3.7665082548996254,0.0014152108522897666,0.2428484527405235,3.522244591306812,0.0002453014674146702,0.0038285267296813176,0.795926171802904,0.0,1.2375916078440182e-05,1.395103267024166e-05,3.749556221940614e-08,0.30885611596401286,11016472.37964323,-12.154985019300614
226.74999999999997,4,cGDL,-12.154929887223716,0.0,9.750114609676986,3.7510230214128857,0.0014152454207647658,0.24251338129624145,3.5070943946958795,0.0002449630114103449,0.003812059124669434,0.7959429778639203,0.0,1.2376311238224022e-05,1.3951478123088897e-05,3.74956656979888e-08,0.30881843622507527,11013228.792574989,-12.154946962746942
226.85,4,cGDL,-12.154891691913804,0.0,9.750177296481766,3.7355380813403953,0.0014152799741751765,0.24217885251808718,3.491943948848133,0.0002446251035536234,0.0037955912487479706,0.7959597836476985,0.0,1.2376706385850509e-05,1.3951923562231484e-05,3.7495768923249395e-08,0.30878075618535505,11009985.38131774,-12.154909026974755
226.95,4,cGDL,-12.154853617167703,0.0,9.750239981238165,3.720053428182816,0.0014153145125705424,0.2418448670673426,3.476793246602903,0.0002442877445124673,0.00377912309413359,0.7959765891613539,0.0,1.2377101521510218e-05,1.3952368987884245e-05,3.749587189554733e-08,0.3087430758275202,11006742.144681076,-12.154871227677667
227.04999999999998,4,cGDL,-12.154815663064653,0.0,9.750302663946266,3.7045690554409694,0.0014153490359528342,0.24151142560725605,3.4616422807977605,0.0002439509349568243,0.003762654653041044,0.7959933944120022,0.0,1.237749664536134e-05,1.395281440022551e-05,3.749597461467121e-08,0.30870539513423545,11003499.081475057,-12.154833553039065
227.15,4,cGDL,-12.154777829684008,0.0,9.75036534460616,3.6890849566171107,0.0014153835443239393,0.2411785288030229,3.446491044269764,0.000243614675558609,0.003746185917684526,0.796010199406757,0.0,1.2377891757562025e-05,1.3953259799433557e-05,3.749607708040918e-08,0.3086677140881653,11000256.190510452,-12.154795997782895
227.25,4,cGDL,-12.154740117105291,0.0,9.750428023217925,3.673601125213775,0.001415418037685634,0.24084617732178326,3.431339529854306,0.00024327896699170027,0.0037297168802764196,0.7960270041527319,0.0,1.2378286858270411e-05,1.3953705185686648e-05,3.749617929254877e-08,0.30863003267197153,10997013.470598502,-12.154758577782532
227.35,4,cGDL,-12.154702525407856,0.0,9.750490699781649,3.658117554733462,0.0014154525160398612,0.24051437183261465,3.4161877303848076,0.000242943809931934,0.003713247533026965,0.7960438086570412,0.0,1.2378681947644666e-05,1.395415055916308e-05,3.7496281250877653e-08,0.30859235086831194,10993770.920550851,-12.154721274418769
227.45,4,cGDL,-12.154665055154908,0.0,9.750553374297416,3.642634238678506,0.001415486979329278,0.2401831130066012,3.4010356386925755,0.00024260920505717292,0.003696777868144104,0.7960606129267987,0.0,1.2379077025802804e-05,1.3954595919995889e-05,3.7496382954476036e-08,0.3085546686598403,10990528.539179552,-12.154684087153964
227.55,4,cGDL,-12.154629469832742,0.0,9.750616047797434,3.643239620064813,0.001415490118430257,0.2398628086047034,3.4019613213416795,0.00024228566525727618,0.0036977840449366082,0.7960599302898062,0.0,1.2379064056551461e-05,1.3954581300112555e-05,3.749648035122849e-08,0.30855677254286135,10990584.258175967,-12.154646999192186
227.64999999999998,4,cGDL,-12.154592206550262,0.0,9.75067872025734,3.6273765298660154,0.0014155252908337468,0.23953239980173704,3.3864286047734447,0.00024195191899165357,0.0036809006573624396,0.7960771474236459,0.0,1.2379468752204495e-05,1.3955037502485066e-05,3.7496581632323916e-08,0.3085181490850811,10987264.261427216,-12.154609992178498
227.74999999999997,4,cGDL,-12.154564006332407,0.0,9.750741395873124,3.6933827204767264,0.0014154011289121138,0.23925549622621248,3.452711823121602,0.00024167221841031564,0.0037529476338278283,0.7960053801477619,0.0,1.2377797095246416e-05,1.3953153089186869e-05,3.749666208619893e-08,0.3086819861947238,11000726.569774205,-12.154573102727431
227.85,4,cGDL,-12.154527080194555,0.0,9.75080407468875,3.6782083406016217,0.0014154349290603774,0.2389266339841899,3.4378662716883714,0.00024134003432746455,0.0037368111648786646,0.7960218488007939,0.0,1.2378184290634584e-05,1.3953589563988075e-05,3.7496762655801765e-08,0.30864506382482326,10997547.984875074,-12.154536331877614
227.95,4,cGDL,-12.154490222084235,0.0,9.750866751465843,3.662568999258669,0.001415469619783255,0.23859802091611157,3.422555508722774,0.00024100810193546622,0.0037201690312204066,0.7960388228668441,0.0,1.2378583273468448e-05,1.3954039326455343e-05,3.749686309088933e-08,0.30860699057110946,10994274.2058905,-12.154499679926497
228.04999999999998,4,cGDL,-12.154453481772919,0.0,9.750929426172673,3.6468993032011205,0.0014155043550430069,0.23826993879744873,3.407213860048629,0.0002406767058560088,0.003703493326139814,0.7960558299680042,0.0,1.2378983021505473e-05,1.3954489951515262e-05,3.749696327879132e-08,0.30856884120887107,10990994.321958948,-12.15446314790228
228.14999999999998,4,cGDL,-12.154416862693267,0.0,9.750992098807366,3.6312299870026443,0.0014155390750189567,0.2379424081960036,3.3918720397316218,0.0002403458668646501,0.003686817434490893,0.7960728366986446,0.0,1.2379382755270363e-05,1.395494056048659e-05,3.7497063211574767e-08,0.3085306917429856,10987714.633433737,-12.154426737277541
228.25,4,cGDL,-12.154380364926737,0.0,9.751054769370025,3.6155610442929627,0.00141557377971252,0.2376154297985778,3.3765300407146723,0.0002400155856551291,0.003670141348602905,0.796089843065742,0.0,1.2379782474917791e-05,1.3955391153543692e-05,3.74971628890217e-08,0.30849254215639205,10984435.139156358,-12.1543904481275
228.35,4,cGDL,-12.154343988553535,0.0,9.751117437860747,3.5998924687023273,0.0014156084691251403,0.23728900429395094,3.361187855939251,0.00023968586292318279,0.003653465060803534,0.7961068490762733,0.0,1.2380182180602555e-05,1.3955841730861064e-05,3.7497262310915704e-08,0.30845439243202716,10981155.83796882,-12.154354280527
228.45,4,cGDL,-12.154307733654036,0.0,9.751180104279634,3.5842242538611715,0.0014156431432583438,0.23696313237287783,3.3458454783450353,0.00023935669936654328,0.0036367885634185164,0.7961238547372149,0.0,1.2380581872479443e-05,1.395629229261319e-05,3.749736147703975e-08,0.3084162425528244,10977876.728713606,-12.154318234550917
228.55,4,cGDL,-12.154271600308675,0.0,9.751242768626778,3.5685563934011375,0.0014156778021136018,0.23663781472808687,3.330502900870937,0.00023902809568493623,0.0036201118487727574,0.7961408600555423,0.0,1.2380981550703199e-05,1.3956742838974516e-05,3.749746038717661e-08,0.30837809250171627,10974597.810233852,-12.154282310274183
228.65,4,cGDL,-12.154235588597885,0.0,9.751305430902276,3.5528888809542782,0.0014157124456923575,0.23631305205429423,3.3151601164542917,0.00023870005258009517,0.0036034349091894472,0.7961578650382305,0.0,1.238138121542858e-05,1.395719337011949e-05,3.749755904110866e-08,0.30833994226163275,10971319.081373213,-12.154246507771765
228.75,4,cGDL,-12.154199698602042,0.0,9.751368091106228,3.5372217101536227,0.0014157470739961375,0.23598884504819576,3.299817118031431,0.00023837257075575328,0.003586757736990686,0.7961748696922536,0.0,1.2381780866810327e-05,1.3957643886222552e-05,3.7497657438618054e-08,0.30830179181550244,10968040.540975962,-12.154210827118673
228.84999999999997,4,cGDL,-12.154163930401808,0.0,9.751430749238724,3.521554874632724,0.0014157816870263573,0.2356651944084889,3.284473898537209,0.00023804565091766557,0.003570080324496966,0.7961918740245854,0.0,1.2382180505003164e-05,1.3958094387458111e-05,3.74977555794864e-08,0.3082636411462513,10964762.187886901,-12.154175268390013
228.95,4,cGDL,-12.154128284077501,0.0,9.751493405299858,3.5058883680255875,0.0014158162847845157,0.23534210083583437,3.2691304509049686,0.00023771929377357006,0.00355340266402714,0.7962088780421993,0.0,1.2382580130161824e-05,1.3958544874000605e-05,3.749785346349539e-08,0.30822549023680307,10961484.020951355,-12.15413983183422
229.04999999999998,4,cGDL,-12.154092759709727,0.0,9.751556059289724,3.4902221839666425,0.0014158508672721115,0.23501956503291613,3.2537867680664543,0.0002373935000332486,0.00353672474789832,0.7962258817520684,0.0,1.2382979742441035e-05,1.395899534602444e-05,3.749795109042601e-08,0.30818733907007817,10958206.03901516,-12.15410451871493
229.14999999999998,4,cGDL,-12.154057357758518,0.0,9.751618711208414,3.4745563160910207,0.0014158854344440974,0.23469758770444044,3.238442842952136,0.0002370682704085257,0.003520046568426235,0.7962428851611654,0.0,1.2383379341964002e-05,1.3959445803668511e-05,3.749804845950459e-08,0.30814918762899557,10954928.240924735,-12.154069329117192
229.25,4,cGDL,-12.154023404027612,0.0,9.751681361847211,3.4712308389444226,0.0014158959737245735,0.23438415477536326,3.235430788195335,0.00023675167149026592,0.0035167725958644945,0.7962464757326453,0.0,1.2383465923582537e-05,1.3959543404765771e-05,3.7498142501352874e-08,0.3081415527409373,10954180.189871693,-12.15403429010707
229.35,4,cGDL,-12.153988316035168,0.0,9.751744011245878,3.456184985329536,0.0014159293046102917,0.23406369783382977,3.220705358191096,0.00023642797760992906,0.003500766693685974,0.7962628053287042,0.0,1.2383849783280361e-05,1.3959976119334224e-05,3.7498239196516265e-08,0.3081049324687568,10951029.725682294,-12.15399937332236
229.45,4,cGDL,-12.153954147055458,0.0,9.751806659129574,3.4485734190381327,0.0014159481545595598,0.23374861223814616,3.213408858645427,0.00023610970933146078,0.0034928357159189423,0.7962710545747497,0.0,1.23840450652069e-05,1.3960196255324145e-05,3.7498333787539894e-08,0.30808669602254835,10949403.318215018,-12.153964578829457
229.54999999999998,4,cGDL,-12.153919494142883,0.0,9.751869305611494,3.4352928644413403,0.0014159780207672334,0.23343041958794816,3.200446466832625,0.00023578830261408905,0.003478746159600679,0.7962854655377853,0.0,1.2384384135072916e-05,1.3960578479536744e-05,3.749842952634077e-08,0.308054439186886,10946614.95776821,-12.153929906702464
229.65,4,cGDL,-12.153884690951315,0.0,9.751931950164652,3.4194612174420524,0.0014160128363035207,0.2331111379664831,3.184934066639266,0.0002354657959257405,0.00346188485504268,0.7963026493490316,0.0,1.2384787909162985e-05,1.3961033643056457e-05,3.749852563929449e-08,0.3080158724730077,10943303.774643524,-12.153895357015514
229.75,4,cGDL,-12.153850848001298,0.0,9.75199459312821,3.4114711004591736,0.0014160323786186202,0.23279749372769723,3.1772575743528577,0.00023514898356333055,0.003453540841687889,0.7963113101747488,0.0,1.2384992771095551e-05,1.3961264578325893e-05,3.749861955013538e-08,0.3079966966857325,10941600.12850426,-12.153860929842793
229.84999999999997,4,cGDL,-12.153816155820891,0.0,9.752057234420814,3.3943699340482176,0.0014160696347813306,0.23247851663396937,3.160475347779467,0.00023482678447875693,0.003435299291064638,0.7963298739244566,0.0,1.238542873634486e-05,1.3961756030061477e-05,3.74987154580767e-08,0.30795498833791396,10938028.949649911,-12.153826625258521
229.95,4,cGDL,-12.15378154518487,0.0,9.7521198734341,3.3768886931816082,0.0014161076158579478,0.23215985747391824,3.143312728091832,0.00023450490653931135,0.003416644269665035,0.7963488508237957,0.0,1.2385874338847724e-05,1.3962258345610163e-05,3.749881120197869e-08,0.3079123390044891,10934379.980449088,-12.153792443336956
230.04999999999998,4,cGDL,-12.153747053068855,0.0,9.752182510141447,3.359371071155331,0.0014161456530382976,0.2318417393919586,3.126113186110334,0.00023418357514339252,0.0033979491153373195,0.7963678673095194,0.0,1.2386320860549469e-05,1.3962761697346673e-05,3.749890669617654e-08,0.30786959863268387,10930723.673945423,-12.15375838414292
230.14999999999998,4,cGDL,-12.153712683399476,0.0,9.752245144540572,3.3418530283797785,0.0014161836763368352,0.2315241863895608,3.108912658313881,0.0002338628145349099,0.0033792528894716098,0.7963868842959936,0.0,1.238676738926687e-05,1.3963265056991744e-05,3.749900193152844e-08,0.30782685615069705,10927067.401735395,-12.15372441316467
230.25,4,cGDL,-12.153678436265011,0.0,9.752307776631495,3.3243345568421696,0.0014162216857571686,0.23120719919246868,3.0917111359639438,0.00023354262544693805,0.0033605555825695042,0.7964059017919836,0.0,1.238721392519637e-05,1.3963768424766817e-05,3.749909690780099e-08,0.3077841115373302,10923411.162332324,-12.153690565754182
230.35,4,cGDL,-12.153644311752885,0.0,9.75237040641424,3.3068156485292524,0.0014162596813029615,0.23089077852846265,3.0745086103194867,0.00023322300861460874,0.003341857185129877,0.7964249198062555,0.0,1.2387660468534512e-05,1.3964271800893448e-05,3.74991916247617e-08,0.30774136477137987,10919754.954249872,-12.153656671513712
230.45,4,cGDL,-12.153610309964677,0.0,9.752433033888826,3.2892962954271945,0.0014162976629762125,0.2305749251273547,3.0573050726368636,0.00023290396477510574,0.003323157687648765,0.7964439383475761,0.0,1.2388107019476672e-05,1.3964775185591887e-05,3.749928608215714e-08,0.30769861583163727,10916098.776002012,-12.153622899385928
230.54999999999998,4,cGDL,-12.153576479783055,0.0,9.752495659084728,3.272236265856421,0.0014163347361386414,0.23025993735894715,3.040559993761335,0.00023258579531206783,0.003304956514957973,0.79646245768973,0.0,1.2388541914504121e-05,1.3965265430895556e-05,3.749938016625772e-08,0.3076570017169965,10912536.874604587,-12.15358924998336
230.65,4,cGDL,-12.153542843956359,0.0,9.75255828207457,3.2558492100169016,0.001416370485045837,0.2299459543141109,3.024486885217745,0.00023226864072132416,0.0032874857448018965,0.7964802456144768,0.0,1.238895973320602e-05,1.3965736426523148e-05,3.749947382410194e-08,0.3076170507797747,10909113.045891557,-12.153555722920926
230.75,4,cGDL,-12.153509331299631,0.0,9.752620902901521,3.239461970338223,0.0014164062195047566,0.22963254099055533,3.008413023128163,0.00023195206160662156,0.00327001415557409,0.7964980337828194,0.0,1.2389377552181516e-05,1.3966207422459164e-05,3.749956722137481e-08,0.3075770983097543,10905689.30099281,-12.15352232168544
230.85,4,cGDL,-12.153475941875229,0.0,9.752683521565615,3.2230745396728384,0.001416441939520674,0.22931969812681058,2.992338399606507,0.0002316360587139501,0.003252541738702725,0.7965158222025834,0.0,1.2389795371607148e-05,1.3966678418902603e-05,3.749966035787908e-08,0.30753714428785345,10902265.638601642,-12.153489043097133
230.95000000000002,4,cGDL,-12.153442675766655,0.0,9.752746138066884,3.2066869108731146,0.0014164776450960592,0.22900742646346267,2.976263006764556,0.00023132063279137643,0.0032350684856136476,0.796533610881595,0.0,1.2390213191657695e-05,1.3967149416050491e-05,3.74997532333862e-08,0.3074971886949862,10898842.057411762,-12.15345588689902
231.04999999999998,4,cGDL,-12.15340953305747,0.0,9.752808752405366,3.1902990767911943,0.0014165133362335214,0.22869572674315095,2.96018683671181,0.00023100578458904136,0.003217594387730228,0.7965513998276808,0.0,1.2390631012507962e-05,1.3967620414099884e-05,3.7499845847667215e-08,0.307457231512062,10895418.556117278,-12.153422890846844
231.14999999999998,4,cGDL,-12.153376513831063,0.0,9.75287136458109,3.173911030282658,0.0014165490129356417,0.22838459971056824,2.944109881559154,0.00023069151485915983,0.0032001194364773417,0.7965691890486636,0.0,1.239104883433268e-05,1.3968091413247747e-05,3.7499938200493193e-08,0.30741727271999514,10891995.133413432,-12.153335976263591
231.24999999999997,4,cGDL,-12.153343618171164,0.0,9.752933974594088,3.157522764202798,0.0014165846752049183,0.22807404611247248,2.9280321334151207,0.0002303778243560328,0.003182643623277305,0.7965869785523666,0.0,1.2391466657306578e-05,1.3968562413691052e-05,3.7500030291634444e-08,0.30737731229969517,10888571.787995856,-12.153537708283515
231.35,4,cGDL,-12.15331084616389,0.0,9.75299658244439,3.141134271406615,0.001416620323043627,0.2277640666976793,2.911953584385892,0.0002300647138360397,0.003165166939549883,0.7966047683466141,0.0,1.2391884481604206e-05,1.396903341562656e-05,3.7500122120857464e-08,0.307337350232067,10885148.518560555,-12.15348873631692
231.45,4,cGDL,-12.153278206730931,0.0,9.753059188137392,3.124829383664087,0.0014166557933217583,0.2274547165069438,2.8959580113638212,0.00022975223889590282,0.0031477804471345882,0.7966224673139696,0.0,1.2392300180342032e-05,1.3969502021476474e-05,3.7500213667320697e-08,0.30729759383038324,10881742.509755317,-12.153439722604364
231.54999999999998,4,cGDL,-12.153245751728377,0.0,9.753121791715408,3.109100687381847,0.0014166901275751986,0.22714631528945503,2.880537681964817,0.00022944072251460104,0.003131019219526975,0.7966395400579585,0.0,1.2392701256016511e-05,1.3969954143145887e-05,3.750030480991647e-08,0.30725926125192765,10878454.735929243,-12.153390658733597
231.65,4,cGDL,-12.153213420761176,0.0,9.753184393215394,3.0933721132551995,0.0014167244466662676,0.22683849079406018,2.865116898014473,0.00022912978868086886,0.0031142574978418186,0.7966566127134774,0.0,1.239310232376216e-05,1.3970406255877344e-05,3.7500395689669686e-08,0.3072209278845228,10875167.110093055,-12.15359249604958
231.75,4,cGDL,-12.153181213892424,0.0,9.753246992637415,3.0776436549679116,0.0014167587505984625,0.22653124377840347,2.8496956524389097,0.0002288194381600035,0.003097495274390119,0.79667368528745,0.0,1.2393503383734174e-05,1.3970858359845799e-05,3.7500486306379177e-08,0.30718259371110745,10871879.63111442,-12.153543341548684
231.85,4,cGDL,-12.153149131203463,0.0,9.753309589981532,3.061915306203904,0.0014167930393730044,0.2262245750022013,2.8342739381623296,0.00022850967171939525,0.003080732541480793,0.7966907577867999,0.0,1.2393904436086266e-05,1.3971310455224519e-05,3.7500576659816885e-08,0.30714425871461676,10868592.297861468,-12.15349411921098
231.95,4,cGDL,-12.153117172775865,0.0,9.75337218524781,3.0461870606472368,0.0014168273129911702,0.2259184852272599,2.8188517481069857,0.00022820049012854535,0.0030639692914206365,0.7967078302184509,0.0,1.2394305480972122e-05,1.3971762542186759e-05,3.750066674975415e-08,0.30710592287798255,10865305.109202811,-12.15357381522869
232.04999999999998,4,cGDL,-12.153085338690971,0.0,9.753434778436311,3.0304589119821292,0.0014168615714542365,0.22561297521746385,2.803429075193211,0.0002278918941590544,0.00304720551651436,0.7967249025893266,0.0,1.2394706518545459e-05,1.3972214620905789e-05,3.750075657596237e-08,0.3070675861841327,10862018.064007534,-12.153775728980325
232.14999999999998,4,cGDL,-12.15305362903024,0.0,9.753497369547095,3.014730853892913,0.001416895814763397,0.225308045738785,2.7880059123393646,0.0002275838845846313,0.0030304412090645266,0.7967419749063509,0.0,1.2395107548959993e-05,1.3972666691554901e-05,3.750084613821233e-08,0.3070292486159918,10858731.161145192,-12.153726338163102
232.24999999999997,4,cGDL,-12.153022043875183,0.0,9.753559958580219,2.999002880064013,0.001416930042919956,0.22500369755928676,2.7725822524618065,0.00022727646218109773,0.003013676361371529,0.7967590471764474,0.0,1.2395508572369431e-05,1.397311875430736e-05,3.7500935436274605e-08,0.30699091015648056,10855444.399485795,-12.153676903527737
232.35,4,cGDL,-12.152990583307314,0.0,9.753622545535745,2.9832749841800736,0.0014169642559251072,0.22469993144912745,2.757158088475021,0.00022696962772639136,0.0029969109657337185,0.7967761194065399,0.0,1.23959095889275e-05,1.3973570809336455e-05,3.750102446991942e-08,0.3069525707885162,10852157.77789986,-12.153627401527674
232.45,4,cGDL,-12.152959247408091,0.0,9.75368513041373,2.96754715992578,0.0014169984537800995,0.22439674818055608,2.7417334132914437,0.00022666338200056168,0.002980145014447221,0.7967931916035522,0.0,1.239631059878793e-05,1.3974022856815485e-05,3.750111323891676e-08,0.3069142304950121,10848871.295258347,-12.153706710441014
232.54999999999998,4,cGDL,-12.15292803625914,0.0,9.753747713214231,2.9518194009860146,0.0014170326364861263,0.2240941485279298,2.7263082198215987,0.00022635772578578767,0.0029633784998060854,0.7968102637744081,0.0,1.2396711602104447e-05,1.3974474896917742e-05,3.750120174303613e-08,0.30687588925887826,10845584.95043271,-12.153786011108071
232.64999999999998,4,cGDL,-12.152896949941919,0.0,9.753810293937303,2.936091701045711,0.0014170668040444645,0.22379213326770403,2.7108825009739626,0.0002260526598663677,0.0029466114141021332,0.7968273359260315,0.0,1.2397112599030796e-05,1.3974926929816532e-05,3.7501289982046924e-08,0.3068375470630208,10842298.742294863,-12.153865303955131
232.75,4,cGDL,-12.152865988615531,0.0,9.753872872583003,2.920364053789995,0.0014171009564468984,0.22349070317844597,2.695456249655102,0.0002257481850287333,0.002929843749625111,0.7968444080653462,0.0,1.2397513589714282e-05,1.3975378955677918e-05,3.750137795560478e-08,0.3067992038903422,10839012.669717206,-12.153944589293033
232.85,4,cGDL,-12.152835400068284,0.0,9.753935449304125,2.9070233459584944,0.001417130449604842,0.2231914053671163,2.6824148101417733,0.00022544586400718818,0.002915668271893232,0.7968588858640996,0.0,1.2397854008088171e-05,1.3975762700026664e-05,3.750146508227835e-08,0.3067667624729306,10836216.015579998,-12.15402386743519
232.95,4,cGDL,-12.15280470167761,0.0,9.753998024108357,2.8914151625673643,0.0014171643393779132,0.22289122539494885,2.6671067728330375,0.00022514265191408975,0.0028990291009054754,0.7968758282471805,0.0,1.2398251956885508e-05,1.3976211296852756e-05,3.750155249468508e-08,0.30672871251366685,10832954.68168303,-12.154103138659497
233.05,4,cGDL,-12.15277410255328,0.0,9.754060596834698,2.875557931988932,0.0014171986986424023,0.22259147157447637,2.651549261715813,0.00022483987027724885,0.0028821187627345794,0.7968930413669882,0.0,1.2398656220282075e-05,1.3976667011954341e-05,3.750163970177038e-08,0.306690045553034,10829642.421408882,-12.154182403383283
233.15,4,cGDL,-12.152743601588838,0.0,9.754123167450514,2.859438953038939,0.001417233552087921,0.22229213644769127,2.6357295830391596,0.00022453751156332452,0.0028649234598251733,0.7969105390286115,0.0,1.2399067120766025e-05,1.3977130208863518e-05,3.750172670620725e-08,0.3066507301797445,10826276.631333701,-12.15426166078523
233.24999999999997,4,cGDL,-12.152713399683535,0.0,9.754185736046628,2.845000523463647,0.0014172651207006448,0.22199447924512392,2.6215887790978223,0.0002242368477223474,0.0028495530207585025,0.7969262101315192,0.0,1.2399435371664043e-05,1.3977545328057649e-05,3.7501813035893396e-08,0.30661556966398285,10823255.459039735,-12.15434090995162
233.34999999999997,4,cGDL,-12.15268315692299,0.0,9.754248302627577,2.8289517132867728,0.0014172998073846976,0.22169636856094588,2.605838044918442,0.00022393572581913724,0.002832432657520046,0.7969436316166608,0.0,1.2399844481630577e-05,1.3978006506565378e-05,3.750189948972303e-08,0.3065764255862718,10819904.304086734,-12.154543324192735
233.45,4,cGDL,-12.15265302244967,0.0,9.754310867079399,2.812731355342758,0.0014173348126562957,0.22139873737578417,2.5899152831543177,0.00022363508825836784,0.0028151253077764323,0.7969612396039653,0.0,1.240025794000208e-05,1.3978472586911437e-05,3.750198571748051e-08,0.3065368561561045,10816518.109863369,-12.154493328657523
233.54999999999998,4,cGDL,-12.15262493499307,0.0,9.754373430583529,2.8151500972926873,0.0014173335382753338,0.22111377527328535,2.5926189884811266,0.00022334724775079328,0.002818064117914268,0.796958588634335,0.0,1.2400198404013694e-05,1.3978405473615439e-05,3.750206715790015e-08,0.30654337980471086,10816952.830754317,-12.15444326550616
233.64999999999998,4,cGDL,-12.14983895656286,0.0,9.754435993123446,2.798671677069728,0.0014177066258804216,0.22081682366557015,2.5764371467782774,0.00022304729663188904,0.002800475159541606,0.7969764775438265,0.0,1.2400847563354852e-05,1.3979137253236379e-05,3.7506181286615184e-08,0.30650316975315234,10813513.848291906,-12.154645827803355
233.75,4,cGDL,-12.164523921613977,0.0,9.754498553472825,2.81360572566428,0.0014158836343609593,0.2491758632364145,2.5630139787935047,0.00025169279114789343,0.0027858847595581574,0.7969624224492939,0.0,1.2399298563195997e-05,1.3977391107602759e-05,3.748070288663528e-08,0.30648646558714837,10822619.90050263,-12.154595635788922
233.85,4,cGDL,-12.151702128305772,0.0,9.75456111059659,2.804501239528296,0.0014174709908484906,0.24917351877614596,2.5539102497613015,0.000251690423006208,0.0027759894019144583,0.7969723201750794,0.0,1.2400595615079388e-05,1.3978853238816764e-05,3.7499438901250895e-08,0.3064639397275312,10820754.02789071,-12.15454539519663
233.95,4,cGDL,-12.151664231061488,0.0,9.754623662559624,2.7878140702423573,0.0014175078931258356,0.24917272804073048,2.537223834308501,0.0002516896242835661,0.002757851993813588,0.7969904583819029,0.0,1.240102210433264e-05,1.397933400852043e-05,3.749949439818057e-08,0.3064226536491337,10817335.496850757,-12.15472317411105
234.04999999999998,4,cGDL,-12.151626026668396,0.0,9.754686213836926,2.770214457416931,0.0014175465972300905,0.249171937494793,2.519624973324908,0.00025168882575231615,0.0027387227970922913,0.7970095883771554,0.0,1.2401471772498236e-05,1.3979840907179829e-05,3.749955034401345e-08,0.3063791099932472,10813730.052065019,-12.154720923681134
234.15,4,cGDL,-12.164386462824723,0.0,9.754748766312078,2.7523126767870094,0.0014160188183125755,0.24917271530679172,2.501723942661905,0.00025168961142100175,0.0027192651550672882,0.7970290452335118,0.0,1.240086482130656e-05,1.3979156707654666e-05,3.748090416388164e-08,0.3063348196204533,10810063.363700697,-12.15467053526516
234.24999999999997,4,cGDL,-12.151550478212926,0.0,9.754811316975617,2.7422188921394177,0.001417609974233791,0.24917037448602253,2.4916309076791614,0.00025168724695557833,0.0027082944648686535,0.7970400182881758,0.0,1.240218829592508e-05,1.3980648624497362e-05,3.7499660975928415e-08,0.3063098460168949,10807994.833982404,-12.154748605957806
234.34999999999997,4,cGDL,-12.15151306480459,0.0,9.754873865829621,2.7243470578256392,0.0014176491083806586,0.24916958900025338,2.473759819717005,0.00025168645353560945,0.0026888693692576145,0.7970594441772069,0.0,1.240264481921504e-05,1.39811632507515e-05,3.749971576519999e-08,0.30626562881851144,10804333.625807097,-12.154826667819354
234.45,4,cGDL,-12.158052812938479,0.0,9.754936412344287,2.705966442339325,0.0014168836630247539,0.24916961000900714,2.455379948667293,0.00025168647475657286,0.002668891248551405,0.797079422276692,0.0,1.2402567265365006e-05,1.3981075826411462e-05,3.7490158923930705e-08,0.3062201532557512,10800568.530937338,-12.155029601524147
234.54999999999998,4,cGDL,-12.164251748388665,0.0,9.754998956487132,2.687583526732867,0.0014161603049593352,0.2491695907478842,2.4369977756800236,0.0002516864553008931,0.002648910625739156,0.79709940291896,0.0,1.2402518089087306e-05,1.3981020391334783e-05,3.7481101428843026e-08,0.30617467197408405,10796802.947682068,-12.154979019750506
234.64999999999998,4,cGDL,-12.15140056246446,0.0,9.755061498632967,2.675061894880035,0.0014177581725890176,0.24916725094098005,2.424476885766466,0.0002516840918595758,0.002635300962789637,0.7971130149453508,0.0,1.2403904578902826e-05,1.3982583343490458e-05,3.7499880513754665e-08,0.3061436913594958,10794237.074013261,-12.154928394082425
234.75,4,cGDL,-12.15136352454789,0.0,9.755124038793474,2.6568588716453276,0.001417797901936635,0.2491664721821335,2.4062746015612575,0.00025168330523447826,0.0026155158712622365,0.7971328008235034,0.0,1.2404369495420331e-05,1.3983107431201101e-05,3.749993475349238e-08,0.30609865471751685,10790508.023332847,-12.155131463195401
234.85,4,cGDL,-12.151326245998007,0.0,9.7551865765746,2.6381714871547466,0.0014178385974191743,0.24916569436738933,2.387587954189938,0.00025168251956301954,0.002595204298032541,0.7971531131824046,0.0,1.2404846727106112e-05,1.398364540146507e-05,3.749998934481754e-08,0.30605241966215835,10786679.751593336,-12.155080772046823
234.95,4,cGDL,-12.157860910401212,0.0,9.755249111928219,2.619212490924302,0.0014170747868792466,0.24916572292823036,2.3686296932091926,0.0002516825484123539,0.0025745974926186877,0.797173719958969,0.0,1.2404784202142248e-05,1.3983574918778534e-05,3.7490439890843044e-08,0.30600551304834156,10782796.17711038,-12.155030058571652
235.04999999999998,4,cGDL,-12.157825879204836,0.0,9.755311644837011,2.600250963217002,0.0014171157144622082,0.2491649485685812,2.3496688989339587,0.0002516817662308901,0.002553987933623868,0.7971943303001453,0.0,1.2405268194012074e-05,1.398412050961361e-05,3.74904911897682e-08,0.3059585996992622,10778911.74801493,-12.155107504328953
235.15,4,cGDL,-12.157790988269028,0.0,9.755374175300863,2.581286892624228,0.0014171566300146266,0.24916417603845364,2.3307055599557596,0.00025168098589742794,0.0025333756086475647,0.7972149434054551,0.0,1.2405752245180298e-05,1.3984666167294154e-05,3.749054228351925e-08,0.30591168005513014,10775026.798403714,-12.155184941915667
235.25,4,cGDL,-12.157756235632348,0.0,9.75543670331966,2.562320267732485,0.001417197533797404,0.24916340533744377,2.3117396648612436,0.00025168020741155934,0.0025127605052839602,0.7972355592873046,0.0,1.2406236356100791e-05,1.39852118923318e-05,3.749059317496187e-08,0.30586475408770614,10771141.325938553,-12.155262371517834
235.35,4,cGDL,-12.15772162151518,0.0,9.755499228893283,2.543351077123676,0.0014172384258041848,0.24916263646541584,2.292771202232456,0.00025167943077314734,0.0024921426111222346,0.7972561779581047,0.0,1.2406720527046057e-05,1.3985757685033737e-05,3.749064386377354e-08,0.30581782176873984,10767255.328280423,-12.155339793453681
235.45000000000002,4,cGDL,-12.157687144192437,0.0,9.755561752021615,2.524379309374549,0.0014172793062668942,0.2491618694219958,2.273800160646286,0.0002516786559818139,0.002471521913745963,0.7972767994302722,0.0,1.2407204758450609e-05,1.398630354588978e-05,3.74906943524747e-08,0.3057708830699678,10763368.80308916,-12.155417203298676
235.54999999999998,4,cGDL,-12.157652810877721,0.0,9.755624272704534,2.505404953056539,0.0014173201743227504,0.24916110420790347,2.2548265286743128,0.00025167788303828633,0.0024508984007329485,0.7972974237162288,0.0,1.2407689050005452e-05,1.39868494745516e-05,3.749074463052386e-08,0.30572393796311426,10759481.748023953,-12.155620634431243
235.64999999999998,4,cGDL,-12.157618607282359,0.0,9.75568679094192,2.4864279967357694,0.0014173610317425034,0.2491603408212255,2.2358502948828014,0.00025167711194063185,0.002430272059655219,0.7973180508284042,0.0,1.2408173403190653e-05,1.3987395472687645e-05,3.749079471880014e-08,0.3056769864198886,10755594.160741815,-12.155569641958678
235.74999999999997,4,cGDL,-12.157584551442199,0.0,9.755749306733652,2.467448428973171,0.0014174018763377094,0.24915957926400828,2.216871447832825,0.00025167634269091747,0.0024096428780791576,0.7973386807792299,0.0,1.2408657816797064e-05,1.3987941538934873e-05,3.749084459094784e-08,0.3056300284119899,10751706.038900342,-12.155518661646651
235.85,4,cGDL,-12.163832457596527,0.0,9.755811820079604,2.4484662383244036,0.0014166734065763908,0.24915958883764164,2.1978899760801855,0.00025167635236125415,0.002389010843565419,0.7973593128040734,0.0,1.2408619596398013e-05,1.3987898454121395e-05,3.748171544754781e-08,0.3055830643589052,10747817.701769304,-12.155467631437203
235.95,4,cGDL,-12.15092616957935,0.0,9.755874331724826,2.4411454299116007,0.001418268538317724,0.24915727436385393,2.190569887009429,0.0002516740145089434,0.002381054225010249,0.7973672717604808,0.0,1.2409879274833535e-05,1.3989318455266895e-05,3.7500575236499486e-08,0.3055649516082494,10746317.219084684,-12.15554518577131
236.04999999999998,4,cGDL,-12.150889455047206,0.0,9.755936842293645,2.4319333573061286,0.0014182908482815726,0.2491565348771734,2.1813585315806736,0.00025167326755270043,0.0023710418821529062,0.7973772848502945,0.0,1.2410116089676102e-05,1.3989585410180333e-05,3.750062899863338e-08,0.30554216039306664,10744429.970256336,-12.15562273581048
236.15,4,cGDL,-12.163740210214428,0.0,9.755999349107057,2.382673092205549,0.0014168117617393006,0.2491573063555929,2.132098974088217,0.00025167404682383123,0.0023174988848784967,0.7974308270682977,0.0,1.2410296683012826e-05,1.398978898812355e-05,3.748185054904707e-08,0.30542028258223847,10734339.507086672,-12.155826354086964
236.25,4,cGDL,-12.150816721095055,0.0,9.756061851514186,2.363268036168849,0.0014184325186550883,0.24915497406001003,2.112694629590184,0.0002516716909697071,0.002296407206076287,0.797451921102954,0.0,1.2411864604374571e-05,1.3991556463113153e-05,3.750073551874452e-08,0.3053722708919734,10730363.565729534,-12.155829143754753
236.35,4,cGDL,-12.150781347964255,0.0,9.756124351409463,2.3436591840716408,0.0014184747658636254,0.24915422212949204,2.093086487176285,0.0002516709314439313,0.00227509400780031,0.7974732350607557,0.0,1.2412365160229862e-05,1.3992120726077299e-05,3.750078732234641e-08,0.3053237558837321,10726346.537200065,-12.155543365140074
236.45,4,cGDL,-12.162377570799265,0.0,9.756186848757617,2.323698409193194,0.0014170925274353818,0.24915489656884227,2.073126420096916,0.00025167161269580026,0.0022533982827140395,0.7974949301045902,0.0,1.2411906558216615e-05,1.3991603756535093e-05,3.748384180903843e-08,0.3052743709718818,10722258.013458602,-12.155763495367063
236.54999999999998,4,cGDL,-12.153163434805208,0.0,9.756249343541343,2.303815047676707,0.0014182598204267316,0.2491530232780951,2.0532437645781854,0.00025166972048292434,0.0022317867006284623,0.7975165435788886,0.0,1.2413178030221158e-05,1.3993037052249305e-05,3.7497306218096094e-08,0.30522517610912,10718184.28231695,-12.155728631865284
236.64999999999998,4,cGDL,-12.150675942513658,0.0,9.756311835761423,2.2838629912279713,0.001418603296130777,0.24915197563402522,2.0332924122978153,0.0002516686622565911,0.0022101004481497994,0.7975382308895936,0.0,1.2413891417317987e-05,1.3993841234067548e-05,3.7500941688669885e-08,0.30517581175706465,10714096.823861817,-12.155693907225999
236.74999999999997,4,cGDL,-12.157195026086299,0.0,9.756374325386895,2.2634911463300766,0.0014178436992238475,0.2491520329599943,2.0129212696708585,0.0002516687201616104,0.0021879579018161503,0.7975603733780223,0.0,1.241386576713616e-05,1.399381231931713e-05,3.7491414858498485e-08,0.3051254094006864,10709923.833593268,-12.155479503988115
236.85,4,cGDL,-12.157162368831166,0.0,9.756436812390964,2.2431158138720644,0.0014178870722617587,0.24915128913315676,1.9925466376666459,0.0002516679688213705,0.0021658115626811366,0.7975825204684975,0.0,1.2414385561602158e-05,1.3994398269442431e-05,3.749146268490192e-08,0.3050749979445294,10705749.79359834,-12.155572746735748
236.95,4,cGDL,-12.163498750147937,0.0,9.756499296773418,2.222736980539485,0.0014171502056982421,0.24915132736290876,1.972168502970878,0.00025166800743728156,0.0021436614162726937,0.7976046705762901,0.0,1.2414375254672811e-05,1.399438665072208e-05,3.748220418292164e-08,0.3050245782772215,10701575.36302605,-12.155666148834039
237.04999999999998,4,cGDL,-12.150537502320162,0.0,9.756561778849818,2.207301211357339,0.0014187682935990764,0.24914901149570293,1.956733431568037,0.0002516656681774777,0.0021268841647478663,0.7976214501670748,0.0,1.2415845987664908e-05,1.399604456791317e-05,3.7501144436869093e-08,0.30498638739318334,10698412.531337777,-12.155630749194493
237.14999999999998,4,cGDL,-12.150503429618936,0.0,9.756624258627642,2.1870362375621895,0.001418811651866747,0.24914827310361254,1.9364691528067102,0.00025166492232688134,0.0021048577747899023,0.7976434773028833,0.0,1.2416363142337914e-05,1.399662754227183e-05,3.750119433831742e-08,0.3049362489767721,10694261.09939906,-12.155473233032835
237.25,4,cGDL,-12.163410153791972,0.0,9.756686735773798,2.166379132168015,0.001417269898930873,0.2491491217144678,1.9158127405546161,0.00025166577950956343,0.002082405152776757,0.7976659290677137,0.0,1.2415812851254619e-05,1.3996007214141571e-05,3.7482333940172506e-08,0.3048851412653646,10690030.002653036,-12.155567135007495
237.35,4,cGDL,-12.150436795297708,0.0,9.756749211697924,2.1681961900947306,0.0014188562476618594,0.2491468396812448,1.917630494165824,0.0002516634744254998,0.002084380971919374,0.7976639555536552,0.0,1.2416846849140989e-05,1.3997172811758935e-05,3.7501291926754215e-08,0.30488963743269704,10690401.414174642,-12.155661200112169
237.45,4,cGDL,-12.150404196073566,0.0,9.756811686398963,2.14752030583352,0.0014189002203321144,0.24914610617022057,1.8969552994429673,0.0002516627335052733,0.0020619079341771384,0.7976864293323176,0.0,1.2417374324569164e-05,1.3997767420423419e-05,3.7501339674151576e-08,0.3048384823286632,10686165.8084309,-12.155755435649331
237.55,4,cGDL,-12.156908981030426,0.0,9.756874158411868,2.1263813366471758,0.0014181436935628011,0.24914617506432796,1.875817017889285,0.00025166280309528075,0.0020389315411840055,0.7977094056557208,0.0,1.241736923175134e-05,1.3997761679428781e-05,3.749183367825752e-08,0.3047861819197942,10681835.675129138,-12.155849229008822
237.65,4,cGDL,-12.156877353181699,0.0,9.75693662770708,2.1052384020495136,0.0014181884255400623,0.24914544451683654,1.854674769107137,0.0002516620651685218,0.0020159508359860186,0.7977323870988455,0.0,1.2417908472500593e-05,1.3998369550818847e-05,3.749187999883897e-08,0.3047338712298406,10677504.394928897,-12.155686874424752
237.74999999999997,4,cGDL,-12.156845859652378,0.0,9.756999094284337,2.0840914874596193,0.0014182331489787925,0.24914471579487643,1.833528538515764,0.0002516613290857338,0.001992965802734526,0.7977553728681798,0.0,1.2418447811040142e-05,1.3998977532445251e-05,3.749192612291669e-08,0.30468155068913594,10673172.299821023,-12.155524626869822
237.85,4,cGDL,-12.15681450734371,0.0,9.757061558143382,2.0629405782891603,0.001418277863059897,0.24914398889910952,1.812378311526991,0.0002516605948475854,0.001969976425572816,0.7977783629795796,0.0,1.2418987247168426e-05,1.3999585624080771e-05,3.7491972040405483e-08,0.3046292202615866,10668839.386817409,-12.155362469229324
237.95,4,cGDL,-12.156783302163035,0.0,9.757124019283953,2.041785659942386,0.0014183225670859334,0.24914326383007848,1.7912240735452216,0.00025165986245462475,0.0019469826886361105,0.7978013574489092,0.0,1.241952678076677e-05,1.400019382559163e-05,3.749201774267256e-08,0.3045768799110803,10664505.652928388,-12.155200384576707
238.04999999999998,4,cGDL,-12.163179689438437,0.0,9.757186477705785,2.0206267178160564,0.0014175796208801827,0.24914332822780416,1.770065809967372,0.0002516599275028325,0.0019239845760514913,0.7978243554964457,0.0,1.2419531130814152e-05,1.4000198729281408e-05,3.748267148488066e-08,0.3045245300599632,10660171.424443273,-12.155295176342447
238.14999999999998,4,cGDL,-12.150173486452445,0.0,9.757248936465919,2.04738629852182,0.0014191221159958467,0.24914109970728113,1.796826076698543,0.00025165767647200116,0.0019530718224984164,0.7977952705010297,0.0,1.2419935076372387e-05,1.400065408609251e-05,3.75016775645012e-08,0.30459073915744944,10665652.314599767,-12.15539016944498
238.25,4,cGDL,-12.15014360567551,0.0,9.757311395603024,2.026832981700786,0.0014191655199534692,0.2491403812017331,1.7762734349790996,0.0002516569507088213,0.0019307319945424996,0.7978176110547487,0.0,1.2420459259123967e-05,1.4001244983012472e-05,3.7501721337047725e-08,0.30453988728344483,10661441.820025738,-12.155228335755432
238.35,4,cGDL,-12.150110859001757,0.0,9.757373852075997,2.0059235767465404,0.00141920996409578,0.2491396635396536,1.755364703242791,0.0002516562257976299,0.001908005112220425,0.797840338661982,0.0,1.2420992726696689e-05,1.4001846346458084e-05,3.750176929801214e-08,0.30448815437011206,10657158.381014913,-12.155323724434837
238.45,4,cGDL,-12.156638427962378,0.0,9.757436305853453,1.984874399686934,0.0014184502997344473,0.24913975182811407,1.7343161975590855,0.000251656314977893,0.0018851263016946582,0.7978632173833274,0.0,1.2420983352749787e-05,1.4001835779463397e-05,3.7492229942602496e-08,0.3044360760964687,10652846.646344952,-12.155296131857154
238.55,4,cGDL,-12.156608074447433,0.0,9.757498756926466,1.963821253141516,0.0014184947037770845,0.24913903786390346,1.7132637205738355,0.00025165559380192266,0.0018622431745367776,0.7978861012316614,0.0,1.2421520261790546e-05,1.4002441022382072e-05,3.7492274398949716e-08,0.3043839875300268,10648533.76276695,-12.15526388037261
238.65,4,cGDL,-12.16300946709373,0.0,9.75756120529478,1.9427641225249186,0.0014177508542210504,0.24913911396886942,1.6922072577018281,0.0002516556706756257,0.0018393557148932915,0.7979089886144312,0.0,1.2421521554774458e-05,1.400244247992757e-05,3.7482920789355006e-08,0.3043318895615738,10644220.392979132,-12.155489069319325
238.74999999999997,4,cGDL,-12.149981229620039,0.0,9.757623651030967,1.9228451012581473,0.001419386495460112,0.24913681217699127,1.672288902585696,0.0002516533456333245,0.0018177053288974956,0.7979306413254692,0.0,1.2423112368253089e-05,1.400423576057621e-05,3.7501959155771454e-08,0.3042826061212516,10640139.169660905,-12.155461823216456
238.84999999999997,4,cGDL,-12.14994921226537,0.0,9.75768609414553,1.9019488093143768,0.0014194308259788402,0.24913610369826722,1.6513932747901308,0.0002516526299982497,0.0017949926899892726,0.7979533546800125,0.0,1.2423645480967815e-05,1.4004836724000082e-05,3.750200604970625e-08,0.30423090563510446,10635858.418822316,-12.15556062837654
238.95,4,cGDL,-12.162928769882342,0.0,9.757748534561882,1.8808251046386022,0.0014178803679174012,0.2491369918663276,1.6302702324043572,0.00025165352713770465,0.001772032861309084,0.7979763136115532,0.0,1.2423100442202173e-05,1.400422231666427e-05,3.748303899492437e-08,0.304178643407957,10631531.749759005,-12.155659631954276
239.04999999999998,4,cGDL,-12.149886192470603,0.0,9.757810972880124,1.869336530740417,0.001419501612778512,0.24913470827736336,1.6187823208502752,0.0002516512204821852,0.0017595460009242122,0.7979888027785936,0.0,1.2424478597886686e-05,1.4005775873981355e-05,3.7502098351319725e-08,0.3041502186266596,10629177.504482815,-12.155657732600615
239.14999999999998,4,cGDL,-12.149855070064802,0.0,9.757873409085265,1.8479744477585984,0.0014195467347882518,0.24913400452683812,1.597420896496972,0.0002516505096230688,0.0017363270614097522,0.7980120224289672,0.0,1.2425023480520336e-05,1.4006390105313834e-05,3.7502143936709606e-08,0.304097365666937,10624801.337523773,-12.155836044232721
239.25,4,cGDL,-12.153451897692719,0.0,9.757935842509825,1.8260142529345456,0.0014191480238381626,0.24913374653953665,1.5754613583711707,0.000251650249029835,0.0017124579982295334,0.7980358917527407,0.0,1.2425281289881589e-05,1.400668072677561e-05,3.7496887391765816e-08,0.3040430331104024,10620302.833735012,-12.156062662362832
239.35,4,cGDL,-12.15630585834225,0.0,9.75799827311272,1.8040036573864113,0.0014188405922164748,0.2491333990976063,1.5534514176965886,0.0002516498980783902,0.001688534149670205,0.7980598159522515,0.0,1.2425602257606938e-05,1.400704254493873e-05,3.7492716823901827e-08,0.30398857579554206,10615793.967622196,-12.155903174105733
239.45,4,cGDL,-12.156276571817386,0.0,9.758060700890681,1.781988051116875,0.0014188867275341799,0.2491326999045325,1.5314364644848084,0.0002516491918227601,0.0016646048527008787,0.7980837459554764,0.0,1.2426163578646977e-05,1.4007675306838412e-05,3.7492759719299164e-08,0.30393410587388475,10611283.927641599,-12.156001680328705
239.54999999999998,4,cGDL,-12.15624743132173,0.0,9.758123125843335,1.7599674168414827,0.0014189328548857016,0.24913200253506096,1.509416481451536,0.00025164848740915247,0.0016406700885342783,0.7981076814240566,0.0,1.2426725023763344e-05,1.400830820860595e-05,3.749280240107418e-08,0.3038796235084778,10606772.85806798,-12.155852909452692
239.65,4,cGDL,-12.156218424144072,0.0,9.758185547970308,1.7379417372654204,0.0014189789758616012,0.2491313069874406,1.4873914513021183,0.0002516477848357986,0.0016167298383718677,0.7981316223767924,0.0,1.2427286594458362e-05,1.4008941251934881e-05,3.7492844887801556e-08,0.3038251286565296,10602260.755357813,-12.155957798236589
239.75,4,cGDL,-12.156189563172177,0.0,9.75824796727122,1.7159109950836542,0.0014190250889133393,0.24913061326306007,1.4653613567316808,0.0002516470841041011,0.0015927840834040008,0.798155568832492,0.0,1.2427848290101593e-05,1.4009574436114521e-05,3.7492887160647796e-08,0.30377062127522525,10597747.61596679,-12.15618550283441
239.85,4,cGDL,-12.15616084488613,0.0,9.758310383745691,1.6938751729807853,0.0014190711945044066,0.24912992136129625,1.4433261804249846,0.00025164638521343055,0.001568832804809766,0.7981795208099768,0.0,1.2428410111430052e-05,1.4010207761975697e-05,3.7492929224756266e-08,0.3037161013217228,10593233.43634763,-12.155901678974104
239.95,4,cGDL,-12.1561322583932,0.0,9.758372797393342,1.6718342536311446,0.001419117294002542,0.24912923128062062,1.4212859050565214,0.00025164568816224306,0.0015448759837570884,0.7982034783280807,0.0,1.242897205979557e-05,1.401084123104228e-05,3.749297109604433e-08,0.3036615687531546,10588718.212950578,-12.155871783278634
240.04999999999998,4,cGDL,-12.162644371735439,0.0,9.758435208213786,1.6497882196986424,0.001418361442591748,0.2491293449656891,1.3992405132903616,0.00025164580299564556,0.001520913601402567,0.7982274405956018,0.0,1.2428989019542076e-05,1.4010860349301975e-05,3.748345560789263e-08,0.3036070239934317,10584202.27748533,-12.155842007689541
240.14999999999998,4,cGDL,-12.149545795417168,0.0,9.758497617072292,1.6413240090705532,0.001419984250531331,0.2491270791716367,1.3907769456483852,0.00025164351431478457,0.0015117140713569405,0.7982366424143282,0.0,1.2430295615810444e-05,1.4012333239640867e-05,3.7502596927373267e-08,0.3035860820703317,10582467.57437098,-12.155816309852744
240.24999999999997,4,cGDL,-12.149516362967518,0.0,9.758560023979559,1.6194427794894186,0.0014200301714908659,0.24912639466169303,1.3688963546562347,0.00025164282289059903,0.001487930820278516,0.7982604263568309,0.0,1.2430853625338021e-05,1.401296226856286e-05,3.750264004048213e-08,0.30353194459694177,10577985.064534966,-12.155916782244526
240.35,4,cGDL,-12.149486195966972,0.0,9.758622428042537,1.5969583398747684,0.0014200773491825913,0.24912571082515034,1.3464125517004355,0.0002516421321466165,0.0014634919040222125,0.7982848659638313,0.0,1.2431427020255336e-05,1.4013608641015106e-05,3.750268422708535e-08,0.30347631465368585,10573378.987434132,-12.156017441333951
240.45,4,cGDL,-12.149455304231822,0.0,9.75868482921391,1.574330085117685,0.0014201248941307087,0.2491250284630305,1.3237849317605237,0.00025164144289195,0.001438896664957091,0.798309461892151,0.0,1.2432004136121139e-05,1.4014259207991102e-05,3.7502729472724904e-08,0.303420328878539,10568743.450141689,-12.155859961343621
240.54999999999998,4,cGDL,-12.162521524245108,0.0,9.758747226663415,1.5388058582347865,0.0014185908548979553,0.2491259319992941,1.2882613353805945,0.0002516423555548425,0.0014002840601962984,0.7983480735842489,0.0,1.2431816883133851e-05,1.4014048122805433e-05,3.748363558275956e-08,0.30333243673283244,10561466.844149563,-12.155702609800233
240.65,4,cGDL,-12.16249745910693,0.0,9.75880962037668,1.5159465523967177,0.001418637956303398,0.24912525376973935,1.265402660670675,0.0002516416704744842,0.001375437674642038,0.7983729206548835,0.0,1.2432399268898028e-05,1.4014704630394141e-05,3.748367084025758e-08,0.3032758792831467,10556783.97717771,-12.155553969701936
240.75,4,cGDL,-12.14936508911535,0.0,9.758872011398955,1.4968284704439532,0.001420285823858225,0.24912297586237286,1.246285208757722,0.0002516393695579524,0.0013546578356062196,0.7983937027948359,0.0,1.2433979523638095e-05,1.401648600846476e-05,3.7502861615133935e-08,0.30322857745570464,10552866.828302307,-12.15565989996664
240.85,4,cGDL,-12.16244937409192,0.0,9.758934399717887,1.4737709536575883,0.0014187253110269915,0.2491239089078902,1.223228319438671,0.00025164031202817193,0.0013295959993898598,0.798418763688582,0.0,1.2433474106433464e-05,1.4015916265434087e-05,3.748374128753706e-08,0.30317153052028256,10548144.030816816,-12.155765965808092
240.95,4,cGDL,-12.162425236134709,0.0,9.758996785389018,1.4555215585207395,0.0014187635181445724,0.24912324411487036,1.2049795508877246,0.00025163964052007107,0.0013097603813997005,0.7984385999780802,0.0,1.2433939476348422e-05,1.4016440864247313e-05,3.748377664958463e-08,0.3031263789328258,10544405.505495429,-12.155996140072647
241.04999999999998,4,cGDL,-12.149281343867528,0.0,9.759059172676125,1.499421183218577,0.0014202910885633135,0.2491210797162228,1.248879812413791,0.0002516374542588109,0.001357478056971512,0.7983908844887697,0.0,1.2433920668082612e-05,1.4016419662202217e-05,3.7502984279745584e-08,0.30323499593418274,10553397.538332952,-12.155839269691779
241.14999999999998,4,cGDL,-12.16237409132981,0.0,9.759121559537128,1.4491021088533669,0.0014187821878948181,0.24912197178338213,1.19856135488209,0.00025163835533674965,0.001302784081393576,0.7984455775632697,0.0,1.2434106731874213e-05,1.4016629406840023e-05,3.7483851557355854e-08,0.3031104982574228,10543090.2106486,-12.155682540972716
241.24999999999997,4,cGDL,-12.162350658967966,0.0,9.759183941861446,1.4284453024382993,0.0014188249586429558,0.24912130827641135,1.177905169203245,0.00025163768512768823,0.001280331705655701,0.7984680306092167,0.0,1.2434633177591814e-05,1.4017222854739865e-05,3.7483885888336973e-08,0.30305939022641565,10538858.528160041,-12.155399831640597
241.35,4,cGDL,-12.155855784259302,0.0,9.759246321640482,1.4093952038085282,0.001419658372908278,0.2491198556244469,1.158855689811173,0.0002516362178024716,0.0012596257497947533,0.7984887380324028,0.0,1.2435658454583425e-05,1.4018378621530406e-05,3.749337643823389e-08,0.30301225705732016,10534955.648413949,-12.155372113695073
241.45,4,cGDL,-12.15583053042883,0.0,9.759308698976497,1.390341113201792,0.0014196982939223557,0.24911919827433698,1.1398022166335326,0.0002516355538124616,0.0012389154528625354,0.798509448993325,0.0,1.2436144392093575e-05,1.4018926405632759e-05,3.749341343511129e-08,0.3029651144697162,10531052.283027548,-12.155478107871499
241.54999999999998,4,cGDL,-12.162280703762576,0.0,9.759371073869197,1.3712830311062674,0.0014189439431952222,0.24911933700442898,1.1207447501586432,0.00025163569394386765,0.0012182008153898295,0.7985301634906664,0.0,1.243609044283979e-05,1.401886559011031e-05,3.748398837914107e-08,0.302917962465265,10527148.432426268,-12.155454493795052
241.65,4,cGDL,-12.162257328042699,0.0,9.759433446519317,1.3553792474700588,0.0014189775273293626,0.24911868899566922,1.1048415809470602,0.00025163503938956485,0.0012009147618989786,0.7985474501987115,0.0,1.2436496222032729e-05,1.4019323013927803e-05,3.748402262523933e-08,0.30287861438197505,10523890.408496043,-12.155427290071474
241.75,4,cGDL,-12.162233467149235,0.0,9.759495817490677,1.3451764270024393,0.0014190001598358981,0.24911805263670547,1.094639374205898,0.0002516343966027328,0.0011898254067455414,0.7985585401966518,0.0,1.243675728448136e-05,1.401961730250626e-05,3.748405757859354e-08,0.3028533716572195,10521800.227587068,-12.155659199613888
241.85,4,cGDL,-12.14906112497431,0.0,9.759558187420591,1.3392836341915084,0.0014206277699356507,0.2491158122607088,1.088747194160864,0.00025163213359667556,0.0011834208632183305,0.798564947003185,0.0,1.2438005457923649e-05,1.4021024334386657e-05,3.7503306883086574e-08,0.30283879188982327,10520592.28203903,-12.155820194741025
241.95,4,cGDL,-12.162186186202632,0.0,9.759620556034626,1.324767392567566,0.0014190453776007361,0.24911678534964443,1.0742315618403209,0.00025163311651479236,0.0011676430020003488,0.7985807238814849,0.0,1.24372794644393e-05,1.4020205941731575e-05,3.748412684047553e-08,0.30280287780133464,10517619.171780705,-12.155800033849461
242.05,4,cGDL,-12.15591143547141,0.0,9.759682923058348,1.3145611666237809,0.00141983481425631,0.24911538757540033,1.0640259442341242,0.0002516317046216165,0.0011565499393849177,0.7985918183559935,0.0,1.2438061949492443e-05,1.4021088015791482e-05,3.7493295747672126e-08,0.3027776261941866,10515527.973841194,-12.155904871876997
242.14999999999998,4,cGDL,-12.155886830298869,0.0,9.759745288766103,1.3043537950404347,0.001419857559315174,0.24911475828888507,1.0538191791922344,0.0002516310689786718,0.0011454556295567766,0.7986029133014646,0.0,1.2438323208025236e-05,1.4021382525410266e-05,3.749333179263633e-08,0.3027523721953759,10513436.862124227,-12.155750745797745
242.24999999999997,4,cGDL,-12.162116364107703,0.0,9.75980765315785,1.294145272384611,0.001419113086618795,0.24911489801617925,1.043611261281813,0.00025163121011735276,0.0011343600666106663,0.7986140087232719,0.0,1.2438062874409813e-05,1.4021089058425607e-05,3.748422912528026e-08,0.3027271157917668,10511345.83573683,-12.155855946174432
242.35,4,cGDL,-12.148935136916407,0.0,9.75987001926228,1.3315266820348926,0.0014206582357267905,0.24911274069146083,1.080993283107705,0.0002516290310014756,0.001174992699030114,0.7985733782699684,0.0,1.2438212946662958e-05,1.4021258230783699e-05,3.750349145462021e-08,0.3028196053338071,10519002.614715254,-12.155702094545555
242.45,4,cGDL,-12.148912114828875,0.0,9.75993238658801,1.3135972314409055,0.0014206957320841151,0.24911210347917637,1.063064432229645,0.0002516283873527034,0.0011555048176409184,0.7985928667950064,0.0,1.2438670186000293e-05,1.402177366421851e-05,3.750352519262146e-08,0.30277524530441746,10515329.63583447,-12.155548373099577
242.54999999999998,4,cGDL,-12.148885641029722,0.0,9.759994751570986,1.294975468824065,0.001420734991080419,0.24911146644372284,1.0444432673892616,0.0002516277438825483,0.0011352644210752844,0.7986131078350422,0.0,1.2439145300601895e-05,1.4022309247951227e-05,3.750356397543055e-08,0.30272917234823243,10511514.836999537,-12.155654152889575
242.64999999999998,4,cGDL,-12.15559839135392,0.0,9.760057114134934,1.2758442367307536,0.001419948048410835,0.24911165751466802,1.0253126311676748,0.00025162793688350305,0.0011144702512692118,0.7986339018118473,0.0,1.2439071246334708e-05,1.4022225768595487e-05,3.749375373230247e-08,0.3026818393372707,10507596.01950874,-12.15537244747876
242.75,4,cGDL,-12.162001445162502,0.0,9.760119474247452,1.2567099463491163,0.0014191994871453617,0.24911181201124827,1.0061789348507226,0.0002516280929406548,0.0010936727552725246,0.7986546991517869,0.0,1.2439023074952502e-05,1.4022171466310094e-05,3.748439747149463e-08,0.3026344987337153,10503676.559869284,-12.155347156791315
242.85,4,cGDL,-12.16197947321308,0.0,9.760181832320526,1.24405044506537,0.0014192266339741744,0.24911119135085805,0.9935200270805378,0.0002516274660109677,0.001079913072913628,0.7986684594610755,0.0,1.2439346383613428e-05,1.4022535923346044e-05,3.748442966287024e-08,0.3026031776353077,10501083.132045966,-12.15532202220712
242.95,4,cGDL,-12.148783027836771,0.0,9.760244188898913,1.2334753106476946,0.0014208665127979359,0.24910895935270072,0.9829454847821959,0.0002516252114673745,0.001068419005198039,0.7986799557833346,0.0,1.24407157215747e-05,1.4024079540684206e-05,3.750371430428815e-08,0.30257701274712523,10498916.011387227,-12.155431003534485
243.05,4,cGDL,-12.148758373450335,0.0,9.760306544091744,1.2225291935447098,0.0014208907066102783,0.24910834490714168,0.9719999579309578,0.0002516245908152946,0.001056521693403215,0.7986918537157816,0.0,1.244099577313266e-05,1.4024395235167727e-05,3.7503750424855576e-08,0.30254993090854404,10496673.57103781,-12.155540200468941
243.15,4,cGDL,-12.155599044425344,0.0,9.760368897846687,1.211129830483919,0.0014200730336818568,0.24910857421222066,0.9606011832380166,0.00025162482243658654,0.0010441317209108876,0.7987042434566526,0.0,1.2440714630726902e-05,1.4024078311001233e-05,3.7493753214884684e-08,0.302521728132874,10494338.635925276,-12.155392809927594
243.24999999999997,4,cGDL,-12.155575929952192,0.0,9.760431250134902,1.199728565315218,0.0014200979041331385,0.24910796277078237,0.9492005046403026,0.0002516242048189721,0.0010317396789568506,0.7987166361162242,0.0,1.2441006104388006e-05,1.4024406881310118e-05,3.749378707918401e-08,0.3024935201571625,10492002.959316736,-12.155245506980744
243.34999999999997,4,cGDL,-12.155552963589571,0.0,9.760493600956258,1.1883253907741573,0.0014201227601910449,0.24910735314051397,0.9377979148734523,0.0002516235890308222,0.001019345559645057,0.7987290308513242,0.0,1.2441297616523597e-05,1.4024735494990237e-05,3.749382072680729e-08,0.30246530745388056,10489666.89196372,-12.155481133193636
243.45,4,cGDL,-12.161849746494056,0.0,9.760555950310627,1.176920299591202,0.0014193722093761851,0.249107520713809,0.9263934066680168,0.0002516237582967768,0.0010069493550739315,0.7987414268866293,0.0,1.2441061957608284e-05,1.4024469843122069e-05,3.7484619728290286e-08,0.30243709045638983,10487330.756537596,-12.155200100920103
243.54999999999998,4,cGDL,-12.148638038538138,0.0,9.76061829889659,1.1764973545627915,0.0014209944953195441,0.24910531511773168,0.9259710449497403,0.0002516215304219512,0.0010064902662497177,0.7987418882033284,0.0,1.24421748897388e-05,1.4025724421160102e-05,3.750392672938162e-08,0.3024360441629185,10487243.313965384,-12.154919232365001
243.64999999999998,4,cGDL,-12.14861490977529,0.0,9.760680646845145,1.1671501668418838,0.0014210154104024042,0.2491047144055224,0.916624437025959,0.0002516209236419418,0.000996330909810825,0.7987520481665473,0.0,1.244241421593885e-05,1.4025994207058344e-05,3.7503960618346674e-08,0.3024129183860704,10485328.416774644,-12.154895754038254
243.75,4,cGDL,-12.14859129115564,0.0,9.760742993425618,1.1552393357695219,0.0014210413431648417,0.2491041109662338,0.9047141834601232,0.0002516203141073069,0.000983384982021873,0.7987649947038709,0.0,1.244271869609524e-05,1.4026337439234636e-05,3.750399522366612e-08,0.3023834496219127,10482888.357437791,-12.154749071358689
243.85,4,cGDL,-12.148567614398303,0.0,9.76080533845786,1.1430582294434977,0.0014210678058124426,0.24910350884605956,0.8925336527916257,0.00025161970590511064,0.0009701452747735062,0.7987782350193214,0.0,1.2443030048176356e-05,1.4026688417944255e-05,3.750402991378828e-08,0.3023533121374739,10480392.932578094,-12.1546024798995
243.95,4,cGDL,-12.15535491526299,0.0,9.760867681891161,1.130348167030262,0.001420259113365463,0.249103743780347,0.8798241641365495,0.00025161994321247174,0.0009563306131919017,0.7987920494435957,0.0,1.2442786570015325e-05,1.402641395165364e-05,3.749411065123295e-08,0.302321866389604,10477789.500985963,-12.154448879909577
244.04999999999998,4,cGDL,-12.161724451983616,0.0,9.760930023691818,1.1176352520133896,0.0014195020908587264,0.2491039288426068,0.8671118210799241,0.00025162013014404727,0.0009425128489999175,0.7988058670208561,0.0,1.2442578004436335e-05,1.4026178841364597e-05,3.748480330712303e-08,0.3022904135503287,10475185.463822184,-12.15455521257977
244.15,4,cGDL,-12.148498802568156,0.0,9.760992365009281,1.122996650659715,0.0014211150500850755,0.24910174221692277,0.8724737933927073,0.0002516179214312351,0.0009483410797746818,0.7988000409987941,0.0,1.2443545319358472e-05,1.4027269269095005e-05,3.7504130736263614e-08,0.3023036788980132,10476282.94593721,-12.154350382684493
244.25,4,cGDL,-12.161682456727988,0.0,9.761054705857498,1.110501789702575,0.0014195210213128195,0.2491027678165041,0.8599795008647582,0.00025161895739040816,0.0009347603270269111,0.7988136207155827,0.0,1.2442762671457756e-05,1.4026387011461468e-05,3.748486483171477e-08,0.3022727660497871,10473723.927665807,-12.154070072630752
244.34999999999994,4,cGDL,-12.161662649176662,0.0,9.761117045117668,1.0982703813581924,0.001419547077001898,0.24910217507743723,0.8477486592037533,0.000251618358664078,0.0009214659339171231,0.7988269157074188,0.0,1.2443074960596272e-05,1.4026739046490346e-05,3.748489385691855e-08,0.3022425040910829,10471218.200556558,-12.154049909907476
244.45000000000002,4,cGDL,-12.155277652872371,0.0,9.761179382853818,1.086780350630354,0.0014203527965689078,0.24910080432726592,0.8362591935065191,0.00025161697406794536,0.0009089773842462164,0.7988394056416859,0.0,1.244389953451452e-05,1.4027668566180006e-05,3.7494223973585704e-08,0.30221407599587036,10468864.018536577,-12.154027602431592
244.54999999999995,4,cGDL,-12.161623311221774,0.0,9.761241719113052,1.0752878269044883,0.001419596295395481,0.24910099759384283,0.82476723301525,0.0002516171692867099,0.0008964861228426631,0.7988518967078707,0.0,1.24436619291983e-05,1.4027400720187174e-05,3.74849515012857e-08,0.3021856426384234,10466509.979312563,-12.154007732098021
244.65,4,cGDL,-12.1483870012799,0.0,9.76130405451571,1.0735514408473534,0.0014212243957988369,0.24909880616325086,0.8230314102883037,0.0002516149557204554,0.0008945993590090258,0.7988537856852705,0.0,1.2444810505137797e-05,1.4028695478518973e-05,3.7504294556159534e-08,0.3021813465809641,10466153.481098883,-12.153850405964597
244.74999999999997,4,cGDL,-12.161583643355073,0.0,9.761366388965492,1.0605429959277382,0.0014196296427493316,0.24909984155510512,0.8100235247298837,0.0002516160015708133,0.0008804603529672649,0.7988679236454619,0.0,1.2444039716776173e-05,1.4027826589820413e-05,3.748500962470789e-08,0.3021491630038225,10463489.2577503,-12.15369322188591
244.85000000000002,4,cGDL,-12.148343130099477,0.0,9.761428721908358,1.0500923380011384,0.0014212751486528674,0.2490976379892672,0.7995734248632184,0.00025161377574673457,0.0008691015487643678,0.7988792846754889,0.0,1.2445410018405347e-05,1.4029371293475118e-05,3.750435884199582e-08,0.3021233060283185,10461347.640922552,-12.153538574091009
244.94999999999996,4,cGDL,-12.148321051141352,0.0,9.761491053313213,1.0365928345489843,0.0014213039655517345,0.2490970534973873,0.7860744770860453,0.0002516131853508963,0.0008544287794413535,0.7988939580352078,0.0,1.2445754747729755e-05,1.4029759897440815e-05,3.75043911945359e-08,0.30208990651949813,10458582.14661545,-12.153640749397647
245.05,4,cGDL,-12.161527027683007,0.0,9.761553382952112,1.0225551842630585,0.0014197099655109402,0.2490980937241462,0.7720373805734013,0.00025161423608499616,0.0008391710658406536,0.7989092146980744,0.0,1.2445009245496211e-05,1.4028919513104822e-05,3.748509259489422e-08,0.3020551764659382,10455707.092148315,-12.15361920485397
245.14999999999998,4,cGDL,-12.148277395783794,0.0,9.7616157110815,1.0130871636740966,0.001421354782509765,0.24909589604606835,0.7625699128455184,0.00025161201620814986,0.0008288803400494766,0.7989195076437424,0.0,1.2446355441381312e-05,1.4030437043011659e-05,3.7504455163509856e-08,0.30203175072754046,10453766.769284261,-12.153858338084724
245.25000000000003,4,cGDL,-12.148255970357638,0.0,9.761678037836049,1.001165793753968,0.001421380467630684,0.24909531976800764,0.7506490935183296,0.0002516114341090986,0.0008159229277373149,0.7989324656381536,0.0,1.2446660039258837e-05,1.403078040789178e-05,3.750448655975678e-08,0.30200225583733004,10451324.556913655,-12.153839549526635
245.34999999999997,4,cGDL,-12.14823449917344,0.0,9.761740363046806,0.9890384799008262,0.0014214065567186573,0.24909474492121172,0.7385223284228958,0.0002516108534557694,0.0008027416613292346,0.798945647485215,0.0,1.244696987468044e-05,1.4031129676912498e-05,3.7504518022694225e-08,0.3019722513958344,10448840.157295678,-12.153820942989018
245.45000000000002,4,cGDL,-12.155044243662587,0.0,9.761802686671277,0.9764467441481999,0.0014205946845612105,0.24909500992112846,0.7259311395425102,0.00025161112113245297,0.0007890555864592502,0.7989593332924083,0.0,1.2446721373898405e-05,1.4030849548758201e-05,3.749456588365242e-08,0.301941098363399,10446260.971898394,-12.153541768204422
245.54999999999998,4,cGDL,-12.155024347889139,0.0,9.761865008679882,0.9638520833304917,0.0014206214684015783,0.24909443806149303,0.713337023800597,0.0002516105434964576,0.0007753663302180403,0.7989730231262856,0.0,1.2447042939790129e-05,1.4031212041217963e-05,3.749459503915515e-08,0.30190993760217977,10443680.837078119,-12.153623847606399
245.65000000000003,4,cGDL,-12.155004606636453,0.0,9.761927329072373,0.951254487769642,0.0014206482390311248,0.24909386801142128,0.7007399715191897,0.0002516099676883043,0.0007616738820860757,0.7989867161502258,0.0,1.2447364570158231e-05,1.4031574606360187e-05,3.7494623968607184e-08,0.30187876957641224,10441100.101466302,-12.153738886947078
245.74999999999997,4,cGDL,-12.154985008817505,0.0,9.761989647848507,0.9386539477838187,0.0014206749978288025,0.24909329976944175,0.6881399730165482,0.0002516093937065068,0.0007479782315397262,0.7990004123747538,0.0,1.2447686266174945e-05,1.4031937245506303e-05,3.749465268821043e-08,0.30184759426214086,10438518.76307903,-12.153719562555308
245.85000000000005,4,cGDL,-12.161382025972898,0.0,9.762051965008036,0.9260504536869678,0.0014199141659767267,0.2490935209142792,0.6755370186067119,0.0002516096170851305,0.0007342793680507738,0.7990141110148641,0.0,1.2447472462076585e-05,1.403169622997724e-05,3.748530510882589e-08,0.30181641209384213,10435937.149187261,-12.153700251990628
245.95,4,cGDL,-12.148116728141645,0.0,9.762114284272522,0.9719986804794358,0.0014214539740773913,0.24909143186675403,0.7214857946386044,0.0002516075069361152,0.00078422368982457,0.7989641688032394,0.0,1.24474125284699e-05,1.4031628668456978e-05,3.7504690622178924e-08,0.30193009758457734,10445348.85028128,-12.153680984304076
246.04999999999993,4,cGDL,-12.14810093982453,0.0,9.762176609013075,1.0124250447073302,0.0014213777354724622,0.24909096166712585,0.7619127053047319,0.00025160703198699583,0.0008281659840268825,0.7989202269839861,0.0,1.2446386976902526e-05,1.4030472592144666e-05,3.750471376449502e-08,0.3020301217888859,10453630.07791571,-12.153537949247736
246.15,4,cGDL,-12.148083949203453,0.0,9.762238935479326,0.9993720462635204,0.00142140506465116,0.2490904000017824,0.7488602411970868,0.00025160646464826504,0.0008139785230403117,0.7989344150123114,0.0,1.2446719949489986e-05,1.4030847943061437e-05,3.7504738677032e-08,0.30199782698562927,10450956.055017032,-12.153653669232979
246.24999999999994,4,cGDL,-12.15489327467202,0.0,9.762301260218692,0.9854876783987433,0.0014205957443925998,0.24909067694311335,0.7349764057112373,0.0002516067443869832,0.0007988873975122145,0.7989495058581009,0.0,1.2446504326250423e-05,1.4030604876864113e-05,3.749478711484066e-08,0.3019634756870187,10448112.076864336,-12.153769547614534
246.35,4,cGDL,-12.154874494549233,0.0,9.762363583178283,0.971600462892075,0.0014206248897087048,0.2490901172163388,0.7210897207860275,0.00025160617900640283,0.0007837931747674212,0.7989646006462262,0.0,1.2446858628462087e-05,1.4031004272084532e-05,3.7494814638374096e-08,0.30192911685129403,10445267.16522856,-12.153885596798835
246.44999999999996,4,cGDL,-12.148022184773197,0.0,9.762425904357878,0.9577103885485181,0.0014214932181247086,0.2490887201038314,0.707200175226562,0.0002516047677816479,0.0007686958426375674,0.7989796993895808,0.0,1.2447783357670031e-05,1.4032046694100764e-05,3.750482918805439e-08,0.30189475045033914,10442421.317516435,-12.154001820986291
246.55,4,cGDL,-12.161253496608651,0.0,9.762488222630795,0.9260944863591689,0.0014199298526326176,0.2490897599172215,0.6755847965893148,0.0002516058180982035,0.0007343313006405596,0.7990140628812612,0.0,1.2447482064837641e-05,1.4031707054907885e-05,3.748549344011812e-08,0.3018165281171435,10435945.364151131,-12.154110324617056
246.64999999999995,4,cGDL,-12.151834379103605,0.0,9.762550538041712,0.912904352153215,0.001421111633261335,0.24908805282929433,0.6623951876906593,0.00025160409376696397,0.0007199947692289776,0.799028401137004,0.0,1.244860330669089e-05,1.4032971000269731e-05,3.7499257736915504e-08,0.30178389332277467,10433242.768383196,-12.153832267882228
246.75,4,cGDL,-12.147961515301915,0.0,9.762612851758837,0.8996651976454906,0.0014216129213937279,0.2490870280390394,0.6491565566850575,0.0002516030586252923,0.0007056049529185407,0.7990427919884563,0.0,1.2449262887033025e-05,1.4033714527200864e-05,3.7504918100567703e-08,0.30175113763480593,10430530.415712474,-12.153813278448155
246.84999999999997,4,cGDL,-12.161205168262143,0.0,9.762675163739326,0.8857987298559338,0.001420013620056837,0.24908810575545093,0.635290610480426,0.0002516041472277282,0.0006905332722613326,0.799057862580511,0.0,1.2448509616693194e-05,1.403286538609051e-05,3.7485564288739426e-08,0.3017168310640733,10427690.43693844,-12.153535476358668
246.95000000000002,4,cGDL,-12.147923443704258,0.0,9.762737474495685,0.8806224766115633,0.0014216544242217355,0.24908594347843702,0.6301148787089046,0.00025160196310953234,0.000684907476857505,0.799063490560033,0.0,1.2449749800643317e-05,1.4034263411634285e-05,3.7504973898661325e-08,0.3017040239822775,10426629.2879652,-12.15339270500498
247.04999999999995,4,cGDL,-12.161172799190638,0.0,9.762799784034684,0.8668606140170416,0.0014200541740903017,0.24908702570640007,0.6163535341365513,0.000251603056269091,0.0006699494936266862,0.7990784474501043,0.0,1.2448993358791172e-05,1.4033410695364594e-05,3.7485611737401606e-08,0.30166997622008757,10423810.738648046,-12.153374854713896
247.15,4,cGDL,-12.14788780266656,0.0,9.762862093390954,0.8779649543517459,0.0014216639418770105,0.24908489489348587,0.627458395516383,0.000251600903932814,0.0006820199951265033,0.7990663791009407,0.0,1.2449820282892425e-05,1.4034342864351461e-05,3.750502613926209e-08,0.3016974506870223,10426084.67088091,-12.153358934737994
247.24999999999997,4,cGDL,-12.147870442285864,0.0,9.762924402524446,0.8635716827109514,0.0014216939092827618,0.24908435059168127,0.6130656382099874,0.00025160035413301137,0.000666375693706508,0.7990820239521605,0.0,1.2450187364809393e-05,1.4034756665785137e-05,3.750505158988874e-08,0.30166183973329147,10423136.09712248,-12.153340756778066
247.35000000000002,4,cGDL,-12.154229326567702,0.0,9.762986709779218,0.848615269722139,0.0014209418036026933,0.24908459026853752,0.5981097376499988,0.000251600596230846,0.0006501192800543465,0.7990982801237149,0.0,1.2450036452743868e-05,1.4034586546729455e-05,3.7495758240796706e-08,0.30162483590386474,10420072.491614854,-12.153063637226351
247.44999999999996,4,cGDL,-12.154146077554913,0.0,9.763049015119,0.8336487882760772,0.0014209809536317175,0.24908404048855995,0.5831437668338856,0.0002516000408975353,0.0006338519204716148,0.7991145480386309,0.0,1.24504235881784e-05,1.4035022953946556e-05,3.749587997603034e-08,0.3015878066990218,10417006.493182058,-12.15330724662125
247.55000000000004,4,cGDL,-12.147813343101461,0.0,9.763111318542608,0.8186712113773658,0.0014217877560862568,0.2490827248551266,0.5681666987661529,0.0002515987119748754,0.0006175724986588619,0.7991308287893663,0.0,1.2451332763048865e-05,1.4036047841982355e-05,3.7505135275060315e-08,0.3015507495915043,10413937.901312418,-12.153492333774395
247.64999999999998,4,cGDL,-12.16108143579811,0.0,9.763173619236849,0.7909020863359211,0.0014202121126680733,0.24908379594307484,0.5403980782801782,0.0002515997938818938,0.0005873892155219328,0.7991610109905962,0.0,1.2450930445643204e-05,1.4035594320543248e-05,3.7485745689594474e-08,0.3014820449460497,10408249.96672251,-12.153350773403751
247.75000000000003,4,cGDL,-12.15464017489154,0.0,9.763235917252976,0.7767281987110822,0.001421030293407427,0.24908247238221762,0.5262246960354572,0.000251598456951735,0.0005719833652559317,0.7991764181777924,0.0,1.2451828294154137e-05,1.4036606440682847e-05,3.7495158144268845e-08,0.3014469763176678,10405346.006014114,-12.153468755856647
247.84999999999997,4,cGDL,-12.161052511743947,0.0,9.763298213454704,0.7625515154528621,0.0014202704265606214,0.24908272866509557,0.512048516361206,0.00025159871582332885,0.0005565744743056587,0.799191826809871,0.0,1.245165303330797e-05,1.40364088739108e-05,3.7485788102922584e-08,0.3014119016874818,10402442.13272364,-12.153586907422339
247.95000000000005,4,cGDL,-12.147741559198778,0.0,9.763360509322045,0.7716747391935783,0.0014218874614540244,0.2490806053267037,0.5211722464054206,0.00025159657103707443,0.000566491572179805,0.7991819118567831,0.0,1.2452532670732427e-05,1.4037400465189282e-05,3.750524049319294e-08,0.3014344744330495,10404310.234721106,-12.1537052319945
248.04999999999998,4,cGDL,-12.15296907733756,0.0,9.763422804872102,0.7577660394971966,0.001421272175512328,0.24908072054370015,0.5072640467779841,0.00025159668741787895,0.0005513739638891131,0.799197029348693,0.0,1.2452449532773077e-05,1.4037306746035105e-05,3.749760049959546e-08,0.3014000627584117,10401461.197980678,-12.153689786946224
248.15000000000003,4,cGDL,-12.15462537982495,0.0,9.763485098640157,0.7438295380799098,0.0014210956946691389,0.2490803987560809,0.4933280436291598,0.0002515963623798797,0.0005362261343795215,0.7992121775032406,0.0,1.2452665278550401e-05,1.4037549950365906e-05,3.749518005892873e-08,0.3013655820377771,10398606.283014331,-12.153800914187443
248.25,4,cGDL,-12.15461350044501,0.0,9.76354739062446,0.729890956549865,0.0014211240932122116,0.2490798738844956,0.4793899585721572,0.0002515958322065612,0.0005210760419262578,0.7992273281258672,0.0,1.2453020368909141e-05,1.403795023404303e-05,3.7495197493270384e-08,0.301331096047861,10395750.856669283,-12.153650385383232
248.34999999999994,4,cGDL,-12.15459109115352,0.0,9.763609680824894,0.7159503462693013,0.0014211537889419201,0.24907934951102845,0.46544984296933095,0.0002515953025363924,0.0005059237423579684,0.7992424809551057,0.0,1.2453376393513372e-05,1.403835157086962e-05,3.749523031546563e-08,0.3012966050342476,10392895.014576595,-12.153500051002283
248.45,4,cGDL,-12.154570311575355,0.0,9.763671969241338,0.7020075944878715,0.001421183288766087,0.24907882712868837,0.4515075840704171,0.000251594774877463,0.0004907691131200185,0.7992576361120025,0.0,1.2453732339897644e-05,1.403875281952098e-05,3.749526075580716e-08,0.3012621087188386,10390038.734263623,-12.15322402707653
248.54999999999995,4,cGDL,-12.154554958620736,0.0,9.763734255873661,0.6880626111274777,0.0014212121265177458,0.24907830720355456,0.4375630917974054,0.00025159424970056015,0.0004756120563015276,0.799272793693998,0.0,1.2454087893264977e-05,1.4039153625135066e-05,3.7495283265593414e-08,0.30122760687903377,10387181.997472797,-12.153469687306721
248.65,4,cGDL,-12.154539757785699,0.0,9.763796540721723,0.6741153873980712,0.0014212409499901602,0.2490777890877304,0.42361635736035064,0.0002515937263512428,0.0004604525623482072,0.7992879537113007,0.0,1.2454443494281477e-05,1.4039554484462755e-05,3.749530555283039e-08,0.3011930994927079,10384324.802132646,-12.153453570026116
248.74999999999994,4,cGDL,-12.15452470723443,0.0,9.763858823785382,0.6601659145070625,0.0014212697594246926,0.2490772727808711,0.4096673719667667,0.00025159320482916273,0.0004452906217030073,0.7993031161734679,0.0,1.245479914332436e-05,1.4039955397929278e-05,3.749532762020066e-08,0.30115858653810634,10381467.146441888,-12.153699496061135
248.85,4,cGDL,-12.154509799555,0.0,9.7639211050645,0.6462141836595512,0.0014212985557475466,0.2490767582819471,0.39571612682185653,0.0002515926851332799,0.0004301262248063658,0.7993182810900604,0.0,1.2455154841236614e-05,1.404035636648491e-05,3.749534947853558e-08,0.3011240679934684,10378609.028598486,-12.153811714854106
248.94999999999996,4,cGDL,-12.15449504795862,0.0,9.763983384558932,0.6322601860580841,0.0014213273373520352,0.24907624559246214,0.3817626131282699,0.00025159216726511324,0.0004149593620959456,0.799333448470639,0.0,1.2455510587138977e-05,1.4040757389138483e-05,3.7495371108528513e-08,0.3010895438370285,10375750.446800938,-12.153662075033797
249.05,4,cGDL,-12.160888600432031,0.0,9.764045662268538,0.6183039129029123,0.0014205691875542603,0.24907652162899627,0.3678068220863618,0.0002515924460898952,0.00039979002400691497,0.7993486175299033,0.0,1.2455331173316531e-05,1.4040555140829542e-05,3.7486028480368476e-08,0.3010550145050706,10372891.72822495,-12.153908647026588
249.14999999999995,4,cGDL,-12.147543558507323,0.0,9.764107940859143,0.6463342405477608,0.0014221541884298639,0.24907444817361393,0.395837638185717,0.00025159035169051915,0.00043025830237577935,0.7993181513459338,0.0,1.2455733586176815e-05,1.4041008769872047e-05,3.7505530760079365e-08,0.30112436729284253,10378632.9543521,-12.153633452615194
249.25,4,cGDL,-12.14753034143041,0.0,9.764170220389069,0.6332962013023915,0.0014221810272836144,0.2490739425903349,0.382800077684773,0.0002515898410003383,0.00041608704096170976,0.7993323231180379,0.0,1.2456065948486519e-05,1.4041383432839348e-05,3.750555014962488e-08,0.301092109396814,10375962.00789243,-12.153542710635142
249.34999999999997,4,cGDL,-12.147514550164146,0.0,9.764232498180641,0.6191530299038905,0.00142221031980716,0.2490734365606278,0.3686573830234556,0.00025158932985922,0.00040071454676462564,0.7993476961233762,0.0,1.2456426607432794e-05,1.4041789993833332e-05,3.750557330163716e-08,0.3010571171716912,10373064.675290935,-12.153789964309922
249.45000000000002,4,cGDL,-12.15438131013866,0.0,9.764294774138758,0.6046148613775967,0.0014213947396991278,0.2490737772741762,0.35411968936372135,0.0002515896740143194,0.0003849127058301319,0.7993634976201556,0.0,1.245622244864388e-05,1.4041559851198554e-05,3.7495537670039763e-08,0.30102114813082026,10370086.781411976,-12.153182529347719
249.54999999999995,4,cGDL,-12.154367288027117,0.0,9.764357048238304,0.5900737685865489,0.001421424566847962,0.2490732743754004,0.33957906964430057,0.000251589166035758,0.0003691076843959789,0.7993793031495683,0.0,1.2456593060300993e-05,1.404197763161203e-05,3.749555823266748e-08,0.30098517135921865,10367107.93545122,-12.153310516337847
249.65000000000003,4,cGDL,-12.160811392450682,0.0,9.764419320479064,0.5755297403922521,0.0014206612932128604,0.2490735663722349,0.32503551272680437,0.00025158946098205546,0.0003532994703552221,0.7993951110686628,0.0,1.2456424320902004e-05,1.404178741628953e-05,3.7486141711358595e-08,0.30094918778308655,10364128.820121525,-12.15317862661847
249.74999999999997,4,cGDL,-12.147459925323574,0.0,9.764481596455244,0.6491008871365684,0.0014221591154365276,0.24907158199503077,0.39860714602610114,0.0002515874565606371,0.00043326863698489257,0.7993151439064545,0.0,1.2455670273640248e-05,1.4040937399376281e-05,3.7505653403449545e-08,0.30113121795554043,10379199.087850127,-12.153307148123348
249.85000000000002,4,cGDL,-12.147450546217613,0.0,9.764543876218271,0.6353687473722517,0.001422186825160654,0.24907108635469083,0.3848754741924002,0.00025158695591382914,0.0004183429067308698,0.7993300701373554,0.0,1.245601995015006e-05,1.404133158016916e-05,3.7505667182091426e-08,0.30109724269133764,10376385.957329055,-12.153435934266351
249.95,4,cGDL,-12.160767209239395,0.0,9.764606154179855,0.6209203802207709,0.001420579035778552,0.24907222814570176,0.3704275730392906,0.0002515881092380826,0.000402638666347055,0.7993457732244149,0.0,1.2455274832142331e-05,1.4040491628960445e-05,3.748620645925963e-08,0.30106149628186457,10373426.792280307,-12.153439951519422
250.05000000000004,4,cGDL,-12.15776049595172,0.0,9.76466843038314,0.6078655387655909,0.0014209734360072779,0.24907136927116713,0.3573731960584165,0.0002515872416880476,0.00038844912615045273,0.7993599636321616,0.0,1.2455857618436823e-05,1.4041148588056056e-05,3.749059999072184e-08,0.30102919657276445,10370752.253279632,-12.153445531119619
250.14999999999998,4,cGDL,-12.154307448780173,0.0,9.764730704919915,0.5948606818559334,0.0014214226647709383,0.24907045735103525,0.34436880184012725,0.00025158632055660127,0.0003743139150436166,0.7993740997643999,0.0,1.2456476433168766e-05,1.4041846161026609e-05,3.749564607866519e-08,0.3009970205004048,10368087.931036463,-12.153575217829216
250.25000000000003,4,cGDL,-12.154294500881463,0.0,9.764792977793313,0.5818530430206315,0.0014214493963213837,0.24906996972112966,0.3313616239031804,0.0002515858280011411,0.0003601756781556309,0.7993882384938433,0.0,1.245680799730758e-05,1.4042219924237637e-05,3.7495665069348476e-08,0.30096483778752864,10365423.21592924,-12.153444673728103
250.35,4,cGDL,-12.15428170020789,0.0,9.764855249003114,0.5688426115285169,0.0014214761152424038,0.24906948389677147,0.318351651516503,0.0002515853372694661,0.0003460344038222859,0.7994023802589083,0.0,1.2457139623085713e-05,1.4042593756932986e-05,3.749568384463201e-08,0.30093264816166104,10362757.929135783,-12.153440367595962
250.45,4,cGDL,-12.15426905235364,0.0,9.7649175185491,0.5558293766466333,0.0014215028208665326,0.2490689998785328,0.305338873947234,0.00025158484836215435,0.0003318900803774283,0.7994165250712604,0.0,1.2457471310309468e-05,1.404296765889431e-05,3.749570239634041e-08,0.300900451596247,10360092.06845771,-12.153310270666978
250.54999999999998,4,cGDL,-12.154256546200543,0.0,9.764979786431045,0.5428133276423346,0.0014215295145793005,0.2490685176649331,0.2923232804628222,0.0002515843612777102,0.0003177426961552415,0.7994306729425671,0.0,1.245780306018115e-05,1.4043341631476932e-05,3.7495720740721356e-08,0.30086824806473117,10357425.63169585,-12.153441117821005
250.64999999999995,4,cGDL,-12.160691837191337,0.0,9.765042052648731,0.5297944537798138,0.0014207643194519282,0.24906882913280587,0.279304860327556,0.0002515846758917231,0.00030359223948647394,0.7994448230846218,0.0,1.2457596267819876e-05,1.4043108520087858e-05,3.748631707085224e-08,0.30083603800149467,10354758.947702989,-12.153469412727294
250.75,4,cGDL,-12.147327637621629,0.0,9.765104320755338,0.5727542173746198,0.0014223230237093154,0.24906680764832329,0.32226508670258724,0.00025158263398820534,0.00035028813772020355,0.7993981292282917,0.0,1.2457621105044994e-05,1.4043136518414357e-05,3.7505847430539296e-08,0.30094232924605574,10363558.474747907,-12.153465181790292
250.84999999999994,4,cGDL,-12.147317955389042,0.0,9.765166590843227,0.5611906421840376,0.0014223465772018884,0.24906633361775884,0.31070196198907685,0.0002515821551694534,0.0003377195239011705,0.7994106983209295,0.0,1.2457915725357387e-05,1.4043468635857416e-05,3.7505861649206606e-08,0.30091371942528355,10361189.578612825,-12.15346113734408
250.95,4,cGDL,-12.147304805759688,0.0,9.765228859415565,0.5490606175495596,0.0014223716524083552,0.2490658599658769,0.29857238593127433,0.000251581676733209,0.0003245352020992112,0.7994238831211676,0.0,1.2458225030435404e-05,1.4043817307036275e-05,3.7505880935743945e-08,0.3008837080877944,10358704.645476725,-12.153457480428491
251.04999999999995,4,cGDL,-12.160645399881332,0.0,9.765291126390448,0.5362047790128386,0.001420757637959097,0.24906702733534944,0.28571699403953005,0.0002515828558942924,0.00031056195004296747,0.7994378551940627,0.0,1.2457437278130973e-05,1.4042929295347643e-05,3.748638517819454e-08,0.30085190188811917,10356071.715523027,-12.153454190491296
251.15,4,cGDL,-12.14727895851371,0.0,9.765353391833207,0.5251020404824349,0.001422421164389287,0.24906491861597518,0.27461470070207045,0.0002515807258747224,0.00029849423989355484,0.7994499250342317,0.0,1.245883595047054e-05,1.4044505980530426e-05,3.750591884733305e-08,0.30082443130726005,10353796.53697317,-12.153451155385612
251.24999999999994,4,cGDL,-12.160626176989354,0.0,9.76541565575049,0.512348915029198,0.0014208060814712986,0.2490660906156366,0.2618620183320901,0.00025158190971276423,0.0002846326286218371,0.7994637854616654,0.0,1.2458044985989772e-05,1.4043614347843013e-05,3.748641339853645e-08,0.3007928792347266,10351184.648928436,-12.153448383742292
251.35000000000002,4,cGDL,-12.160616433113603,0.0,9.765477918288719,0.5035514200768256,0.0014208242723480202,0.24906563036657509,0.2530649654379025,0.0002515814448147223,0.00027507061460641576,0.7994733479405789,0.0,1.2458269318799153e-05,1.4043867232100862e-05,3.748642770106344e-08,0.3007711132516261,10349382.386420859,-12.153445875632046
251.44999999999996,4,cGDL,-12.147242863713416,0.0,9.76554018135246,0.5208055209999195,0.0014224339101873706,0.24906357541148616,0.27031951167824597,0.0002515793691025113,0.0002938255561720065,0.7994545950747256,0.0,1.245894813454155e-05,1.404463244257411e-05,3.75059717936755e-08,0.30081380334580116,10352916.108983675,-12.153443627447238
251.55,4,cGDL,-12.16059735640556,0.0,9.765602443312305,0.48633305784877295,0.0014208598761683011,0.24906471591302948,0.23584748205957518,0.0002515805211242722,0.0002563559587604078,0.7994920635201154,0.0,1.2458708384991987e-05,1.4044362179445512e-05,3.748645570467164e-08,0.30072851313011945,10345855.01476842,-12.153441643100509
251.64999999999998,4,cGDL,-12.14721858162767,0.0,9.765664702441397,0.4763766218604356,0.001422522819376132,0.24906261649873732,0.22589148254232214,0.0002515784005037751,0.00024553422015469796,0.7995028873793415,0.0,1.2460079083563934e-05,1.4045907330562983e-05,3.7506007420176594e-08,0.300703878720961,10343814.657591194,-12.153314264971554
251.75000000000003,4,cGDL,-12.14720653812077,0.0,9.76572695999996,0.4617582646247092,0.0014225525714061382,0.24906215296725606,0.21127355908604703,0.0002515779322901576,0.00022964517291961634,0.7995187768947903,0.0,1.2460451543576295e-05,1.4046327194576914e-05,3.750602508861893e-08,0.30066771070695664,10340819.992472222,-12.153448534804298
251.84999999999997,4,cGDL,-12.160571452715601,0.0,9.765789205504712,0.4466842603061728,0.0014209396483760295,0.24906333399169284,0.19619998666610391,0.00025157912524413417,0.00021326085507185208,0.799535160019684,0.0,1.2459717939911094e-05,1.4045500223172507e-05,3.74864937498165e-08,0.3006304162811352,10337732.675506601,-12.15358804524943
251.95000000000002,4,cGDL,-12.130225985189895,0.0,9.765851460286974,0.34248482375419764,0.0014248396158138867,0.01012511806930885,0.3309348660690749,1.0227391989200858e-05,0.00035971181094464664,0.7996300607970662,0.0,1.2464472154781768e-05,1.405085951993581e-05,3.756475044679476e-08,0.30082469453883764,10265442.521622112,-12.153722864958423
252.04999999999998,4,cGDL,-12.154450780200705,0.0,9.765913734581973,0.32843495201197503,0.0014218873215402668,0.009956511100848536,0.31705655358958623,1.0057081920049026e-05,0.00034462668868433287,0.7996453162293957,0.0,1.2462804456130181e-05,1.4048979568728568e-05,3.7529331644183056e-08,0.3007902585996767,10262529.071254127,-12.15372303154358
252.15000000000003,4,cGDL,-12.154446423502463,0.0,9.765976007890101,0.32676689112041124,0.001421891058514953,0.009793013150531075,0.3155519869113652,9.891932475283914e-06,0.00034299129012104916,0.7996471167774037,0.0,1.2462846913652584e-05,1.4049027429935641e-05,3.7529361199157494e-08,0.30078644082228595,10262152.509883389,-12.153723465532337
252.24999999999997,4,cGDL,-12.15444239941553,0.0,9.766038280179338,0.3122070360604429,0.0014219196704066267,0.009621158609074296,0.301163957780962,9.718342029367975e-06,0.0003273521280227848,0.7996629295299479,0.0,1.246321692466461e-05,1.404944453325829e-05,3.752939145253422e-08,0.30075074184908934,10259133.28673788,-12.15360165769946
252.35000000000002,4,cGDL,-12.15443853557889,0.0,9.766100550603552,0.2971523767648856,0.0014219492189316597,0.009449013374863726,0.2862814141710902,9.544457954407804e-06,0.0003111754501859676,0.7996792800918596,0.0,1.2463599499199145e-05,1.4049875799097219e-05,3.7529421512750974e-08,0.3007138191763206,10256012.641122188,-12.153737534680262
252.45,4,cGDL,-12.154434206474377,0.0,9.766162821853396,0.32503983593389496,0.0014218958309975428,0.009304842162406747,0.31431309794049067,9.398830467077522e-06,0.00034164467167444637,0.7996489564978586,0.0,1.246289094385265e-05,1.404907706397935e-05,3.7529448287055464e-08,0.3007830913972306,10261694.6396094,-12.15387358875449
252.55000000000004,4,cGDL,-12.154430637164978,0.0,9.766225093960532,0.310498658063212,0.0014219243509533564,0.009133093333347038,0.2999436403789116,9.225346801360645e-06,0.00032602569606403434,0.7996647489571347,0.0,1.2463260442892471e-05,1.4049493590169695e-05,3.7529477860298073e-08,0.3007474384354427,10258679.265030818,-12.15374853202135
252.64999999999998,4,cGDL,-12.154427365290985,0.0,9.76628736360121,0.2859353324995034,0.0014219722040632876,0.008954852750050507,0.27555850754538963,9.045305808131826e-06,0.00029952011689716264,0.7996914345772947,0.0,1.2463884588911954e-05,1.4050197172955293e-05,3.752950791897726e-08,0.3006870008576895,10253609.472477222,-12.1536824337012
252.74999999999994,4,cGDL,-12.154423686641167,0.0,9.766349632557692,0.29952272204631764,0.001421946373749091,0.008801467671054556,0.289299308001514,8.890371384903592e-06,0.00031445576956686303,0.7996766538590483,0.0,1.2463539342460518e-05,1.4049807986046404e-05,3.752953504836261e-08,0.3007209091355806,10256360.141624,-12.153684048596629
252.85,4,cGDL,-12.154420562152438,0.0,9.76641190151069,0.28568629566726833,0.0014219734770315722,0.008630266546813732,0.275634055643423,8.717440956377508e-06,0.00029960223439502503,0.7996916803246485,0.0,1.2463890902739797e-05,1.4050204290361226e-05,3.752956389336061e-08,0.30068699884087674,10253489.251959333,-12.153685926750587
252.94999999999993,4,cGDL,-12.154417568365659,0.0,9.766474168806306,0.27319253669425286,0.0014219979693120433,0.008459967887871662,0.26331057083706916,8.545422108961275e-06,0.0002862071422142056,0.799705247435677,0.0,1.2464208337138517e-05,1.40505621255016e-05,3.7529592419236054e-08,0.3006564088799223,10250893.599718187,-12.153688068247114
253.05,4,cGDL,-12.154414764054138,0.0,9.766536434369053,0.25818914870681425,0.0014220272886592451,0.008288064339779005,0.248479057078376,8.371782161392934e-06,0.0002700859316069304,0.7997215422862317,0.0,1.2464589530835913e-05,1.4050991834760484e-05,3.752962089554306e-08,0.30061961260616654,10247783.50857089,-12.153690473060992
253.14999999999995,4,cGDL,-12.154412117558252,0.0,9.766598698019195,0.24282003372240085,0.001422057295467287,0.008115950544260876,0.2332820258826727,8.197929842687754e-06,0.0002535674194376877,0.7997382346507197,0.0,1.2464980008909618e-05,1.4051432010043568e-05,3.752964917084104e-08,0.3005819118448355,10244598.45353777,-12.15369314138546
253.25,4,cGDL,-12.154409602037902,0.0,9.766660959823495,0.22886773240020278,0.0014220845479340875,0.007944786135529309,0.21950086171673938,8.025036500534656e-06,0.0002385878931703689,0.7997533870703292,0.0,1.2465334476641882e-05,1.405183159185085e-05,3.7529677119961755e-08,0.3005477147818902,10241703.834770104,-12.15356964879768
253.34999999999994,4,cGDL,-12.154407233688232,0.0,9.766723219897672,0.21534023441820654,0.0014221109613160882,0.007773925114225337,0.20614419834266512,7.852449610328623e-06,0.0002240697808072447,0.7997680777695825,0.0,1.246567814045242e-05,1.405221899469182e-05,3.752970481081349e-08,0.30051456819766714,10238896.30152511,-12.153708223575329
253.45000000000002,4,cGDL,-12.154404588458533,0.0,9.766785480031224,0.2296281390648499,0.0014220836501473008,0.007621193789439666,0.22058486162526295,7.698175544888552e-06,0.0002397661539405032,0.7997525356705146,0.0,1.2465314990207525e-05,1.4051809625324846e-05,3.752973033602637e-08,0.3005502084604402,10241790.61038793,-12.153847015410307
253.54999999999995,4,cGDL,-12.154402524778334,0.0,9.76684774022579,0.21610174861179884,0.0014221100239647034,0.00745038663468802,0.20722925195314612,7.525643065341434e-06,0.0002252491869055936,0.7997672251700291,0.0,1.2465658600331369e-05,1.405219696764627e-05,3.752975757362901e-08,0.30051706451464727,10238983.315512488,-12.153986095243456
253.65,4,cGDL,-12.154400168230836,0.0,9.766910000518918,0.23098012753691383,0.0014220815361094818,0.007298091862427442,0.2222599541383769,7.371809962047921e-06,0.0002415869066721488,0.7997510412833658,0.0,1.2465280421350622e-05,1.4051770656795246e-05,3.752978261471306e-08,0.3005541649089333,10241998.675934495,-12.153866957933579
253.74999999999997,4,cGDL,-12.154398403976359,0.0,9.766972260920522,0.2176266619906513,0.0014221075389348418,0.007127448703145306,0.20907710574857116,7.199443134490208e-06,0.00022725772363975125,0.7997655428332258,0.0,1.2465619611894074e-05,1.4052153017044228e-05,3.752980939111928e-08,0.3005214485054867,10239226.839646123,-12.154006621784683
253.85000000000002,4,cGDL,-12.154396793611966,0.0,9.767034519634178,0.2041364065012703,0.0014221337872317285,0.006956741297743362,0.1957575314162952,7.027011411861982e-06,0.0002127799254524948,0.7997801930631356,0.0,1.2465962268811142e-05,1.405253928484165e-05,3.752983595155323e-08,0.30048839377658687,10236426.968285903,-12.153884614074915
253.94999999999996,4,cGDL,-12.154395142129772,0.0,9.76709677741971,0.20278852908882058,0.0014221365731021925,0.0067939612011517795,0.1945724313145666,6.862587071870484e-06,0.0002114917731680072,0.7997816456397602,0.0,1.2465996368258116e-05,1.4052577724218239e-05,3.752986144811224e-08,0.3004853668429591,10236116.149524482,-12.153762838997961
254.05,4,cGDL,-12.154393846275468,0.0,9.767159034241788,0.18873744825196692,0.0014221638666672169,0.006622937256689607,0.1806923471286101,6.689835612817785e-06,0.00019640472513979357,0.7997969054392474,0.0,1.2466353254291735e-05,1.4052980032110683e-05,3.7529887593419715e-08,0.30045092511333543,10233201.325782798,-12.153903335319846
254.14999999999998,4,cGDL,-12.154392315855318,0.0,9.767221290812975,0.19862752127912295,0.0014221449181559776,0.006467519380277902,0.19073785698068907,6.532847858866567e-06,0.00020732375758770552,0.7997861433945535,0.0,1.2466101762711634e-05,1.4052696532511299e-05,3.7529911869018323e-08,0.3004756893002327,10235194.16741811,-12.153782026363423
254.25000000000003,4,cGDL,-12.154391319977151,0.0,9.767283547139678,0.1846976893737514,0.0014221719405306359,0.006296621318115637,0.17697889611510512,6.3602235536521585e-06,0.00019236836534250557,0.7998012714111039,0.0,1.2466455543542e-05,1.4053095339992798e-05,3.752993755772418e-08,0.30044154732784917,10232304.208329732,-12.153923096815829
254.34999999999997,4,cGDL,-12.154645374132258,0.0,9.767345799414102,0.1344879757937557,0.001422237733161657,0.006102161884163382,0.12696357617643067,6.163799882993315e-06,0.0001380038871482942,0.7998558323129689,0.0,1.2467709983431964e-05,1.4054509435868759e-05,3.752959352606308e-08,0.3003176859636215,10221977.309528809,-12.15406445687938
254.45000000000005,4,cGDL,-12.15439035532279,0.0,9.767408047735508,0.12213222563453216,0.0014222929347542943,0.005932301111798446,0.11477763158797942,5.992223345250955e-06,0.00012475829520432546,0.7998692494814504,0.0,1.2468045013255103e-05,1.4054887105851208e-05,3.7529990626569855e-08,0.30028743656029716,10219410.015367368,-12.153943816230617
254.54999999999998,4,cGDL,-12.15438980598168,0.0,9.767470294460784,0.10911507508981833,0.0014223181383359925,0.0057620627264041244,0.10193069422507821,5.820265380206187e-06,0.00011079423285334588,0.7998833855017665,0.0,1.2468375580668821e-05,1.4055259745481215e-05,3.753001556862098e-08,0.3002555515053198,10216707.159436265,-12.154418244158576
254.65000000000003,4,cGDL,-12.154389421453743,0.0,9.767532539498106,0.09530069659546074,0.0014223448624625882,0.005591326566425711,0.08828702516657244,5.647804612551223e-06,9.596415778975265e-05,0.7998983880375977,0.0,1.2468726397941131e-05,1.4055655212224549e-05,3.753004034019012e-08,0.3002216948827819,10213840.88547827,-12.154417738488746
254.74999999999997,4,cGDL,-12.15459919297399,0.0,9.767594780738992,0.048995539675018886,0.001422408548449142,0.0053994843278399995,0.042173646798729744,5.454024573575757e-06,4.5840920433401895e-05,0.7999487050549932,0.0,1.2469885381099037e-05,1.4056961702329822e-05,3.752976070862141e-08,0.30010748924664454,10204314.39080734,-12.154417383600746
254.85,4,cGDL,-12.154389651344502,0.0,9.767657018226732,0.03585390141843272,0.0014224596824700961,0.005229200726907901,0.029202241009054723,5.282020936270607e-06,3.174156631418992e-05,0.7999629764127496,0.0,1.2470236603730566e-05,1.4057357626023548e-05,3.7530091350710715e-08,0.3000752962049022,10201586.018703781,-12.154417175946664
254.95,4,cGDL,-12.154389304003132,0.0,9.767719255608824,0.04713032450038312,0.0014224379091957572,0.005074860624560031,0.04063302596662733,5.12612184298993e-06,4.416633257242101e-05,0.7999507075455846,0.0,1.2469949753702562e-05,1.405703426781016e-05,3.753011374307482e-08,0.30010348847421586,10203863.083543964,-12.154417115358505
255.04999999999993,4,cGDL,-12.154389315849357,0.0,9.767781493660266,0.046212869938253784,0.0014224396588055788,0.004912601223928932,0.03987782905551927,4.962223458514073e-06,4.334546636469486e-05,0.7999516923101769,0.0,1.246997277907229e-05,1.405706022368149e-05,3.753013673295986e-08,0.3001015255124472,10203640.547830794,-12.154417213933653
255.15,4,cGDL,-12.154389481623866,0.0,9.76784373159758,0.045110761399208915,0.0014224417463761805,0.0047502408369849486,0.038938078815847786,4.798223067661564e-06,4.232399871287803e-05,0.7999528777782196,0.0,1.2470000484559723e-05,1.4057091455321871e-05,3.753015951202e-08,0.3000991058690656,10203380.164279785,-12.15441745974896
255.24999999999994,4,cGDL,-12.154389808447092,0.0,9.767905969374281,0.04344960158688148,0.0014224448946275276,0.004587535278774916,0.037439621413479035,4.6338740189645615e-06,4.069524066682504e-05,0.7999546708853142,0.0,1.247004238481315e-05,1.4057138688334823e-05,3.753018210446343e-08,0.30009530366852116,10203005.185657317,-12.154417849947441
255.35,4,cGDL,-12.154390286733417,0.0,9.767968206954938,0.04178778438630292,0.0014224480255331986,0.004424847664767676,0.03594048869600205,4.469543095724925e-06,3.9065748582610924e-05,0.7999564647083217,0.0,1.2470084289189045e-05,1.4057185925994923e-05,3.7530204472823596e-08,0.3000914998075537,10202630.076198773,-12.154418395480493
255.44999999999996,4,cGDL,-12.154390916530645,0.0,9.768030444338756,0.04012530666504382,0.0014224511390931883,0.004262177563763582,0.03444067796218705,4.305229862387457e-06,3.743551952411636e-05,0.7999582592506136,0.0,1.247012619776218e-05,1.4057233168386457e-05,3.7530226617091234e-08,0.30008769427922866,10202254.835170548,-12.154419304332622
255.55,4,cGDL,-12.154391697861513,0.0,9.768092681525712,0.03846216528874743,0.0014224542353105767,0.004099524544607224,0.03294018650882963,4.14093388344164e-06,3.580455055307568e-05,0.7999600545155635,0.0,1.2470168110609466e-05,1.4057280415596125e-05,3.753024853729387e-08,0.30008388707660694,10201879.461838638,-12.15442018333027
255.64999999999995,4,cGDL,-12.154392630748532,0.0,9.768154918515782,0.036798357121384115,0.0014224573141884793,0.003936888176180719,0.03143901163101492,3.976654723414867e-06,3.417283872936404e-05,0.7999618505065472,0.0,1.2470210027807885e-05,1.4057327667710708e-05,3.753027023345931e-08,0.3000800781927449,10201503.955468712,-12.154421098143908
255.75,4,cGDL,-12.154393715214383,0.0,9.768217155308946,0.035133879025040345,0.0014224603757299922,0.0037742680274169484,0.029937150621893404,3.8123919468858066e-06,3.25403811107537e-05,0.7999636472269424,0.0,1.2470251949434447e-05,1.4057374924817014e-05,3.7530291705615075e-08,0.3000762676206945,10201128.315326063,-12.154367013996389
255.84999999999997,4,cGDL,-12.154394951281688,0.0,9.76827939190518,0.033468727860020246,0.0014224634199382215,0.0036116636672887397,0.028434600772793285,3.6481451184734743e-06,3.090717475303618e-05,0.7999654446801285,0.0,1.2470293875566215e-05,1.4057422187001916e-05,3.753031295378882e-08,0.30007245535350296,10200752.540675625,-12.154186542689981
255.95000000000002,4,cGDL,-12.154396338973015,0.0,9.768341628304459,0.0318029004847746,0.0014224664468162856,0.0034490746648064914,0.02693135937315182,3.48391380283484e-06,2.927321670994763e-05,0.7999672428694873,0.0,1.2470335806280299e-05,1.405746945435234e-05,3.7530333978008245e-08,0.30006864138421285,10200376.630781962,-12.154150697565736
256.04999999999995,4,cGDL,-12.154397877250233,0.0,9.768403864505862,0.030136393755975644,0.0014224694564976955,0.003286500588891313,0.025427423710586636,3.3196975645366795e-06,2.7638504033246342e-05,0.7999690417984023,0.0,1.2470377741742555e-05,1.4057516727055244e-05,3.753035477985256e-08,0.3000648257058624,10200000.584909227,-12.154151819264937
256.15000000000003,4,cGDL,-12.154569397077694,0.0,9.768466099015448,0.004881907925468365,0.0014224971586877526,0.0031086042564927347,0.00035080651028787744,3.1400042994876106e-06,3.8131142422595376e-07,0.7999964786842764,0.0,1.2471004957816812e-05,1.4058223770629862e-05,3.753012911960509e-08,0.3000026774541854,10194789.286187127,-12.154152990717412
256.24999999999994,4,cGDL,-12.154401814919993,0.0,9.768528331928412,0.004702169427562372,0.0014225180848423157,0.002947006740068839,0.00033264460265121744,2.976774484918019e-06,3.6157022027306244e-07,0.7999966616552948,0.0,1.2471023249384913e-05,1.405824439021572e-05,3.753039715811323e-08,0.3000025384536298,10194718.008283133,-12.154154220644685
256.35,4,cGDL,-12.15440378379111,0.0,9.768590564832992,0.004522446539706964,0.001422518168093286,0.002785444111083454,0.0003144842605302241,2.813579910185307e-06,3.4183071796763487e-07,0.7999968445893719,0.0,1.2471027362345533e-05,1.4058249026644054e-05,3.753041718671986e-08,0.3000023994772552,10194646.745284872,-12.154155500412237
256.45,4,cGDL,-12.154405904189048,0.0,9.768652797729253,0.004342738787646861,0.0014225182326894994,0.0026238951184596603,0.00029632543649770176,2.6503991095552124e-06,3.220928657583715e-07,0.7999970275080248,0.0,1.2471031462275271e-05,1.4058253648383034e-05,3.753043699175644e-08,0.3000022605125742,10194575.488298409,-12.154156829981723
256.55,4,cGDL,-12.154408176129493,0.0,9.768715030617258,0.00416304569717162,0.0014225182786298824,0.002462359335410799,0.00027816808313093846,2.4872316519301e-06,3.0235661209884616e-07,0.799997210411736,0.0,1.247103554918409e-05,1.405825825544388e-05,3.7530456573260165e-08,0.3000021215592212,10194504.237135604,-12.15415821313853
256.65,4,cGDL,-12.154410599628022,0.0,9.76877726349707,0.003983366794100658,0.0014225183059133747,0.0023008363351770776,0.0002600121530102056,2.3240771062394724e-06,2.8262190544587566e-07,0.7999973933009884,0.0,1.2471039623081964e-05,1.405826284783785e-05,3.75304759312684e-08,0.3000019826168303,10194432.991608333,-12.154159645888734
256.75000000000006,4,cGDL,-12.154413174700323,0.0,9.768839496368752,0.00380370160430337,0.0014225183145389034,0.0021393256910436894,0.0002418575987207774,2.1609350414582722e-06,2.6288869426171457e-07,0.7999975761762643,0.0,1.2471043683978845e-05,1.4058267425576153e-05,3.7530495065818286e-08,0.30000184368503585,10194361.75152849,-12.154161135810869
256.84999999999997,4,cGDL,-12.154415901361972,0.0,9.768901729232368,0.0036240496536755606,0.001422518304505412,0.001977826976319584,0.00022370437285056477,1.9978050265854382e-06,2.431569270114834e-07,0.7999977590380464,0.0,1.2471047731884708e-05,1.4058271988670032e-05,3.753051397694725e-08,0.30000170476347215,10194290.516707983,-12.154162675402944
256.95000000000005,4,cGDL,-12.1544187796286,0.0,9.768963962087982,0.003444410468151051,0.001422518275811835,0.001816339764347935,0.00020555242799128126,1.8346866306544797e-06,2.2342655216443614e-07,0.7999979418868173,0.0,1.2471051766809514e-05,1.4058276537130726e-05,3.75305326646925e-08,0.30000156585177357,10194219.286958726,-12.154159266663152
257.05,4,cGDL,-12.154421809515839,0.0,9.769026194935657,0.0032647835736978057,0.001422518228457108,0.0016548636285026422,0.00018740171673805564,1.6715794227299416e-06,2.0369751819353874e-07,0.7999981247230591,0.0,1.247105578876322e-05,1.4058281070969449e-05,3.7530551129091354e-08,0.3000014269495745,10194148.06209266,-12.154160894393602
257.15,4,cGDL,-12.15442499103932,0.0,9.769088427775456,0.003085168496321964,0.0014225181624401685,0.0014933981421919598,0.00016925219168983566,1.5084829719110705e-06,1.8396977357590834e-07,0.7999983075472547,0.0,1.2471059797755795e-05,1.4058285590197443e-05,3.7530569370181005e-08,0.30000128805650933,10194076.841921732,-12.15416257197616
257.25,4,cGDL,-12.154428324214564,0.0,9.76915066060744,0.002905564762047218,0.0014225180777599677,0.0013319428788399308,0.00015110380544731982,1.3453968473130614e-06,1.6424326679056503e-07,0.799998490359886,0.0,1.2471063793797198e-05,1.4058290094825933e-05,3.753058738799891e-08,0.3000011491722125,10194005.626257896,-12.154164299158515
257.34999999999997,4,cGDL,-12.1544318090572,0.0,9.769212893431677,0.0027259718969417394,0.0014225179744154438,0.001170497411910636,0.00013295651061565947,1.1823206180915515e-06,1.44517946321369e-07,0.7999986731614357,0.0,1.2471067776897397e-05,1.4058294584866158e-05,3.7530605182582336e-08,0.30000101029631837,10193934.414913127,-12.15416195821317
257.45,4,cGDL,-12.154435445582806,0.0,9.769275126248228,0.00254638942709148,0.0014225178524055412,0.0010090613148841588,0.00011481025980177968,1.0192538534183423e-06,1.2479376065410836e-07,0.799998855952386,0.0,1.2471071747066355e-05,1.4058299060329343e-05,3.753062275396859e-08,0.30000087142846155,10193863.207699407,-12.154163773945953
257.54999999999995,4,cGDL,-12.154439233807068,0.0,9.769337359057156,0.0023668168786203747,0.0014225177117291933,0.0008476341612747726,9.666500561640914e-05,8.561961224997704e-07,1.0507065827870558e-07,0.7999990387332193,0.0,1.2471075704314021e-05,1.4058303521226715e-05,3.753064010219489e-08,0.3000007325682764,10193792.004428728,-12.154165647487451
257.65,4,cGDL,-12.154443173745449,0.0,9.769399591858523,0.0021872537776661052,0.0014225175523853606,0.000686215524609099,7.852070067164576e-05,6.931469945546454e-07,8.534858768657148e-08,0.7999992215044178,0.0,1.2471079648650363e-05,1.40583079675695e-05,3.7530657227298724e-08,0.3000005937153975,10193720.804913092,-12.154167574774174
257.74999999999994,4,cGDL,-12.154447265413523,0.0,9.769461824652396,0.002007699650401745,0.0014225173743729906,0.0005248049784456247,6.0377297583129764e-05,5.301060388339643e-07,6.562749737296713e-08,0.7999994042664639,0.0,1.2471083580085356e-05,1.4058312399368947e-05,3.753067412931746e-08,0.3000004548694594,10193649.60896452,-12.154169555767348
257.85,4,cGDL,-12.154451508826924,0.0,9.769524057438835,0.0018281540230187664,0.0014225171776910237,0.00036340209635940155,4.223474896834125e-05,3.670728246054561e-07,4.590733583515353e-08,0.7999995870198396,0.0,1.247108749862895e-05,1.405831681663627e-05,3.753069080828828e-08,0.3000003160300967,10193578.416395027,-12.154171590288597
257.94999999999993,4,cGDL,-12.154466913611031,0.0,9.769586290217905,0.0016486164217317538,0.0014225156089211646,0.00020200780536351904,2.4093007447069977e-05,2.0404828824597883e-07,2.6188051572902148e-08,0.7999997697636602,0.0,1.2471090483637154e-05,1.405832018155461e-05,3.753069115994181e-08,0.30000017719773164,10193507.22758246,-12.154173678347528
258.05,4,cGDL,-12.154462397245766,0.0,9.769648522989668,0.001456503450000049,0.0014225165118273782,2.929320706911883e-05,4.693731103551782e-06,2.9589098049614977e-08,5.1018816342954155e-09,0.7999999653090204,0.0,1.2471095433791469e-05,1.4058325761728566e-05,3.7530722256059924e-08,0.30000002866453174,10193431.048597638,-12.154175819952824
258.15,4,cGDL,-12.154461419549648,0.0,9.769710755754188,0.001117029898163464,0.0011157997768667257,0.0,1.2301212967383792e-06,0.0,1.3370883660199774e-09,0.7999999986629117,0.0,1.2471096295470532e-05,1.4058326733075872e-05,3.7530727839769226e-08,0.30000000304357266,10193418.092762858,-12.154178015112754
258.25,4,cGDL,-12.151653826034703,0.0,9.769772988509372,0.0007098414364984807,0.000708820130820715,0.0,1.0213056777656782e-06,0.0,1.1101148671366068e-09,0.7999999988898852,0.0,1.2471331072389084e-05,1.405859139069315e-05,3.7534834730779295e-08,0.30000000252691994,10193418.049987124,-12.154180263835158
258.34999999999997,4,cGDL,-12.145205565411175,0.0,9.769835221254622,0.00038455729370945823,0.0003837733675471833,0.0,7.839261622749349e-07,0.0,8.520936546466684e-10,0.7999999991479064,0.0,1.2471870290620172e-05,1.4059199236699105e-05,3.754426809573916e-08,0.3000000019395943,10193418.001360098,-12.15418256612746
258.45000000000005,4,cGDL,-12.152579132351775,0.0,9.769897453994908,0.0003284200575064777,0.00032791119362493077,0.0,5.08863881546921e-07,0.0,5.531129147249141e-10,0.7999999994468872,0.0,1.2471253710878905e-05,1.4058504183172584e-05,3.753348118282253e-08,0.3000000012590337,10193417.945013784,-12.154184921996663
258.54999999999995,4,cGDL,-12.15446179511764,0.0,9.769959686730926,0.00032767176640865234,0.00032742148426088876,0.0,2.502821477635976e-07,0.0,2.7204581278651915e-10,0.7999999997279542,0.0,1.2471096288969792e-05,1.4058326725747767e-05,3.7530727290413315e-08,0.3000000006192494,10193417.892043497,-12.154187331449336
258.65000000000003,4,cGDL,-12.154462268854616,0.0,9.770021919460012,0.00032704567671931685,0.0003269828734658509,0.0,6.280325346594295e-08,0.0,6.826440594124234e-11,0.7999999999317357,0.0,1.2471096254121037e-05,1.4058326686463717e-05,3.753072659746229e-08,0.30000000015538814,10193417.85363858,-12.154189794512435
258.75,4,cGDL,-12.154462894521828,0.0,9.77008415218234,0.000326504169128159,0.000326504169128159,0.0,0.0,0.0,0.0,0.8,0.0,1.2471096203399068e-05,1.405832662928622e-05,3.753072568227781e-08,0.3,10193417.840773376,-12.154188981194034
258.85,4,cGDL,-12.154463672121494,0.0,9.770146384898096,0.00032602545701892354,0.00032602545701892354,0.0,0.0,0.0,0.0,0.8,0.0,1.2471096138376267e-05,1.405832655598779e-05,3.753072454485661e-08,0.3,10193417.840773376,-12.15419154353232
258.95,4,cGDL,-12.154464601655775,0.0,9.77020861760738,0.00032554673714907346,0.00032554673714907346,0.0,0.0,0.0,0.0,0.8,0.0,1.2471096060648712e-05,1.4058326468367639e-05,3.75307231851956e-08,0.3,10193417.840773376,-12.154194159977003
259.05,4,cGDL,-12.15446568312683,0.0,9.770270850310384,0.0003260713535264818,0.0003250680095290785,0.0,1.003343997403266e-06,0.0,1.0905913015252893e-09,0.7999999989094088,0.0,1.247109594471459e-05,1.4058326337678267e-05,3.7530721603291594e-08,0.30000000248247904,10193418.046307689,-12.154196830536675
259.15,4,cGDL,-12.154466916535966,0.0,9.770333083007218,0.0003253497719174006,0.00032458927417001673,0.0,7.604977473838776e-07,0.0,8.266279862868235e-10,0.7999999991733721,0.0,1.247109584774939e-05,1.405832622837204e-05,3.75307197991427e-08,0.30000000188162756,10193417.996560805,-12.154199555219632
259.25000000000006,4,cGDL,-12.154468301884208,0.0,9.770395315697861,0.00032459472372602734,0.0003241105310834718,0.0,4.841926425555491e-07,0.0,5.262963506038577e-10,0.7999999994737037,0.0,1.2471095738929469e-05,1.405832610570231e-05,3.75307177727474e-08,0.30000000119799203,10193417.939959897,-12.154202334033897
259.34999999999997,4,cGDL,-12.154469839172805,0.0,9.77045754838238,0.0003238611246978295,0.00032363178028040805,0.0,2.2934441742142292e-07,0.0,2.492874102406771e-10,0.7999999997507127,0.0,1.247109561685895e-05,1.4058325968095544e-05,3.7530715524103984e-08,0.3000000005674452,10193417.887754418,-12.154205166987202
259.44999999999993,4,cGDL,-12.15447152840295,0.0,9.770519781060841,0.00032320389798073793,0.00032315302177173655,0.0,5.0876209001361714e-08,0.0,5.530022717539317e-11,0.7999999999446998,0.0,1.2471095480141774e-05,1.4058325813978e-05,3.753071305321068e-08,0.3000000001258782,10193417.851195332,-12.154208054086991
259.55,4,cGDL,-12.154473369575669,0.0,9.770582013733323,0.0003226742555683161,0.0003226742555683161,0.0,0.0,0.0,0.0,0.8,0.0,1.2471095327476217e-05,1.4058325641882281e-05,3.753071036006595e-08,0.3,10193417.840773376,-12.154210995340437
259.6499999999999,4,cGDL,-12.154475362692267,0.0,9.770644246399899,0.00032219548168101837,0.00032219548168101837,0.0,0.0,0.0,0.0,0.8,0.0,1.247109516081203e-05,1.4058325454006291e-05,3.753070744466801e-08,0.3,10193417.840773376,-12.154213990754398
259.75,4,cGDL,-12.154477507753825,0.0,9.770706479060633,0.00032171670012077743,0.00032171670012077743,0.0,0.0,0.0,0.0,0.8,0.0,1.2471094981442224e-05,1.4058325251807598e-05,3.753070430701526e-08,0.3,10193417.840773376,-12.154217040335475
259.84999999999997,4,cGDL,-12.154479804761422,0.0,9.770768711715593,0.00032123791089855194,0.00032123791089855194,0.0,0.0,0.0,0.0,0.8,0.0,1.2471094789366706e-05,1.4058325035286106e-05,3.753070094710618e-08,0.3,10193417.840773376,-12.154220144089969
259.95,4,cGDL,-12.15448225371631,0.0,9.770830944364839,0.00032075911402529994,0.00032075911402529994,0.0,0.0,0.0,0.0,0.8,0.0,1.2471094584585377e-05,1.4058324804441698e-05,3.753069736493895e-08,0.3,10193417.840773376,-12.154223302023901
260.04999999999995,4,cGDL,-12.154484854619568,0.0,9.770893177008436,0.0003202803095119801,0.0003202803095119801,0.0,0.0,0.0,0.0,0.8,0.0,1.2471094367098144e-05,1.405832455927427e-05,3.753069356051203e-08,0.3,10193417.840773376,-12.154226514143009
260.15000000000003,4,cGDL,-12.154487607472277,0.0,9.770955409646445,0.0003198014973695505,0.0003198014973695505,0.0,0.0,0.0,0.0,0.8,0.0,1.2471094136904917e-05,1.4058324299783723e-05,3.753068953382387e-08,0.3,10193417.840773376,-12.15422978045273
260.24999999999994,4,cGDL,-12.154490512275686,0.0,9.771017642278933,0.0003193226776089693,0.0003193226776089693,0.0,0.0,0.0,0.0,0.8,0.0,1.247109389400559e-05,1.405832402596994e-05,3.753068528487273e-08,0.3,10193417.840773376,-12.15423310095824
260.35,4,cGDL,-12.15449356903082,0.0,9.77107987490596,0.000318843850241195,0.000318843850241195,0.0,0.0,0.0,0.0,0.8,0.0,1.2471093638400083e-05,1.4058323737832821e-05,3.753068081365707e-08,0.3,10193417.840773376,-12.154236475664407
260.45,4,cGDL,-12.154496777738814,0.0,9.771142107527588,0.00031836501527718526,0.00031836501527718526,0.0,0.0,0.0,0.0,0.8,0.0,1.2471093370088292e-05,1.4058323435372257e-05,3.7530676120175343e-08,0.3,10193417.840773376,-12.15423990457583
260.55,4,cGDL,-12.154500138400863,0.0,9.771204340143886,0.00031788617272789804,0.00031788617272789804,0.0,0.0,0.0,0.0,0.8,0.0,1.2471093089070128e-05,1.4058323118588145e-05,3.753067120442585e-08,0.3,10193417.840773376,-12.154243171822113
260.65,4,cGDL,-12.154503651017933,0.0,9.77126657275491,0.00031740732260429074,0.00031740732260429074,0.0,0.0,0.0,0.0,0.8,0.0,1.2471092795345504e-05,1.4058322787480387e-05,3.753066606640722e-08,0.3,10193417.840773376,-12.154246670994054
260.75,4,cGDL,-12.154507315591218,0.0,9.77132880536073,0.0003169284649173212,0.0003169284649173212,0.0,0.0,0.0,0.0,0.8,0.0,1.2471092488914322e-05,1.4058322442048873e-05,3.7530660706117705e-08,0.3,10193417.840773376,-12.154250335686038
260.84999999999997,4,cGDL,-12.154511132121854,0.0,9.771391037961404,0.00031644959967794717,0.00031644959967794717,0.0,0.0,0.0,0.0,0.8,0.0,1.2471092169776488e-05,1.4058322082293497e-05,3.753065512355574e-08,0.3,10193417.840773376,-12.154309200560855
260.95000000000005,4,cGDL,-12.154515100610809,0.0,9.771453270556998,0.00031597072689712544,0.00031597072689712544,0.0,0.0,0.0,0.0,0.8,0.0,1.2471091837931926e-05,1.4058321708214169e-05,3.753064931872003e-08,0.3,10193417.840773376,-12.154494654228172
261.04999999999995,4,cGDL,-12.154519221059331,0.0,9.771515503147576,0.00031549184658581425,0.00031549184658581425,0.0,0.0,0.0,0.0,0.8,0.0,1.247109149338052e-05,1.405832131981077e-05,3.75306432916087e-08,0.3,10193417.840773376,-12.154535683441358
261.15000000000003,4,cGDL,-12.154523493468389,0.0,9.771577735733198,0.00031501295875497096,0.00031501295875497096,0.0,0.0,0.0,0.0,0.8,0.0,1.2471091136122201e-05,1.4058320917083211e-05,3.7530637042220444e-08,0.3,10193417.840773376,-12.154539955968273
261.25,4,cGDL,-12.154527917839118,0.0,9.771639968313929,0.00031453406341555275,0.00031453406341555275,0.0,0.0,0.0,0.0,0.8,0.0,1.2471090766156868e-05,1.405832050003138e-05,3.7530630570553685e-08,0.3,10193417.840773376,-12.15454438045631
261.35,4,cGDL,-12.154532494172656,0.0,9.771702200889832,0.000314055160578517,0.000314055160578517,0.0,0.0,0.0,0.0,0.8,0.0,1.2471090383484434e-05,1.405832006865518e-05,3.75306238766068e-08,0.3,10193417.840773376,-12.154548956906597
261.45,4,cGDL,-12.154537222469969,0.0,9.771764433460971,0.00031357625025482043,0.00031357625025482043,0.0,0.0,0.0,0.0,0.8,0.0,1.2471089988104807e-05,1.4058319622954512e-05,3.753061696037842e-08,0.3,10193417.840773376,-12.154553685320266
261.55,4,cGDL,-12.154542102732194,0.0,9.77182666602741,0.00031309733245542,0.00031309733245542,0.0,0.0,0.0,0.0,0.8,0.0,1.2471089580017904e-05,1.4058319162929272e-05,3.7530609821866994e-08,0.3,10193417.840773376,-12.154558565698403
261.65,4,cGDL,-12.154547134960353,0.0,9.771888898589209,0.00031261840719127285,0.00031261840719127285,0.0,0.0,0.0,0.0,0.8,0.0,1.2471089159223632e-05,1.4058318688579366e-05,3.7530602461071095e-08,0.3,10193417.840773376,-12.154563598042088
261.74999999999994,4,cGDL,-12.154552319155584,0.0,9.771951131146432,0.00031213947447333596,0.00031213947447333596,0.0,0.0,0.0,0.0,0.8,0.0,1.2471088725721899e-05,1.4058318199904686e-05,3.753059487798911e-08,0.3,10193417.840773376,-12.154568782352383
261.85,4,cGDL,-12.15455765531891,0.0,9.772013363699145,0.00031166053431256604,0.00031166053431256604,0.0,0.0,0.0,0.0,0.8,0.0,1.2471088279512625e-05,1.405831769690514e-05,3.7530587072619646e-08,0.3,10193417.840773376,-12.15457411863035
261.94999999999993,4,cGDL,-12.154563143451355,0.0,9.772075596247408,0.0003111815867199196,0.0003111815867199196,0.0,0.0,0.0,0.0,0.8,0.0,1.2471087820595715e-05,1.4058317179580623e-05,3.753057904496126e-08,0.3,10193417.840773376,-12.154579606877054
262.05,4,cGDL,-12.154568783554055,0.0,9.772137828791287,0.0003107026317063532,0.0003107026317063532,0.0,0.0,0.0,0.0,0.8,0.0,1.2471087348971084e-05,1.4058316647931039e-05,3.7530570795012414e-08,0.3,10193417.840773376,-12.15458524709355
262.1499999999999,4,cGDL,-12.154574575627976,0.0,9.772200061330842,0.00031022366928282327,0.00031022366928282327,0.0,0.0,0.0,0.0,0.8,0.0,1.2471086864638646e-05,1.4058316101956293e-05,3.7530562322771744e-08,0.3,10193417.840773376,-12.154591039280891
262.25,4,cGDL,-12.154580519674255,0.0,9.77226229386614,0.00030974469946028617,0.00030974469946028617,0.0,0.0,0.0,0.0,0.8,0.0,1.2471086367598306e-05,1.4058315541656272e-05,3.753055362823765e-08,0.3,10193417.840773376,-12.154596983440129
262.34999999999997,4,cGDL,-12.154586615693802,0.0,9.772324526397242,0.0003092657222496982,0.0003092657222496982,0.0,0.0,0.0,0.0,0.8,0.0,1.2471085857849992e-05,1.4058314967030901e-05,3.7530544711408984e-08,0.3,10193417.840773376,-12.154603079572302
262.45,4,cGDL,-12.154592863687753,0.0,9.77238675892421,0.0003087867376620158,0.0003087867376620158,0.0,0.0,0.0,0.0,0.8,0.0,1.2471085335393611e-05,1.405831437808007e-05,3.7530535572284074e-08,0.3,10193417.840773376,-12.154609327678461
262.54999999999995,4,cGDL,-12.15459926365719,0.0,9.772448991447108,0.00030830774570819513,0.00030830774570819513,0.0,0.0,0.0,0.0,0.8,0.0,1.2471084800229069e-05,1.4058313774803677e-05,3.753052621086146e-08,0.3,10193417.840773376,-12.154615727751743
262.65000000000003,4,cGDL,-12.15460581560302,0.0,9.772511223966001,0.0003078287463991929,0.0003078287463991929,0.0,0.0,0.0,0.0,0.8,0.0,1.2471084252356293e-05,1.405831315720164e-05,3.753051662713991e-08,0.3,10193417.840773376,-12.154622279785983
262.74999999999994,4,cGDL,-12.154612519526324,0.0,9.77257345648095,0.0003073497397459645,0.0003073497397459645,0.0,0.0,0.0,0.0,0.8,0.0,1.2471083691775193e-05,1.4058312525273855e-05,3.753050682111797e-08,0.3,10193417.840773376,-12.154628983784814
262.85,4,cGDL,-12.154619375428126,0.0,9.77263568899202,0.0003068707257594663,0.0003068707257594663,0.0,0.0,0.0,0.0,0.8,0.0,1.2471083118485683e-05,1.4058311879020224e-05,3.7530496792794237e-08,0.3,10193417.840773376,-12.154635839752642
262.95,4,cGDL,-12.154626383309505,0.0,9.772697921499272,0.0003063917044506541,0.0003063917044506541,0.0,0.0,0.0,0.0,0.8,0.0,1.2471082532487675e-05,1.4058311218440653e-05,3.753048654216721e-08,0.3,10193417.840773376,-12.154642847666628
263.05,4,cGDL,-12.154633543171371,0.0,9.772760154002771,0.00030591267583048357,0.00030591267583048357,0.0,0.0,0.0,0.0,0.8,0.0,1.2471081933781096e-05,1.4058310543535052e-05,3.753047606923568e-08,0.3,10193417.840773376,-12.154650007501415
263.15,4,cGDL,-12.154640855014804,0.0,9.772822386502579,0.00030543363990991057,0.00030543363990991057,0.0,0.0,0.0,0.0,0.8,0.0,1.2471081322365852e-05,1.4058309854303324e-05,3.753046537399819e-08,0.3,10193417.840773376,-12.154657319258648
263.25000000000006,4,cGDL,-12.15464831884077,0.0,9.772884618998761,0.0003049545966998901,0.0003049545966998901,0.0,0.0,0.0,0.0,0.8,0.0,1.2471080698241863e-05,1.4058309150745373e-05,3.753045445645338e-08,0.3,10193417.840773376,-12.154664782940106
263.34999999999997,4,cGDL,-12.15465593465035,0.0,9.772946851491378,0.0003044755462113782,0.0003044755462113782,0.0,0.0,0.0,0.0,0.8,0.0,1.2471080061409042e-05,1.4058308432861101e-05,3.7530443316599864e-08,0.3,10193417.840773376,-12.154672398547685
263.45000000000005,4,cGDL,-12.154663702444452,0.0,9.773009083980494,0.0003039964884553304,0.0003039964884553304,0.0,0.0,0.0,0.0,0.8,0.0,1.2471079411867313e-05,1.4058307700650426e-05,3.753043195443634e-08,0.3,10193417.840773376,-12.154680166083407
263.54999999999995,4,cGDL,-12.154671622224157,0.0,9.77307131646617,0.0003035174234427016,0.0003035174234427016,0.0,0.0,0.0,0.0,0.8,0.0,1.2471078749616587e-05,1.4058306954113243e-05,3.75304203699614e-08,0.3,10193417.840773376,-12.154688085549429
263.65000000000003,4,cGDL,-12.154679693990431,0.0,9.773133548948474,0.00030303835118444746,0.00030303835118444746,0.0,0.0,0.0,0.0,0.8,0.0,1.2471078074656784e-05,1.4058306193249468e-05,3.7530408563173734e-08,0.3,10193417.840773376,-12.154696156948024
263.75,4,cGDL,-12.154687917744297,0.0,9.773195781427466,0.0003025592716915232,0.0003025592716915232,0.0,0.0,0.0,0.0,0.8,0.0,1.2471077386987822e-05,1.4058305418058999e-05,3.7530396534071935e-08,0.3,10193417.840773376,-12.1547043802816
263.8499999999999,4,cGDL,-12.154696293486666,0.0,9.77325801390321,0.0003020801849748843,0.0003020801849748843,0.0,0.0,0.0,0.0,0.8,0.0,1.2471076686609616e-05,1.405830462854175e-05,3.7530384282654844e-08,0.3,10193417.840773376,-12.154712755572064
263.95,4,cGDL,-12.154704821218502,0.0,9.77332024637585,0.0003029121721993672,0.0003016010910448446,0.0,1.3110811545225832e-06,0.0,1.4250882114375905e-09,0.7999999985749119,0.0,1.2471075940198882e-05,1.4058303787133285e-05,3.753037180892117e-08,0.300000003243884,10193418.10934743,-12.154721282841235
264.04999999999995,4,cGDL,-12.15471350094083,0.0,9.773382478845438,0.00030221234195620126,0.0003011219899124682,0.0,1.0903520437330803e-06,0.0,1.185165264927261e-09,0.7999999988148347,0.0,1.2471075220012139e-05,1.4058302975286413e-05,3.753035911286955e-08,0.30000000269775484,10193418.064131225,-12.154729962090098
264.15,4,cGDL,-12.154722332654671,0.0,9.773444711311939,0.00030149772507727705,0.0003006428815894637,0.0,8.548434878133675e-07,0.0,9.291777041449646e-10,0.7999999990708223,0.0,1.2471074487491561e-05,1.4058302149535941e-05,3.753034619449857e-08,0.3000000021150583,10193418.015887463,-12.154738793319634
264.24999999999994,4,cGDL,-12.154731316360937,0.0,9.7735069437755,0.00030215367697689435,0.0003001637660861246,0.0,1.9899108907697684e-06,0.0,2.162946620401922e-09,0.7999999978370534,0.0,1.2471073707426049e-05,1.4058301270189366e-05,3.753033305380704e-08,0.30000000492344814,10193418.248405222,-12.154747776530828
264.35,4,cGDL,-12.154740452060594,0.0,9.77356917623616,0.0003010273683079028,0.00029968464341360656,0.0,1.3427248942962046e-06,0.0,1.4594835807567441e-09,0.7999999985405165,0.0,1.2471072959949707e-05,1.405830042757967e-05,3.7530319690793715e-08,0.3000000033221771,10193418.115829626,-12.15475691172464
264.44999999999993,4,cGDL,-12.15474973975472,0.0,9.773631408693879,0.0003000751890457733,0.0002992055135836495,0.0,8.696754621238194e-07,0.0,9.452994153519776e-10,0.7999999990547007,0.0,1.2471072195337671e-05,1.4058299565653376e-05,3.7530306105457135e-08,0.30000000215175565,10193418.018925784,-12.154766198902047
264.55,4,cGDL,-12.154759179444284,0.0,9.77369364114874,0.00029923185981385364,0.00029872637660706956,0.0,5.054832067840756e-07,0.0,5.494382682435604e-10,0.7999999994505618,0.0,1.247107141524904e-05,1.4058298686280736e-05,3.7530292297796005e-08,0.3000000012506692,10193417.944321254,-12.154775638063533
264.65,4,cGDL,-12.154768771130136,0.0,9.773755873600814,0.0002984843926071292,0.0002982472324947216,0.0,2.3716011240762523e-07,0.0,2.577827308778535e-10,0.7999999997422174,0.0,1.2471070620013871e-05,1.4058297789833818e-05,3.753027826780928e-08,0.3000000005867828,10193417.889355458,-12.154785229209569
264.75,4,cGDL,-12.154778514813358,0.0,9.773818106050182,0.00029781793102248385,0.00029776808125747374,0.0,4.9849765010122984e-08,0.0,5.418452718491629e-11,0.7999999999458155,0.0,1.2471069810009654e-05,1.4058296876738157e-05,3.753026401549549e-08,0.30000000012333855,10193417.850985065,-12.154794972341385
264.84999999999997,4,cGDL,-12.154788410494803,0.0,9.773880338496918,0.0002972889229061733,0.0002972889229061733,0.0,0.0,0.0,0.0,0.8,0.0,1.2471068983801627e-05,1.4058295945376381e-05,3.7530249540853495e-08,0.3,10193417.840773376,-12.154804867460387
264.95,4,cGDL,-12.154798458175492,0.0,9.773942570941095,0.0002968097574516833,0.0002968097574516833,0.0,0.0,0.0,0.0,0.8,0.0,1.2471068143616463e-05,1.4058294998258558e-05,3.7530234843882006e-08,0.3,10193417.840773376,-12.154814914567748
265.04999999999995,4,cGDL,-12.154808657453543,0.0,9.774004803990074,0.009872466709208216,0.0002963305802289526,0.0,0.009576136128979264,0.0,1.0408843618455721e-05,0.7999895911563816,0.0,1.2470823898941754e-05,1.4058019667897978e-05,3.753021992516895e-08,0.30002369332708934,10195379.505521743,-12.15482511366442
265.15000000000003,4,cGDL,-12.154819008365905,0.0,9.774067037544622,0.008306245424586332,0.00029585139201336597,0.0,0.008010394032572966,0.0,8.706950035405398e-06,0.7999912930499646,0.0,1.2470862828981986e-05,1.4058063552670603e-05,3.7530204784660516e-08,0.3000198193596428,10195058.764354933,-12.15483546475136
265.24999999999994,4,cGDL,-12.154829511412629,0.0,9.774129270863824,0.006197799163411911,0.0002953721985212276,0.0,0.0059024269648906835,0.0,6.4156814835768295e-06,0.7999935843185164,0.0,1.247091552778097e-05,1.4058122958589457e-05,3.7530189421625363e-08,0.30001460381628003,10194626.948784256,-12.154845967829505
265.35,4,cGDL,-12.154840166634813,0.0,9.774191503902333,0.003915435217552822,0.0002948930001132411,0.0,0.003620542217439581,0.0,3.9353719754778055e-06,0.7999960646280245,0.0,1.2470972634304471e-05,1.405818733321595e-05,3.753017383600354e-08,0.3000089579648663,10194159.506299248,-12.154856622899798
265.45,4,cGDL,-12.154850972644113,0.0,9.774253738652103,0.03321496266951222,0.00029441378146249225,0.0,0.032920548888049725,0.0,3.578320531309753e-05,0.799964216794687,0.0,1.2470227034283345e-05,1.405734683864668e-05,3.7530158029826005e-08,0.30008145219765675,10200161.59205059,-12.15486742996318
265.55,4,cGDL,-12.154861929313029,0.0,9.774315975164765,0.031745904500739254,0.0002939345421824613,0.0,0.03145196995855679,0.0,3.418692386799652e-05,0.799965813076132,0.0,1.2470263443570855e-05,1.4057387881843509e-05,3.753014200327938e-08,0.30007781863183597,10199860.754690157,-12.15487838902059
265.65,4,cGDL,-12.154873038019844,0.0,9.774378211489008,0.03027649413526523,0.0002934552973100704,0.0,0.02998303883795516,0.0,3.2590259606473e-05,0.7999674097403936,0.0,1.247029984912886e-05,1.4057428920836167e-05,3.753012575434779e-08,0.3000741841946221,10199559.845183626,-12.154889500072954
265.75000000000006,4,cGDL,-12.154884298772231,0.0,9.77444044762485,0.028806697343197192,0.00029297604685667514,0.0,0.028513721296340517,0.0,3.099317532210926e-05,0.799969006824678,0.0,1.247033625182661e-05,1.4057469956604542e-05,3.7530109283020175e-08,0.30007054880132333,10199258.85651902,-12.15490076312121
265.84999999999997,4,cGDL,-12.154895711577694,0.0,9.774502683572301,0.02733646344808409,0.0002924967908336622,0.0,0.027043966657250427,0.0,2.9395615931793943e-05,0.7999706043840682,0.0,1.2470372652951394e-05,1.4057510990599756e-05,3.7530092589285773e-08,0.30006691232655563,10198957.778315302,-12.154912178166278
265.95000000000005,4,cGDL,-12.15490727644368,0.0,9.774564919331377,0.02586587263338265,0.0002920175292524113,0.0,0.02557385510413024,0.0,2.779766859144591e-05,0.7999722023314086,0.0,1.247040905046456e-05,1.4057552020523687e-05,3.753007567313381e-08,0.3000632749687093,10198656.626997998,-12.154923745209084
266.05,4,cGDL,-12.154918993377862,0.0,9.7746271549021,0.024395011868089747,0.00029153826212421907,0.0,0.024103473605965528,0.0,2.6199427832571228e-05,0.7999738005721675,0.0,1.2470445442154956e-05,1.4057593043883769e-05,3.7530058534553226e-08,0.3000596369429636,10198355.420382643,-12.154935464250554
266.1499999999999,4,cGDL,-12.154930862387687,0.0,9.774689390284507,0.022923968122996363,0.00029105898946029177,0.0,0.02263290913353607,0.0,2.4600988188626164e-05,0.7999753990118115,0.0,1.2470481825811407e-05,1.4057634058187405e-05,3.753004117353333e-08,0.3000559984645019,10198054.176285138,-12.154947335291606
266.25,4,cGDL,-12.154942883480714,0.0,9.774751625478642,0.02145277683368146,0.00029057971127178367,0.0,0.021162197122409677,0.0,2.3002388176532257e-05,0.7999769976118235,0.0,1.2470518200532532e-05,1.4057675062418492e-05,3.753002359006323e-08,0.30005235962099924,10197752.901964433,-12.154959358333153
266.34999999999997,4,cGDL,-12.154955057652842,0.0,9.774813859235756,0.00029010043718700476,0.00029010043718700476,0.0,0.0,0.0,0.0,0.8,0.0,1.2471055048800814e-05,1.4058280236830008e-05,3.753000578268642e-08,0.3,10193417.840773376,-12.154971533376107
266.45,4,cGDL,-12.15496738490043,0.0,9.77487609164919,0.00028962116649889475,0.00028962116649889475,0.0,0.0,0.0,0.0,0.8,0.0,1.2471054017999192e-05,1.4058279074835452e-05,3.752998775140838e-08,0.3,10193417.840773376,-12.154983860421376
266.54999999999995,4,cGDL,-12.154979864162044,0.0,9.774938324061079,0.00028914188888283575,0.00028914188888283575,0.0,0.0,0.0,0.0,0.8,0.0,1.2471052974486225e-05,1.4058277898511745e-05,3.752996949778186e-08,0.3,10193417.840773376,-12.154996339469871
266.65,4,cGDL,-12.154992495438592,0.0,9.775000556471486,0.00028866260434978123,0.00028866260434978123,0.0,0.0,0.0,0.0,0.8,0.0,1.2471051918261846e-05,1.4058276707858807e-05,3.752995102180575e-08,0.3,10193417.840773376,-12.155008970522495
266.74999999999994,4,cGDL,-12.155005278730982,0.0,9.775062788880476,0.0002881833129106839,0.0002881833129106839,0.0,0.0,0.0,0.0,0.8,0.0,1.2471050849325979e-05,1.4058275502876556e-05,3.752993232347892e-08,0.3,10193417.840773376,-12.155021753580149
266.85,4,cGDL,-12.15501821404007,0.0,9.77512502128811,0.00028770401457649665,0.00028770401457649665,0.0,0.0,0.0,0.0,0.8,0.0,1.2471049767678549e-05,1.405827428356491e-05,3.752991340280028e-08,0.3,10193417.840773376,-12.155034688643738
266.94999999999993,4,cGDL,-12.155031301366819,0.0,9.775187253694451,0.0002872247093581721,0.0002872247093581721,0.0,0.0,0.0,0.0,0.8,0.0,1.247104867331948e-05,1.4058273049923776e-05,3.7529894259768586e-08,0.3,10193417.840773376,-12.155047775714152
267.05,4,cGDL,-12.155044540686958,0.0,9.775249486128715,0.0007464333145432602,0.00028674539704213727,0.0,0.0004596879175011229,0.0,4.996607798925248e-07,0.7999995003392202,0.0,1.247103588257759e-05,1.4058258631269284e-05,3.7529874894419615e-08,0.30000113736229744,10193512.007519845,-12.155061014792286
267.15,4,cGDL,-12.155057932002023,0.0,9.775311718588533,0.0007076118241352719,0.0002862660776580664,0.0,0.00042134574647720546,0.0,4.579845070404407e-07,0.7999995420154931,0.0,1.247103573732506e-05,1.405825846753007e-05,3.7529855306751264e-08,0.3000010424958934,10193504.153153088,-12.15507440587903
267.25,4,cGDL,-12.155071475350553,0.0,9.775373951030742,0.0004851778748276093,0.00028578675154985046,0.0,0.0001993911232777588,0.0,2.1672948182365087e-07,0.7999997832705182,0.0,1.2471040246150384e-05,1.4058263550205888e-05,3.7529835496707356e-08,0.30000049333458073,10193458.685904691,-12.155087948975273
267.34999999999997,4,cGDL,-12.155085170743234,0.0,9.77543618344519,0.0002853074188071095,0.0002853074188071095,0.0,0.0,0.0,0.0,0.8,0.0,1.2471044168775802e-05,1.4058267972074541e-05,3.752981546427252e-08,0.3,10193417.840773376,-12.155101644081897
267.45000000000005,4,cGDL,-12.155099018169267,0.0,9.775498415846018,0.00028482807933238625,0.00028482807933238625,0.0,0.0,0.0,0.0,0.8,0.0,1.2471043010857642e-05,1.4058266666784977e-05,3.75297952094627e-08,0.3,10193417.840773376,-12.155115491199789
267.54999999999995,4,cGDL,-12.155113017618191,0.0,9.775560648245932,0.00028434873303924044,0.00028434873303924044,0.0,0.0,0.0,0.0,0.8,0.0,1.2471041840227412e-05,1.4058265347165445e-05,3.75297747322934e-08,0.3,10193417.840773376,-12.155129490329822
267.65000000000003,4,cGDL,-12.155127169090974,0.0,9.775622880644995,0.00028386937993862414,0.00028386937993862414,0.0,0.0,0.0,0.0,0.8,0.0,1.2471040656885032e-05,1.4058264013215856e-05,3.752975403276348e-08,0.3,10193417.840773376,-12.155143641480775
267.75,4,cGDL,-12.155141472588355,0.0,9.77568511304327,0.0002833900200414894,0.0002833900200414894,0.0,0.0,0.0,0.0,0.8,0.0,1.247103946083045e-05,1.4058262664936146e-05,3.7529733110872004e-08,0.3,10193417.840773376,-12.155157944660713
267.85,4,cGDL,-12.155155928111299,0.0,9.77574734544082,0.0002829106533587881,0.0002829106533587881,0.0,0.0,0.0,0.0,0.8,0.0,1.2471038252063582e-05,1.405826130232622e-05,3.7529711966617776e-08,0.3,10193417.840773376,-12.155172399867912
267.95,4,cGDL,-12.155170535660716,0.0,9.77580957783771,0.0002824312799014722,0.0002824312799014722,0.0,0.0,0.0,0.0,0.8,0.0,1.2471037030584348e-05,1.4058259925385992e-05,3.7529690599999745e-08,0.3,10193417.840773376,-12.155187007099864
268.05,4,cGDL,-12.155185295237345,0.0,9.775871810234001,0.0002819518996804944,0.0002819518996804944,0.0,0.0,0.0,0.0,0.8,0.0,1.2471035796392697e-05,1.4058258534115404e-05,3.7529669011016977e-08,0.3,10193417.840773376,-12.15520176638129
268.15,4,cGDL,-12.15520020684204,0.0,9.775934042629823,0.00028249587966524875,0.00028147251270630607,0.0,1.0233669589426795e-06,0.0,1.1123553901550865e-09,0.7999999988876446,0.0,1.2471034523478136e-05,1.4058257099193533e-05,3.75296471996685e-08,0.30000000253201997,10193418.050409378,-12.155216677739432
268.25,4,cGDL,-12.155215270475708,0.0,9.77599627502522,0.0002817615702562393,0.0002809931189899837,0.0,7.684512662556028e-07,0.0,8.352731154952205e-10,0.799999999164727,0.0,1.2471033270340496e-05,1.4058255686565651e-05,3.752962516595314e-08,0.3000000019013062,10193417.998190077,-12.155231741174525
268.34999999999997,4,cGDL,-12.15523048613926,0.0,9.776058507420172,0.00028098792268546635,0.00028051371854312287,0.0,4.742041423434882e-07,0.0,5.154392851559655e-10,0.7999999994845608,0.0,1.2471032005489884e-05,1.4058254260734053e-05,3.7529602909869886e-08,0.3000000011732784,10193417.93791376,-12.155246956686664
268.44999999999993,4,cGDL,-12.155245853833549,0.0,9.776120739814743,0.00028024092621026675,0.0002800343113766809,0.0,2.0661483358582882e-07,0.0,2.2458134085416176e-10,0.7999999997754187,0.0,1.247103072724901e-05,1.4058252819807973e-05,3.752958043141764e-08,0.3000000005112075,10193417.88309828,-12.155262324275816
268.55,4,cGDL,-12.155261373559426,0.0,9.776182972209003,0.00027958712475826056,0.0002795548975015509,0.0,3.222725670969244e-08,0.0,3.502962685836135e-11,0.7999999999649704,0.0,1.2471029433926496e-05,1.4058251361880776e-05,3.7529557730595444e-08,0.3000000000797368,10193417.847375106,-12.155277843941818
268.6499999999999,4,cGDL,-12.155277045317746,0.0,9.77624520460303,0.00027907547692856917,0.00027907547692856917,0.0,0.0,0.0,0.0,0.8,0.0,1.2471028124277917e-05,1.405824988554965e-05,3.752953480740221e-08,0.3,10193417.840773376,-12.155293515684365
268.75,4,cGDL,-12.15529286910936,0.0,9.776307436996898,0.0002785960496686018,0.0002785960496686018,0.0,0.0,0.0,0.0,0.8,0.0,1.2471026801097311e-05,1.4058248393964243e-05,3.7529511661837e-08,0.3,10193417.840773376,-12.155309339503034
268.84999999999997,4,cGDL,-12.15530884493495,0.0,9.776369669390748,0.0002793140542103453,0.00027811661573199964,0.0,1.1974384783456646e-06,0.0,1.3015635634192006e-09,0.7999999986984365,0.0,1.2471025434769049e-05,1.4058246853739655e-05,3.7529488293898994e-08,0.3000000029627087,10193418.086067807,-12.155325315397263
268.95,4,cGDL,-12.155324972795427,0.0,9.77643190178463,0.00027863661643487685,0.00027763717512981035,0.0,9.994413050664816e-07,0.0,1.08634924463748e-09,0.7999999989136508,0.0,1.247102409119482e-05,1.4058245339165072e-05,3.752946470358718e-08,0.300000002472823,10193418.045508225,-12.15534144334697
269.04999999999995,4,cGDL,-12.155341252691699,0.0,9.776494134178517,0.0002779275785275478,0.0002771577278736824,0.0,7.698506538653806e-07,0.0,8.367941889841093e-10,0.7999999991632059,0.0,1.2471022735710463e-05,1.4058243811164522e-05,3.7529440890900346e-08,0.3000000019047686,10193417.998476742,-12.155357723332171
269.15000000000003,4,cGDL,-12.155357684624619,0.0,9.77655636657247,0.00027718683507601725,0.00027667827397459804,0.0,5.08561101419214e-07,0.0,5.5278380589045e-10,0.7999999994472162,0.0,1.2471021368318588e-05,1.4058242269740952e-05,3.752941685583758e-08,0.3000000012582846,10193417.94495176,-12.15537415535371
269.24999999999994,4,cGDL,-12.155374268595097,0.0,9.776618598966547,0.00027646095551800615,0.00027619881344351644,0.0,2.6214207448972067e-07,0.0,2.849370374888268e-10,0.799999999715063,0.0,1.2471019987835492e-05,1.4058240713560007e-05,3.752939259839782e-08,0.30000000064859333,10193417.894472998,-12.155390739412425
269.35,4,cGDL,-12.155391004603871,0.0,9.776680831360817,0.00027579650646319313,0.00027571934629135075,0.0,7.716017184240405e-08,0.0,8.38697520026131e-11,0.7999999999161302,0.0,1.2471018593077547e-05,1.4058239141287417e-05,3.752936811858015e-08,0.3000000001909101,10193417.856579583,-12.155407475509143
269.45,4,cGDL,-12.155407892651738,0.0,9.776743063755356,0.000275240051695958,0.00027523987252896947,0.0,1.791669885374615e-10,0.0,1.947467266711538e-13,0.7999999999998053,0.0,1.2471017182861214e-05,1.4058237551589005e-05,3.7529343416383693e-08,0.3000000000004433,10193417.840810077,-12.15542436364471
269.55,4,cGDL,-12.155424932739606,0.0,9.776805296150236,0.00027476039216723356,0.00027476039216723356,0.0,0.0,0.0,0.0,0.8,0.0,1.2471015757979384e-05,1.4058235945358578e-05,3.7529318491807427e-08,0.3,10193417.840773376,-12.155441403819944
269.65,4,cGDL,-12.155442124868273,0.0,9.776867528545528,0.00027428090521705573,0.00027428090521705573,0.0,0.0,0.0,0.0,0.8,0.0,1.2471014320379468e-05,1.4058234324791402e-05,3.7529293344850316e-08,0.3,10193417.840773376,-12.155458596036178
269.75,4,cGDL,-12.155459469038533,0.0,9.776929760941293,0.00027380141168938674,0.00027380141168938674,0.0,0.0,0.0,0.0,0.8,0.0,1.247101287006596e-05,1.4058232689892536e-05,3.7529267975511607e-08,0.3,10193417.840773376,-12.15547594029471
269.84999999999997,4,cGDL,-12.155476965251239,0.0,9.776991993337594,0.0002733219115951768,0.0002733219115951768,0.0,0.0,0.0,0.0,0.8,0.0,1.2471011407038787e-05,1.4058231040661907e-05,3.7529242383790194e-08,0.3,10193417.840773376,-12.155493436596112
269.95000000000005,4,cGDL,-12.155494613507187,0.0,9.777054225734494,0.00027284240494537695,0.00027284240494537695,0.0,0.0,0.0,0.0,0.8,0.0,1.2471009931297888e-05,1.4058229377099435e-05,3.7529216569685205e-08,0.3,10193417.840773376,-12.15551108494075
270.04999999999995,4,cGDL,-12.15551241380723,0.0,9.777116458132056,0.00027236289175093726,0.00027236289175093726,0.0,0.0,0.0,0.0,0.8,0.0,1.247100844284319e-05,1.4058227699205053e-05,3.752919053319568e-08,0.3,10193417.840773376,-12.15552888532923
270.15000000000003,4,cGDL,-12.155530366152107,0.0,9.777178690530345,0.0002718833720228083,0.0002718833720228083,0.0,0.0,0.0,0.0,0.8,0.0,1.2471006941674633e-05,1.4058226006978679e-05,3.752916427432079e-08,0.3,10193417.840773376,-12.155546837762367
270.25,4,cGDL,-12.155548470542726,0.0,9.77724092292942,0.00027140384577194036,0.00027140384577194036,0.0,0.0,0.0,0.0,0.8,0.0,1.2471005427792149e-05,1.4058224300420241e-05,3.752913779305949e-08,0.3,10193417.840773376,-12.155564942240972
270.35,4,cGDL,-12.155566726979828,0.0,9.77730315532935,0.00027092431300928393,0.00027092431300928393,0.0,0.0,0.0,0.0,0.8,0.0,1.2471003901195672e-05,1.4058222579529665e-05,3.752911108941094e-08,0.3,10193417.840773376,-12.155583198765866
270.45,4,cGDL,-12.155585135464264,0.0,9.77736538773019,0.00027044477374578923,0.00027044477374578923,0.0,0.0,0.0,0.0,0.8,0.0,1.2471002361885133e-05,1.4058220844306877e-05,3.75290841633742e-08,0.3,10193417.840773376,-12.15560160733786
270.54999999999995,4,cGDL,-12.155603695996831,0.0,9.777427620132011,0.00026996522799240614,0.00026996522799240614,0.0,0.0,0.0,0.0,0.8,0.0,1.247100080986047e-05,1.4058219094751803e-05,3.752905701494836e-08,0.3,10193417.840773376,-12.155620167957759
270.65,4,cGDL,-12.155622408578324,0.0,9.777489852534872,0.0002694856757600847,0.0002694856757600847,0.0,0.0,0.0,0.0,0.8,0.0,1.2470999245121615e-05,1.4058217330864368e-05,3.752902964413252e-08,0.3,10193417.840773376,-12.155638880626375
270.74999999999994,4,cGDL,-12.15564127320954,0.0,9.777552084938835,0.000269006117059775,0.000269006117059775,0.0,0.0,0.0,0.0,0.8,0.0,1.2470997667668513e-05,1.4058215552644505e-05,3.752900205092582e-08,0.3,10193417.840773376,-12.155657745344515
270.85,4,cGDL,-12.15566028989133,0.0,9.777614317343966,0.0002685265519024269,0.0002685265519024269,0.0,0.0,0.0,0.0,0.8,0.0,1.2470996077501082e-05,1.4058213760092128e-05,3.752897423532732e-08,0.3,10193417.840773376,-12.15567676211298
270.94999999999993,4,cGDL,-12.155679458624434,0.0,9.777676549750325,0.0002680469802989902,0.0002680469802989902,0.0,0.0,0.0,0.0,0.8,0.0,1.2470994474619269e-05,1.4058211953207176e-05,3.752894619733618e-08,0.3,10193417.840773376,-12.155695930932575
271.05,4,cGDL,-12.155698779409704,0.0,9.777738782157977,0.000267567402260415,0.000267567402260415,0.0,0.0,0.0,0.0,0.8,0.0,1.2470992859023003e-05,1.4058210131989567e-05,3.7528917936951445e-08,0.3,10193417.840773376,-12.155715251804097
271.15,4,cGDL,-12.15571825224788,0.0,9.777801014566984,0.00026708781779765105,0.00026708781779765105,0.0,0.0,0.0,0.0,0.8,0.0,1.2470991230712225e-05,1.4058208296439238e-05,3.7528889454172316e-08,0.3,10193417.840773376,-12.155734724728344
271.25,4,cGDL,-12.155737877139813,0.0,9.777863246977411,0.0002666082269216479,0.0002666082269216479,0.0,0.0,0.0,0.0,0.8,0.0,1.2470989589686872e-05,1.4058206446556109e-05,3.752886074899789e-08,0.3,10193417.840773376,-12.155754349706111
271.34999999999997,4,cGDL,-12.155757654086244,0.0,9.777925479389317,0.00026612862964335506,0.00026612862964335506,0.0,0.0,0.0,0.0,0.8,0.0,1.247098793594687e-05,1.4058204582340108e-05,3.7528831821427314e-08,0.3,10193417.840773376,-12.155774126738189
271.45,4,cGDL,-12.155777583087968,0.0,9.777987711802771,0.00026564902597372194,0.00026564902597372194,0.0,0.0,0.0,0.0,0.8,0.0,1.2470986269492167e-05,1.405820270379117e-05,3.752880267145978e-08,0.3,10193417.840773376,-12.155794055825378
271.54999999999995,4,cGDL,-12.15579766414578,0.0,9.778049944217829,0.00026516941592369804,0.00026516941592369804,0.0,0.0,0.0,0.0,0.8,0.0,1.2470984590322695e-05,1.4058200810909218e-05,3.752877329909436e-08,0.3,10193417.840773376,-12.155814136968466
271.65000000000003,4,cGDL,-12.155817897260533,0.0,9.77811217663456,0.0002646897995042324,0.0002646897995042324,0.0,0.0,0.0,0.0,0.8,0.0,1.2470982898438383e-05,1.4058198903694178e-05,3.752874370433014e-08,0.3,10193417.840773376,-12.155834370168243
271.74999999999994,4,cGDL,-12.15583828243291,0.0,9.778174409053022,0.0002642101767262743,0.0002642101767262743,0.0,0.0,0.0,0.0,0.8,0.0,1.247098119383918e-05,1.4058196982145984e-05,3.752871388716646e-08,0.3,10193417.840773376,-12.155854755425489
271.85,4,cGDL,-12.155858819663763,0.0,9.778236641473281,0.0002637305476007733,0.0002637305476007733,0.0,0.0,0.0,0.0,0.8,0.0,1.2470979476525012e-05,1.4058195046264558e-05,3.7528683847602345e-08,0.3,10193417.840773376,-12.155875292740994
271.95,4,cGDL,-12.15587950895383,0.0,9.778298873895402,0.00026325091213867853,0.00026325091213867853,0.0,0.0,0.0,0.0,0.8,0.0,1.2470977746495827e-05,1.405819309604984e-05,3.752865358563697e-08,0.3,10193417.840773376,-12.155895982115538
272.05,4,cGDL,-12.15590035030391,0.0,9.778361106319442,0.0002627712703509391,0.0002627712703509391,0.0,0.0,0.0,0.0,0.8,0.0,1.2470976003751549e-05,1.4058191131501744e-05,3.7528623101269565e-08,0.3,10193417.840773376,-12.155916823549905
272.15,4,cGDL,-12.155921343714795,0.0,9.778423338745469,0.00026229162224850435,0.00026229162224850435,0.0,0.0,0.0,0.0,0.8,0.0,1.2470974248292123e-05,1.4058189152620214e-05,3.752859239449922e-08,0.3,10193417.840773376,-12.155937817044867
272.25000000000006,4,cGDL,-12.155942489187225,0.0,9.778485571173544,0.00026181196784232314,0.00026181196784232314,0.0,0.0,0.0,0.0,0.8,0.0,1.2470972480117492e-05,1.4058187159405173e-05,3.752856146532523e-08,0.3,10193417.840773376,-12.15595896260121
272.34999999999997,4,cGDL,-12.155963786721998,0.0,9.77854780360373,0.00026133230714334415,0.00026133230714334415,0.0,0.0,0.0,0.0,0.8,0.0,1.2470970699227581e-05,1.4058185151856546e-05,3.7528530313746675e-08,0.3,10193417.840773376,-12.155980260219701
272.45000000000005,4,cGDL,-12.155985236319907,0.0,9.778610036036092,0.0002608526401625164,0.0002608526401625164,0.0,0.0,0.0,0.0,0.8,0.0,1.2470968905622337e-05,1.4058183129974269e-05,3.752849893976279e-08,0.3,10193417.840773376,-12.15600170990112
272.55,4,cGDL,-12.156006837981693,0.0,9.77867226847069,0.00026037296691078845,0.00026037296691078845,0.0,0.0,0.0,0.0,0.8,0.0,1.247096709930169e-05,1.4058181093758268e-05,3.752846734337273e-08,0.3,10193417.840773376,-12.156023311646237
272.65,4,cGDL,-12.156028591708093,0.0,9.778734500907587,0.00025989328739910926,0.00025989328739910926,0.0,0.0,0.0,0.0,0.8,0.0,1.2470965280265586e-05,1.405817904320848e-05,3.752843552457579e-08,0.3,10193417.840773376,-12.156045065455823
272.75,4,cGDL,-12.156050497499905,0.0,9.778796733346848,0.00025941360163842723,0.00025941360163842723,0.0,0.0,0.0,0.0,0.8,0.0,1.2470963448513961e-05,1.4058176978324829e-05,3.752840348337112e-08,0.3,10193417.840773376,-12.15606697133065
272.8499999999999,4,cGDL,-12.15607255535798,0.0,9.778858965788537,0.0002589339096396911,0.0002589339096396911,0.0,0.0,0.0,0.0,0.8,0.0,1.2470961604046748e-05,1.4058174899107245e-05,3.75283712197578e-08,0.3,10193417.840773376,-12.15608902927148
272.95,4,cGDL,-12.156094765282944,0.0,9.778921198232712,0.0002584542114138493,0.0002584542114138493,0.0,0.0,0.0,0.0,0.8,0.0,1.2470959746863892e-05,1.405817280555566e-05,3.7528338733735255e-08,0.3,10193417.840773376,-12.15611123927908
273.04999999999995,4,cGDL,-12.156117127275593,0.0,9.77898343067944,0.0002579745069718506,0.0002579745069718506,0.0,0.0,0.0,0.0,0.8,0.0,1.2470957876965337e-05,1.4058170697670017e-05,3.752830602530263e-08,0.3,10193417.840773376,-12.156133601354218
273.15,4,cGDL,-12.156139641336722,0.0,9.779045663128786,0.000257494796324643,0.000257494796324643,0.0,0.0,0.0,0.0,0.8,0.0,1.2470955994351008e-05,1.4058168575450228e-05,3.752827309445912e-08,0.3,10193417.840773376,-12.156156115497653
273.24999999999994,4,cGDL,-12.156162307467127,0.0,9.779107895580808,0.00025701507948317555,0.00025701507948317555,0.0,0.0,0.0,0.0,0.8,0.0,1.2470954099020849e-05,1.4058166438896231e-05,3.7528239941203884e-08,0.3,10193417.840773376,-12.15617878171015
273.35,4,cGDL,-12.156185125667491,0.0,9.77917012803557,0.00025653535645839623,0.00025653535645839623,0.0,0.0,0.0,0.0,0.8,0.0,1.2470952190974803e-05,1.405816428800796e-05,3.7528206565536274e-08,0.3,10193417.840773376,-12.156201599992466
273.44999999999993,4,cGDL,-12.156208095938553,0.0,9.779232360493136,0.0002560556272612533,0.0002560556272612533,0.0,0.0,0.0,0.0,0.8,0.0,1.2470950270212814e-05,1.4058162122785354e-05,3.752817296745555e-08,0.3,10193417.840773376,-12.156224570345353
273.55,4,cGDL,-12.156231218281164,0.0,9.77929459295357,0.00025557589190269435,0.00025557589190269435,0.0,0.0,0.0,0.0,0.8,0.0,1.2470948336734806e-05,1.4058159943228326e-05,3.752813914696078e-08,0.3,10193417.840773376,-12.156247692769574
273.65,4,cGDL,-12.156254492696007,0.0,9.779356825416935,0.000255096150393668,0.000255096150393668,0.0,0.0,0.0,0.0,0.8,0.0,1.2470946390540729e-05,1.405815774933682e-05,3.7528105104051354e-08,0.3,10193417.840773376,-12.156270967265883
273.75,4,cGDL,-12.156277919183879,0.0,9.77941905788329,0.00025461640274512234,0.00025461640274512234,0.0,0.0,0.0,0.0,0.8,0.0,1.2470944431630517e-05,1.4058155541110763e-05,3.7528070838726445e-08,0.3,10193417.840773376,-12.156294393835031
273.84999999999997,4,cGDL,-12.15630149774546,0.0,9.779481290352702,0.00025413664896800506,0.00025413664896800506,0.0,0.0,0.0,0.0,0.8,0.0,1.2470942460004118e-05,1.4058153318550098e-05,3.7528036350985415e-08,0.3,10193417.840773376,-12.156317972477769
273.95000000000005,4,cGDL,-12.156325228381547,0.0,9.779543522825234,0.000253656889073264,0.000253656889073264,0.0,0.0,0.0,0.0,0.8,0.0,1.2470940475661466e-05,1.4058151081654745e-05,3.7528001640827436e-08,0.3,10193417.840773376,-12.15634170319485
274.04999999999995,4,cGDL,-12.15634911109288,0.0,9.779605755300947,0.00025317712307184725,0.00025317712307184725,0.0,0.0,0.0,0.0,0.8,0.0,1.2470938478602504e-05,1.405814883042464e-05,3.752796670825175e-08,0.3,10193417.840773376,-12.156365585987023
274.15000000000003,4,cGDL,-12.156373145880252,0.0,9.779667987779904,0.0002526973509747024,0.0002526973509747024,0.0,0.0,0.0,0.0,0.8,0.0,1.247093646882717e-05,1.405814656485972e-05,3.752793155325762e-08,0.3,10193417.840773376,-12.156389620855037
274.24999999999994,4,cGDL,-12.156397332744291,0.0,9.779730220262168,0.00025221757279277697,0.00025221757279277697,0.0,0.0,0.0,0.0,0.8,0.0,1.2470934446335408e-05,1.4058144284959916e-05,3.752789617584445e-08,0.3,10193417.840773376,-12.156413807799632
274.35,4,cGDL,-12.156421671685848,0.0,9.779792452747804,0.0002517377885370187,0.0002517377885370187,0.0,0.0,0.0,0.0,0.8,0.0,1.2470932411127152e-05,1.4058141990725155e-05,3.752786057601137e-08,0.3,10193417.840773376,-12.156438146821555
274.45,4,cGDL,-12.156446162705606,0.0,9.779854685236872,0.0002512579982183752,0.0002512579982183752,0.0,0.0,0.0,0.0,0.8,0.0,1.2470930363202352e-05,1.405813968215538e-05,3.752782475375773e-08,0.3,10193417.840773376,-12.156462637921555
274.55,4,cGDL,-12.15647080580436,0.0,9.779916917729437,0.0002507782018477938,0.0002507782018477938,0.0,0.0,0.0,0.0,0.8,0.0,1.2470928302560936e-05,1.4058137359250511e-05,3.752778870908275e-08,0.3,10193417.840773376,-12.156487281100365
274.65,4,cGDL,-12.156495600982737,0.0,9.779979150225563,0.0002502983994362222,0.0002502983994362222,0.0,0.0,0.0,0.0,0.8,0.0,1.2470926229202859e-05,1.4058135022010498e-05,3.752775244198585e-08,0.3,10193417.840773376,-12.156512076358728
274.75000000000006,4,cGDL,-12.156520548241645,0.0,9.780041382725308,0.0002498185909946079,0.0002498185909946079,0.0,0.0,0.0,0.0,0.8,0.0,1.2470924143128053e-05,1.405813267043526e-05,3.752771595246615e-08,0.3,10193417.840773376,-12.156537023697386
274.84999999999997,4,cGDL,-12.156545647581652,0.0,9.780103615228741,0.00024933877653389783,0.00024933877653389783,0.0,0.0,0.0,0.0,0.8,0.0,1.2470922044336465e-05,1.4058130304524742e-05,3.75276792405231e-08,0.3,10193417.840773376,-12.156562123117078
274.95,4,cGDL,-12.156570899003611,0.0,9.78016584773592,0.00024885895606503977,0.00024885895606503977,0.0,0.0,0.0,0.0,0.8,0.0,1.2470919932828025e-05,1.4058127924278865e-05,3.752764230615588e-08,0.3,10193417.840773376,-12.156587374618534
275.05,4,cGDL,-12.156596302508206,0.0,9.780228080246912,0.0002483791295989806,0.0002483791295989806,0.0,0.0,0.0,0.0,0.8,0.0,1.2470917808602686e-05,1.4058125529697573e-05,3.7527605149363884e-08,0.3,10193417.840773376,-12.15661277820249
275.1499999999999,4,cGDL,-12.156621858096116,0.0,9.780290312761776,0.0002478992971466673,0.0002478992971466673,0.0,0.0,0.0,0.0,0.8,0.0,1.2470915671660394e-05,1.4058123120780808e-05,3.7527567770146464e-08,0.3,10193417.840773376,-12.156638333869688
275.25,4,cGDL,-12.156647565768196,0.0,9.780352545280579,0.00024741945871904715,0.00024741945871904715,0.0,0.0,0.0,0.0,0.8,0.0,1.2470913522001072e-05,1.4058120697528481e-05,3.752753016850274e-08,0.3,10193417.840773376,-12.156664041620852
275.34999999999997,4,cGDL,-12.15667342552507,0.0,9.780414777803381,0.00024693961432706714,0.00024693961432706714,0.0,0.0,0.0,0.0,0.8,0.0,1.2470911359624676e-05,1.4058118259940547e-05,3.752749234443223e-08,0.3,10193417.840773376,-12.156689901456716
275.45,4,cGDL,-12.156699437367536,0.0,9.780477010330246,0.00024645976398167445,0.00024645976398167445,0.0,0.0,0.0,0.0,0.8,0.0,1.2470909184531144e-05,1.4058115808016927e-05,3.752745429793411e-08,0.3,10193417.840773376,-12.156715913378015
275.54999999999995,4,cGDL,-12.156725601296273,0.0,9.780539242861236,0.00024597990769381574,0.00024597990769381574,0.0,0.0,0.0,0.0,0.8,0.0,1.2470906996720417e-05,1.4058113341757561e-05,3.752741602900782e-08,0.3,10193417.840773376,-12.15674207738547
275.65,4,cGDL,-12.156751917312079,0.0,9.780601475396416,0.00024550004547443786,0.00024550004547443786,0.0,0.0,0.0,0.0,0.8,0.0,1.247090479619244e-05,1.4058110861162384e-05,3.752737753765254e-08,0.3,10193417.840773376,-12.156768393479819
275.74999999999994,4,cGDL,-12.156778385415578,0.0,9.780663707935846,0.0002450201773344878,0.0002450201773344878,0.0,0.0,0.0,0.0,0.8,0.0,1.2470902582947151e-05,1.4058108366231336e-05,3.752733882386776e-08,0.3,10193417.840773376,-12.156794861661776
275.85,4,cGDL,-12.15680500560751,0.0,9.780725940479591,0.00024454030328491217,0.00024454030328491217,0.0,0.0,0.0,0.0,0.8,0.0,1.2470900356984503e-05,1.4058105856964348e-05,3.752729988765284e-08,0.3,10193417.840773376,-12.156821481932072
275.94999999999993,4,cGDL,-12.15683177788867,0.0,9.780788173027714,0.00024406042333665744,0.00024406042333665744,0.0,0.0,0.0,0.0,0.8,0.0,1.2470898118304423e-05,1.4058103333361351e-05,3.752726072900693e-08,0.3,10193417.840773376,-12.156848254291434
276.05,4,cGDL,-12.15685870225974,0.0,9.780850405580276,0.00024358053750067068,0.00024358053750067068,0.0,0.0,0.0,0.0,0.8,0.0,1.2470895866906862e-05,1.4058100795422281e-05,3.752722134792954e-08,0.3,10193417.840773376,-12.156875178740583
276.15,4,cGDL,-12.156885778721403,0.0,9.780912638137343,0.0002431006457878982,0.0002431006457878982,0.0,0.0,0.0,0.0,0.8,0.0,1.2470893602791768e-05,1.4058098243147084e-05,3.752718174442003e-08,0.3,10193417.840773376,-12.15690225528024
276.25,4,cGDL,-12.156913007274454,0.0,9.780974870698975,0.00024262074820928644,0.00024262074820928644,0.0,0.0,0.0,0.0,0.8,0.0,1.2470891325959071e-05,1.4058095676535679e-05,3.752714191847758e-08,0.3,10193417.840773376,-12.156929483911128
276.34999999999997,4,cGDL,-12.15694038791952,0.0,9.781037103265238,0.00024214084477578183,0.00024214084477578183,0.0,0.0,0.0,0.0,0.8,0.0,1.2470889036408728e-05,1.405809309558802e-05,3.752710187010179e-08,0.3,10193417.840773376,-12.156956864633965
276.45000000000005,4,cGDL,-12.156967920657394,0.0,9.78109933583619,0.0002416609354983306,0.0002416609354983306,0.0,0.0,0.0,0.0,0.8,0.0,1.2470886734140672e-05,1.4058090500304028e-05,3.752706159929182e-08,0.3,10193417.840773376,-12.156984397449472
276.54999999999995,4,cGDL,-12.156995605488817,0.0,9.781161568411898,0.00024118102038787924,0.00024118102038787924,0.0,0.0,0.0,0.0,0.8,0.0,1.247088441915484e-05,1.405808789068364e-05,3.752702110604703e-08,0.3,10193417.840773376,-12.157012082358364
276.65000000000003,4,cGDL,-12.157023442414413,0.0,9.781223800992425,0.00024070109945537402,0.00024070109945537402,0.0,0.0,0.0,0.0,0.8,0.0,1.2470882091451191e-05,1.4058085266726796e-05,3.7526980390366935e-08,0.3,10193417.840773376,-12.157039919361358
276.75,4,cGDL,-12.157051431434923,0.0,9.781286033577832,0.00024022117271176111,0.00024022117271176111,0.0,0.0,0.0,0.0,0.8,0.0,1.2470879751029664e-05,1.405808262843344e-05,3.7526939452250875e-08,0.3,10193417.840773376,-12.15706790845917
276.85,4,cGDL,-12.157079572551083,0.0,9.781348266168182,0.00023974124016798665,0.00023974124016798665,0.0,0.0,0.0,0.0,0.8,0.0,1.2470877397890196e-05,1.4058079975803496e-05,3.7526898291698126e-08,0.3,10193417.840773376,-12.157096049652516
276.95,4,cGDL,-12.157107865763578,0.0,9.781410498763538,0.0002392613018349966,0.0002392613018349966,0.0,0.0,0.0,0.0,0.8,0.0,1.2470875032032742e-05,1.4058077308836907e-05,3.7526856908708205e-08,0.3,10193417.840773376,-12.157124342942108
277.05,4,cGDL,-12.157136311073145,0.0,9.781472731363964,0.00023878135772373733,0.00023878135772373733,0.0,0.0,0.0,0.0,0.8,0.0,1.247087265345723e-05,1.4058074627533606e-05,3.75268153032804e-08,0.3,10193417.840773376,-12.157152788328657
277.15,4,cGDL,-12.157164908480524,0.0,9.781534963969523,0.0002383014078451549,0.0002383014078451549,0.0,0.0,0.0,0.0,0.8,0.0,1.2470870262163611e-05,1.4058071931893525e-05,3.7526773475414096e-08,0.3,10193417.840773376,-12.157181385812883
277.24999999999994,4,cGDL,-12.15719365798634,0.0,9.781597196580277,0.000237821452210195,0.000237821452210195,0.0,0.0,0.0,0.0,0.8,0.0,1.2470867858151838e-05,1.4058069221916615e-05,3.752673142510871e-08,0.3,10193417.840773376,-12.157210135395486
277.34999999999997,4,cGDL,-12.15722255959139,0.0,9.781659429196289,0.00023734149082980374,0.00023734149082980374,0.0,0.0,0.0,0.0,0.8,0.0,1.2470865441421839e-05,1.4058066497602802e-05,3.752668915236363e-08,0.3,10193417.840773376,-12.157239037077181
277.44999999999993,4,cGDL,-12.157251613296296,0.0,9.781721661817622,0.00023686152371492678,0.00023686152371492678,0.0,0.0,0.0,0.0,0.8,0.0,1.2470863011973568e-05,1.4058063758952023e-05,3.752664665717831e-08,0.3,10193417.840773376,-12.157268090858674
277.55,4,cGDL,-12.1572808191018,0.0,9.78178389444434,0.00023638155087650958,0.00023638155087650958,0.0,0.0,0.0,0.0,0.8,0.0,1.2470860569806972e-05,1.4058061005964223e-05,3.7526603939552085e-08,0.3,10193417.840773376,-12.157297296740678
277.6499999999999,4,cGDL,-12.15731017700864,0.0,9.781846127076502,0.00023590157232549814,0.00023590157232549814,0.0,0.0,0.0,0.0,0.8,0.0,1.2470858114921986e-05,1.405805823863933e-05,3.7526560999484354e-08,0.3,10193417.840773376,-12.157326654723898
277.75,4,cGDL,-12.157339687017497,0.0,9.781908359714176,0.00023542158807283824,0.00023542158807283824,0.0,0.0,0.0,0.0,0.8,0.0,1.2470855647318558e-05,1.4058055456977284e-05,3.7526517836974574e-08,0.3,10193417.840773376,-12.15735616480904
277.84999999999997,4,cGDL,-12.157369349129112,0.0,9.781970592357423,0.0002349415981294751,0.0002349415981294751,0.0,0.0,0.0,0.0,0.8,0.0,1.2470853166996626e-05,1.4058052660978016e-05,3.752647445202205e-08,0.3,10193417.840773376,-12.157385826996803
277.95,4,cGDL,-12.15739916334411,0.0,9.782032825006304,0.00023446160250635453,0.00023446160250635453,0.0,0.0,0.0,0.0,0.8,0.0,1.2470850673956148e-05,1.4058049850641478e-05,3.752643084462634e-08,0.3,10193417.840773376,-12.157415641287903
278.04999999999995,4,cGDL,-12.157429129663228,0.0,9.782095057660884,0.00023398160121442186,0.00023398160121442186,0.0,0.0,0.0,0.0,0.8,0.0,1.2470848168197063e-05,1.4058047025967598e-05,3.7526387014786835e-08,0.3,10193417.840773376,-12.157445607683036
278.15000000000003,4,cGDL,-12.15745924808715,0.0,9.782157290321225,0.00023350159426462264,0.00023350159426462264,0.0,0.0,0.0,0.0,0.8,0.0,1.2470845649719315e-05,1.4058044186956316e-05,3.7526342962502925e-08,0.3,10193417.840773376,-12.1574757261829
278.24999999999994,4,cGDL,-12.157489518616615,0.0,9.78221952298739,0.00023302158166790203,0.00023302158166790203,0.0,0.0,0.0,0.0,0.8,0.0,1.2470843118522846e-05,1.4058041333607572e-05,3.7526298687774054e-08,0.3,10193417.840773376,-12.15750599678821
278.35,4,cGDL,-12.157519941252303,0.0,9.782281755659442,0.00023254156343520524,0.00023254156343520524,0.0,0.0,0.0,0.0,0.8,0.0,1.2470840574607602e-05,1.4058038465921297e-05,3.7526254190599635e-08,0.3,10193417.840773376,-12.157536419499657
278.45,4,cGDL,-12.157550515994899,0.0,9.782343988337445,0.00023206153957747763,0.00023206153957747763,0.0,0.0,0.0,0.0,0.8,0.0,1.247083801797353e-05,1.4058035583897438e-05,3.7526209470979096e-08,0.3,10193417.840773376,-12.157566994317948
278.55,4,cGDL,-12.15758124284514,0.0,9.78240622102146,0.00023158151010566454,0.00023158151010566454,0.0,0.0,0.0,0.0,0.8,0.0,1.2470835448620575e-05,1.4058032687535922e-05,3.752616452891187e-08,0.3,10193417.840773376,-12.157597721243773
278.65,4,cGDL,-12.157612121803709,0.0,9.78246845371155,0.0002311014750307111,0.0002311014750307111,0.0,0.0,0.0,0.0,0.8,0.0,1.2470832866548678e-05,1.4058029776836694e-05,3.752611936439741e-08,0.3,10193417.840773376,-12.157628600277844
278.75,4,cGDL,-12.157643152871287,0.0,9.78253068640778,0.00023062143436356267,0.00023062143436356267,0.0,0.0,0.0,0.0,0.8,0.0,1.247083027175779e-05,1.4058026851799692e-05,3.752607397743518e-08,0.3,10193417.840773376,-12.157659631420847
278.84999999999997,4,cGDL,-12.157674336048558,0.0,9.782592919110211,0.00023014138811516393,0.00023014138811516393,0.0,0.0,0.0,0.0,0.8,0.0,1.2470827664247855e-05,1.4058023912424854e-05,3.75260283680246e-08,0.3,10193417.840773376,-12.157690814673487
278.95000000000005,4,cGDL,-12.15770567133626,0.0,9.782655151818906,0.0002296613362964599,0.0002296613362964599,0.0,0.0,0.0,0.0,0.8,0.0,1.2470825044018809e-05,1.4058020958712113e-05,3.7525982536165134e-08,0.3,10193417.840773376,-12.157722150036458
279.04999999999995,4,cGDL,-12.157737158735017,0.0,9.782717384533928,0.0002291812789183955,0.0002291812789183955,0.0,0.0,0.0,0.0,0.8,0.0,1.2470822411070615e-05,1.405801799066142e-05,3.752593648185626e-08,0.3,10193417.840773376,-12.15775363751046
279.15000000000003,4,cGDL,-12.157768798245627,0.0,9.78277961725534,0.00022870121599191575,0.00022870121599191575,0.0,0.0,0.0,0.0,0.8,0.0,1.2470819765403201e-05,1.40580150082727e-05,3.752589020509734e-08,0.3,10193417.840773376,-12.15778527709618
279.25,4,cGDL,-12.157800589868657,0.0,9.782841849983205,0.00022822114752796513,0.00022822114752796513,0.0,0.0,0.0,0.0,0.8,0.0,1.2470817107016525e-05,1.40580120115459e-05,3.7525843705888e-08,0.3,10193417.840773376,-12.157817068794317
279.34999999999997,4,cGDL,-12.15783253360496,0.0,9.782904082717586,0.00022774107353748887,0.00022774107353748887,0.0,0.0,0.0,0.0,0.8,0.0,1.2470814435910522e-05,1.4058009000480953e-05,3.752579698422746e-08,0.3,10193417.840773376,-12.15784901260557
279.45,4,cGDL,-12.157864629455048,0.0,9.782966315458546,0.00022726099403143146,0.00022726099403143146,0.0,0.0,0.0,0.0,0.8,0.0,1.247081175208515e-05,1.4058005975077805e-05,3.752575004011548e-08,0.3,10193417.840773376,-12.157881108530622
279.54999999999995,4,cGDL,-12.157896877419716,0.0,9.783028548206147,0.00022678090902073726,0.00022678090902073726,0.0,0.0,0.0,0.0,0.8,0.0,1.2470809055540342e-05,1.4058002935336387e-05,3.752570287355132e-08,0.3,10193417.840773376,-12.157913356570175
279.65,4,cGDL,-12.157929277499704,0.0,9.783090780960453,0.00022630081851635108,0.00022630081851635108,0.0,0.0,0.0,0.0,0.8,0.0,1.247080634627605e-05,1.4057999881256638e-05,3.7525655484534445e-08,0.3,10193417.840773376,-12.157945756724914
279.74999999999994,4,cGDL,-12.15796182969558,0.0,9.783153013721526,0.0002258207225292175,0.0002258207225292175,0.0,0.0,0.0,0.0,0.8,0.0,1.247080362429222e-05,1.4057996812838502e-05,3.7525607873064485e-08,0.3,10193417.840773376,-12.157978308995537
279.85,4,cGDL,-12.157994534008083,0.0,9.78321524648943,0.00022534062107028123,0.00022534062107028123,0.0,0.0,0.0,0.0,0.8,0.0,1.24708008895888e-05,1.405799373008192e-05,3.752556003914085e-08,0.3,10193417.840773376,-12.15801101338273
279.94999999999993,4,cGDL,-12.158027390437951,0.0,9.783277479264227,0.00022486051415048652,0.00022486051415048652,0.0,0.0,0.0,0.0,0.8,0.0,1.2470798142165727e-05,1.405799063298682e-05,3.752551198276294e-08,0.3,10193417.840773376,-12.158043869887184
280.05,4,cGDL,-12.158060398985754,0.0,9.783339712045978,0.00022438040178077785,0.00022438040178077785,0.0,0.0,0.0,0.0,0.8,0.0,1.2470795382022964e-05,1.4057987521553159e-05,3.752546370393038e-08,0.3,10193417.840773376,-12.158076878509595
280.15,4,cGDL,-12.158093559652343,0.0,9.783401944834749,0.00022390028397209938,0.00022390028397209938,0.0,0.0,0.0,0.0,0.8,0.0,1.2470792609160436e-05,1.4057984395780855e-05,3.75254152026425e-08,0.3,10193417.840773376,-12.158110039250646
280.25,4,cGDL,-12.158126872438288,0.0,9.7834641776306,0.0002234201607353956,0.0002234201607353956,0.0,0.0,0.0,0.0,0.8,0.0,1.2470789823578106e-05,1.4057981255669864e-05,3.752536647889888e-08,0.3,10193417.840773376,-12.158143352111026
280.34999999999997,4,cGDL,-12.15816033734427,0.0,9.783526410433598,0.00022294003208161073,0.00022294003208161073,0.0,0.0,0.0,0.0,0.8,0.0,1.2470787025275914e-05,1.4057978101220122e-05,3.752531753269911e-08,0.3,10193417.840773376,-12.158176817091423
280.45,4,cGDL,-12.15819395437103,0.0,9.783588643243801,0.00022245989802168863,0.00022245989802168863,0.0,0.0,0.0,0.0,0.8,0.0,1.2470784214253803e-05,1.405797493243156e-05,3.752526836404254e-08,0.3,10193417.840773376,-12.158210434192526
280.54999999999995,4,cGDL,-12.158227723519246,0.0,9.783650876061277,0.0002219797585665739,0.0002219797585665739,0.0,0.0,0.0,0.0,0.8,0.0,1.2470781390511725e-05,1.4057971749304126e-05,3.7525218972928695e-08,0.3,10193417.840773376,-12.15824420341502
280.65000000000003,4,cGDL,-12.158261644789604,0.0,9.783713108886083,0.00022149961372721033,0.00022149961372721033,0.0,0.0,0.0,0.0,0.8,0.0,1.247077855404962e-05,1.4057968551837754e-05,3.752516935935709e-08,0.3,10193417.840773376,-12.158278124759596
280.74999999999994,4,cGDL,-12.158295718182728,0.0,9.783775341718288,0.00022101946351454232,0.00022101946351454232,0.0,0.0,0.0,0.0,0.8,0.0,1.2470775704867445e-05,1.4057965340032396e-05,3.75251195233273e-08,0.3,10193417.840773376,-12.158312198226936
280.85,4,cGDL,-12.158329943699414,0.0,9.78383757455795,0.00022053930793951336,0.00022053930793951336,0.0,0.0,0.0,0.0,0.8,0.0,1.2470772842965134e-05,1.4057962113887968e-05,3.752506946483871e-08,0.3,10193417.840773376,-12.158346423817727
280.95,4,cGDL,-12.15836432134023,0.0,9.783899807405133,0.0002200591470130675,0.0002200591470130675,0.0,0.0,0.0,0.0,0.8,0.0,1.2470769968342642e-05,1.4057958873404434e-05,3.752501918389098e-08,0.3,10193417.840773376,-12.15838080153266
281.05,4,cGDL,-12.158398851105915,0.0,9.783962040259901,0.00021957898074614869,0.00021957898074614869,0.0,0.0,0.0,0.0,0.8,0.0,1.2470767080999915e-05,1.4057955618581722e-05,3.752496868048355e-08,0.3,10193417.840773376,-12.15841533137241
281.15,4,cGDL,-12.158433532997208,0.0,9.784024273122316,0.00021909880914970095,0.00021909880914970095,0.0,0.0,0.0,0.0,0.8,0.0,1.2470764180936892e-05,1.405795234941977e-05,3.7524917954615836e-08,0.3,10193417.840773376,-12.158450013337669
281.25000000000006,4,cGDL,-12.158468367014677,0.0,9.784086505992441,0.00021861863223466812,0.00021861863223466812,0.0,0.0,0.0,0.0,0.8,0.0,1.2470761268153532e-05,1.4057949065918529e-05,3.7524867006287566e-08,0.3,10193417.840773376,-12.158484847429117
281.34999999999997,4,cGDL,-12.158503353159062,0.0,9.78414873887034,0.00021813845001199391,0.00021813845001199391,0.0,0.0,0.0,0.0,0.8,0.0,1.2470758342649772e-05,1.4057945768077928e-05,3.752481583549814e-08,0.3,10193417.840773376,-12.158519833647441
281.45000000000005,4,cGDL,-12.158538491431102,0.0,9.784210971756073,0.00021765826249262174,0.00021765826249262174,0.0,0.0,0.0,0.0,0.8,0.0,1.2470755404425563e-05,1.4057942455897908e-05,3.7524764442247e-08,0.3,10193417.840773376,-12.15855497199332
281.55,4,cGDL,-12.158573781831365,0.0,9.784273204649706,0.0002171780696874954,0.0002171780696874954,0.0,0.0,0.0,0.0,0.8,0.0,1.2470752453480848e-05,1.4057939129378412e-05,3.752471282653389e-08,0.3,10193417.840773376,-12.158590262467442
281.65,4,cGDL,-12.158609224360589,0.0,9.7843354375513,0.00021669787160755855,0.00021669787160755855,0.0,0.0,0.0,0.0,0.8,0.0,1.247074948981558e-05,1.4057935788519383e-05,3.752466098835819e-08,0.3,10193417.840773376,-12.158625705070484
281.75,4,cGDL,-12.158644819019457,0.0,9.784397670460919,0.00021621766826375498,0.00021621766826375498,0.0,0.0,0.0,0.0,0.8,0.0,1.2470746513429704e-05,1.4057932433320755e-05,3.752460892771951e-08,0.3,10193417.840773376,-12.158661299803134
281.84999999999997,4,cGDL,-12.158680565808652,0.0,9.784459903378625,0.000215737459667028,0.000215737459667028,0.0,0.0,0.0,0.0,0.8,0.0,1.2470743524323164e-05,1.4057929063782476e-05,3.75245566446173e-08,0.3,10193417.840773376,-12.158697046666072
281.95,4,cGDL,-12.158716464728855,0.0,9.784522136304481,0.00021525724582832097,0.00021525724582832097,0.0,0.0,0.0,0.0,0.8,0.0,1.2470740522495907e-05,1.4057925679904478e-05,3.752450413905118e-08,0.3,10193417.840773376,-12.158732945659976
282.04999999999995,4,cGDL,-12.158752515780748,0.0,9.78458436923855,0.00021477702675857743,0.00021477702675857743,0.0,0.0,0.0,0.0,0.8,0.0,1.2470737507947883e-05,1.4057922281686705e-05,3.752445141102062e-08,0.3,10193417.840773376,-12.158768996785534
282.15,4,cGDL,-12.158788718964956,0.0,9.784646602180894,0.00021429680246874043,0.00021429680246874043,0.0,0.0,0.0,0.0,0.8,0.0,1.247073448067904e-05,1.40579188691291e-05,3.7524398460525335e-08,0.3,10193417.840773376,-12.158805200043421
282.24999999999994,4,cGDL,-12.15882507428222,0.0,9.784708835131578,0.00021381657296975327,0.00021381657296975327,0.0,0.0,0.0,0.0,0.8,0.0,1.2470731440689323e-05,1.4057915442231601e-05,3.7524345287564694e-08,0.3,10193417.840773376,-12.15884155543432
282.35,4,cGDL,-12.15886158173322,0.0,9.784771068090661,0.00021333633827255933,0.00021333633827255933,0.0,0.0,0.0,0.0,0.8,0.0,1.2470728387978678e-05,1.4057912000994147e-05,3.752429189213828e-08,0.3,10193417.840773376,-12.158878062958914
282.44999999999993,4,cGDL,-12.158898241318639,0.0,9.78483330105821,0.0002128560983881018,0.0002128560983881018,0.0,0.0,0.0,0.0,0.8,0.0,1.2470725322547055e-05,1.4057908545416678e-05,3.7524238274245626e-08,0.3,10193417.840773376,-12.158914722617878
282.55,4,cGDL,-12.158935053039102,0.0,9.784895534034286,0.00021237585332732395,0.00021237585332732395,0.0,0.0,0.0,0.0,0.8,0.0,1.2470722244394399e-05,1.405790507549914e-05,3.752418443388641e-08,0.3,10193417.840773376,-12.158951534411894
282.65,4,cGDL,-12.158972016895348,0.0,9.784957767018952,0.00021189560310116854,0.00021189560310116854,0.0,0.0,0.0,0.0,0.8,0.0,1.2470719153520654e-05,1.4057901591241466e-05,3.752413037106006e-08,0.3,10193417.840773376,-12.15898849834165
282.75,4,cGDL,-12.159009132888002,0.0,9.78502000001227,0.00021141534772057885,0.00021141534772057885,0.0,0.0,0.0,0.0,0.8,0.0,1.2470716049925775e-05,1.4057898092643601e-05,3.752407608576624e-08,0.3,10193417.840773376,-12.159025614407813
282.84999999999997,4,cGDL,-12.159046401017804,0.0,9.785082233014304,0.00021093508719649816,0.00021093508719649816,0.0,0.0,0.0,0.0,0.8,0.0,1.2470712933609705e-05,1.4057894579705485e-05,3.752402157800444e-08,0.3,10193417.840773376,-12.15906288261107
282.95000000000005,4,cGDL,-12.159083821285321,0.0,9.785144466025116,0.00021045482153986923,0.00021045482153986923,0.0,0.0,0.0,0.0,0.8,0.0,1.2470709804572396e-05,1.4057891052427065e-05,3.7523966847774354e-08,0.3,10193417.840773376,-12.159100302952098
283.04999999999995,4,cGDL,-12.15912139369135,0.0,9.78520669904477,0.00020997455076163468,0.00020997455076163468,0.0,0.0,0.0,0.0,0.8,0.0,1.247070666281379e-05,1.4057887510808273e-05,3.752391189507538e-08,0.3,10193417.840773376,-12.159137875431574
283.15000000000003,4,cGDL,-12.159159118236573,0.0,9.785268932073327,0.0002094942748727377,0.0002094942748727377,0.0,0.0,0.0,0.0,0.8,0.0,1.2470703508333832e-05,1.4057883954849049e-05,3.7523856719907085e-08,0.3,10193417.840773376,-12.15917560005018
283.25,4,cGDL,-12.159196994921558,0.0,9.78533116511085,0.00020901399388412103,0.00020901399388412103,0.0,0.0,0.0,0.0,0.8,0.0,1.247070034113248e-05,1.405788038454934e-05,3.752380132226921e-08,0.3,10193417.840773376,-12.159213476808592
283.35,4,cGDL,-12.159235023747044,0.0,9.785393398157405,0.00020853370780672762,0.00020853370780672762,0.0,0.0,0.0,0.0,0.8,0.0,1.2470697161209671e-05,1.4057876799909085e-05,3.752374570216125e-08,0.3,10193417.840773376,-12.159251505707493
283.45,4,cGDL,-12.159273204713713,0.0,9.78545563121305,0.0002080534166515,0.0002080534166515,0.0,0.0,0.0,0.0,0.8,0.0,1.2470693968565358e-05,1.4057873200928223e-05,3.752368985958279e-08,0.3,10193417.840773376,-12.15928968674756
283.55,4,cGDL,-12.159311537822248,0.0,9.785517864277853,0.00020757312042938073,0.00020757312042938073,0.0,0.0,0.0,0.0,0.8,0.0,1.247069076319949e-05,1.4057869587606696e-05,3.752363379453334e-08,0.3,10193417.840773376,-12.159328019929466
283.65,4,cGDL,-12.15935002307333,0.0,9.785580097351872,0.00020709281915131262,0.00020709281915131262,0.0,0.0,0.0,0.0,0.8,0.0,1.2470687545112004e-05,1.405786595994444e-05,3.752357750701257e-08,0.3,10193417.840773376,-12.159366505253898
283.75000000000006,4,cGDL,-12.159388660467584,0.0,9.785642330435174,0.00020661251282823843,0.00020661251282823843,0.0,0.0,0.0,0.0,0.8,0.0,1.247068431430286e-05,1.4057862317941407e-05,3.7523520997020054e-08,0.3,10193417.840773376,-12.159405142721528
283.84999999999997,4,cGDL,-12.15942745000575,0.0,9.785704563527817,0.0002061322014711008,0.0002061322014711008,0.0,0.0,0.0,0.0,0.8,0.0,1.2470681070772004e-05,1.4057858661597531e-05,3.752346426455535e-08,0.3,10193417.840773376,-12.159443932333033
283.94999999999993,4,cGDL,-12.159466391688454,0.0,9.785766796629868,0.00020565188509084193,0.00020565188509084193,0.0,0.0,0.0,0.0,0.8,0.0,1.2470677814519379e-05,1.4057854990912753e-05,3.752340730961811e-08,0.3,10193417.840773376,-12.159482874089095
284.05,4,cGDL,-12.159505485516434,0.0,9.78582902974139,0.00020517156369840423,0.00020517156369840423,0.0,0.0,0.0,0.0,0.8,0.0,1.2470674545544934e-05,1.4057851305887015e-05,3.7523350132207824e-08,0.3,10193417.840773376,-12.159521967990388
284.1499999999999,4,cGDL,-12.159544731490257,0.0,9.785891262862442,0.00020469123730473045,0.00020469123730473045,0.0,0.0,0.0,0.0,0.8,0.0,1.247067126384862e-05,1.4057847606520262e-05,3.752329273232424e-08,0.3,10193417.840773376,-12.159561214037597
284.25,4,cGDL,-12.159584129610721,0.0,9.78595349599309,0.00020421090592076258,0.00020421090592076258,0.0,0.0,0.0,0.0,0.8,0.0,1.247066796943038e-05,1.4057843892812426e-05,3.752323510996681e-08,0.3,10193417.840773376,-12.159600612231392
284.34999999999997,4,cGDL,-12.15962367987845,0.0,9.786015729133394,0.00020373056955744304,0.00020373056955744304,0.0,0.0,0.0,0.0,0.8,0.0,1.2470664662290163e-05,1.4057840164763455e-05,3.752317726513516e-08,0.3,10193417.840773376,-12.159640162572455
284.45,4,cGDL,-12.159663382294127,0.0,9.786077962283422,0.00020325022822571424,0.00020325022822571424,0.0,0.0,0.0,0.0,0.8,0.0,1.2470661342427915e-05,1.4057836422373287e-05,3.752311919782896e-08,0.3,10193417.840773376,-12.159679865061461
284.54999999999995,4,cGDL,-12.159703236858434,0.0,9.786140195443231,0.00020276988193651795,0.00020276988193651795,0.0,0.0,0.0,0.0,0.8,0.0,1.2470658009843586e-05,1.4057832665641862e-05,3.7523060908047785e-08,0.3,10193417.840773376,-12.159719719699092
284.65000000000003,4,cGDL,-12.159743243571995,0.0,9.786202428612887,0.00020228953070079638,0.00020228953070079638,0.0,0.0,0.0,0.0,0.8,0.0,1.247065466453713e-05,1.405782889456913e-05,3.7523002395791264e-08,0.3,10193417.840773376,-12.15975972648602
284.74999999999994,4,cGDL,-12.159783402435608,0.0,9.786264661792451,0.00020180917452949205,0.00020180917452949205,0.0,0.0,0.0,0.0,0.8,0.0,1.2470651306508482e-05,1.4057825109155018e-05,3.752294366105886e-08,0.3,10193417.840773376,-12.159799885422931
284.85,4,cGDL,-12.159823713449782,0.0,9.786326894981988,0.00020132881343354683,0.00020132881343354683,0.0,0.0,0.0,0.0,0.8,0.0,1.2470647935757604e-05,1.4057821309399482e-05,3.752288470385048e-08,0.3,10193417.840773376,-12.1598401965105
284.95,4,cGDL,-12.159864176615315,0.0,9.786389128181561,0.00020084844742390305,0.00020084844742390305,0.0,0.0,0.0,0.0,0.8,0.0,1.2470644552284434e-05,1.405781749530245e-05,3.752282552416549e-08,0.3,10193417.840773376,-12.159880659749398
285.05,4,cGDL,-12.159904791932888,0.0,9.78645136139123,0.00020036807651150257,0.00020036807651150257,0.0,0.0,0.0,0.0,0.8,0.0,1.247064115608892e-05,1.4057813666863873e-05,3.75227661220035e-08,0.3,10193417.840773376,-12.159921275140311
285.15,4,cGDL,-12.159945559403127,0.0,9.786513594611058,0.0001998877007072876,0.0001998877007072876,0.0,0.0,0.0,0.0,0.8,0.0,1.247063774717101e-05,1.4057809824083686e-05,3.7522706497364284e-08,0.3,10193417.840773376,-12.159962042683912
285.25,4,cGDL,-12.159986479026713,0.0,9.786575827841112,0.0001994073200221999,0.0001994073200221999,0.0,0.0,0.0,0.0,0.8,0.0,1.2470634325530659e-05,1.4057805966961833e-05,3.7522646650247385e-08,0.3,10193417.840773376,-12.160002962380883
285.34999999999997,4,cGDL,-12.16002755080433,0.0,9.78663806108145,0.00019892693446718135,0.00019892693446718135,0.0,0.0,0.0,0.0,0.8,0.0,1.2470630891167807e-05,1.4057802095498255e-05,3.752258658065242e-08,0.3,10193417.840773376,-12.160044034231898
285.45000000000005,4,cGDL,-12.160068774736658,0.0,9.786700294332137,0.00019844654405317384,0.00019844654405317384,0.0,0.0,0.0,0.0,0.8,0.0,1.247062744408241e-05,1.4057798209692897e-05,3.752252628857907e-08,0.3,10193417.840773376,-12.16008525823764
285.54999999999995,4,cGDL,-12.16011015082438,0.0,9.786762527593236,0.00019796614879111934,0.00019796614879111934,0.0,0.0,0.0,0.0,0.8,0.0,1.2470623984274404e-05,1.4057794309545693e-05,3.752246577402685e-08,0.3,10193417.840773376,-12.160126634398788
285.65000000000003,4,cGDL,-12.160151679068179,0.0,9.786824760864809,0.0001974857486919593,0.0001974857486919593,0.0,0.0,0.0,0.0,0.8,0.0,1.247062051174375e-05,1.405779039505659e-05,3.75224050369955e-08,0.3,10193417.840773376,-12.160168162716017
285.75,4,cGDL,-12.160193359468678,0.0,9.786886994146919,0.00019700534376663548,0.00019700534376663548,0.0,0.0,0.0,0.0,0.8,0.0,1.247061702649039e-05,1.405778646622553e-05,3.7522344077484616e-08,0.3,10193417.840773376,-12.160209843190003
285.85,4,cGDL,-12.160235192026676,0.0,9.78694922743963,0.00019652493402608977,0.00019652493402608977,0.0,0.0,0.0,0.0,0.8,0.0,1.247061352851426e-05,1.4057782523052439e-05,3.7522282895493734e-08,0.3,10193417.840773376,-12.160251675821433
285.95,4,cGDL,-12.160277176742682,0.0,9.787011460743003,0.0001960445194812636,0.0001960445194812636,0.0,0.0,0.0,0.0,0.8,0.0,1.2470610017815333e-05,1.4057778565537283e-05,3.752222149102272e-08,0.3,10193417.840773376,-12.160293660610982
286.05,4,cGDL,-12.16031931361755,0.0,9.7870736940571,0.00019556410014309842,0.00019556410014309842,0.0,0.0,0.0,0.0,0.8,0.0,1.2470606494393535e-05,1.4057774593679985e-05,3.752215986407094e-08,0.3,10193417.840773376,-12.160335797559323
286.15,4,cGDL,-12.160361602651847,0.0,9.787135927381987,0.00019508367602253567,0.00019508367602253567,0.0,0.0,0.0,0.0,0.8,0.0,1.2470602958248821e-05,1.405777060748049e-05,3.752209801463822e-08,0.3,10193417.840773376,-12.160378086667146
286.24999999999994,4,cGDL,-12.160404043846256,0.0,9.787198160717724,0.0001946032471305168,0.0001946032471305168,0.0,0.0,0.0,0.0,0.8,0.0,1.2470599409381148e-05,1.405776660693875e-05,3.752203594272418e-08,0.3,10193417.840773376,-12.160420527935127
286.34999999999997,4,cGDL,-12.160446637201517,0.0,9.787260394064376,0.00019412281347798357,0.00019412281347798357,0.0,0.0,0.0,0.0,0.8,0.0,1.247059584779045e-05,1.4057762592054687e-05,3.7521973648328327e-08,0.3,10193417.840773376,-12.160463121363943
286.44999999999993,4,cGDL,-12.160489382718254,0.0,9.787322627422004,0.00019364237507587753,0.00019364237507587753,0.0,0.0,0.0,0.0,0.8,0.0,1.247059227347668e-05,1.4057758562828258e-05,3.7521911131450485e-08,0.3,10193417.840773376,-12.160505866954276
286.55,4,cGDL,-12.160532280397149,0.0,9.787384860790672,0.0001931619319351398,0.0001931619319351398,0.0,0.0,0.0,0.0,0.8,0.0,1.2470588686439791e-05,1.4057754519259401e-05,3.752184839209022e-08,0.3,10193417.840773376,-12.160548764706805
286.6499999999999,4,cGDL,-12.160575330238885,0.0,9.787447094170442,0.00019268148406671216,0.00019268148406671216,0.0,0.0,0.0,0.0,0.8,0.0,1.2470585086679725e-05,1.4057750461348056e-05,3.752178543024719e-08,0.3,10193417.840773376,-12.160591814622213
286.75,4,cGDL,-12.160618532244143,0.0,9.787509327561377,0.0001922010314815355,0.0001922010314815355,0.0,0.0,0.0,0.0,0.8,0.0,1.2470581474196435e-05,1.4057746389094163e-05,3.752172224592103e-08,0.3,10193417.840773376,-12.160635016701177
286.84999999999997,4,cGDL,-12.160661886413664,0.0,9.78757156096354,0.0001917205741905516,0.0001917205741905516,0.0,0.0,0.0,0.0,0.8,0.0,1.2470577848989862e-05,1.4057742302497664e-05,3.752165883911136e-08,0.3,10193417.840773376,-12.160678370944384
286.95,4,cGDL,-12.160705392748014,0.0,9.787633794376994,0.00019124011220470133,0.00019124011220470133,0.0,0.0,0.0,0.0,0.8,0.0,1.2470574211059957e-05,1.40577382015585e-05,3.7521595209817966e-08,0.3,10193417.840773376,-12.160721877352508
287.04999999999995,4,cGDL,-12.16074905124799,0.0,9.7876960278018,0.00019075964553492562,0.00019075964553492562,0.0,0.0,0.0,0.0,0.8,0.0,1.2470570560406668e-05,1.4057734086276607e-05,3.752153135804036e-08,0.3,10193417.840773376,-12.160765535926236
287.15000000000003,4,cGDL,-12.160792861914217,0.0,9.787758261238023,0.0001902791741921658,0.0001902791741921658,0.0,0.0,0.0,0.0,0.8,0.0,1.2470566897029944e-05,1.4057729956651935e-05,3.752146728377825e-08,0.3,10193417.840773376,-12.160809346666245
287.24999999999994,4,cGDL,-12.16083682474732,0.0,9.787820494685725,0.000189798698187363,0.000189798698187363,0.0,0.0,0.0,0.0,0.8,0.0,1.2470563220929731e-05,1.4057725812684426e-05,3.7521402987031365e-08,0.3,10193417.840773376,-12.160853309573222
287.35,4,cGDL,-12.160880939748097,0.0,9.78788272814497,0.00018931821753145818,0.00018931821753145818,0.0,0.0,0.0,0.0,0.8,0.0,1.2470559532105977e-05,1.405772165437401e-05,3.752133846779924e-08,0.3,10193417.840773376,-12.160897424647843
287.45,4,cGDL,-12.160925206917113,0.0,9.787944961615818,0.0001888377322353925,0.0001888377322353925,0.0,0.0,0.0,0.0,0.8,0.0,1.2470555830558635e-05,1.4057717481720643e-05,3.7521273726081665e-08,0.3,10193417.840773376,-12.160941691890796
287.55,4,cGDL,-12.160969626255167,0.0,9.788007195098334,0.00018835724231010698,0.00018835724231010698,0.0,0.0,0.0,0.0,0.8,0.0,1.2470552116287645e-05,1.4057713294724253e-05,3.7521208761878186e-08,0.3,10193417.840773376,-12.160986111302767
287.65,4,cGDL,-12.161014197762825,0.0,9.78806942859258,0.00018787674776654228,0.00018787674776654228,0.0,0.0,0.0,0.0,0.8,0.0,1.2470548389292963e-05,1.4057709093384793e-05,3.752114357518861e-08,0.3,10193417.840773376,-12.161030682884432
287.75,4,cGDL,-12.161058921440826,0.0,9.78813166209862,0.0001873962486156393,0.0001873962486156393,0.0,0.0,0.0,0.0,0.8,0.0,1.2470544649574528e-05,1.4057704877702198e-05,3.75210781660125e-08,0.3,10193417.840773376,-12.161075406636474
287.84999999999997,4,cGDL,-12.161103797289854,0.0,9.788193895616514,0.00018691574486833916,0.00018691574486833916,0.0,0.0,0.0,0.0,0.8,0.0,1.2470540897132295e-05,1.4057700647676405e-05,3.75210125343496e-08,0.3,10193417.840773376,-12.161120282559585
287.95000000000005,4,cGDL,-12.161148825310647,0.0,9.788256129146326,0.00018643523653558245,0.00018643523653558245,0.0,0.0,0.0,0.0,0.8,0.0,1.2470537131966203e-05,1.4057696403307357e-05,3.752094668019942e-08,0.3,10193417.840773376,-12.161165310654447
288.04999999999995,4,cGDL,-12.161194005503773,0.0,9.78831836268812,0.00018595472362831027,0.00018595472362831027,0.0,0.0,0.0,0.0,0.8,0.0,1.247053335407621e-05,1.4057692144595003e-05,3.752088060356187e-08,0.3,10193417.840773376,-12.161210490921741
288.15000000000003,4,cGDL,-12.161239337869972,0.0,9.788380596241959,0.0001854742061574632,0.0001854742061574632,0.0,0.0,0.0,0.0,0.8,0.0,1.2470529563462259e-05,1.4057687871539276e-05,3.7520814304436535e-08,0.3,10193417.840773376,-12.161255823362152
288.25,4,cGDL,-12.161284822409982,0.0,9.788442829807904,0.00018499368413398215,0.00018499368413398215,0.0,0.0,0.0,0.0,0.8,0.0,1.2470525760124296e-05,1.4057683584140117e-05,3.7520747782822924e-08,0.3,10193417.840773376,-12.161301307976373
288.3499999999999,4,cGDL,-12.161330459124429,0.0,9.788505063386019,0.00018451315756880737,0.00018451315756880737,0.0,0.0,0.0,0.0,0.8,0.0,1.2470521944062268e-05,1.4057679282397468e-05,3.7520681038720936e-08,0.3,10193417.840773376,-12.161346944765082
288.45,4,cGDL,-12.161376248013937,0.0,9.788567296976366,0.00018403262647287985,0.00018403262647287985,0.0,0.0,0.0,0.0,0.8,0.0,1.2470518115276137e-05,1.4057674966311281e-05,3.752061407213027e-08,0.3,10193417.840773376,-12.161392733728968
288.54999999999995,4,cGDL,-12.16142218907936,0.0,9.788629530579009,0.0001835520908571402,0.0001835520908571402,0.0,0.0,0.0,0.0,0.8,0.0,1.2470514273765826e-05,1.4057670635881478e-05,3.7520546883050406e-08,0.3,10193417.840773376,-12.161438674868723
288.65,4,cGDL,-12.16146828232121,0.0,9.788691764194008,0.00018307155073252906,0.00018307155073252906,0.0,0.0,0.0,0.0,0.8,0.0,1.2470510419531303e-05,1.4057666291108015e-05,3.7520479471481195e-08,0.3,10193417.840773376,-12.161484768185025
288.74999999999994,4,cGDL,-12.16151452774028,0.0,9.788753997821429,0.00018259100610998672,0.00018259100610998672,0.0,0.0,0.0,0.0,0.8,0.0,1.2470506552572504e-05,1.4057661931990825e-05,3.752041183742225e-08,0.3,10193417.840773376,-12.161531013678568
288.85,4,cGDL,-12.161560925337199,0.0,9.788816231461333,0.00018211045700045351,0.00018211045700045351,0.0,0.0,0.0,0.0,0.8,0.0,1.2470502672889386e-05,1.4057657558529856e-05,3.7520343980873346e-08,0.3,10193417.840773376,-12.16157741135004
288.94999999999993,4,cGDL,-12.161607475112703,0.0,9.788878465113783,0.00018162990341487003,0.00018162990341487003,0.0,0.0,0.0,0.0,0.8,0.0,1.2470498780481892e-05,1.4057653170725041e-05,3.7520275901834066e-08,0.3,10193417.840773376,-12.16162396120013
289.05,4,cGDL,-12.161654177067476,0.0,9.788940698778843,0.00018114934536417706,0.00018114934536417706,0.0,0.0,0.0,0.0,0.8,0.0,1.2470494875349964e-05,1.4057648768576324e-05,3.7520207600304106e-08,0.3,10193417.840773376,-12.161670663229522
289.15,4,cGDL,-12.161701031202199,0.0,9.789002932456574,0.00018066878285931463,0.00018066878285931463,0.0,0.0,0.0,0.0,0.8,0.0,1.2470490957493555e-05,1.4057644352083645e-05,3.75201390762832e-08,0.3,10193417.840773376,-12.161717517438912
289.25,4,cGDL,-12.161748037517498,0.0,9.789065166147038,0.00018018821591122322,0.00018018821591122322,0.0,0.0,0.0,0.0,0.8,0.0,1.2470487026912617e-05,1.405763992124695e-05,3.752007032977109e-08,0.3,10193417.840773376,-12.161764523828984
289.34999999999997,4,cGDL,-12.161795196014168,0.0,9.789127399850301,0.00017970764453084317,0.00017970764453084317,0.0,0.0,0.0,0.0,0.8,0.0,1.2470483083607089e-05,1.4057635476066172e-05,3.7520001360767345e-08,0.3,10193417.840773376,-12.161811682400439
289.45,4,cGDL,-12.161842506692835,0.0,9.789189633566425,0.00017922706872911464,0.00017922706872911464,0.0,0.0,0.0,0.0,0.8,0.0,1.247047912757692e-05,1.4057631016541256e-05,3.751993216927177e-08,0.3,10193417.840773376,-12.161858993153958
289.54999999999995,4,cGDL,-12.161889969554181,0.0,9.789251867295471,0.00017874648851697776,0.00017874648851697776,0.0,0.0,0.0,0.0,0.8,0.0,1.2470475158822066e-05,1.4057626542672148e-05,3.7519862755284076e-08,0.3,10193417.840773376,-12.161906456090236
289.65000000000003,4,cGDL,-12.161937584598945,0.0,9.789314101037501,0.0001782659039053729,0.0001782659039053729,0.0,0.0,0.0,0.0,0.8,0.0,1.2470471177342462e-05,1.4057622054458776e-05,3.751979311880391e-08,0.3,10193417.840773376,-12.161954071209966
289.74999999999994,4,cGDL,-12.161985351827752,0.0,9.789376334792582,0.0001777853149052402,0.0001777853149052402,0.0,0.0,0.0,0.0,0.8,0.0,1.2470467183138066e-05,1.4057617551901092e-05,3.751972325983097e-08,0.3,10193417.840773376,-12.162001838513838
289.85,4,cGDL,-12.162033271241341,0.0,9.789438568560772,0.00017730472152751957,0.00017730472152751957,0.0,0.0,0.0,0.0,0.8,0.0,1.2470463176208824e-05,1.4057613034999037e-05,3.751965317836502e-08,0.3,10193417.840773376,-12.162049758002548
289.95,4,cGDL,-12.162081342840452,0.0,9.789500802342136,0.00017682412378315128,0.00017682412378315128,0.0,0.0,0.0,0.0,0.8,0.0,1.2470459156554672e-05,1.4057608503752538e-05,3.751958287440561e-08,0.3,10193417.840773376,-12.162097829676792
290.05,4,cGDL,-12.162129566625708,0.0,9.78956303613674,0.00017634352168307524,0.00017634352168307524,0.0,0.0,0.0,0.0,0.8,0.0,1.2470455124175566e-05,1.4057603958161546e-05,3.7519512347952576e-08,0.3,10193417.840773376,-12.162146053537262
290.15,4,cGDL,-12.162177942597793,0.0,9.789625269944638,0.0001758629152382317,0.0001758629152382317,0.0,0.0,0.0,0.0,0.8,0.0,1.2470451079071455e-05,1.4057599398226004e-05,3.7519441599005684e-08,0.3,10193417.840773376,-12.162194429584652
290.25000000000006,4,cGDL,-12.162226470757446,0.0,9.789687503765903,0.00017538230445956083,0.00017538230445956083,0.0,0.0,0.0,0.0,0.8,0.0,1.2470447021242286e-05,1.405759482394585e-05,3.7519370627564526e-08,0.3,10193417.840773376,-12.162242957819661
290.34999999999997,4,cGDL,-12.162275151105348,0.0,9.789749737600589,0.0001749016893580022,0.0001749016893580022,0.0,0.0,0.0,0.0,0.8,0.0,1.2470442950688e-05,1.4057590235321016e-05,3.7519299433628796e-08,0.3,10193417.840773376,-12.162291638242982
290.45000000000005,4,cGDL,-12.162323983642182,0.0,9.789811971448765,0.00017442106994449585,0.00017442106994449585,0.0,0.0,0.0,0.0,0.8,0.0,1.247043886740855e-05,1.4057585632351459e-05,3.7519228017198316e-08,0.3,10193417.840773376,-12.162340470855316
290.55,4,cGDL,-12.16237296836863,0.0,9.789874205310491,0.00017394044622998182,0.00017394044622998182,0.0,0.0,0.0,0.0,0.8,0.0,1.2470434771403884e-05,1.4057581015037105e-05,3.751915637827276e-08,0.3,10193417.840773376,-12.162389455657353
290.6499999999999,4,cGDL,-12.162422105285486,0.0,9.78993643918583,0.00017345981822539992,0.00017345981822539992,0.0,0.0,0.0,0.0,0.8,0.0,1.247043066267394e-05,1.4057576383377898e-05,3.751908451685175e-08,0.3,10193417.840773376,-12.162438592649803
290.75,4,cGDL,-12.162471394393322,0.0,9.789998673074846,0.00017297918594168964,0.00017297918594168964,0.0,0.0,0.0,0.0,0.8,0.0,1.2470426541218676e-05,1.405757173737378e-05,3.751901243293516e-08,0.3,10193417.840773376,-12.162487881833353
290.84999999999997,4,cGDL,-12.162520835692874,0.0,9.7900609069776,0.00017249854938979092,0.00017249854938979092,0.0,0.0,0.0,0.0,0.8,0.0,1.2470422407038037e-05,1.4057567077024696e-05,3.751894012652262e-08,0.3,10193417.840773376,-12.162537323208712
290.95,4,cGDL,-12.162570429184939,0.0,9.790123140894154,0.00017201790858064345,0.00017201790858064345,0.0,0.0,0.0,0.0,0.8,0.0,1.2470418260131959e-05,1.4057562402330574e-05,3.7518867597613734e-08,0.3,10193417.840773376,-12.16258691677657
291.04999999999995,4,cGDL,-12.162620174870085,0.0,9.790185374824574,0.00017153726352518706,0.00017153726352518706,0.0,0.0,0.0,0.0,0.8,0.0,1.2470414100500403e-05,1.4057557713291363e-05,3.7518794846208434e-08,0.3,10193417.840773376,-12.162636662537635
291.15,4,cGDL,-12.162670072749052,0.0,9.79024760876892,0.00017105661423436156,0.00017105661423436156,0.0,0.0,0.0,0.0,0.8,0.0,1.2470409928143307e-05,1.4057553009907001e-05,3.7518721872306326e-08,0.3,10193417.840773376,-12.16268656049261
291.24999999999994,4,cGDL,-12.16272012282252,0.0,9.790309842727257,0.00017057596071910655,0.00017057596071910655,0.0,0.0,0.0,0.0,0.8,0.0,1.2470405743060626e-05,1.4057548292177434e-05,3.751864867590724e-08,0.3,10193417.840773376,-12.162736610642192
291.35,4,cGDL,-12.162770325091287,0.0,9.790372076699645,0.00017009530299036152,0.00017009530299036152,0.0,0.0,0.0,0.0,0.8,0.0,1.2470401545252297e-05,1.405754356010259e-05,3.75185752570107e-08,0.3,10193417.840773376,-12.162786812987084
291.44999999999993,4,cGDL,-12.162820679555978,0.0,9.79043431068615,0.00016961464105906608,0.00016961464105906608,0.0,0.0,0.0,0.0,0.8,0.0,1.2470397334718273e-05,1.4057538813682417e-05,3.7518501615616574e-08,0.3,10193417.840773376,-12.162837167527993
291.55,4,cGDL,-12.16287118621733,0.0,9.790496544686832,0.0001691339749361597,0.0001691339749361597,0.0,0.0,0.0,0.0,0.8,0.0,1.2470393111458497e-05,1.4057534052916852e-05,3.7518427751724535e-08,0.3,10193417.840773376,-12.162887674265622
291.65,4,cGDL,-12.16292184507597,0.0,9.790558778701755,0.00016865330463258202,0.00016865330463258202,0.0,0.0,0.0,0.0,0.8,0.0,1.2470388875472923e-05,1.405752927780584e-05,3.7518353665334416e-08,0.3,10193417.840773376,-12.162938333200678
291.75,4,cGDL,-12.162972656132695,0.0,9.79062101273098,0.00016817263015927227,0.00016817263015927227,0.0,0.0,0.0,0.0,0.8,0.0,1.247038462676149e-05,1.4057524488349317e-05,3.751827935644583e-08,0.3,10193417.840773376,-12.162989144333864
291.84999999999997,4,cGDL,-12.163023619388184,0.0,9.790683246774572,0.0001676919515271703,0.0001676919515271703,0.0,0.0,0.0,0.0,0.8,0.0,1.2470380365324145e-05,1.405751968454722e-05,3.7518204825058515e-08,0.3,10193417.840773376,-12.163040107665884
291.95000000000005,4,cGDL,-12.163074734843121,0.0,9.790745480832594,0.00016721126874721514,0.00016721126874721514,0.0,0.0,0.0,0.0,0.8,0.0,1.2470376091160838e-05,1.405751486639949e-05,3.751813007117223e-08,0.3,10193417.840773376,-12.163091223197451
292.04999999999995,4,cGDL,-12.163126002498245,0.0,9.790807714905107,0.0001667305818303463,0.0001667305818303463,0.0,0.0,0.0,0.0,0.8,0.0,1.2470371804271515e-05,1.4057510033906071e-05,3.7518055094786706e-08,0.3,10193417.840773376,-12.163142490929268
292.15000000000003,4,cGDL,-12.163177422354181,0.0,9.790869948992174,0.00016624989078750315,0.00016624989078750315,0.0,0.0,0.0,0.0,0.8,0.0,1.2470367504656124e-05,1.4057505187066905e-05,3.751797989590176e-08,0.3,10193417.840773376,-12.163193910862047
292.25,4,cGDL,-12.163228994411782,0.0,9.79093218309386,0.0001657691956296252,0.0001657691956296252,0.0,0.0,0.0,0.0,0.8,0.0,1.2470363192314605e-05,1.405750032588192e-05,3.751790447451693e-08,0.3,10193417.840773376,-12.163245482996498
292.35,4,cGDL,-12.163280718671615,0.0,9.790994417210225,0.0001652884963676516,0.0001652884963676516,0.0,0.0,0.0,0.0,0.8,0.0,1.247035886724691e-05,1.4057495450351064e-05,3.751782883063216e-08,0.3,10193417.840773376,-12.16329720733333
292.45,4,cGDL,-12.163332595134477,0.0,9.791056651341332,0.00016480779301252186,0.00016480779301252186,0.0,0.0,0.0,0.0,0.8,0.0,1.2470354529452986e-05,1.4057490560474276e-05,3.751775296424703e-08,0.3,10193417.840773376,-12.16334908387325
292.55,4,cGDL,-12.163384623801107,0.0,9.791118885487245,0.0001643270855751748,0.0001643270855751748,0.0,0.0,0.0,0.0,0.8,0.0,1.247035017893277e-05,1.4057485656251488e-05,3.751767687536127e-08,0.3,10193417.840773376,-12.163401112616981
292.65,4,cGDL,-12.163436804672074,0.0,9.791181119648027,0.0001638463740665498,0.0001638463740665498,0.0,0.0,0.0,0.0,0.8,0.0,1.2470345815686221e-05,1.405748073768265e-05,3.751760056397482e-08,0.3,10193417.840773376,-12.163453293565226
292.75,4,cGDL,-12.163489137748229,0.0,9.791243353823738,0.00016336565849758605,0.00016336565849758605,0.0,0.0,0.0,0.0,0.8,0.0,1.2470341439713275e-05,1.4057475804767694e-05,3.7517524030087265e-08,0.3,10193417.840773376,-12.163505626718697
292.84999999999997,4,cGDL,-12.163541623030255,0.0,9.791305588014444,0.0001628849388792226,0.0001628849388792226,0.0,0.0,0.0,0.0,0.8,0.0,1.2470337051013883e-05,1.4057470857506562e-05,3.75174472736983e-08,0.3,10193417.840773376,-12.163558112078118
292.94999999999993,4,cGDL,-12.163594260518835,0.0,9.791367822220208,0.0001624042152223987,0.0001624042152223987,0.0,0.0,0.0,0.0,0.8,0.0,1.247033264958799e-05,1.405746589589919e-05,3.751737029480775e-08,0.3,10193417.840773376,-12.163610749644196
293.05,4,cGDL,-12.163647050214706,0.0,9.791430056441088,0.00016192348753805356,0.00016192348753805356,0.0,0.0,0.0,0.0,0.8,0.0,1.2470328235435547e-05,1.4057460919945526e-05,3.751729309341535e-08,0.3,10193417.840773376,-12.16366353941765
293.1499999999999,4,cGDL,-12.163699992118552,0.0,9.791492290677152,0.0001614427558371261,0.0001614427558371261,0.0,0.0,0.0,0.0,0.8,0.0,1.2470323808556492e-05,1.4057455929645501e-05,3.751721566952089e-08,0.3,10193417.840773376,-12.163716481399199
293.25,4,cGDL,-12.163753086231111,0.0,9.79155452492846,0.0001609620201305555,0.0001609620201305555,0.0,0.0,0.0,0.0,0.8,0.0,1.2470319368950776e-05,1.4057450924999054e-05,3.7517138023124035e-08,0.3,10193417.840773376,-12.163769575589555
293.34999999999997,4,cGDL,-12.163806332553122,0.0,9.791616759195076,0.00016048128042928057,0.00016048128042928057,0.0,0.0,0.0,0.0,0.8,0.0,1.247031491661834e-05,1.4057445906006127e-05,3.7517060154224586e-08,0.3,10193417.840773376,-12.163822821989443
293.45,4,cGDL,-12.163859731085267,0.0,9.791678993477062,0.0001600005367442403,0.0001600005367442403,0.0,0.0,0.0,0.0,0.8,0.0,1.2470310451559136e-05,1.405744087266666e-05,3.751698206282225e-08,0.3,10193417.840773376,-12.163876220599581
293.54999999999995,4,cGDL,-12.163913281828343,0.0,9.79174122777448,0.0001595197890863736,0.0001595197890863736,0.0,0.0,0.0,0.0,0.8,0.0,1.2470305973773098e-05,1.4057435824980584e-05,3.7516903748916704e-08,0.3,10193417.840773376,-12.163929771420685
293.65000000000003,4,cGDL,-12.163966984782974,0.0,9.791803462087394,0.00015903903746661958,0.00015903903746661958,0.0,0.0,0.0,0.0,0.8,0.0,1.2470301483260185e-05,1.4057430762947847e-05,3.751682521250784e-08,0.3,10193417.840773376,-12.163983474453481
293.74999999999994,4,cGDL,-12.164020839949899,0.0,9.791865696415867,0.00015855828189591714,0.00015855828189591714,0.0,0.0,0.0,0.0,0.8,0.0,1.2470296980020338e-05,1.4057425686568382e-05,3.751674645359538e-08,0.3,10193417.840773376,-12.16403732969869
293.85,4,cGDL,-12.164074847329857,0.0,9.791927930759961,0.00015807752238520504,0.00015807752238520504,0.0,0.0,0.0,0.0,0.8,0.0,1.2470292464053505e-05,1.4057420595842133e-05,3.751666747217905e-08,0.3,10193417.840773376,-12.164091337157034
293.95,4,cGDL,-12.164129006923588,0.0,9.791990165119739,0.0001575967589454219,0.0001575967589454219,0.0,0.0,0.0,0.0,0.8,0.0,1.2470287935359626e-05,1.4057415490769033e-05,3.751658826825862e-08,0.3,10193417.840773376,-12.164145496829237
294.05,4,cGDL,-12.16418331873183,0.0,9.792052399495262,0.00015711599158750676,0.00015711599158750676,0.0,0.0,0.0,0.0,0.8,0.0,1.2470283393938649e-05,1.4057410371349022e-05,3.751650884183371e-08,0.3,10193417.840773376,-12.164199808716024
294.15,4,cGDL,-12.164237782755265,0.0,9.792114633886596,0.00015663522032239815,0.00015663522032239815,0.0,0.0,0.0,0.0,0.8,0.0,1.2470278839790515e-05,1.4057405237582034e-05,3.751642919290425e-08,0.3,10193417.840773376,-12.164254272818127
294.25,4,cGDL,-12.164292398994576,0.0,9.7921768682938,0.00015615444516103502,0.00015615444516103502,0.0,0.0,0.0,0.0,0.8,0.0,1.2470274272915183e-05,1.4057400089468026e-05,3.7516349321470006e-08,0.3,10193417.840773376,-12.164308889136263
294.34999999999997,4,cGDL,-12.164347167450615,0.0,9.792239102716941,0.00015567366611435578,0.00015567366611435578,0.0,0.0,0.0,0.0,0.8,0.0,1.2470269693312581e-05,1.405739492700691e-05,3.7516269227530605e-08,0.3,10193417.840773376,-12.164363657671164
294.45000000000005,4,cGDL,-12.164402088124007,0.0,9.79230133715608,0.00015519288319329916,0.00015519288319329916,0.0,0.0,0.0,0.0,0.8,0.0,1.2470265100982667e-05,1.4057389750198645e-05,3.7516188911085854e-08,0.3,10193417.840773376,-12.16441857842356
294.54999999999995,4,cGDL,-12.164457161015548,0.0,9.792363571611277,0.000154712096408804,0.000154712096408804,0.0,0.0,0.0,0.0,0.8,0.0,1.2470260495925374e-05,1.4057384559043151e-05,3.7516108372135486e-08,0.3,10193417.840773376,-12.164473651394179
294.65000000000003,4,cGDL,-12.16451238612592,0.0,9.7924258060826,0.0001542313057718087,0.0001542313057718087,0.0,0.0,0.0,0.0,0.8,0.0,1.2470255878140661e-05,1.4057379353540381e-05,3.75160276106793e-08,0.3,10193417.840773376,-12.164528876583752
294.75,4,cGDL,-12.164567763455864,0.0,9.792488040570106,0.000153750511293252,0.000153750511293252,0.0,0.0,0.0,0.0,0.8,0.0,1.2470251247628462e-05,1.4057374133690265e-05,3.751594662671708e-08,0.3,10193417.840773376,-12.164584253993013
294.85,4,cGDL,-12.164623293006173,0.0,9.79255027507386,0.00015326971298407243,0.00015326971298407243,0.0,0.0,0.0,0.0,0.8,0.0,1.2470246604388722e-05,1.4057368899492741e-05,3.7515865420248425e-08,0.3,10193417.840773376,-12.16463978362269
294.95,4,cGDL,-12.164678974777473,0.0,9.792612509593928,0.0001527889108552088,0.0001527889108552088,0.0,0.0,0.0,0.0,0.8,0.0,1.2470241948421394e-05,1.4057363650947755e-05,3.751578399127331e-08,0.3,10193417.840773376,-12.164695465473521
295.04999999999995,4,cGDL,-12.164734808770561,0.0,9.792674744130368,0.00015230810491759944,0.00015230810491759944,0.0,0.0,0.0,0.0,0.8,0.0,1.2470237279726418e-05,1.4057358388055236e-05,3.751570233979141e-08,0.3,10193417.840773376,-12.164751299546241
295.15,4,cGDL,-12.164790794986118,0.0,9.792736978683244,0.00015182729518218262,0.00015182729518218262,0.0,0.0,0.0,0.0,0.8,0.0,1.2470232598303744e-05,1.405735311081513e-05,3.751562046580254e-08,0.3,10193417.840773376,-12.16480728584158
295.24999999999994,4,cGDL,-12.164846933424997,0.0,9.792799213252621,0.0001513464816598973,0.0001513464816598973,0.0,0.0,0.0,0.0,0.8,0.0,1.2470227904153304e-05,1.405734781922736e-05,3.75155383693063e-08,0.3,10193417.840773376,-12.16486342436028
295.35,4,cGDL,-12.164903224087823,0.0,9.79286144783856,0.00015086566436168158,0.00015086566436168158,0.0,0.0,0.0,0.0,0.8,0.0,1.2470223197275055e-05,1.405734251329188e-05,3.7515456050302615e-08,0.3,10193417.840773376,-12.164919715103078
295.44999999999993,4,cGDL,-12.164959666975335,0.0,9.792923682441122,0.00015038484329847395,0.00015038484329847395,0.0,0.0,0.0,0.0,0.8,0.0,1.2470218477668935e-05,1.4057337193008617e-05,3.7515373508791236e-08,0.3,10193417.840773376,-12.164976158070711
295.55,4,cGDL,-12.165016262088386,0.0,9.792985917060374,0.00014990401848121284,0.00014990401848121284,0.0,0.0,0.0,0.0,0.8,0.0,1.2470213745334887e-05,1.405733185837751e-05,3.751529074477178e-08,0.3,10193417.840773376,-12.16503275326392
295.65,4,cGDL,-12.165073009427601,0.0,9.793048151696375,0.00014942318992083663,0.00014942318992083663,0.0,0.0,0.0,0.0,0.8,0.0,1.247020900027286e-05,1.4057326509398497e-05,3.751520775824418e-08,0.3,10193417.840773376,-12.165089500683445
295.75,4,cGDL,-12.16512990899372,0.0,9.79311038634919,0.00014894235762828354,0.00014894235762828354,0.0,0.0,0.0,0.0,0.8,0.0,1.2470204242482802e-05,1.4057321146071524e-05,3.751512454920818e-08,0.3,10193417.840773376,-12.165146400330027
295.84999999999997,4,cGDL,-12.165186960787594,0.0,9.79317262101888,0.00014846152161449206,0.00014846152161449206,0.0,0.0,0.0,0.0,0.8,0.0,1.2470199471964648e-05,1.405731576839651e-05,3.751504111766343e-08,0.3,10193417.840773376,-12.165203452204414
295.95,4,cGDL,-12.165244164809849,0.0,9.793234855705508,0.0001479806818904004,0.0001479806818904004,0.0,0.0,0.0,0.0,0.8,0.0,1.2470194688718344e-05,1.4057310376373407e-05,3.751495746360987e-08,0.3,10193417.840773376,-12.165260656307344
296.04999999999995,4,cGDL,-12.16530152106128,0.0,9.793297090409137,0.00014749983846694664,0.00014749983846694664,0.0,0.0,0.0,0.0,0.8,0.0,1.2470189892743839e-05,1.4057304970002147e-05,3.7514873587047154e-08,0.3,10193417.840773376,-12.165318012639565
296.15000000000003,4,cGDL,-12.165359029542628,0.0,9.793359325129831,0.0001470189913550695,0.0001470189913550695,0.0,0.0,0.0,0.0,0.8,0.0,1.2470185084041074e-05,1.4057299549282666e-05,3.751478948797505e-08,0.3,10193417.840773376,-12.165375521201822
296.24999999999994,4,cGDL,-12.165416690254688,0.0,9.793421559867651,0.00014653814056570706,0.00014653814056570706,0.0,0.0,0.0,0.0,0.8,0.0,1.247018026260999e-05,1.4057294114214897e-05,3.7514705166393313e-08,0.3,10193417.840773376,-12.165433181994862
296.35,4,cGDL,-12.165474503198084,0.0,9.793483794622661,0.00014605728610979748,0.00014605728610979748,0.0,0.0,0.0,0.0,0.8,0.0,1.2470175428450538e-05,1.405728866479879e-05,3.7514620622301865e-08,0.3,10193417.840773376,-12.165490995019436
296.45,4,cGDL,-12.16553246837367,0.0,9.793546029394921,0.00014557642799827876,0.00014557642799827876,0.0,0.0,0.0,0.0,0.8,0.0,1.2470170581562656e-05,1.4057283201034268e-05,3.7514535855700354e-08,0.3,10193417.840773376,-12.165548960276292
296.55,4,cGDL,-12.165590585782184,0.0,9.793608264184499,0.0001450955662420891,0.0001450955662420891,0.0,0.0,0.0,0.0,0.8,0.0,1.2470165721946287e-05,1.4057277722921269e-05,3.7514450866588515e-08,0.3,10193417.840773376,-12.165607077766182
296.65,4,cGDL,-12.165648855424365,0.0,9.793670498991453,0.00014461470085216666,0.00014461470085216666,0.0,0.0,0.0,0.0,0.8,0.0,1.2470160849601375e-05,1.4057272230459732e-05,3.7514365654966143e-08,0.3,10193417.840773376,-12.165665347489858
296.75000000000006,4,cGDL,-12.165707277300953,0.0,9.793732733815848,0.00014413383183944938,0.00014413383183944938,0.0,0.0,0.0,0.0,0.8,0.0,1.2470155964527869e-05,1.4057266723649599e-05,3.7514280220833114e-08,0.3,10193417.840773376,-12.165723769448068
296.84999999999997,4,cGDL,-12.165765851412687,0.0,9.793794968657744,0.00014365295921487547,0.00014365295921487547,0.0,0.0,0.0,0.0,0.8,0.0,1.2470151066725707e-05,1.4057261202490795e-05,3.7514194564189135e-08,0.3,10193417.840773376,-12.16578234364157
296.95000000000005,4,cGDL,-12.165824577760361,0.0,9.793857203517208,0.0001431720829893829,0.0001431720829893829,0.0,0.0,0.0,0.0,0.8,0.0,1.2470146156194836e-05,1.4057255666983267e-05,3.751410868503392e-08,0.3,10193417.840773376,-12.165841070071119
297.05,4,cGDL,-12.165883456344716,0.0,9.7939194383943,0.0001426912031739099,0.0001426912031739099,0.0,0.0,0.0,0.0,0.8,0.0,1.2470141232935192e-05,1.4057250117126943e-05,3.751402258336733e-08,0.3,10193417.840773376,-12.165899948737474
297.15,4,cGDL,-12.16594248716649,0.0,9.793981673289082,0.00014221031977939446,0.00014221031977939446,0.0,0.0,0.0,0.0,0.8,0.0,1.2470136296946725e-05,1.4057244552921765e-05,3.7513936259189124e-08,0.3,10193417.840773376,-12.165958979641387
297.25,4,cGDL,-12.166001670226478,0.0,9.794043908201617,0.0001417294328167745,0.0001417294328167745,0.0,0.0,0.0,0.0,0.8,0.0,1.2470131348229377e-05,1.4057238974367665e-05,3.7513849712499044e-08,0.3,10193417.840773376,-12.166018162783619
297.3499999999999,4,cGDL,-12.166061005525364,0.0,9.794106143131971,0.00014124854229698793,0.00014124854229698793,0.0,0.0,0.0,0.0,0.8,0.0,1.2470126386783096e-05,1.4057233381464581e-05,3.751376294329696e-08,0.3,10193417.840773376,-12.166077498164931
297.45,4,cGDL,-12.166120493064,0.0,9.794168378080203,0.00014076764823097278,0.00014076764823097278,0.0,0.0,0.0,0.0,0.8,0.0,1.2470121412607814e-05,1.4057227774212444e-05,3.751367595158256e-08,0.3,10193417.840773376,-12.16613698578608
297.54999999999995,4,cGDL,-12.166180132843124,0.0,9.794230613046379,0.00014028675062966676,0.00014028675062966676,0.0,0.0,0.0,0.0,0.8,0.0,1.2470116425703479e-05,1.4057222152611195e-05,3.7513588737355576e-08,0.3,10193417.840773376,-12.166196625647837
297.65,4,cGDL,-12.166239924863476,0.0,9.794292848030556,0.00013980584950400778,0.00013980584950400778,0.0,0.0,0.0,0.0,0.8,0.0,1.2470111426070035e-05,1.4057216516660767e-05,3.751350130061589e-08,0.3,10193417.840773376,-12.166256417750954
297.74999999999994,4,cGDL,-12.166299869125794,0.0,9.794355083032803,0.00013932494486493377,0.00013932494486493377,0.0,0.0,0.0,0.0,0.8,0.0,1.2470106413707425e-05,1.4057210866361098e-05,3.751341364136327e-08,0.3,10193417.840773376,-12.166316362096206
297.85,4,cGDL,-12.166359965630932,0.0,9.794417318053181,0.00013884403672338247,0.00013884403672338247,0.0,0.0,0.0,0.0,0.8,0.0,1.2470101388615588e-05,1.4057205201712118e-05,3.751332575959742e-08,0.3,10193417.840773376,-12.16637645868435
297.94999999999993,4,cGDL,-12.166420214379514,0.0,9.794479553091751,0.00013836312509029182,0.00013836312509029182,0.0,0.0,0.0,0.0,0.8,0.0,1.2470096350794472e-05,1.405719952271377e-05,3.751323765531832e-08,0.3,10193417.840773376,-12.166436707516164
298.05,4,cGDL,-12.16648061537245,0.0,9.794541788148576,0.00013788220997659967,0.00013788220997659967,0.0,0.0,0.0,0.0,0.8,0.0,1.2470091300244015e-05,1.405719382936598e-05,3.751314932852546e-08,0.3,10193417.840773376,-12.166497108592406
298.15,4,cGDL,-12.166541168610479,0.0,9.79460402322372,0.00013740129139324384,0.00013740129139324384,0.0,0.0,0.0,0.0,0.8,0.0,1.2470086236964158e-05,1.4057188121668685e-05,3.751306077921878e-08,0.3,10193417.840773376,-12.166557661913851
298.25,4,cGDL,-12.166601874094283,0.0,9.794666258317244,0.00013692036935116208,0.00013692036935116208,0.0,0.0,0.0,0.0,0.8,0.0,1.247008116095485e-05,1.405718239962183e-05,3.7512972007398096e-08,0.3,10193417.840773376,-12.166618367481265
298.34999999999997,4,cGDL,-12.166662731824772,0.0,9.794728493429213,0.00013643944386129204,0.00013643944386129204,0.0,0.0,0.0,0.0,0.8,0.0,1.247007607221602e-05,1.4057176663225333e-05,3.751288301306308e-08,0.3,10193417.840773376,-12.166679225295425
298.45000000000005,4,cGDL,-12.16672374180257,0.0,9.794790728559688,0.00013595851493457137,0.00013595851493457137,0.0,0.0,0.0,0.0,0.8,0.0,1.2470070970747631e-05,1.4057170912479149e-05,3.751279379621366e-08,0.3,10193417.840773376,-12.166740235357103
298.54999999999995,4,cGDL,-12.166784904028532,0.0,9.794852963708733,0.00013547758258193788,0.00013547758258193788,0.0,0.0,0.0,0.0,0.8,0.0,1.2470065856549612e-05,1.4057165147383198e-05,3.751270435684948e-08,0.3,10193417.840773376,-12.166801397667072
298.65000000000003,4,cGDL,-12.166846218503451,0.0,9.79491519887641,0.00013499664681432922,0.00013499664681432922,0.0,0.0,0.0,0.0,0.8,0.0,1.2470060729621902e-05,1.4057159367937417e-05,3.751261469497039e-08,0.3,10193417.840773376,-12.16686271222611
298.74999999999994,4,cGDL,-12.166907685228068,0.0,9.794977434062782,0.0001345157076426831,0.0001345157076426831,0.0,0.0,0.0,0.0,0.8,0.0,1.2470055589964443e-05,1.4057153574141735e-05,3.7512524810576186e-08,0.3,10193417.840773376,-12.166924179034991
298.85,4,cGDL,-12.166969304203178,0.0,9.79503966926791,0.0001340347650779372,0.0001340347650779372,0.0,0.0,0.0,0.0,0.8,0.0,1.2470050437577186e-05,1.40571477659961e-05,3.751243470366656e-08,0.3,10193417.840773376,-12.166985798094496
298.95,4,cGDL,-12.16703107542952,0.0,9.795101904491858,0.00013355381913102897,0.00013355381913102897,0.0,0.0,0.0,0.0,0.8,0.0,1.2470045272460066e-05,1.405714194350044e-05,3.751234437424146e-08,0.3,10193417.840773376,-12.167047569405405
299.05,4,cGDL,-12.167092998907947,0.0,9.79516413973469,0.00013307286981289622,0.00013307286981289622,0.0,0.0,0.0,0.0,0.8,0.0,1.2470040094613025e-05,1.4057136106654682e-05,3.751225382230052e-08,0.3,10193417.840773376,-12.167109492968498
299.15,4,cGDL,-12.167155074639197,0.0,9.795226374996465,0.00013259191713447627,0.00013259191713447627,0.0,0.0,0.0,0.0,0.8,0.0,1.2470034904036005e-05,1.405713025545877e-05,3.751216304784356e-08,0.3,10193417.840773376,-12.167171568784553
299.25000000000006,4,cGDL,-12.16721730262401,0.0,9.79528861027725,0.00013211096110670654,0.00013211096110670654,0.0,0.0,0.0,0.0,0.8,0.0,1.247002970072895e-05,1.4057124389912636e-05,3.751207205087045e-08,0.3,10193417.840773376,-12.167233796854362
299.34999999999997,4,cGDL,-12.167279682863239,0.0,9.795350845577106,0.0001316300017405246,0.0001316300017405246,0.0,0.0,0.0,0.0,0.8,0.0,1.2470024484691798e-05,1.4057118510016209e-05,3.751198083138092e-08,0.3,10193417.840773376,-12.1672961771787
299.45,4,cGDL,-12.167342215357621,0.0,9.795413080896097,0.00013114903904686817,0.00013114903904686817,0.0,0.0,0.0,0.0,0.8,0.0,1.2470019255924489e-05,1.4057112615769423e-05,3.751188938937474e-08,0.3,10193417.840773376,-12.16735870975836
299.55,4,cGDL,-12.16740490010801,0.0,9.795475316234283,0.00013066807303667482,0.00013066807303667482,0.0,0.0,0.0,0.0,0.8,0.0,1.2470014014426968e-05,1.4057106707172217e-05,3.7511797724851704e-08,0.3,10193417.840773376,-12.167421394594133
299.6499999999999,4,cGDL,-12.167467737115146,0.0,9.795537551591726,0.00013018710372088196,0.00013018710372088196,0.0,0.0,0.0,0.0,0.8,0.0,1.247000876019917e-05,1.4057100784224519e-05,3.751170583781159e-08,0.3,10193417.840773376,-12.1674842316868
299.75,4,cGDL,-12.167530726379766,0.0,9.795599786968493,0.00012970613111042703,0.00012970613111042703,0.0,0.0,0.0,0.0,0.8,0.0,1.2470003493241043e-05,1.4057094846926268e-05,3.751161372825429e-08,0.3,10193417.840773376,-12.16754722103715
299.84999999999997,4,cGDL,-12.16759386790278,0.0,9.795662022364645,0.0001292251552162473,0.0001292251552162473,0.0,0.0,0.0,0.0,0.8,0.0,1.2469998213552527e-05,1.4057088895277393e-05,3.751152139617937e-08,0.3,10193417.840773376,-12.16761036264598
299.95,4,cGDL,-12.167657161684872,0.0,9.795724257780243,0.00012874417604928032,0.00012874417604928032,0.0,0.0,0.0,0.0,0.8,0.0,1.246999292113356e-05,1.4057082929277831e-05,3.751142884158688e-08,0.3,10193417.840773376,-12.167673656514081
300.04999999999995,4,cGDL,-12.167720607726949,0.0,9.795786493215353,0.00012826319362046362,0.00012826319362046362,0.0,0.0,0.0,0.0,0.8,0.0,1.2469987615984076e-05,1.4057076948927505e-05,3.751133606447636e-08,0.3,10193417.840773376,-12.167737102642247
300.15,4,cGDL,-12.167784206029694,0.0,9.795848728670034,0.00012778220794073446,0.00012778220794073446,0.0,0.0,0.0,0.0,0.8,0.0,1.2469982298104028e-05,1.405707095422636e-05,3.751124306484778e-08,0.3,10193417.840773376,-12.167800701031277
300.24999999999994,4,cGDL,-12.167847956593903,0.0,9.79591096414435,0.00012730121902103034,0.00012730121902103034,0.0,0.0,0.0,0.0,0.8,0.0,1.2469976967493355e-05,1.405706494517433e-05,3.7511149842700925e-08,0.3,10193417.840773376,-12.167864451681963
300.35,4,cGDL,-12.167911859420485,0.0,9.795973199638365,0.00012682022687228852,0.00012682022687228852,0.0,0.0,0.0,0.0,0.8,0.0,1.2469971624151987e-05,1.405705892177133e-05,3.751105639803547e-08,0.3,10193417.840773376,-12.167928354595103
300.44999999999993,4,cGDL,-12.16797591451018,0.0,9.79603543515214,0.0001263392315054462,0.0001263392315054462,0.0,0.0,0.0,0.0,0.8,0.0,1.246996626807987e-05,1.4057052884017308e-05,3.751096273085124e-08,0.3,10193417.840773376,-12.1679924097715
300.55,4,cGDL,-12.168040121863726,0.0,9.796097670685738,0.00012585823293144091,0.00012585823293144091,0.0,0.0,0.0,0.0,0.8,0.0,1.2469960899276948e-05,1.4057046831912195e-05,3.75108688411481e-08,0.3,10193417.840773376,-12.168056617211954
300.65,4,cGDL,-12.168104481482032,0.0,9.796159906239224,0.00012537723116120983,0.00012537723116120983,0.0,0.0,0.0,0.0,0.8,0.0,1.2469955517743154e-05,1.4057040765455921e-05,3.751077472892576e-08,0.3,10193417.840773376,-12.168120976917269
300.75,4,cGDL,-12.168168993365782,0.0,9.796222141812658,0.00012489622620569024,0.00012489622620569024,0.0,0.0,0.0,0.0,0.8,0.0,1.2469950123478438e-05,1.4057034684648421e-05,3.751068039418411e-08,0.3,10193417.840773376,-12.168185488888245
300.84999999999997,4,cGDL,-12.168233657515884,0.0,9.796284377406103,0.00012441521807581945,0.00012441521807581945,0.0,0.0,0.0,0.0,0.8,0.0,1.246994471648273e-05,1.4057028589489623e-05,3.751058583692285e-08,0.3,10193417.840773376,-12.16825015312569
300.95000000000005,4,cGDL,-12.168298473933135,0.0,9.796346613019622,0.0001239342067825348,0.0001239342067825348,0.0,0.0,0.0,0.0,0.8,0.0,1.2469939296755966e-05,1.4057022479979456e-05,3.751049105714171e-08,0.3,10193417.840773376,-12.168314969630412
301.04999999999995,4,cGDL,-12.168363442618272,0.0,9.796408848653279,0.00012345319233677355,0.00012345319233677355,0.0,0.0,0.0,0.0,0.8,0.0,1.2469933864298102e-05,1.4057016356117862e-05,3.751039605484068e-08,0.3,10193417.840773376,-12.168379938403215
301.15000000000003,4,cGDL,-12.16842856357215,0.0,9.796471084307136,0.00012297217474947292,0.00012297217474947292,0.0,0.0,0.0,0.0,0.8,0.0,1.2469928419109067e-05,1.4057010217904765e-05,3.751030083001939e-08,0.3,10193417.840773376,-12.16844505944491
301.25,4,cGDL,-12.16849383679562,0.0,9.796533319981254,0.00012249115403157001,0.00012249115403157001,0.0,0.0,0.0,0.0,0.8,0.0,1.2469922961188795e-05,1.4057004065340095e-05,3.7510205382677626e-08,0.3,10193417.840773376,-12.168510332756309
301.35,4,cGDL,-12.16855926228942,0.0,9.7965955556757,0.00012201013019400199,0.00012201013019400199,0.0,0.0,0.0,0.0,0.8,0.0,1.2469917490537236e-05,1.4056997898423793e-05,3.75101097128153e-08,0.3,10193417.840773376,-12.168575758338227
301.45,4,cGDL,-12.168624840054406,0.0,9.79665779139053,0.00012152910324770622,0.00012152910324770622,0.0,0.0,0.0,0.0,0.8,0.0,1.2469912007154322e-05,1.4056991717155781e-05,3.751001382043209e-08,0.3,10193417.840773376,-12.168641336191472
301.55,4,cGDL,-12.168690570091371,0.0,9.796720027125813,0.00012104807320361961,0.00012104807320361961,0.0,0.0,0.0,0.0,0.8,0.0,1.2469906511039997e-05,1.4056985521535997e-05,3.750991770552785e-08,0.3,10193417.840773376,-12.168707066316863
301.65,4,cGDL,-12.168756452401112,0.0,9.796782262881608,0.00012056704007267952,0.00012056704007267952,0.0,0.0,0.0,0.0,0.8,0.0,1.2469901002194202e-05,1.4056979311564373e-05,3.7509821368102416e-08,0.3,10193417.840773376,-12.168772948715215
301.74999999999994,4,cGDL,-12.168822486984482,0.0,9.79684449865798,0.0001200860038658228,0.0001200860038658228,0.0,0.0,0.0,0.0,0.8,0.0,1.2469895480616869e-05,1.4056973087240833e-05,3.7509724808155486e-08,0.3,10193417.840773376,-12.16883898338735
301.84999999999997,4,cGDL,-12.168888673842332,0.0,9.796906734454991,0.00011960496459398649,0.00011960496459398649,0.0,0.0,0.0,0.0,0.8,0.0,1.2469889946307935e-05,1.4056966848565308e-05,3.750962802568683e-08,0.3,10193417.840773376,-12.16890517033408
301.94999999999993,4,cGDL,-12.168955012975402,0.0,9.796968970272703,0.00011912392226810797,0.00011912392226810797,0.0,0.0,0.0,0.0,0.8,0.0,1.246988439926735e-05,1.4056960595537739e-05,3.750953102069639e-08,0.3,10193417.840773376,-12.168971509556233
302.05,4,cGDL,-12.169021504384602,0.0,9.797031206111178,0.0001186428768991243,0.0001186428768991243,0.0,0.0,0.0,0.0,0.8,0.0,1.2469878839495039e-05,1.4056954328158043e-05,3.7509433793183765e-08,0.3,10193417.840773376,-12.16903800105463
302.1499999999999,4,cGDL,-12.16908814807067,0.0,9.797093441970482,0.00011816182849797257,0.00011816182849797257,0.0,0.0,0.0,0.0,0.8,0.0,1.2469873266990952e-05,1.4056948046426164e-05,3.750933634314891e-08,0.3,10193417.840773376,-12.169104644830092
302.25,4,cGDL,-12.16915494403446,0.0,9.797155677850673,0.00011768077707558964,0.00011768077707558964,0.0,0.0,0.0,0.0,0.8,0.0,1.2469867681755022e-05,1.4056941750342027e-05,3.7509238670591615e-08,0.3,10193417.840773376,-12.169171440883447
302.34999999999997,4,cGDL,-12.169221892276823,0.0,9.797217913751819,0.00011719972264291254,0.00011719972264291254,0.0,0.0,0.0,0.0,0.8,0.0,1.2469862083787188e-05,1.4056935439905557e-05,3.750914077551158e-08,0.3,10193417.840773376,-12.169238389215526
302.45,4,cGDL,-12.169288992798556,0.0,9.797280149673977,0.00011671866521087827,0.00011671866521087827,0.0,0.0,0.0,0.0,0.8,0.0,1.2469856473087388e-05,1.4056929115116694e-05,3.7509042657908624e-08,0.3,10193417.840773376,-12.169305489827149
302.54999999999995,4,cGDL,-12.169356245600511,0.0,9.797342385617215,0.0001162376047904239,0.0001162376047904239,0.0,0.0,0.0,0.0,0.8,0.0,1.246985084965556e-05,1.4056922775975358e-05,3.750894431778259e-08,0.3,10193417.840773376,-12.169372742719156
302.65000000000003,4,cGDL,-12.169423650683541,0.0,9.797404621581592,0.0001157565413924864,0.0001157565413924864,0.0,0.0,0.0,0.0,0.8,0.0,1.2469845213491637e-05,1.4056916422481482e-05,3.750884575513315e-08,0.3,10193417.840773376,-12.169440147892367
302.74999999999994,4,cGDL,-12.169491208048441,0.0,9.797466857567173,0.00011527547502800274,0.00011527547502800274,0.0,0.0,0.0,0.0,0.8,0.0,1.2469839564595566e-05,1.4056910054635002e-05,3.750874696996022e-08,0.3,10193417.840773376,-12.169507705347621
302.85,4,cGDL,-12.169558917696008,0.0,9.797529093574019,0.00011479440570790996,0.00011479440570790996,0.0,0.0,0.0,0.0,0.8,0.0,1.246983390296728e-05,1.4056903672435844e-05,3.7508647962263606e-08,0.3,10193417.840773376,-12.169575415085758
302.95,4,cGDL,-12.169626779627151,0.0,9.797591329602193,0.00011431333344314506,0.00011431333344314506,0.0,0.0,0.0,0.0,0.8,0.0,1.246982822860672e-05,1.4056897275883941e-05,3.7508548732043033e-08,0.3,10193417.840773376,-12.169643277107605
303.05,4,cGDL,-12.169694793842723,0.0,9.797653565651759,0.00011383225824464487,0.00011383225824464487,0.0,0.0,0.0,0.0,0.8,0.0,1.2469822541513817e-05,1.4056890864979212e-05,3.750844927929825e-08,0.3,10193417.840773376,-12.169711291414004
303.15,4,cGDL,-12.169762960343462,0.0,9.797715801722779,0.00011335118012334639,0.00011335118012334639,0.0,0.0,0.0,0.0,0.8,0.0,1.246981684168851e-05,1.4056884439721593e-05,3.7508349604029163e-08,0.3,10193417.840773376,-12.169779458005799
303.25,4,cGDL,-12.169831279130278,0.0,9.797778037815315,0.00011287009909018646,0.00011287009909018646,0.0,0.0,0.0,0.0,0.8,0.0,1.2469811129130741e-05,1.4056878000111016e-05,3.750824970623554e-08,0.3,10193417.840773376,-12.169847776883818
303.34999999999997,4,cGDL,-12.169899750204024,0.0,9.797840273929431,0.00011238901515610202,0.00011238901515610202,0.0,0.0,0.0,0.0,0.8,0.0,1.246980540384044e-05,1.4056871546147407e-05,3.750814958591711e-08,0.3,10193417.840773376,-12.169916248048917
303.45000000000005,4,cGDL,-12.169968373565496,0.0,9.797902510065187,0.00011190792833202997,0.00011190792833202997,0.0,0.0,0.0,0.0,0.8,0.0,1.2469799665817552e-05,1.4056865077830695e-05,3.750804924307371e-08,0.3,10193417.840773376,-12.16998487150193
303.54999999999995,4,cGDL,-12.170037149215545,0.0,9.79796474622265,0.00011142683862890712,0.00011142683862890712,0.0,0.0,0.0,0.0,0.8,0.0,1.246979391506201e-05,1.4056858595160812e-05,3.7507948677705215e-08,0.3,10193417.840773376,-12.170053647243705
303.65000000000003,4,cGDL,-12.170106077155026,0.0,9.798026982401879,0.00011094574605767028,0.00011094574605767028,0.0,0.0,0.0,0.0,0.8,0.0,1.2469788151573752e-05,1.4056852098137684e-05,3.750784788981132e-08,0.3,10193417.840773376,-12.170122575275093
303.75,4,cGDL,-12.170175157384847,0.0,9.79808921860294,0.00011046465062925642,0.00011046465062925642,0.0,0.0,0.0,0.0,0.8,0.0,1.2469782375352708e-05,1.4056845586761234e-05,3.7507746879391736e-08,0.3,10193417.840773376,-12.170191655596938
303.84999999999997,4,cGDL,-12.170244389905804,0.0,9.798151454825891,0.00010998355235460256,0.00010998355235460256,0.0,0.0,0.0,0.0,0.8,0.0,1.2469776586398819e-05,1.4056839061031398e-05,3.750764564644637e-08,0.3,10193417.840773376,-12.170260888210091
303.95,4,cGDL,-12.170313774718693,0.0,9.7982136910708,0.00010950245124464542,0.00010950245124464542,0.0,0.0,0.0,0.0,0.8,0.0,1.246977078471203e-05,1.4056832520948107e-05,3.750754419097512e-08,0.3,10193417.840773376,-12.170330273115407
304.04999999999995,4,cGDL,-12.17038331182448,0.0,9.798275927337725,0.00010902134731032161,0.00010902134731032161,0.0,0.0,0.0,0.0,0.8,0.0,1.2469764970292264e-05,1.405682596651128e-05,3.7507442512977554e-08,0.3,10193417.840773376,-12.170399810313734
304.15,4,cGDL,-12.170453001223905,0.0,9.798338163626733,0.00010854024056256809,0.00010854024056256809,0.0,0.0,0.0,0.0,0.8,0.0,1.2469759143139466e-05,1.4056819397720854e-05,3.750734061245365e-08,0.3,10193417.840773376,-12.170469499805929
304.24999999999994,4,cGDL,-12.170522842917933,0.0,9.798400399937883,0.00010805913101232152,0.00010805913101232152,0.0,0.0,0.0,0.0,0.8,0.0,1.2469753303253565e-05,1.4056812814576747e-05,3.750723848940308e-08,0.3,10193417.840773376,-12.170539341592848
304.35,4,cGDL,-12.17059283690736,0.0,9.798462636271239,0.00010757801867051874,0.00010757801867051874,0.0,0.0,0.0,0.0,0.8,0.0,1.2469747450634505e-05,1.4056806217078897e-05,3.7507136143825695e-08,0.3,10193417.840773376,-12.170609335675353
304.44999999999993,4,cGDL,-12.17066298319304,0.0,9.798524872626865,0.00010709690354809647,0.00010709690354809647,0.0,0.0,0.0,0.0,0.8,0.0,1.2469741585282218e-05,1.4056799605227228e-05,3.75070335757213e-08,0.3,10193417.840773376,-12.170679482054297
304.55,4,cGDL,-12.170733281775824,0.0,9.798587109004822,0.00010661578565599155,0.00010661578565599155,0.0,0.0,0.0,0.0,0.8,0.0,1.246973570719664e-05,1.4056792979021667e-05,3.75069307850897e-08,0.3,10193417.840773376,-12.170749780730548
304.65,4,cGDL,-12.170803732656623,0.0,9.798649345405176,0.00010613466500514055,0.00010613466500514055,0.0,0.0,0.0,0.0,0.8,0.0,1.2469729816377705e-05,1.4056786338462139e-05,3.750682777193062e-08,0.3,10193417.840773376,-12.170820231704965
304.75,4,cGDL,-12.170874335836288,0.0,9.798711581827984,0.00010565354160648025,0.00010565354160648025,0.0,0.0,0.0,0.0,0.8,0.0,1.2469723912825344e-05,1.405677968354857e-05,3.750672453624387e-08,0.3,10193417.840773376,-12.170890834978412
304.84999999999997,4,cGDL,-12.170945091315673,0.0,9.798773818273313,0.00010517241547094752,0.00010517241547094752,0.0,0.0,0.0,0.0,0.8,0.0,1.2469717996539504e-05,1.4056773014280894e-05,3.750662107802927e-08,0.3,10193417.840773376,-12.170961590551755
304.95,4,cGDL,-12.17101599909563,0.0,9.798836054741225,0.000104691286609479,0.000104691286609479,0.0,0.0,0.0,0.0,0.8,0.0,1.2469712067520113e-05,1.4056766330659038e-05,3.750651739728662e-08,0.3,10193417.840773376,-12.171032498425864
305.04999999999995,4,cGDL,-12.171087059177069,0.0,9.798898291231781,0.00010421015503301164,0.00010421015503301164,0.0,0.0,0.0,0.0,0.8,0.0,1.2469706125767103e-05,1.4056759632682919e-05,3.750641349401567e-08,0.3,10193417.840773376,-12.171103558601612
305.15000000000003,4,cGDL,-12.171158271560842,0.0,9.798960527745047,0.00010372902075248181,0.00010372902075248181,0.0,0.0,0.0,0.0,0.8,0.0,1.246970017128042e-05,1.4056752920352473e-05,3.750630936821623e-08,0.3,10193417.840773376,-12.17117477107986
305.24999999999994,4,cGDL,-12.171229636247745,0.0,9.799022764281082,0.00010324788377882632,0.00010324788377882632,0.0,0.0,0.0,0.0,0.8,0.0,1.2469694204059992e-05,1.4056746193667629e-05,3.750620501988823e-08,0.3,10193417.840773376,-12.17124613586149
305.35,4,cGDL,-12.171301153238801,0.0,9.79908500083995,0.00010276674412298194,0.00010276674412298194,0.0,0.0,0.0,0.0,0.8,0.0,1.2469688224105749e-05,1.40567394526283e-05,3.750610044903116e-08,0.3,10193417.840773376,-12.171317652947366
305.45,4,cGDL,-12.17137282253475,0.0,9.799147237421714,0.00010228560179588523,0.00010228560179588523,0.0,0.0,0.0,0.0,0.8,0.0,1.2469682231417639e-05,1.4056732697234426e-05,3.7505995655645125e-08,0.3,10193417.840773376,-12.171389322338374
305.55,4,cGDL,-12.171444644136557,0.0,9.799209474026439,0.00010180445680847293,0.00010180445680847293,0.0,0.0,0.0,0.0,0.8,0.0,1.246967622599558e-05,1.4056725927485924e-05,3.750589063972972e-08,0.3,10193417.840773376,-12.171461144035389
305.65,4,cGDL,-12.171516618045075,0.0,9.799271710654184,0.0001013233091716817,0.0001013233091716817,0.0,0.0,0.0,0.0,0.8,0.0,1.2469670207839517e-05,1.4056719143382726e-05,3.750578540128483e-08,0.3,10193417.840773376,-12.17153311803929
305.75000000000006,4,cGDL,-12.171588744261157,0.0,9.799333947305012,0.00010084215889644805,0.00010084215889644805,0.0,0.0,0.0,0.0,0.8,0.0,1.2469664176949382e-05,1.4056712344924757e-05,3.7505679940310206e-08,0.3,10193417.840773376,-12.171605244350953
305.84999999999997,4,cGDL,-12.171661022785713,0.0,9.799396183978988,0.0001003610059937085,0.0001003610059937085,0.0,0.0,0.0,0.0,0.8,0.0,1.2469658133325109e-05,1.4056705532111938e-05,3.7505574256805634e-08,0.3,10193417.840773376,-12.171677522971269
305.95000000000005,4,cGDL,-12.171733453619595,0.0,9.799458420676173,9.987985047439987e-05,9.987985047439987e-05,0.0,0.0,0.0,0.0,0.8,0.0,1.2469652076966634e-05,1.4056698704944205e-05,3.750546835077099e-08,0.3,10193417.840773376,-12.171749953901116
306.05,4,cGDL,-12.171806036763712,0.0,9.79952065739663,9.939869234945901e-05,9.939869234945901e-05,0.0,0.0,0.0,0.0,0.8,0.0,1.246964600787389e-05,1.4056691863421477e-05,3.7505362222205985e-08,0.3,10193417.840773376,-12.17182253714138
306.1499999999999,4,cGDL,-12.171878772218975,0.0,9.799582894140423,9.891753162982221e-05,9.891753162982221e-05,0.0,0.0,0.0,0.0,0.8,0.0,1.2469639926046806e-05,1.4056685007543675e-05,3.750525587111043e-08,0.3,10193417.840773376,-12.171895272692957
306.25,4,cGDL,-12.171951659986291,0.0,9.799645130907614,9.843636832642609e-05,9.843636832642609e-05,0.0,0.0,0.0,0.0,0.8,0.0,1.2469633831485317e-05,1.4056678137310724e-05,3.7505149297484e-08,0.3,10193417.840773376,-12.171968160556728
306.34999999999997,4,cGDL,-12.172024700066459,0.0,9.799707367698264,9.79552024502072e-05,9.79552024502072e-05,0.0,0.0,0.0,0.0,0.8,0.0,1.2469627724189365e-05,1.4056671252722555e-05,3.750504250132671e-08,0.3,10193417.840773376,-12.172041200733583
306.45,4,cGDL,-12.172097892460442,0.0,9.799769604512438,9.747403401210223e-05,9.747403401210223e-05,0.0,0.0,0.0,0.0,0.8,0.0,1.2469621604158875e-05,1.4056664353779096e-05,3.75049354826382e-08,0.3,10193417.840773376,-12.172114393224417
306.54999999999995,4,cGDL,-12.172171237169096,0.0,9.799831841350196,9.699286302304762e-05,9.699286302304762e-05,0.0,0.0,0.0,0.0,0.8,0.0,1.2469615471393784e-05,1.4056657440480265e-05,3.750482824141833e-08,0.3,10193417.840773376,-12.17218773803013
306.65,4,cGDL,-12.172244734193328,0.0,9.799894078211604,9.651168949398011e-05,9.651168949398011e-05,0.0,0.0,0.0,0.0,0.8,0.0,1.2469609325894025e-05,1.4056650512825991e-05,3.7504720777666866e-08,0.3,10193417.840773376,-12.172261235151614
306.74999999999994,4,cGDL,-12.172318383534048,0.0,9.799956315096724,9.603051343583626e-05,9.603051343583626e-05,0.0,0.0,0.0,0.0,0.8,0.0,1.2469603167659528e-05,1.4056643570816194e-05,3.750461309138358e-08,0.3,10193417.840773376,-12.172334884589764
306.85,4,cGDL,-12.172392185192166,0.0,9.800018552005616,9.554933485955274e-05,9.554933485955274e-05,0.0,0.0,0.0,0.0,0.8,0.0,1.2469596996690226e-05,1.4056636614450799e-05,3.750450518256831e-08,0.3,10193417.840773376,-12.172408686345484
306.94999999999993,4,cGDL,-12.172466139168591,0.0,9.800080788938345,9.506815377606601e-05,9.506815377606601e-05,0.0,0.0,0.0,0.0,0.8,0.0,1.2469590812986054e-05,1.4056629643729734e-05,3.7504397051220725e-08,0.3,10193417.840773376,-12.172482640419672
307.05,4,cGDL,-12.17254024546412,0.0,9.800143025894975,9.458697019631252e-05,9.458697019631252e-05,0.0,0.0,0.0,0.0,0.8,0.0,1.246958461654695e-05,1.4056622658652925e-05,3.7504288697340794e-08,0.3,10193417.840773376,-12.172556746813232
307.15,4,cGDL,-12.172614504079831,0.0,9.800205262875565,9.410578413122879e-05,9.410578413122879e-05,0.0,0.0,0.0,0.0,0.8,0.0,1.2469578407372834e-05,1.4056615659220286e-05,3.750418012092814e-08,0.3,10193417.840773376,-12.172631005527073
307.25,4,cGDL,-12.172688915016465,0.0,9.80026749988018,9.362459559175148e-05,9.362459559175148e-05,0.0,0.0,0.0,0.0,0.8,0.0,1.2469572185463649e-05,1.405660864543175e-05,3.750407132198268e-08,0.3,10193417.840773376,-12.172705416562094
307.34999999999997,4,cGDL,-12.172763478275044,0.0,9.800329736908884,9.31434045888171e-05,9.31434045888171e-05,0.0,0.0,0.0,0.0,0.8,0.0,1.2469565950819323e-05,1.4056601617287237e-05,3.7503962300504126e-08,0.3,10193417.840773376,-12.172779979919211
307.45000000000005,4,cGDL,-12.172838193856421,0.0,9.800391973961736,9.266221113336212e-05,9.266221113336212e-05,0.0,0.0,0.0,0.0,0.8,0.0,1.2469559703439785e-05,1.4056594574786665e-05,3.750385305649228e-08,0.3,10193417.840773376,-12.172854695599328
307.54999999999995,4,cGDL,-12.172913061761506,0.0,9.8004542110388,9.218101523632304e-05,9.218101523632304e-05,0.0,0.0,0.0,0.0,0.8,0.0,1.2469553443324976e-05,1.405658751792997e-05,3.7503743589947016e-08,0.3,10193417.840773376,-12.17292956360336
307.65000000000003,4,cGDL,-12.172988081991264,0.0,9.800516448140142,9.169981690863648e-05,9.169981690863648e-05,0.0,0.0,0.0,0.0,0.8,0.0,1.2469547170474818e-05,1.4056580446717067e-05,3.750363390086795e-08,0.3,10193417.840773376,-12.173004583932217
307.75,4,cGDL,-12.173063254546548,0.0,9.800578685265823,9.121861616123879e-05,9.121861616123879e-05,0.0,0.0,0.0,0.0,0.8,0.0,1.2469540884889248e-05,1.4056573361147877e-05,3.750352398925503e-08,0.3,10193417.840773376,-12.17307975658682
307.85,4,cGDL,-12.173138579428269,0.0,9.800640922415901,9.073741300506653e-05,9.073741300506653e-05,0.0,0.0,0.0,0.0,0.8,0.0,1.2469534586568201e-05,1.4056566261222336e-05,3.7503413855108e-08,0.3,10193417.840773376,-12.173155081568082
307.95,4,cGDL,-12.173214056637448,0.0,9.800703159590446,9.025620745105615e-05,9.025620745105615e-05,0.0,0.0,0.0,0.0,0.8,0.0,1.2469528275511594e-05,1.4056559146940345e-05,3.750330349842652e-08,0.3,10193417.840773376,-12.173230558876922
308.05,4,cGDL,-12.173289686174883,0.0,9.800765396789515,8.977499951014418e-05,8.977499951014418e-05,0.0,0.0,0.0,0.0,0.8,0.0,1.246952195171938e-05,1.4056552018301847e-05,3.7503192919210607e-08,0.3,10193417.840773376,-12.173306188514262
308.15,4,cGDL,-12.173365468041595,0.0,9.800827634013174,8.929378919326705e-05,8.929378919326705e-05,0.0,0.0,0.0,0.0,0.8,0.0,1.2469515615191472e-05,1.405654487530675e-05,3.750308211745984e-08,0.3,10193417.840773376,-12.173381970481026
308.25000000000006,4,cGDL,-12.173441402238382,0.0,9.800889871261486,8.881257651136118e-05,8.881257651136118e-05,0.0,0.0,0.0,0.0,0.8,0.0,1.2469509265927811e-05,1.405653771795499e-05,3.7502971093174176e-08,0.3,10193417.840773376,-12.173457904778129
308.34999999999997,4,cGDL,-12.173517488766322,0.0,9.80095210853451,8.833136147536329e-05,8.833136147536329e-05,0.0,0.0,0.0,0.0,0.8,0.0,1.2469502903928325e-05,1.4056530546246476e-05,3.750285984635323e-08,0.3,10193417.840773376,-12.173533991406511
308.44999999999993,4,cGDL,-12.173593727626212,0.0,9.801014345832312,8.785014409620978e-05,8.785014409620978e-05,0.0,0.0,0.0,0.0,0.8,0.0,1.2469496529192948e-05,1.405652336018114e-05,3.7502748376996935e-08,0.3,10193417.840773376,-12.173610230367089
308.55,4,cGDL,-12.173670118819075,0.0,9.801076583154956,8.73689243848369e-05,8.73689243848369e-05,0.0,0.0,0.0,0.0,0.8,0.0,1.2469490141721598e-05,1.4056516159758893e-05,3.750263668510497e-08,0.3,10193417.840773376,-12.173686621660796
308.6499999999999,4,cGDL,-12.17374666234582,0.0,9.8011388205025,8.688770235218125e-05,8.688770235218125e-05,0.0,0.0,0.0,0.0,0.8,0.0,1.2469483741514221e-05,1.4056508944979665e-05,3.750252477067718e-08,0.3,10193417.840773376,-12.173763165288566
308.75,4,cGDL,-12.1738233582073,0.0,9.801201057875009,8.64064780091793e-05,8.64064780091793e-05,0.0,0.0,0.0,0.0,0.8,0.0,1.2469477328570743e-05,1.4056501715843383e-05,3.750241263371337e-08,0.3,10193417.840773376,-12.173839861251325
308.84999999999997,4,cGDL,-12.17390020640454,0.0,9.801263295272546,8.592525136676756e-05,8.592525136676756e-05,0.0,0.0,0.0,0.0,0.8,0.0,1.246947090289109e-05,1.405649447234996e-05,3.750230027421328e-08,0.3,10193417.840773376,-12.173916709550017
308.95,4,cGDL,-12.173977206938446,0.0,9.801325532695175,8.544402243588231e-05,8.544402243588231e-05,0.0,0.0,0.0,0.0,0.8,0.0,1.2469464464475197e-05,1.4056487214499314e-05,3.7502187692176714e-08,0.3,10193417.840773376,-12.173993710185572
309.04999999999995,4,cGDL,-12.174054359809986,0.0,9.801387770142956,8.496279122746013e-05,8.496279122746013e-05,0.0,0.0,0.0,0.0,0.8,0.0,1.2469458013322988e-05,1.405647994229137e-05,3.75020748876034e-08,0.3,10193417.840773376,-12.174070863158931
309.15000000000003,4,cGDL,-12.17413166502007,0.0,9.801450007615953,8.448155775243741e-05,8.448155775243741e-05,0.0,0.0,0.0,0.0,0.8,0.0,1.2469451549434395e-05,1.4056472655726048e-05,3.7501961860493146e-08,0.3,10193417.840773376,-12.174148168471033
309.24999999999994,4,cGDL,-12.174209122569607,0.0,9.80151224511423,8.400032202175056e-05,8.400032202175056e-05,0.0,0.0,0.0,0.0,0.8,0.0,1.2469445072809356e-05,1.4056465354803273e-05,3.7501848610845855e-08,0.3,10193417.840773376,-12.17422562612282
309.35,4,cGDL,-12.17428673245962,0.0,9.801574482637848,8.351908404633597e-05,8.351908404633597e-05,0.0,0.0,0.0,0.0,0.8,0.0,1.2469438583447789e-05,1.4056458039522962e-05,3.7501735138661105e-08,0.3,10193417.840773376,-12.17430323611524
309.44999999999993,4,cGDL,-12.174364494690963,0.0,9.80163672018687,8.303784383713016e-05,8.303784383713016e-05,0.0,0.0,0.0,0.0,0.8,0.0,1.2469432081349631e-05,1.405645070988504e-05,3.750162144393887e-08,0.3,10193417.840773376,-12.17438099844923
309.55,4,cGDL,-12.174442409264657,0.0,9.801698957761358,8.255660140506969e-05,8.255660140506969e-05,0.0,0.0,0.0,0.0,0.8,0.0,1.246942556651481e-05,1.4056443365889421e-05,3.7501507526678806e-08,0.3,10193417.840773376,-12.174458913125747
309.65,4,cGDL,-12.174520476181613,0.0,9.801761195361376,8.207535676109102e-05,8.207535676109102e-05,0.0,0.0,0.0,0.0,0.8,0.0,1.2469419038943253e-05,1.405643600753603e-05,3.750139338688076e-08,0.3,10193417.840773376,-12.174536980145737
309.75,4,cGDL,-12.174598695442796,0.0,9.801823432986987,8.159410991613044e-05,8.159410991613044e-05,0.0,0.0,0.0,0.0,0.8,0.0,1.246941249863489e-05,1.4056428634824785e-05,3.750127902454449e-08,0.3,10193417.840773376,-12.174615199510152
309.84999999999997,4,cGDL,-12.174677067049174,0.0,9.801885670638253,8.111286088112419e-05,8.111286088112419e-05,0.0,0.0,0.0,0.0,0.8,0.0,1.2469405945589647e-05,1.4056421247755603e-05,3.7501164439669715e-08,0.3,10193417.840773376,-12.17469357121994
309.95000000000005,4,cGDL,-12.174755591001656,0.0,9.801947908315235,8.063160966700878e-05,8.063160966700878e-05,0.0,0.0,0.0,0.0,0.8,0.0,1.2469399379807463e-05,1.4056413846328414e-05,3.750104963225636e-08,0.3,10193417.840773376,-12.174772095276065
310.04999999999995,4,cGDL,-12.174834267301264,0.0,9.802010146017999,8.015035628472072e-05,8.015035628472072e-05,0.0,0.0,0.0,0.0,0.8,0.0,1.2469392801288255e-05,1.4056406430543121e-05,3.7500934602304044e-08,0.3,10193417.840773376,-12.174850771679475
310.15000000000003,4,cGDL,-12.17491309594891,0.0,9.802072383746605,7.966910074519646e-05,7.966910074519646e-05,0.0,0.0,0.0,0.0,0.8,0.0,1.2469386210031951e-05,1.4056399000399656e-05,3.7500819349812614e-08,0.3,10193417.840773376,-12.174929600431133
310.25,4,cGDL,-12.1749920769455,0.0,9.802134621501118,7.918784305937241e-05,7.918784305937241e-05,0.0,0.0,0.0,0.0,0.8,0.0,1.2469379606038495e-05,1.4056391555897942e-05,3.7500703874782e-08,0.3,10193417.840773376,-12.175008581532001
310.35,4,cGDL,-12.175071210292117,0.0,9.8021968592816,7.870658323818502e-05,7.870658323818502e-05,0.0,0.0,0.0,0.0,0.8,0.0,1.2469372989307799e-05,1.4056384097037883e-05,3.750058817721172e-08,0.3,10193417.840773376,-12.175087714983041
310.45,4,cGDL,-12.17515049598967,0.0,9.802259097088111,7.822532129257064e-05,7.822532129257064e-05,0.0,0.0,0.0,0.0,0.8,0.0,1.2469366359839796e-05,1.4056376623819405e-05,3.750047225710164e-08,0.3,10193417.840773376,-12.175167000785214
310.55,4,cGDL,-12.175229934039123,0.0,9.802321334920716,7.774405723346578e-05,7.774405723346578e-05,0.0,0.0,0.0,0.0,0.8,0.0,1.2469359717634415e-05,1.4056369136242432e-05,3.7500356114451614e-08,0.3,10193417.840773376,-12.17524643893949
310.65,4,cGDL,-12.175309524441388,0.0,9.802383572779478,7.726279107180689e-05,7.726279107180689e-05,0.0,0.0,0.0,0.0,0.8,0.0,1.2469353062691588e-05,1.4056361634306882e-05,3.750023974926143e-08,0.3,10193417.840773376,-12.175326029446833
310.74999999999994,4,cGDL,-12.175389267197545,0.0,9.80244581066446,7.678152281853011e-05,7.678152281853011e-05,0.0,0.0,0.0,0.0,0.8,0.0,1.2469346395011232e-05,1.405635411801266e-05,3.7500123161530726e-08,0.3,10193417.840773376,-12.175405772308215
310.84999999999997,4,cGDL,-12.175469162308502,0.0,9.802508048575724,7.6300252484572e-05,7.6300252484572e-05,0.0,0.0,0.0,0.0,0.8,0.0,1.2469339714593282e-05,1.4056346587359702e-05,3.7500006351259375e-08,0.3,10193417.840773376,-12.175485667524612
310.94999999999993,4,cGDL,-12.175549209775227,0.0,9.802570286513332,7.581898008086896e-05,7.581898008086896e-05,0.0,0.0,0.0,0.0,0.8,0.0,1.2469333021437665e-05,1.4056339042347913e-05,3.7499889318447145e-08,0.3,10193417.840773376,-12.175565715096987
311.05,4,cGDL,-12.175629409598685,0.0,9.802632524477348,7.533770561835745e-05,7.533770561835745e-05,0.0,0.0,0.0,0.0,0.8,0.0,1.246932631554431e-05,1.4056331482977224e-05,3.7499772063093835e-08,0.3,10193417.840773376,-12.175645915026324
311.1499999999999,4,cGDL,-12.175709761779899,0.0,9.802694762467834,7.485642910797386e-05,7.485642910797386e-05,0.0,0.0,0.0,0.0,0.8,0.0,1.2469319596913138e-05,1.4056323909247538e-05,3.7499654585199175e-08,0.3,10193417.840773376,-12.175726267313598
311.25,4,cGDL,-12.175790266319837,0.0,9.802757000484853,7.437515056065455e-05,7.437515056065455e-05,0.0,0.0,0.0,0.0,0.8,0.0,1.2469312865544079e-05,1.4056316321158781e-05,3.7499536884762934e-08,0.3,10193417.840773376,-12.175806771959788
311.34999999999997,4,cGDL,-12.175870923219463,0.0,9.802819238528466,7.389386998733598e-05,7.389386998733598e-05,0.0,0.0,0.0,0.0,0.8,0.0,1.2469306121437061e-05,1.4056308718710869e-05,3.749941896178488e-08,0.3,10193417.840773376,-12.175887428965876
311.45,4,cGDL,-12.175951732479746,0.0,9.802881476598738,7.341258739895459e-05,7.341258739895459e-05,0.0,0.0,0.0,0.0,0.8,0.0,1.2469299364592012e-05,1.4056301101903722e-05,3.749930081626487e-08,0.3,10193417.840773376,-12.175968238332846
311.54999999999995,4,cGDL,-12.176032694101707,0.0,9.802943714695733,7.293130280644681e-05,7.293130280644681e-05,0.0,0.0,0.0,0.0,0.8,0.0,1.2469292595008854e-05,1.4056293470737253e-05,3.749918244820261e-08,0.3,10193417.840773376,-12.17604920006168
311.65000000000003,4,cGDL,-12.176113808086257,0.0,9.80300595281951,7.245001622074905e-05,7.245001622074905e-05,0.0,0.0,0.0,0.0,0.8,0.0,1.2469285812687523e-05,1.405628582521139e-05,3.7499063857597944e-08,0.3,10193417.840773376,-12.17613031415337
311.74999999999994,4,cGDL,-12.176195074434531,0.0,9.803068190970132,7.196872765279769e-05,7.196872765279769e-05,0.0,0.0,0.0,0.0,0.8,0.0,1.2469279017627928e-05,1.4056278165326028e-05,3.749894504445044e-08,0.3,10193417.840773376,-12.176211580608898
311.85,4,cGDL,-12.176276493147384,0.0,9.803130429147664,7.148743711352917e-05,7.148743711352917e-05,0.0,0.0,0.0,0.0,0.8,0.0,1.246927220983001e-05,1.4056270491081103e-05,3.749882600876009e-08,0.3,10193417.840773376,-12.17629299942926
311.95,4,cGDL,-12.176358064225838,0.0,9.80319266735217,7.100614461388001e-05,7.100614461388001e-05,0.0,0.0,0.0,0.0,0.8,0.0,1.2469265389293693e-05,1.4056262802476526e-05,3.749870675052662e-08,0.3,10193417.840773376,-12.176374570615446
312.05,4,cGDL,-12.176439787670915,0.0,9.803254905583708,7.052485016478661e-05,7.052485016478661e-05,0.0,0.0,0.0,0.0,0.8,0.0,1.2469258556018896e-05,1.405625509951221e-05,3.749858726974972e-08,0.3,10193417.840773376,-12.176456294168451
312.15,4,cGDL,-12.176521663483584,0.0,9.803317143842344,7.004355377718542e-05,7.004355377718542e-05,0.0,0.0,0.0,0.0,0.8,0.0,1.2469251710005553e-05,1.4056247382188077e-05,3.7498467566429245e-08,0.3,10193417.840773376,-12.176538170089271
312.25,4,cGDL,-12.176603691664923,0.0,9.803379382128139,6.956225546201277e-05,6.956225546201277e-05,0.0,0.0,0.0,0.0,0.8,0.0,1.2469244851253575e-05,1.4056239650504032e-05,3.749834764056487e-08,0.3,10193417.840773376,-12.176620198378906
312.34999999999997,4,cGDL,-12.176685872215785,0.0,9.803441620441157,6.908095523020506e-05,6.908095523020506e-05,0.0,0.0,0.0,0.0,0.8,0.0,1.246923797976291e-05,1.4056231904460008e-05,3.749822749215649e-08,0.3,10193417.840773376,-12.176702379038355
312.45000000000005,4,cGDL,-12.176768205137307,0.0,9.803503858781461,6.859965309269879e-05,6.859965309269879e-05,0.0,0.0,0.0,0.0,0.8,0.0,1.2469231095533465e-05,1.4056224144055908e-05,3.749810712120377e-08,0.3,10193417.840773376,-12.17678471206862
312.54999999999995,4,cGDL,-12.176850690430399,0.0,9.803566097149112,6.811834906043031e-05,6.811834906043031e-05,0.0,0.0,0.0,0.0,0.8,0.0,1.2469224198565177e-05,1.4056216369291652e-05,3.7497986527706573e-08,0.3,10193417.840773376,-12.176867197470706
312.65000000000003,4,cGDL,-12.17693332809614,0.0,9.803628335544175,6.763704314433612e-05,6.763704314433612e-05,0.0,0.0,0.0,0.0,0.8,0.0,1.2469217288857956e-05,1.4056208580167153e-05,3.749786571166454e-08,0.3,10193417.840773376,-12.17694983524562
312.75,4,cGDL,-12.177016118135498,0.0,9.80369057396671,6.715573535535273e-05,6.715573535535273e-05,0.0,0.0,0.0,0.0,0.8,0.0,1.2469210366411742e-05,1.4056200776682329e-05,3.74977446730775e-08,0.3,10193417.840773376,-12.177032625394371
312.8499999999999,4,cGDL,-12.177099060549494,0.0,9.803752812416782,6.667442570441651e-05,6.667442570441651e-05,0.0,0.0,0.0,0.0,0.8,0.0,1.2469203431226453e-05,1.405619295883709e-05,3.749762341194523e-08,0.3,10193417.840773376,-12.177115567917964
312.95,4,cGDL,-12.177182155339153,0.0,9.803815050894453,6.619311420246376e-05,6.619311420246376e-05,0.0,0.0,0.0,0.0,0.8,0.0,1.2469196483302009e-05,1.4056185126631356e-05,3.74975019282675e-08,0.3,10193417.840773376,-12.177198662817416
313.04999999999995,4,cGDL,-12.17726540250544,0.0,9.803877289399786,6.571180086043107e-05,6.571180086043107e-05,0.0,0.0,0.0,0.0,0.8,0.0,1.2469189522638345e-05,1.4056177280065044e-05,3.749738022204408e-08,0.3,10193417.840773376,-12.177281910093736
313.15,4,cGDL,-12.177348802049437,0.0,9.803939527932842,6.523048568925487e-05,6.523048568925487e-05,0.0,0.0,0.0,0.0,0.8,0.0,1.2469182549235377e-05,1.4056169419138062e-05,3.7497258293274674e-08,0.3,10193417.840773376,-12.177365309747943
313.24999999999994,4,cGDL,-12.177432353972051,0.0,9.804001766493686,6.47491686998716e-05,6.47491686998716e-05,0.0,0.0,0.0,0.0,0.8,0.0,1.2469175563093037e-05,1.4056161543850332e-05,3.749713614195921e-08,0.3,10193417.840773376,-12.177448861781055
313.35,4,cGDL,-12.177516058274477,0.0,9.80406400508238,6.426784990321783e-05,6.426784990321783e-05,0.0,0.0,0.0,0.0,0.8,0.0,1.2469168564211236e-05,1.4056153654201756e-05,3.749701376809716e-08,0.3,10193417.840773376,-12.177532566194094
313.44999999999993,4,cGDL,-12.177599914957568,0.0,9.804126243698985,6.378652931023001e-05,6.378652931023001e-05,0.0,0.0,0.0,0.0,0.8,0.0,1.246916155258991e-05,1.405614575019226e-05,3.749689117168859e-08,0.3,10193417.840773376,-12.177616422988073
313.55,4,cGDL,-12.177683924022404,0.0,9.804188482343566,6.330520693184445e-05,6.330520693184445e-05,0.0,0.0,0.0,0.0,0.8,0.0,1.246915452822898e-05,1.4056137831821759e-05,3.7496768352733147e-08,0.3,10193417.840773376,-12.177700432164025
313.65,4,cGDL,-12.177768085470063,0.0,9.804250721016183,6.282388277899773e-05,6.282388277899773e-05,0.0,0.0,0.0,0.0,0.8,0.0,1.2469147491128364e-05,1.4056129899090154e-05,3.749664531123051e-08,0.3,10193417.840773376,-12.17778459372297
313.75,4,cGDL,-12.177852399301514,0.0,9.804312959716903,6.234255686262633e-05,6.234255686262633e-05,0.0,0.0,0.0,0.0,0.8,0.0,1.2469140441287992e-05,1.4056121951997372e-05,3.749652204718054e-08,0.3,10193417.840773376,-12.17786890766594
313.84999999999997,4,cGDL,-12.177936865517836,0.0,9.804375198445786,6.186122919366673e-05,6.186122919366673e-05,0.0,0.0,0.0,0.0,0.8,0.0,1.2469133378707778e-05,1.4056113990543313e-05,3.749639856058289e-08,0.3,10193417.840773376,-12.177953373993963
313.95,4,cGDL,-12.178021484119995,0.0,9.804437437202894,6.137989978305538e-05,6.137989978305538e-05,0.0,0.0,0.0,0.0,0.8,0.0,1.2469126303387652e-05,1.40561060147279e-05,3.749627485143747e-08,0.3,10193417.840773376,-12.17803799270807
314.04999999999995,4,cGDL,-12.178106255109071,0.0,9.804499675988291,6.0898568641728796e-05,6.0898568641728796e-05,0.0,0.0,0.0,0.0,0.8,0.0,1.2469119215327545e-05,1.405609802455105e-05,3.7496150919743965e-08,0.3,10193417.840773376,-12.17812276380929
314.15000000000003,4,cGDL,-12.178191178486031,0.0,9.80456191480204,6.041723578062346e-05,6.041723578062346e-05,0.0,0.0,0.0,0.0,0.8,0.0,1.2469112114527366e-05,1.4056090020012666e-05,3.749602676550219e-08,0.3,10193417.840773376,-12.178207687298666
314.24999999999994,4,cGDL,-12.178276254252012,0.0,9.804624153644202,5.993590121067586e-05,5.993590121067586e-05,0.0,0.0,0.0,0.0,0.8,0.0,1.2469105000987043e-05,1.405608200111267e-05,3.7495902388711786e-08,0.3,10193417.840773376,-12.178292763177229
314.35,4,cGDL,-12.178361482408036,0.0,9.804686392514842,5.9454564942822466e-05,5.9454564942822466e-05,0.0,0.0,0.0,0.0,0.8,0.0,1.2469097874706495e-05,1.4056073967850959e-05,3.749577778937255e-08,0.3,10193417.840773376,-12.178377991446027
314.45,4,cGDL,-12.17844686295507,0.0,9.80474863141402,5.897322698799983e-05,5.897322698799983e-05,0.0,0.0,0.0,0.0,0.8,0.0,1.2469090735685652e-05,1.4056065920227461e-05,3.74956529674843e-08,0.3,10193417.840773376,-12.17846337210609
314.55,4,cGDL,-12.178532395894251,0.0,9.804810870341802,5.8491887357144584e-05,5.8491887357144584e-05,0.0,0.0,0.0,0.0,0.8,0.0,1.2469083583924423e-05,1.4056057858242076e-05,3.749552792304672e-08,0.3,10193417.840773376,-12.178548905158472
314.65,4,cGDL,-12.178618081226546,0.0,9.804873109298248,5.801054606119322e-05,5.801054606119322e-05,0.0,0.0,0.0,0.0,0.8,0.0,1.2469076419422746e-05,1.4056049781894733e-05,3.749540265605962e-08,0.3,10193417.840773376,-12.178634590604213
314.75000000000006,4,cGDL,-12.178703918952976,0.0,9.804935348283422,5.7529203111082164e-05,5.7529203111082164e-05,0.0,0.0,0.0,0.0,0.8,0.0,1.2469069242180536e-05,1.4056041691185332e-05,3.7495277166522824e-08,0.3,10193417.840773376,-12.178720428444363
314.84999999999997,4,cGDL,-12.178789909074737,0.0,9.804997587297386,5.704785851774803e-05,5.704785851774803e-05,0.0,0.0,0.0,0.0,0.8,0.0,1.2469062052197709e-05,1.4056033586113783e-05,3.749515145443585e-08,0.3,10193417.840773376,-12.178806418679967
314.95,4,cGDL,-12.178876051592738,0.0,9.805059826340203,5.656651229212745e-05,5.656651229212745e-05,0.0,0.0,0.0,0.0,0.8,0.0,1.2469054849474196e-05,1.4056025466680001e-05,3.7495025519798706e-08,0.3,10193417.840773376,-12.178892561312082
315.05,4,cGDL,-12.178962346508115,0.0,9.805122065411936,5.608516444515686e-05,5.608516444515686e-05,0.0,0.0,0.0,0.0,0.8,0.0,1.2469047634009911e-05,1.4056017332883901e-05,3.7494899362610963e-08,0.3,10193417.840773376,-12.17897885634176
315.1499999999999,4,cGDL,-12.179048793821835,0.0,9.805184304512647,5.5603814987772706e-05,5.5603814987772706e-05,0.0,0.0,0.0,0.0,0.8,0.0,1.2469040405804782e-05,1.4056009184725392e-05,3.749477298287255e-08,0.3,10193417.840773376,-12.17906530377005
315.25,4,cGDL,-12.179135393535091,0.0,9.8052465436424,5.5122463930911705e-05,5.5122463930911705e-05,0.0,0.0,0.0,0.0,0.8,0.0,1.2469033164858721e-05,1.4056001022204376e-05,3.7494646380583006e-08,0.3,10193417.840773376,-12.179151903598017
315.34999999999997,4,cGDL,-12.179222145648794,0.0,9.805308782801257,5.464111128551042e-05,5.464111128551042e-05,0.0,0.0,0.0,0.0,0.8,0.0,1.2469025911171661e-05,1.405599284532078e-05,3.749451955574229e-08,0.3,10193417.840773376,-12.179238655826717
315.45,4,cGDL,-12.179309050164079,0.0,9.80537102198928,5.41597570625054e-05,5.41597570625054e-05,0.0,0.0,0.0,0.0,0.8,0.0,1.246901864474351e-05,1.4055984654074504e-05,3.749439250835007e-08,0.3,10193417.840773376,-12.179325560457213
315.54999999999995,4,cGDL,-12.179396107082027,0.0,9.805433261206533,5.367840127283314e-05,5.367840127283314e-05,0.0,0.0,0.0,0.0,0.8,0.0,1.2469011365574201e-05,1.4055976448465461e-05,3.7494265238406045e-08,0.3,10193417.840773376,-12.179412617490568
315.65,4,cGDL,-12.179483316403719,0.0,9.805495500453079,5.3197043927430404e-05,5.3197043927430404e-05,0.0,0.0,0.0,0.0,0.8,0.0,1.246900407366364e-05,1.4055968228493558e-05,3.749413774590996e-08,0.3,10193417.840773376,-12.17949982692785
315.74999999999994,4,cGDL,-12.17957067813012,0.0,9.805557739728979,5.2715685037233725e-05,5.2715685037233725e-05,0.0,0.0,0.0,0.0,0.8,0.0,1.246899676901176e-05,1.4055959994158711e-05,3.7494010030861667e-08,0.3,10193417.840773376,-12.17958718877012
315.85,4,cGDL,-12.179658192262366,0.0,9.805619979034295,5.223432461317967e-05,5.223432461317967e-05,0.0,0.0,0.0,0.0,0.8,0.0,1.246898945161848e-05,1.4055951745460832e-05,3.749388209326088e-08,0.3,10193417.840773376,-12.179674703018454
315.94999999999993,4,cGDL,-12.179745858801596,0.0,9.805682218369093,5.175296266620493e-05,5.175296266620493e-05,0.0,0.0,0.0,0.0,0.8,0.0,1.2468982121483708e-05,1.4055943482399819e-05,3.749375393310723e-08,0.3,10193417.840773376,-12.179762369673922
316.05,4,cGDL,-12.179833677748718,0.0,9.805744457733434,5.1271599207246136e-05,5.1271599207246136e-05,0.0,0.0,0.0,0.0,0.8,0.0,1.246897477860738e-05,1.4055935204975593e-05,3.749362555040066e-08,0.3,10193417.840773376,-12.179850188737591
316.15,4,cGDL,-12.179921649104983,0.0,9.80580669712738,5.079023424723987e-05,5.079023424723987e-05,0.0,0.0,0.0,0.0,0.8,0.0,1.2468967422989406e-05,1.4055926913188057e-05,3.74934969451407e-08,0.3,10193417.840773376,-12.179938160210547
316.25,4,cGDL,-12.180009772871358,0.0,9.805868936550995,5.030886779712281e-05,5.030886779712281e-05,0.0,0.0,0.0,0.0,0.8,0.0,1.2468960054629708e-05,1.4055918607037125e-05,3.7493368117327273e-08,0.3,10193417.840773376,-12.180026284093861
316.34999999999997,4,cGDL,-12.180098049048922,0.0,9.805931176004341,4.982749986783149e-05,4.982749986783149e-05,0.0,0.0,0.0,0.0,0.8,0.0,1.2468952673528206e-05,1.4055910286522704e-05,3.749323906696012e-08,0.3,10193417.840773376,-12.180114560388615
316.45000000000005,4,cGDL,-12.180186477638813,0.0,9.805993415487482,4.934613047030272e-05,4.934613047030272e-05,0.0,0.0,0.0,0.0,0.8,0.0,1.2468945279684819e-05,1.4055901951644708e-05,3.749310979403882e-08,0.3,10193417.840773376,-12.18020298909589
316.54999999999995,4,cGDL,-12.18027505864211,0.0,9.806055655000478,4.886475961547309e-05,4.886475961547309e-05,0.0,0.0,0.0,0.0,0.8,0.0,1.2468937873099463e-05,1.4055893602403032e-05,3.749298029856326e-08,0.3,10193417.840773376,-12.180291570216768
316.65000000000003,4,cGDL,-12.180363792059836,0.0,9.806117894543393,4.838338731427932e-05,4.838338731427932e-05,0.0,0.0,0.0,0.0,0.8,0.0,1.2468930453772064e-05,1.40558852387976e-05,3.7492850580533164e-08,0.3,10193417.840773376,-12.180380303752338
316.75,4,cGDL,-12.180452677893129,0.0,9.80618013411629,4.790201357765807e-05,4.790201357765807e-05,0.0,0.0,0.0,0.0,0.8,0.0,1.2468923021702537e-05,1.4055876860828313e-05,3.749272063994824e-08,0.3,10193417.840773376,-12.18046918970369
316.85,4,cGDL,-12.180541716143068,0.0,9.806242373719234,4.742063841654606e-05,4.742063841654606e-05,0.0,0.0,0.0,0.0,0.8,0.0,1.2468915576890797e-05,1.405586846849508e-05,3.7492590476808245e-08,0.3,10193417.840773376,-12.180558228071908
316.95,4,cGDL,-12.180630906810734,0.0,9.806304613352284,4.6939261841879985e-05,4.6939261841879985e-05,0.0,0.0,0.0,0.0,0.8,0.0,1.246890811933677e-05,1.4055860061797812e-05,3.7492460091112955e-08,0.3,10193417.840773376,-12.180647418858085
317.05,4,cGDL,-12.180720249897263,0.0,9.806366853015504,4.645788386459655e-05,4.645788386459655e-05,0.0,0.0,0.0,0.0,0.8,0.0,1.2468900649040365e-05,1.4055851640736409e-05,3.749232948286198e-08,0.3,10193417.840773376,-12.180736762063317
317.15,4,cGDL,-12.180809745403678,0.0,9.806429092708958,4.597650449563251e-05,4.597650449563251e-05,0.0,0.0,0.0,0.0,0.8,0.0,1.246889316600151e-05,1.4055843205310793e-05,3.7492198652055266e-08,0.3,10193417.840773376,-12.180826257688699
317.25,4,cGDL,-12.180899393331174,0.0,9.806491332432707,4.549512374592464e-05,4.549512374592464e-05,0.0,0.0,0.0,0.0,0.8,0.0,1.2468885670220111e-05,1.4055834755520851e-05,3.749206759869233e-08,0.3,10193417.840773376,-12.180915905735327
317.34999999999997,4,cGDL,-12.180989193680773,0.0,9.806553572186814,4.5013741626409614e-05,4.5013741626409614e-05,0.0,0.0,0.0,0.0,0.8,0.0,1.24688781616961e-05,1.4055826291366513e-05,3.749193632277304e-08,0.3,10193417.840773376,-12.181005706204308
317.44999999999993,4,cGDL,-12.181079146453612,0.0,9.806615811971342,4.4532358148024055e-05,4.4532358148024055e-05,0.0,0.0,0.0,0.0,0.8,0.0,1.2468870640429383e-05,1.4055817812847668e-05,3.7491804824297127e-08,0.3,10193417.840773376,-12.181095659096739
317.55,4,cGDL,-12.181169251650715,0.0,9.806678051786355,4.4050973321704904e-05,4.4050973321704904e-05,0.0,0.0,0.0,0.0,0.8,0.0,1.246886310641989e-05,1.405580931996424e-05,3.7491673103264375e-08,0.3,10193417.840773376,-12.18118576441372
317.6499999999999,4,cGDL,-12.181259509273332,0.0,9.806740291631913,4.3569587158388915e-05,4.3569587158388915e-05,0.0,0.0,0.0,0.0,0.8,0.0,1.2468855559667523e-05,1.4055800812716119e-05,3.749154115967436e-08,0.3,10193417.840773376,-12.181276022156366
317.75,4,cGDL,-12.181349919322486,0.0,9.806802531508081,4.3088199669012896e-05,4.3088199669012896e-05,0.0,0.0,0.0,0.0,0.8,0.0,1.246884800017221e-05,1.405579229110322e-05,3.7491408993526964e-08,0.3,10193417.840773376,-12.181366432325781
317.84999999999997,4,cGDL,-12.181440481799257,0.0,9.806864771414922,4.26068108645136e-05,4.26068108645136e-05,0.0,0.0,0.0,0.0,0.8,0.0,1.246884042793387e-05,1.4055783755125453e-05,3.749127660482188e-08,0.3,10193417.840773376,-12.181456994923078
317.95,4,cGDL,-12.181531196704839,0.0,9.806927011352496,4.212542075582789e-05,4.212542075582789e-05,0.0,0.0,0.0,0.0,0.8,0.0,1.246883284295241e-05,1.4055775204782716e-05,3.749114399355879e-08,0.3,10193417.840773376,-12.181547709949365
318.04999999999995,4,cGDL,-12.181622064040255,0.0,9.806989251320868,4.164402935389255e-05,4.164402935389255e-05,0.0,0.0,0.0,0.0,0.8,0.0,1.2468825245227754e-05,1.4055766640074925e-05,3.7491011159737544e-08,0.3,10193417.840773376,-12.18163857740576
318.15000000000003,4,cGDL,-12.181713083806699,0.0,9.8070514913201,4.116263666964438e-05,4.116263666964438e-05,0.0,0.0,0.0,0.0,0.8,0.0,1.2468817634759818e-05,1.4055758061001975e-05,3.7490878103357715e-08,0.3,10193417.840773376,-12.181729597293376
318.24999999999994,4,cGDL,-12.18180425600525,0.0,9.807113731350256,4.068124271402023e-05,4.068124271402023e-05,0.0,0.0,0.0,0.0,0.8,0.0,1.2468810011548514e-05,1.4055749467563778e-05,3.749074482441919e-08,0.3,10193417.840773376,-12.181820769613337
318.35,4,cGDL,-12.181895580637047,0.0,9.807175971411397,4.0199847497957e-05,4.0199847497957e-05,0.0,0.0,0.0,0.0,0.8,0.0,1.2468802375593764e-05,1.4055740859760242e-05,3.749061132292156e-08,0.3,10193417.840773376,-12.18191209436676
318.45,4,cGDL,-12.181987057703225,0.0,9.807238211503586,3.9718451032391504e-05,3.9718451032391504e-05,0.0,0.0,0.0,0.0,0.8,0.0,1.2468794726895478e-05,1.4055732237591264e-05,3.749047759886464e-08,0.3,10193417.840773376,-12.182003571554768
318.55,4,cGDL,-12.182078687204864,0.0,9.807300451626887,3.9237053328260635e-05,3.9237053328260635e-05,0.0,0.0,0.0,0.0,0.8,0.0,1.246878706545358e-05,1.4055723601056764e-05,3.7490343652248166e-08,0.3,10193417.840773376,-12.182095201178486
318.65,4,cGDL,-12.182170469143102,0.0,9.807362691781362,3.875565439650139e-05,3.875565439650139e-05,0.0,0.0,0.0,0.0,0.8,0.0,1.2468779391267977e-05,1.405571495015663e-05,3.749020948307186e-08,0.3,10193417.840773376,-12.182186983239044
318.75,4,cGDL,-12.182262403519132,0.0,9.807424931967073,3.8274254248050625e-05,3.8274254248050625e-05,0.0,0.0,0.0,0.0,0.8,0.0,1.246877170433859e-05,1.4055706284890777e-05,3.749007509133537e-08,0.3,10193417.840773376,-12.18227891773757
318.84999999999997,4,cGDL,-12.182354490333978,0.0,9.807487172184084,3.7792852893845264e-05,3.7792852893845264e-05,0.0,0.0,0.0,0.0,0.8,0.0,1.246876400466534e-05,1.405569760525911e-05,3.7489940477038534e-08,0.3,10193417.840773376,-12.182371004675192
318.95000000000005,4,cGDL,-12.182446729588833,0.0,9.807549412432456,3.731145034482225e-05,3.731145034482225e-05,0.0,0.0,0.0,0.0,0.8,0.0,1.2468756292248133e-05,1.4055688911261533e-05,3.7489805640181084e-08,0.3,10193417.840773376,-12.182463244053043
319.04999999999995,4,cGDL,-12.182539121284833,0.0,9.807611652712252,3.683004661191852e-05,3.683004661191852e-05,0.0,0.0,0.0,0.0,0.8,0.0,1.2468748567086889e-05,1.4055680202897945e-05,3.7489670580762655e-08,0.3,10193417.840773376,-12.182555635872262
319.15000000000003,4,cGDL,-12.182631665423173,0.0,9.807673893023537,3.634864170607113e-05,3.634864170607113e-05,0.0,0.0,0.0,0.0,0.8,0.0,1.2468740829181515e-05,1.4055671480168252e-05,3.7489535298782886e-08,0.3,10193417.840773376,-12.182648180133985
319.25,4,cGDL,-12.182724362004876,0.0,9.807736133366372,3.5867235638216974e-05,3.5867235638216974e-05,0.0,0.0,0.0,0.0,0.8,0.0,1.2468733078531935e-05,1.4055662743072361e-05,3.748939979424174e-08,0.3,10193417.840773376,-12.18274087683935
319.35,4,cGDL,-12.182817211031136,0.0,9.80779837374082,3.538582841929299e-05,3.538582841929299e-05,0.0,0.0,0.0,0.0,0.8,0.0,1.2468725315138062e-05,1.405565399161018e-05,3.7489264067138806e-08,0.3,10193417.840773376,-12.182833725989502
319.45,4,cGDL,-12.182910212503089,0.0,9.807860614146943,3.490442006023634e-05,3.490442006023634e-05,0.0,0.0,0.0,0.0,0.8,0.0,1.2468717538999814e-05,1.4055645225781607e-05,3.7489128117473855e-08,0.3,10193417.840773376,-12.182926727585581
319.54999999999995,4,cGDL,-12.183003366421929,0.0,9.807922854584806,3.4423010571983954e-05,3.4423010571983954e-05,0.0,0.0,0.0,0.0,0.8,0.0,1.2468709750117094e-05,1.4055636445586542e-05,3.748899194524652e-08,0.3,10193417.840773376,-12.183019881628736
319.65,4,cGDL,-12.183096672788736,0.0,9.807985095054468,3.394159996547271e-05,3.394159996547271e-05,0.0,0.0,0.0,0.0,0.8,0.0,1.2468701948489828e-05,1.4055627651024895e-05,3.7488855550456606e-08,0.3,10193417.840773376,-12.183113188120114
319.74999999999994,4,cGDL,-12.183190131604647,0.0,9.808047335555996,3.3460188251639735e-05,3.3460188251639735e-05,0.0,0.0,0.0,0.0,0.8,0.0,1.2468694134117926e-05,1.4055618842096572e-05,3.748871893310387e-08,0.3,10193417.840773376,-12.18320664706086
319.85,4,cGDL,-12.183283742870913,0.0,9.80810957608945,3.2978775441422156e-05,3.2978775441422156e-05,0.0,0.0,0.0,0.0,0.8,0.0,1.2468686307001298e-05,1.4055610018801462e-05,3.748858209318793e-08,0.3,10193417.840773376,-12.183300258452135
319.94999999999993,4,cGDL,-12.183377506588613,0.0,9.808171816654893,3.249736154575702e-05,3.249736154575702e-05,0.0,0.0,0.0,0.0,0.8,0.0,1.2468678467139864e-05,1.4055601181139484e-05,3.748844503070851e-08,0.3,10193417.840773376,-12.183394022295087
320.05,4,cGDL,-12.183471422758942,0.0,9.808234057252387,3.201594657558148e-05,3.201594657558148e-05,0.0,0.0,0.0,0.0,0.8,0.0,1.2468670614533533e-05,1.4055592329110528e-05,3.748830774566536e-08,0.3,10193417.840773376,-12.183487938590874
320.1499999999999,4,cGDL,-12.183565491383035,0.0,9.808296297881997,3.1534530541832594e-05,3.1534530541832594e-05,0.0,0.0,0.0,0.0,0.8,0.0,1.246866274918222e-05,1.4055583462714504e-05,3.74881702380582e-08,0.3,10193417.840773376,-12.183582007340652
320.25,4,cGDL,-12.183659712462031,0.0,9.808358538543786,3.10531134554475e-05,3.10531134554475e-05,0.0,0.0,0.0,0.0,0.8,0.0,1.246865487108584e-05,1.405557458195131e-05,3.748803250788676e-08,0.3,10193417.840773376,-12.183676228545583
320.34999999999997,4,cGDL,-12.183754085997123,0.0,9.808420779237812,3.05716953273633e-05,3.05716953273633e-05,0.0,0.0,0.0,0.0,0.8,0.0,1.2468646980244305e-05,1.4055565686820854e-05,3.748789455515074e-08,0.3,10193417.840773376,-12.183770602206831
320.45,4,cGDL,-12.183848611989447,0.0,9.808483019964143,3.009027616851711e-05,3.009027616851711e-05,0.0,0.0,0.0,0.0,0.8,0.0,1.2468639076657528e-05,1.4055556777323033e-05,3.748775637984987e-08,0.3,10193417.840773376,-12.18386512832556
320.54999999999995,4,cGDL,-12.183943290440197,0.0,9.808545260722841,2.9608855989846108e-05,2.9608855989846108e-05,0.0,0.0,0.0,0.0,0.8,0.0,1.2468631160325421e-05,1.405554785345775e-05,3.748761798198385e-08,0.3,10193417.840773376,-12.183959806902935
320.65000000000003,4,cGDL,-12.184038121350568,0.0,9.808607501513967,2.912743480228747e-05,2.912743480228747e-05,0.0,0.0,0.0,0.0,0.8,0.0,1.2468623231247897e-05,1.4055538915224904e-05,3.7487479361552375e-08,0.3,10193417.840773376,-12.184054637940127
320.74999999999994,4,cGDL,-12.184133104721639,0.0,9.808669742337583,2.8646012616778387e-05,2.8646012616778387e-05,0.0,0.0,0.0,0.0,0.8,0.0,1.2468615289424872e-05,1.40555299626244e-05,3.748734051855521e-08,0.3,10193417.840773376,-12.18414962143831
320.85,4,cGDL,-12.18422824055466,0.0,9.808731983193754,2.8164589444256097e-05,2.8164589444256097e-05,0.0,0.0,0.0,0.0,0.8,0.0,1.2468607334856256e-05,1.4055520995656143e-05,3.748720145299205e-08,0.3,10193417.840773376,-12.18424475739865
320.95,4,cGDL,-12.184323528850825,0.0,9.808794224082542,2.7683165295657816e-05,2.7683165295657816e-05,0.0,0.0,0.0,0.0,0.8,0.0,1.2468599367541955e-05,1.4055512014320023e-05,3.748706216486249e-08,0.3,10193417.840773376,-12.184340045822324
321.05,4,cGDL,-12.184418969611272,0.0,9.808856465004007,2.7201740181920827e-05,2.7201740181920827e-05,0.0,0.0,0.0,0.0,0.8,0.0,1.246859138748189e-05,1.4055503018615947e-05,3.748692265416639e-08,0.3,10193417.840773376,-12.184435486710512
321.15,4,cGDL,-12.184514562837137,0.0,9.808918705958217,2.6720314113982358e-05,2.6720314113982358e-05,0.0,0.0,0.0,0.0,0.8,0.0,1.2468583394675969e-05,1.405549400854382e-05,3.7486782920903445e-08,0.3,10193417.840773376,-12.184531080064394
321.25000000000006,4,cGDL,-12.18461030852967,0.0,9.808980946945232,2.6238887102779745e-05,2.6238887102779745e-05,0.0,0.0,0.0,0.0,0.8,0.0,1.2468575389124103e-05,1.4055484984103535e-05,3.748664296507329e-08,0.3,10193417.840773376,-12.184626825885148
321.34999999999997,4,cGDL,-12.184706206690066,0.0,9.809043187965113,2.5757459159250258e-05,2.5757459159250258e-05,0.0,0.0,0.0,0.0,0.8,0.0,1.2468567370826204e-05,1.4055475945294994e-05,3.748650278667563e-08,0.3,10193417.840773376,-12.184722724173962
321.45000000000005,4,cGDL,-12.184802257319404,0.0,9.809105429017926,2.527603029433119e-05,2.527603029433119e-05,0.0,0.0,0.0,0.0,0.8,0.0,1.246855933978219e-05,1.4055466892118105e-05,3.7486362385710275e-08,0.3,10193417.840773376,-12.184818774932014
321.54999999999995,4,cGDL,-12.184898460418992,0.0,9.809167670103731,2.479460051895991e-05,2.479460051895991e-05,0.0,0.0,0.0,0.0,0.8,0.0,1.2468551295991962e-05,1.405545782457276e-05,3.7486221762176866e-08,0.3,10193417.840773376,-12.184914978160501
321.65,4,cGDL,-12.184994815989967,0.0,9.809229911222593,2.43131698440739e-05,2.43131698440739e-05,0.0,0.0,0.0,0.0,0.8,0.0,1.2468543239455433e-05,1.4055448742658853e-05,3.748608091607506e-08,0.3,10193417.840773376,-12.18501133386061
321.75,4,cGDL,-12.185091324033522,0.0,9.809292152374574,2.383173828061039e-05,2.383173828061039e-05,0.0,0.0,0.0,0.0,0.8,0.0,1.246853517017252e-05,1.4055439646376295e-05,3.748593984740465e-08,0.3,10193417.840773376,-12.185107842033531
321.8499999999999,4,cGDL,-12.18518798455085,0.0,9.809354393559735,2.3350305839506646e-05,2.3350305839506646e-05,0.0,0.0,0.0,0.0,0.8,0.0,1.246852708814313e-05,1.4055430535724983e-05,3.748579855616528e-08,0.3,10193417.840773376,-12.185204502680458
321.95,4,cGDL,-12.185284797543147,0.0,9.809416634778142,2.286887253170017e-05,2.286887253170017e-05,0.0,0.0,0.0,0.0,0.8,0.0,1.2468518993367173e-05,1.4055421410704814e-05,3.7485657042356685e-08,0.3,10193417.840773376,-12.185301315802592
322.04999999999995,4,cGDL,-12.185381763011605,0.0,9.809478876029855,2.238743836812838e-05,2.238743836812838e-05,0.0,0.0,0.0,0.0,0.8,0.0,1.2468510885844563e-05,1.4055412271315689e-05,3.748551530597862e-08,0.3,10193417.840773376,-12.185398281401126
322.15,4,cGDL,-12.185478880957476,0.0,9.809541117314938,2.1906003359728704e-05,2.1906003359728704e-05,0.0,0.0,0.0,0.0,0.8,0.0,1.24685027655752e-05,1.40554031175575e-05,3.7485373347030614e-08,0.3,10193417.840773376,-12.185495399477263
322.24999999999994,4,cGDL,-12.185576151381895,0.0,9.809603358633453,2.142456751743862e-05,2.142456751743862e-05,0.0,0.0,0.0,0.0,0.8,0.0,1.2468494632559007e-05,1.4055393949430156e-05,3.748523116551253e-08,0.3,10193417.840773376,-12.185592670032207
322.35,4,cGDL,-12.185673574286113,0.0,9.809665599985465,2.0943130852195608e-05,2.0943130852195608e-05,0.0,0.0,0.0,0.0,0.8,0.0,1.2468486486795887e-05,1.4055384766933548e-05,3.748508876142398e-08,0.3,10193417.840773376,-12.185690093067162
322.44999999999993,4,cGDL,-12.185771149671268,0.0,9.809727841371032,2.046169337493713e-05,2.046169337493713e-05,0.0,0.0,0.0,0.0,0.8,0.0,1.2468478328285756e-05,1.405537557006758e-05,3.748494613476476e-08,0.3,10193417.840773376,-12.185787668583336
322.55,4,cGDL,-12.185868877538667,0.0,9.809790082790222,1.998025509660074e-05,1.998025509660074e-05,0.0,0.0,0.0,0.0,0.8,0.0,1.2468470157028513e-05,1.4055366358832145e-05,3.748480328553446e-08,0.3,10193417.840773376,-12.185885396581938
322.65,4,cGDL,-12.185966757889446,0.0,9.809852324243094,1.9498816028123948e-05,1.9498816028123948e-05,0.0,0.0,0.0,0.0,0.8,0.0,1.2468461973024078e-05,1.4055357133227142e-05,3.748466021373286e-08,0.3,10193417.840773376,-12.185983277064175
322.75,4,cGDL,-12.186064790724856,0.0,9.809914565729713,1.9017376180444296e-05,1.9017376180444296e-05,0.0,0.0,0.0,0.0,0.8,0.0,1.2468453776272354e-05,1.405534789325247e-05,3.74845169193596e-08,0.3,10193417.840773376,-12.186081310031263
322.84999999999997,4,cGDL,-12.186162976046148,0.0,9.809976807250141,1.853593556449935e-05,1.853593556449935e-05,0.0,0.0,0.0,0.0,0.8,0.0,1.2468445566773249e-05,1.4055338638908026e-05,3.748437340241433e-08,0.3,10193417.840773376,-12.186179495484419
322.95,4,cGDL,-12.186261313854459,0.0,9.810039048804441,1.805449419122672e-05,1.805449419122672e-05,0.0,0.0,0.0,0.0,0.8,0.0,1.2468437344526674e-05,1.4055329370193708e-05,3.7484229662896855e-08,0.3,10193417.840773376,-12.186277833424857
323.04999999999995,4,cGDL,-12.186359804150982,0.0,9.810101290392677,1.757305207156401e-05,1.757305207156401e-05,0.0,0.0,0.0,0.0,0.8,0.0,1.246842910953255e-05,1.405532008710942e-05,3.748408570080693e-08,0.3,10193417.840773376,-12.186376323853803
323.15000000000003,4,cGDL,-12.186458446937081,0.0,9.810163532014908,1.709160921644883e-05,1.709160921644883e-05,0.0,0.0,0.0,0.0,0.8,0.0,1.2468420861790764e-05,1.4055310789655044e-05,3.7483941516143984e-08,0.3,10193417.840773376,-12.186474966772476
323.24999999999994,4,cGDL,-12.186557242213894,0.0,9.810225773671199,1.661016563681884e-05,1.661016563681884e-05,0.0,0.0,0.0,0.0,0.8,0.0,1.2468412601301236e-05,1.4055301477830485e-05,3.7483797108907914e-08,0.3,10193417.840773376,-12.1865737621821
323.35,4,cGDL,-12.186656189982614,0.0,9.810288015361612,1.6128721343611733e-05,1.6128721343611733e-05,0.0,0.0,0.0,0.0,0.8,0.0,1.2468404328063875e-05,1.4055292151635642e-05,3.748365247909841e-08,0.3,10193417.840773376,-12.186672710083895
323.45,4,cGDL,-12.186755290244491,0.0,9.810350257086213,1.564727634776518e-05,1.564727634776518e-05,0.0,0.0,0.0,0.0,0.8,0.0,1.2468396042078591e-05,1.4055282811070412e-05,3.7483507626715117e-08,0.3,10193417.840773376,-12.186771810479103
323.55,4,cGDL,-12.186854543000834,0.0,9.81041249884506,1.5165830660216909e-05,1.5165830660216909e-05,0.0,0.0,0.0,0.0,0.8,0.0,1.2468387743345283e-05,1.4055273456134684e-05,3.7483362551757654e-08,0.3,10193417.840773376,-12.18687106336894
323.65,4,cGDL,-12.186953948252778,0.0,9.81047474063822,1.4684384291904644e-05,1.4684384291904644e-05,0.0,0.0,0.0,0.0,0.8,0.0,1.2468379431863863e-05,1.4055264086828355e-05,3.7483217254225853e-08,0.3,10193417.840773376,-12.186970468754648
323.75000000000006,4,cGDL,-12.187053506001575,0.0,9.810536982465752,1.4202937253766131e-05,1.4202937253766131e-05,0.0,0.0,0.0,0.0,0.8,0.0,1.2468371107634247e-05,1.4055254703151331e-05,3.748307173411932e-08,0.3,10193417.840773376,-12.187070026637457
323.84999999999997,4,cGDL,-12.187153216248532,0.0,9.810599224327722,1.372148955673929e-05,1.372148955673929e-05,0.0,0.0,0.0,0.0,0.8,0.0,1.2468362770656329e-05,1.4055245305103499e-05,3.74829259914377e-08,0.3,10193417.840773376,-12.187169737018607
323.94999999999993,4,cGDL,-12.187253078994786,0.0,9.810661466224191,1.3240041211761782e-05,1.3240041211761782e-05,0.0,0.0,0.0,0.0,0.8,0.0,1.2468354420930026e-05,1.4055235892684757e-05,3.748278002618084e-08,0.3,10193417.840773376,-12.187269599899336
324.05,4,cGDL,-12.187353094241644,0.0,9.810723708155223,1.2758592229771295e-05,1.2758592229771295e-05,0.0,0.0,0.0,0.0,0.8,0.0,1.2468346058455244e-05,1.4055226465895e-05,3.748263383834823e-08,0.3,10193417.840773376,-12.187369615280884
324.1499999999999,4,cGDL,-12.187453261990356,0.0,9.810785950120877,1.2277142621705791e-05,1.2277142621705791e-05,0.0,0.0,0.0,0.0,0.8,0.0,1.2468337683231885e-05,1.4055217024734125e-05,3.7482487427939644e-08,0.3,10193417.840773376,-12.187469783164493
324.25,4,cGDL,-12.187553582242117,0.0,9.81084819212122,1.1795692398503141e-05,1.1795692398503141e-05,0.0,0.0,0.0,0.0,0.8,0.0,1.2468329295259861e-05,1.4055207569202024e-05,3.748234079495483e-08,0.3,10193417.840773376,-12.187519282507983
324.34999999999997,4,cGDL,-12.187654054998234,0.0,9.810910434156314,1.1314241571101204e-05,1.1314241571101204e-05,0.0,0.0,0.0,0.0,0.8,0.0,1.2468320894539073e-05,1.405519809929859e-05,3.7482193939393324e-08,0.3,10193417.840773376,-12.187568832680933
324.45,4,cGDL,-12.1877546802599,0.0,9.810972676226221,1.0832790150437891e-05,1.0832790150437891e-05,0.0,0.0,0.0,0.0,0.8,0.0,1.2468312481069433e-05,1.4055188615023726e-05,3.748204686125496e-08,0.3,10193417.840773376,-12.187618433683644
324.54999999999995,4,cGDL,-12.187855458028366,0.0,9.811034918331005,1.0351338147451144e-05,1.0351338147451144e-05,0.0,0.0,0.0,0.0,0.8,0.0,1.2468304054850852e-05,1.4055179116377322e-05,3.748189956053936e-08,0.3,10193417.840773376,-12.18766808551642
324.65,4,cGDL,-12.18795638830494,0.0,9.811097160470727,9.869885573078895e-06,9.869885573078895e-06,0.0,0.0,0.0,0.0,0.8,0.0,1.2468295615883223e-05,1.4055169603359269e-05,3.748175203724618e-08,0.3,10193417.840773376,-12.187717788179567
324.74999999999994,4,cGDL,-12.188057471090872,0.0,9.81115940264545,9.388432438259123e-06,9.388432438259123e-06,0.0,0.0,0.0,0.0,0.8,0.0,1.246828716416646e-05,1.4055160075969465e-05,3.748160429137509e-08,0.3,10193417.840773376,-12.187767541673391
324.85,4,cGDL,-12.188158706387355,0.0,9.811221644855236,8.906978753929831e-06,8.906978753929831e-06,0.0,0.0,0.0,0.0,0.8,0.0,1.2468278699700467e-05,1.4055150534207798e-05,3.748145632292582e-08,0.3,10193417.840773376,-12.187817345998196
324.94999999999993,4,cGDL,-12.188260094195755,0.0,9.81128388710015,8.425524531029036e-06,8.425524531029036e-06,0.0,0.0,0.0,0.0,0.8,0.0,1.2468270222485152e-05,1.405514097807417e-05,3.7481308131897974e-08,0.3,10193417.840773376,-12.187867201154292
325.05,4,cGDL,-12.188361634517207,0.0,9.811346129380253,7.944069780494771e-06,7.944069780494771e-06,0.0,0.0,0.0,0.0,0.8,0.0,1.246826173252042e-05,1.4055131407568475e-05,3.748115971829138e-08,0.3,10193417.840773376,-12.187917107141985
325.15,4,cGDL,-12.188463327353077,0.0,9.81140837169561,7.462614513265093e-06,7.462614513265093e-06,0.0,0.0,0.0,0.0,0.8,0.0,1.2468253229806175e-05,1.4055121822690599e-05,3.748101108210552e-08,0.3,10193417.840773376,-12.187967063961578
325.25,4,cGDL,-12.188565172704557,0.0,9.81147061404628,6.981158740278097e-06,6.981158740278097e-06,0.0,0.0,0.0,0.0,0.8,0.0,1.2468244714342325e-05,1.4055112223440439e-05,3.7480862223340266e-08,0.3,10193417.840773376,-12.18801707161338
325.34999999999997,4,cGDL,-12.188667170572955,0.0,9.811532856432331,6.499702472471892e-06,6.499702472471892e-06,0.0,0.0,0.0,0.0,0.8,0.0,1.2468236186128774e-05,1.405510260981789e-05,3.7480713141995155e-08,0.3,10193417.840773376,-12.188067130097702
325.45000000000005,4,cGDL,-12.18876932095958,0.0,9.811595098853822,6.01824572078461e-06,6.01824572078461e-06,0.0,0.0,0.0,0.0,0.8,0.0,1.246822764516542e-05,1.4055092981822838e-05,3.748056383806987e-08,0.3,10193417.840773376,-12.188117239414847
325.54999999999995,4,cGDL,-12.18887162386568,0.0,9.811657341310815,5.536788496154399e-06,5.536788496154399e-06,0.0,0.0,0.0,0.0,0.8,0.0,1.2468219091452178e-05,1.4055083339455181e-05,3.748041431156409e-08,0.3,10193417.840773376,-12.188167399565128
325.65000000000003,4,cGDL,-12.18897407929245,0.0,9.811719583803375,5.055330809519441e-06,5.055330809519441e-06,0.0,0.0,0.0,0.0,0.8,0.0,1.2468210524988948e-05,1.4055073682714813e-05,3.748026456247763e-08,0.3,10193417.840773376,-12.188217610548854
325.75,4,cGDL,-12.189076687241254,0.0,9.811781826331565,4.573872671817948e-06,4.573872671817948e-06,0.0,0.0,0.0,0.0,0.8,0.0,1.2468201945775633e-05,1.4055064011601626e-05,3.748011459080996e-08,0.3,10193417.840773376,-12.188267872366334
325.85,4,cGDL,-12.1891794477134,0.0,9.811844068895446,4.092414093988145e-06,4.092414093988145e-06,0.0,0.0,0.0,0.0,0.8,0.0,1.246819335381214e-05,1.4055054326115504e-05,3.747996439656079e-08,0.3,10193417.840773376,-12.188318185017877
325.95,4,cGDL,-12.18928236071008,0.0,9.81190631149508,3.610955086968288e-06,3.610955086968288e-06,0.0,0.0,0.0,0.0,0.8,0.0,1.2468184749098374e-05,1.405504462625635e-05,3.747981397972991e-08,0.3,10193417.840773376,-12.188368548503794
326.05,4,cGDL,-12.189385426232661,0.0,9.811968554130535,3.1294956616966538e-06,3.1294956616966538e-06,0.0,0.0,0.0,0.0,0.8,0.0,1.2468176131634234e-05,1.4055034912024045e-05,3.747966334031685e-08,0.3,10193417.840773376,-12.188418962824397
326.15,4,cGDL,-12.189488644282335,0.0,9.812030796801869,2.6480358291116815e-06,2.6480358291116815e-06,0.0,0.0,0.0,0.0,0.8,0.0,1.2468167501419632e-05,1.4055025183418492e-05,3.7479512478321416e-08,0.3,10193417.840773376,-12.188469427979996
326.24999999999994,4,cGDL,-12.189592014860466,0.0,9.812093039509145,2.166575600151565e-06,2.166575600151565e-06,0.0,0.0,0.0,0.0,0.8,0.0,1.2468158858454462e-05,1.4055015440439576e-05,3.7479361393743206e-08,0.3,10193417.840773376,-12.188519943970903
326.34999999999997,4,cGDL,-12.189695537968305,0.0,9.812155282252428,1.6851149857545283e-06,1.6851149857545283e-06,0.0,0.0,0.0,0.0,0.8,0.0,1.2468150202738635e-05,1.405500568308719e-05,3.747921008658185e-08,0.3,10193417.840773376,-12.188570510797431
326.44999999999993,4,cGDL,-12.18979921360716,0.0,9.812217525031778,1.2036539968590807e-06,1.2036539968590807e-06,0.0,0.0,0.0,0.0,0.8,0.0,1.2468141534272051e-05,1.4054995911361222e-05,3.747905855683711e-08,0.3,10193417.840773376,-12.188621128459891
326.55,4,cGDL,-12.189903041778393,0.0,9.812279767847262,7.221926444036286e-07,7.221926444036286e-07,0.0,0.0,0.0,0.0,0.8,0.0,1.2468132853054609e-05,1.4054986125261558e-05,3.747890680450844e-08,0.3,10193417.840773376,-12.1886717969586
326.6499999999999,4,cGDL,-12.190007022483144,0.0,9.812342010698938,2.407309393266022e-07,2.407309393266022e-07,0.0,0.0,0.0,0.0,0.8,0.0,1.2468124159086224e-05,1.4054976324788108e-05,3.747875482959581e-08,0.3,10193417.840773376,-12.188722516293867
