case,time_s,current_A,current_density_A_cm2,temperature_experiment_C,temperature_model_C,voltage_experiment_V,voltage_model_V,temperature_min_C,temperature_max_C,ice_fraction_average,ice_fraction_max,ice_fraction_ccl_average,liquid_fraction_max,gas_porosity_min,gas_porosity_ccl_average,d_h2_effective_average_m2_s,d_o2_effective_average_m2_s,d_o2_effective_ccl_average_m2_s,d_water_cathode_average_m2_s,d_liquid_capillary_cathode_average_m2_s,lambda_pem_average,lambda_pem_min,lambda_pem_max,membrane_water_average_kg_m3,anode_pem_water_flux_kg_m2_s,pem_cathode_water_flux_kg_m2_s,active_area_factor,reversible_voltage_V,activation_loss_V,ohmic_loss_V,concentration_loss_V,limiting_current_A_m2,exchange_current_density_A_m2,hydration_activity_factor,effective_exchange_current_density_A_m2,transport_limited,electrochemical_heat_average_W_m3,phase_change_heat_average_W_m3,current_residual_max_A_m2,water_balance_residual_kg_m2_s,temperature_error_C,voltage_error_V
-25C,0.0,2.0,0.006600660066006602,-24.995416484688832,-25.0,0.799,0.7675779981684052,-25.0,-25.0,0.0,0.0,0.0,0.0,0.3916,0.4207,5.6252384974391086e-05,1.092205438441391e-05,4.3538204416079355e-06,1.2312134033339315e-05,2.0356088248701296e-08,3.0,3.0,3.0,116.09999999999997,-1.1443590000000278e-08,1.1443590000000278e-08,1.0,1.2631593922179494,0.49386749463885576,0.0017125050383697451,1.394372318732733e-06,253086.95537657474,0.06462262814834036,1.0,0.06462262814834036,False,143938.0305367092,0.0,1.4210854715202004e-14,0.0,-0.004583515311168185,-0.031422001831594826
-25C,0.2,2.1,0.006930693069306931,-24.995416484688832,-24.998045128501758,0.799,0.7640224453234571,-24.99900626491413,-24.997621386729406,0.0,0.0,0.0,0.0,0.3916,0.4207,5.625317387782593e-05,1.0922211654481569e-05,4.353856718533306e-06,1.2312311319597404e-05,2.0358122191913848e-08,2.999990143333334,2.9911019907433345,3.0088504318093534,116.099618547,-1.1396251581161884e-08,2.0288217798245607e-10,1.0,1.2631563008831492,0.49733428498659404,0.0017981061418838587,1.4644312142708632e-06,253031.79835937815,0.0646367962089805,0.9999868578425479,0.06463594674202752,False,151889.21567113683,0.0,1.4210854715202004e-14,8.470329472543003e-22,-0.002628643812926157,-0.034977554676542955
-25C,0.4,2.0,0.006600660066006602,-24.993965296107348,-24.99621303660959,0.799,0.7675945286523497,-24.997669030796175,-24.995490743759717,0.0,0.0,0.0,0.0,0.3916,0.4207,5.6253903135173565e-05,1.0922357187237302e-05,4.353900032682293e-06,1.2312475374703867e-05,2.036000211191336e-08,2.9999851477699724,2.9873439474926773,3.012635819524822,116.09942521869792,-1.138175236781374e-08,4.1848826326943703e-10,1.0,1.2631545447372732,0.4938461740235205,0.001712447351374753,1.3947100282733425e-06,253029.54276592087,0.06465007703331883,0.9999801971736887,0.06464879677907233,False,143934.6907110207,0.0,1.4210854715202004e-14,-6.352747104407253e-22,-0.002247740502241413,-0.03140547134765037
-25C,0.6,2.0,0.006600660066006602,-24.992561301065223,-24.994608038862395,0.799,0.7676023283601167,-24.996247086539768,-24.9937433417235,0.0,0.0,0.0,0.0,0.3916,0.4207,5.625453714678592e-05,1.0922483163710064e-05,4.353944366436669e-06,1.231261738454589e-05,2.0361627856200922e-08,2.999980065591394,2.9848195010394156,3.0151756218876877,116.09922853838695,-1.1372001034491944e-08,4.2944775371299406e-10,1.0,1.263153155709526,0.4938370226619199,0.001712409988385461,1.3946991038057884e-06,253033.16078188235,0.06466171373459255,0.9999734210534444,0.064659995094359,False,143933.1148548963,0.0,1.4210854715202004e-14,-4.235164736271502e-22,-0.002046737797172682,-0.031397671639883384
-25C,0.8,2.1,0.006930693069306931,-24.991122981626773,-24.993014887137832,0.799,0.764046591543938,-24.99477078315931,-24.992064676536472,0.0,0.0,0.0,0.0,0.3916,0.4207,5.625516620700854e-05,1.0922607594489293e-05,4.353990243515498e-06,1.231275765196975e-05,2.0363233224882668e-08,2.999975005234186,2.9825714971415773,3.017443380786287,116.099032702563,-1.1363319348192331e-08,2.3239049464816472e-10,1.0,1.2631516445921196,0.4973055990076649,0.0017979895803624335,1.4644601542138017e-06,253031.92710989687,0.06467326647126588,0.9999666740620712,0.0646711111740018,False,151884.09323333652,0.0,1.4210854715202004e-14,7.411538288475128e-22,-0.0018919055110586669,-0.034953408456062096
-25C,1.0,2.0,0.006600660066006602,-24.989688730460614,-24.991381310349908,0.8,0.7676178822979368,-24.993213950733377,-24.990380777555828,0.0,0.0,0.0,0.0,0.3916,0.4207,5.62558119458341e-05,1.092273461398367e-05,4.354038458010298e-06,1.2312900837581588e-05,2.0364871734370974e-08,2.999970011110034,2.9815881960237305,3.0184266231922257,116.0988394299583,-1.1359520706966857e-08,4.427934075293984e-10,1.0,1.2631502123700047,0.49381860907391023,0.0017123262773501098,1.394720807540955e-06,253032.51343162108,0.06468511433942803,0.9999600154129303,0.06468252793184161,False,143929.97233098323,0.0,1.4210854715202004e-14,-1.0587911840678754e-22,-0.0016925798892941657,-0.03238211770206323
-25C,1.2,2.0,0.006600660066006602,-24.98829688239823,-24.989879726959742,0.799,0.7676251929913549,-24.991691276860593,-24.988878689295433,0.0,0.0,0.0,0.0,0.3916,0.4207,5.6256404717581197e-05,1.092285063567379e-05,4.3540850663439794e-06,1.2313031625668637e-05,2.036636782553964e-08,2.999964928022709,2.980809701212179,3.01920416103038,116.09864271447887,-1.135651421459313e-08,4.4700060077450936e-10,1.0,1.2631489479967228,0.49381007858679216,0.0017122817108491041,1.3947077266309422e-06,253036.4171937372,0.06469600667385975,0.9999532381836351,0.06469298137107612,False,143928.49527551647,0.0,1.4210854715202004e-14,1.5881867761018131e-22,-0.001582844561511365,-0.031374807008645145
-25C,1.4,2.1,0.006930693069306931,-24.986870532738067,-24.98837908972402,0.8,0.7640690321943444,-24.99017683866211,-24.98738517488303,0.0,0.0,0.0,0.0,0.3916,0.4207,5.625699816594945e-05,1.0922966442552537e-05,4.354131538219665e-06,1.2313162171604674e-05,2.0367861219923105e-08,2.999959844419513,2.979831864549392,3.020182933926061,116.09844597903515,-1.1352735367880437e-08,2.449438431634607e-10,1.0,1.2631476237393482,0.49727927746010736,0.0017978496301042208,1.4644547922082338e-06,253037.57967851424,0.06470689384568636,0.9999464603009881,0.06470342945806587,False,151879.3326193101,0.0,1.4210854715202004e-14,1.4293680984916318e-21,-0.0015085569859536463,-0.035930967805655634
-25C,1.6,1.8,0.005940594059405941,-24.985524800530953,-24.986857435896013,0.8,0.7753211950503341,-24.988647406890692,-24.985866928019306,0.0,0.0,0.0,0.0,0.3916,0.4207,5.6257600427617334e-05,1.0923083843347941e-05,4.354178464675655e-06,1.2313294514319495e-05,2.0369375275530533e-08,2.9999547826486133,2.9803204057727792,3.0196815353587336,116.09825008850133,-1.1354631870642384e-08,8.877585669084897e-10,1.0,1.2631462649410592,0.4862828443899412,0.0015409702796742924,1.2552211096345732e-06,253039.39150344627,0.06471793522987423,0.9999397115612098,0.0647140334865975,False,128136.23270502794,0.0,7.105427357601002e-15,-7.940933880509066e-23,-0.0013326353650597866,-0.0246788049496659
-25C,1.8,2.2,0.007260726072607261,-24.984144535809946,-24.985578583391884,0.8,0.7606809528175479,-24.987250746908444,-24.984647614024254,0.0,0.0,0.0,0.0,0.3916,0.4207,5.62581054629367e-05,1.0923181643861494e-05,4.354220722633653e-06,1.2313404762171141e-05,2.0370635846991575e-08,2.999949510060447,2.9788822858218253,3.021122839085638,116.0980460393393,-1.1349066452148527e-08,4.758046489261974e-11,1.0,1.2631452873185354,0.5005794354919625,0.0018833648382957104,1.5341707292579934e-06,253045.38430888634,0.06472721615788155,0.9999326817800663,0.06472285883690854,False,159864.66361801786,0.0,0.0,-1.0058516248644817e-21,-0.0014340475819381027,-0.03931904718245216
-25C,2.0,2.0,0.006600660066006602,-24.982691313305594,-24.983846944884817,0.8,0.7676542030863552,-24.985670885649142,-24.982864484066823,0.0,0.0,0.0,0.0,0.3916,0.4207,5.62587946067319e-05,1.0923316055844665e-05,4.35427026805192e-06,1.2313556281133986e-05,2.0372370424522306e-08,2.999944601648436,2.979068639727744,3.020927954653648,116.09785608379447,-1.1349796015169649e-08,4.551791422853566e-10,1.0,1.263143495090628,0.49377579737446403,0.0017120998832379113,1.3947465706795048e-06,253035.52133542535,0.06473978502724248,0.999926137577208,0.06473500318986934,False,143922.63406414277,0.0,1.4210854715202004e-14,-1.224227306578481e-22,-0.0011556315792233818,-0.03234579691364481
-25C,2.2,2.1,0.006930693069306931,-24.98128060254649,-24.982345927805767,0.8,0.76409801630119,-24.984141508990945,-24.98137108966563,0.0,0.0,0.0,0.0,0.3916,0.4207,5.625938895520116e-05,1.0923431632436746e-05,4.35431699116932e-06,1.231368656747415e-05,2.037386101247938e-08,2.999939539537697,2.9786627544844593,3.0213287439756646,116.09766018010887,-1.1348227121898179e-08,2.5212117599161886e-10,1.0,1.2631422129249754,0.49724507649184113,0.0017976556557220808,1.4644762221815328e-06,253040.02820701888,0.06475068179418184,0.9999193884872083,0.06474546214376811,False,151873.1838605579,0.0,1.4210854715202004e-14,9.26442286059391e-22,-0.001065325259276051,-0.035901983698810036
-25C,2.4,2.0,0.006600660066006602,-24.97987381754257,-24.980764747658526,0.8,0.7676691813865404,-24.982581658078374,-24.97978557234768,0.0,0.0,0.0,0.0,0.3916,0.4207,5.626001615151497e-05,1.0923553647331275e-05,4.354365047827989e-06,1.2313824111537076e-05,2.0375435004901355e-08,2.9999345434161997,2.978831768318451,3.021148143335152,116.09746683020691,-1.1348884332498703e-08,4.579094763643679e-10,1.0,1.2631408313607686,0.4937582518181023,0.0017120034202081067,1.394735917852246e-06,253040.59602691137,0.0647621623530958,0.9999127274112678,0.06475651039153535,False,143919.6078422912,0.0,1.4210854715202004e-14,-3.407984123718474e-22,-0.0008909301159576444,-0.032330818613459655
-25C,2.6,2.0,0.006600660066006602,-24.97850927496316,-24.979303947562414,0.8,0.7676762449373734,-24.981067977058814,-24.978350949661518,0.0,0.0,0.0,0.0,0.3916,0.4207,5.626059447582421e-05,1.0923665891372445e-05,4.3544112253139415e-06,1.2313950641183483e-05,2.0376882541944898e-08,2.999929458350687,2.9788647145623304,3.0211041833016763,116.09727003817156,-1.1349012979181603e-08,4.589365190964768e-10,1.0,1.2631395616364505,0.49374996637577523,0.0017119555968440408,1.3947264579360082e-06,253043.80137450818,0.06477277054109976,0.999905947784947,0.06476667851855525,False,143918.18071961272,0.0,1.4210854715202004e-14,2.3822801641527197e-22,-0.0007946725992553638,-0.032323755062626636
-25C,2.8,2.0,0.006600660066006602,-24.977148517484267,-24.977835963205195,0.8,0.767683373344434,-24.979574647509708,-24.97690327132031,0.0,0.0,0.0,0.0,0.3916,0.4207,5.626117644334431e-05,1.0923778795214862e-05,4.3544569931335e-06,1.2314077914605844e-05,2.037833880899482e-08,2.9999243728415594,2.9788745101808676,3.0210840560058045,116.09707322896836,-1.1349052799102054e-08,4.5950257500083164e-10,1.0,1.2631383144019015,0.4937416378571653,0.001711908475995459,1.3947243067218278e-06,253045.68823371912,0.06478343252515463,0.9998991676016598,0.06477690025628041,False,143916.74049335564,0.0,1.4210854715202004e-14,-9.926167350636332e-23,-0.0006874457209278262,-0.032316626655566005
-25C,3.0,2.2,0.007260726072607261,-24.97571482158716,-24.976309361748804,0.8,0.7607253506535315,-24.97806622801778,-24.97537951672558,0.0,0.0,0.0,0.0,0.3916,0.4207,5.6261782458673425e-05,1.092389648120747e-05,4.35450349723103e-06,1.2314210578815693e-05,2.037985710733742e-08,2.99991933142439,2.9781318243948944,3.021825864872644,116.09687812612391,-1.134618183187642e-08,5.364791930564496e-11,1.0,1.2631368513890808,0.5005269171242267,0.0018830493705403592,1.5342407821545848e-06,253043.281746584,0.06479452197347024,0.9998924462373882,0.06478755307883537,False,159854.79644552647,0.0,0.0,-1.164670302474663e-21,-0.0005945401616429535,-0.039274649346468515
-25C,3.2,2.1,0.006930693069306931,-24.974246642735693,-24.974660245335684,0.8,0.7641350459121841,-24.97648090411886,-24.973703433800665,0.0,0.0,0.0,0.0,0.3916,0.4207,5.626243744549173e-05,1.0924023993111535e-05,4.354552527897597e-06,1.2314354319507547e-05,2.0381502568494405e-08,2.999914400208228,2.9780515004402144,3.021897864814231,116.0966872880584,-1.1345875496373893e-08,2.5648801182772927e-10,1.0,1.263135353514671,0.49720143870399214,0.00179740439433658,1.464504158199705e-06,253043.03738142256,0.06480650336727607,0.9998858718290938,0.06479910711958393,False,151865.32830903426,0.0,1.4210854715202004e-14,7.610061635487855e-22,-0.0004136025999912363,-0.03586495408781598
-25C,3.4,2.0,0.006600660066006602,-24.972859460034414,-24.973116767248655,0.8,0.7677061833842149,-24.974918128287243,-24.972168907778354,0.0,0.0,0.0,0.0,0.3916,0.4207,5.626304906299939e-05,1.0924142842888697e-05,4.35460039443723e-06,1.2314488295619988e-05,2.0383035798458896e-08,2.999909403219049,2.9784193826211074,3.0215157102308727,116.09649390457716,-1.1347301117910254e-08,4.6263593889849365e-10,1.0,1.2631340740969585,0.4937147327644319,0.0017117632016037175,1.3947467080532515e-06,253046.43570686405,0.06481771912545863,0.9998792097638064,0.06480988977785593,False,143912.13194365602,0.0,1.4210854715202004e-14,-4.1028158382630173e-22,-0.00025730721424110925,-0.03229381661578512
-25C,3.6,2.1,0.006930693069306931,-24.97147613020391,-24.97165567416107,0.8,0.7641496056780123,-24.97340217552494,-24.970738060100132,0.0,0.0,0.0,0.0,0.3916,0.4207,5.626362767261574e-05,1.0924255056386694e-05,4.354646672233565e-06,1.2314614790835912e-05,2.0384483216212063e-08,2.999904339080866,2.9782076362668777,3.021719072505903,116.09629792242953,-1.1346482276364857e-08,2.583769357577842e-10,1.0,1.263132773325154,0.49718440157061017,0.001797301584894753,1.4644916368700285e-06,253048.26369960888,0.06482833788889787,0.9998724582083659,0.06482006956653485,False,151862.23956498425,0.0,1.4210854715202004e-14,1.1911400820763599e-21,-0.00017954395715946703,-0.03585039432198778
-25C,3.8,2.1,0.006930693069306931,-24.970058275261835,-24.970107369795556,0.8,0.7641571012070433,-24.971863812939944,-24.96919373539282,0.0,0.0,0.0,0.0,0.3916,0.4207,5.62642420935633e-05,1.0924374381890117e-05,4.35469402558381e-06,1.2314749303221588e-05,2.03860228779401e-08,2.9998993410208357,2.978083453417624,3.021834648236405,116.09610449750633,-1.1346004393130345e-08,2.588954878789102e-10,1.0,1.2631314210923867,0.49717560433274416,0.0017972510549362196,1.4644976630095456e-06,253048.8010584897,0.0648395922383777,0.99986579478245,0.06483089042679549,False,151860.64944526867,0.0,1.4210854715202004e-14,9.926167350636332e-22,-4.909453372192729e-05,-0.03584289879295677
-25C,4.0,2.0,0.006600660066006602,-24.968682752618605,-24.968595711098118,0.8,0.7677280295997211,-24.970333574326133,-24.967693638199364,0.0,0.0,0.0,0.0,0.3916,0.4207,5.626484142573678e-05,1.092449072370934e-05,4.354740911834194e-06,1.231488045218144e-05,2.038752393201137e-08,2.999894321019303,2.978373951809639,3.0215305884253314,116.09591022344699,-1.1347130717873356e-08,4.6459455031106664e-10,1.0,1.2631300707320547,0.49368902780491614,0.0017116185782918155,1.3947491256350326e-06,253050.60630310958,0.06485058196645388,0.9998591021375938,0.064841444658079,False,143907.7181254043,0.0,1.4210854715202004e-14,1.3234889800848443e-22,8.70415204872188e-05,-0.03227197040027896
-25C,4.2,1.9,0.006270627062706271,-24.96738747680149,-24.96719621692381,0.8,0.7714769350398819,-24.96886202443551,-24.96633142899796,0.0,0.0,0.0,0.0,0.3916,0.4207,5.6265395557203526e-05,1.0924598038941494e-05,4.3547857118712875e-06,1.2315001425715867e-05,2.0388908207372206e-08,2.999889211152403,2.9789203609971353,3.020966775097552,116.095712471598,-1.1349245340349655e-08,6.771601557793412e-10,1.0,1.263128908595682,0.49002465669415657,0.0016259918720281027,1.324989615481267e-06,253054.59415457485,0.06486075780181752,0.9998522897191151,0.0648511772010642,False,135992.77336059103,0.0,7.105427357601002e-15,5.293955920339377e-23,0.00019125987768120467,-0.02852306496011814
-25C,4.4,2.0,0.006600660066006602,-24.966095779823718,-24.965836286874293,0.8,0.7677413544266989,-24.9674446461849,-24.9650095991731,0.0,0.0,0.0,0.0,0.3916,0.4207,5.626593461353577e-05,1.0924702318187779e-05,4.354829003097983e-06,1.2315118976866223e-05,2.0390253429176716e-08,2.9998840546717775,2.9788775085716463,3.0209995623216064,116.09551291579777,-1.1349079892645933e-08,4.6503252792870733e-10,1.0,1.263127714353471,0.4936734396688931,0.0017115255214054847,1.3947364734654385e-06,253055.71474055637,0.06487064738289945,0.9998454151910185,0.06486061936626526,False,143905.0259719509,0.0,1.4210854715202004e-14,-3.2425480012078685e-22,0.0002594929494250664,-0.03225864557330116
-25C,4.6,2.0,0.006600660066006602,-24.964769517915357,-24.964388542118286,0.801,0.7677483400047187,-24.96600518942961,-24.963567618595306,0.0,0.0,0.0,0.0,0.3916,0.4207,5.626650950264291e-05,1.092481381578514e-05,4.3548733102673265e-06,1.2315244665066883e-05,2.0391692298247354e-08,2.9998789665176275,2.9788601978790097,3.0210070863005485,116.09531600423216,-1.1349015142609156e-08,4.6506123816686223e-10,1.0,1.2631264479580229,0.4936652329527298,0.0017114802582334691,1.3947423409664104e-06,253056.1262701517,0.06488117710146603,0.99983863178931,0.0648707073420097,False,143903.61460293128,0.0,1.4210854715202004e-14,2.6138907356675675e-22,0.0003809757970714145,-0.033251659995281346
-25C,4.8,2.0,0.006600660066006602,-24.96344694944014,-24.96294756751678,0.8,0.7677552318891826,-24.96456327652467,-24.962132045943463,0.0,0.0,0.0,0.0,0.3916,0.4207,5.626708137721133e-05,1.0924924772871965e-05,4.354917600519721e-06,1.2315369743964761e-05,2.0393124201037188e-08,2.9998738784415244,2.9788569334753667,3.0210002038035446,116.09511909568697,-1.1349004485445245e-08,4.6565492691715915e-10,1.0,1.2631251284400271,0.49365706687469096,0.0017114349277690417,1.3947483846014723e-06,253056.49894143298,0.06489165915461619,0.999831848526167,0.06488074752648987,False,143902.2221637957,0.0,1.4210854715202004e-14,1.6543612251060553e-23,0.0004993819233618524,-0.032244768110817446
-25C,5.0,2.0,0.006600660066006602,-24.962128058921877,-24.961512563845105,0.8,0.7677621401677966,-24.963122297599682,-24.960704070473582,0.0,0.0,0.0,0.0,0.3916,0.4207,5.626765068533031e-05,1.0925035259302476e-05,4.354961837331495e-06,1.2315494292304608e-05,2.039455005363683e-08,2.999868790114101,2.978855654663334,3.020991261592615,116.09492217741573,-1.1349001431041956e-08,4.662421199787146e-10,1.0,1.263123861226881,0.49364893666855586,0.001711389640171728,1.3947503566234314e-06,253057.6041599722,0.06490209933550295,0.9998250649624895,0.06489074568432118,False,143900.8264123793,0.0,1.4210854715202004e-14,2.150669592637872e-22,0.0006154950767722767,-0.0322378598322034
-25C,5.2,2.2,0.007260726072607261,-24.960736299164267,-24.96002381078827,0.801,0.7608035728615061,-24.961662091103165,-24.95920993174184,0.0,0.0,0.0,0.0,0.3916,0.4207,5.626824184851934e-05,1.092515011356941e-05,4.355006901575842e-06,1.2315623764387337e-05,2.0396032553837168e-08,2.9998637457876365,2.9781057537864593,3.0217403839364967,116.09472696198152,-1.1346102537306743e-08,6.085616998052933e-11,1.0,1.2631224768948799,0.500434889265672,0.0018824805026911827,1.5342650105525113e-06,253055.88883490264,0.0649129322105961,0.9998183400932809,0.06490114013338585,False,159837.4119941981,0.0,0.0,-5.823351512373315e-22,0.0007124883759956901,-0.04019642713849392
-25C,5.4,2.0,0.006600660066006602,-24.95934843859746,-24.958444258304212,0.801,0.7677769134493274,-24.960132721922093,-24.957606185117584,0.0,0.0,0.0,0.0,0.3916,0.4207,5.6268868964106885e-05,1.0925272203699339e-05,4.355054111818947e-06,1.2315761393261072e-05,2.0397608684197933e-08,2.999858789745496,2.9783945661284954,3.021438484406566,116.0945351631507,-1.1347224052429569e-08,4.680136515782707e-10,1.0,1.263121074796494,0.49363146919914624,0.00171129737718376,1.3947708366005155e-06,253057.01694626996,0.06492442762027865,0.9998117329538012,0.06491220449006443,False,143897.84161257997,0.0,1.4210854715202004e-14,1.3234889800848443e-22,0.0009041802932472365,-0.03322308655067263
-25C,5.6,1.9,0.006270627062706271,-24.958079068740886,-24.957045652739993,0.801,0.7715259919852638,-24.9586738921692,-24.95623418422022,0.0,0.0,0.0,0.0,0.3916,0.4207,5.62694226032498e-05,1.092537960266559e-05,4.355098563710137e-06,1.2315882461186667e-05,2.039899451435647e-08,2.9998537011043367,2.9789719873931437,3.020844317294105,116.09433823273781,-1.134945947611363e-08,6.811291207230592e-10,1.0,1.2631199559835278,0.48996695191834366,0.0016256870732615912,1.3250066587723746e-06,253061.6879707869,0.06493460774104617,0.9998049490742296,0.06492194218569174,False,135983.35744968423,0.0,7.105427357601002e-15,5.293955920339377e-22,0.0010334160008937943,-0.029474008014736208
-25C,5.8,2.0,0.006600660066006602,-24.95681320218958,-24.95572009525449,0.801,0.767790091826066,-24.957272579715976,-24.95494936661916,0.0,0.0,0.0,0.0,0.3916,0.4207,5.626994739459914e-05,1.0925481187089958e-05,4.355141234241285e-06,1.2315996974537772e-05,2.0400305214794812e-08,2.999848542840444,2.978906016656098,3.020899432648792,116.09413860792516,-1.134920337222071e-08,4.690334862663349e-10,1.0,1.2631187829322912,0.4936160909653211,0.0017112053906274355,1.3947502767674455e-06,253063.52398567944,0.06494425752947078,0.9997980724129252,0.06493114349225348,False,143895.17904799248,0.0,1.4210854715202004e-14,-3.738856368739685e-22,0.0010931069350874623,-0.0332099081739341
-25C,6.0,2.0,0.006600660066006602,-24.955512751340308,-24.95429998394488,0.802,0.767796889077509,-24.95585572943517,-24.95353706482632,0.0,0.0,0.0,0.0,0.3916,0.4207,5.62705111662762e-05,1.0925590541137649e-05,4.355184833808827e-06,1.2316120246373351e-05,2.040171677510646e-08,2.9998434531085394,2.9788698238044984,3.0209259486820286,116.09394163530045,-1.1349065668663828e-08,4.691235191610659e-10,1.0,1.2631174951541637,0.4936080503187334,0.001711160997809623,1.3947601116282693e-06,253063.18756656811,0.0649545971272033,0.9997912871487703,0.06494104026803642,False,143893.80572855083,0.0,1.4210854715202004e-14,-1.9852334701272664e-23,0.001212767395429637,-0.034203110922491065
-25C,6.2,2.2,0.007260726072607261,-24.95413946251921,-24.952828664880343,0.797,0.7608380571327407,-24.954415960711373,-24.952058804130388,0.0,0.0,0.0,0.0,0.3916,0.4207,5.62710955720766e-05,1.0925704056602127e-05,4.355229284329438e-06,1.231624820926058e-05,2.0403182302998362e-08,2.9998384075008735,2.978108165846988,3.021686949181162,116.09374637028377,-1.1346121324555267e-08,6.397509007089908e-11,1.0,1.2631161259022505,0.5003943046752253,0.0018822298185571368,1.5342757274651486e-06,253061.45660091398,0.06496531117163001,0.9997845607419632,0.06495131509319307,False,159829.7480564188,0.0,0.0,-1.3234889800848443e-21,0.0013107976388653242,-0.03616194286725938
-25C,6.4,3.7,0.012211221122112212,-24.952105480816925,-24.95076115549142,0.765,0.7225371791323272,-24.95271704958401,-24.94985165742972,0.0,0.0,0.0,0.0,0.3916,0.4207,5.6271921675349516e-05,1.0925865745703527e-05,4.355283821609139e-06,1.2316430476974884e-05,2.040527197489994e-08,3.0002066215171452,2.972041540525203,3.0303168193110133,116.1079962527135,-1.1322658618788197e-08,-2.190119161545247e-06,1.0,1.2631136985722826,0.5374089033766976,0.0031650351835079034,2.5808797500334605e-06,253038.6204372149,0.06498036940489517,1.0002755238191348,0.06499827304444239,False,283120.4774225292,0.0,1.4210854715202004e-14,-2.117582368135751e-21,0.0013443253255047694,-0.042462820867672835
-25C,6.6,5.3,0.01749174917491749,-24.948805143686343,-24.94756646331288,0.739,0.6956534221942205,-24.950218259598813,-24.946320840805072,0.0,0.0,0.0,0.0,0.3916,0.4207,5.627319675541932e-05,1.0926117184143979e-05,4.355364316364561e-06,1.2316713916671394e-05,2.040852284136207e-08,3.0011437638718985,2.9619927974917064,3.043668602918447,116.14426366184246,-1.1283788845002923e-08,-1.3094307104764198e-05,1.0,1.2631104128498518,0.5629213697904898,0.004531923235097064,3.697630044356518e-06,253020.790293493,0.0650036435871517,1.0015258908480844,0.06510283205199348,False,419944.70784155495,0.0,2.842170943040401e-14,7.623296525288703e-21,0.0012386803734614205,-0.04334657780577944
-25C,6.8,6.8,0.022442244224422443,-24.94417356271572,-24.942141510556155,0.717,0.676900641790851,-24.946466475575647,-24.940120786976593,9.434837096301224e-11,3.601099283527302e-09,2.7277533445677954e-09,3.0118292011217276e-08,0.3916,0.42069997446210877,5.627536926203385e-05,1.0926547443813443e-05,4.355488712097794e-06,1.2317198936662427e-05,2.0414089775370835e-08,3.0039559539894354,2.9510042529351805,3.0623994284621587,116.25309541939114,-1.1241335129959827e-08,-4.23401260898584e-05,0.9999999773065448,1.2631037715471298,0.5803904716613086,0.005807912160235112,4.7459347351024716e-06,252954.8454210791,0.06504318353588422,1.0052850475419501,0.06538693836929556,False,551678.9694951529,7.0664813320472994,2.842170943040401e-14,9.020900888258299e-20,0.002032052159563591,-0.040099358209149005
-25C,7.0,9.3,0.0306930693069307,-24.937733762415093,-24.934995347369238,0.698,0.6533663084454626,-24.941181480099203,-24.932020405006625,0.0,0.0,0.0,0.0,0.3916,0.4207,5.627822013785405e-05,1.0927113077034328e-05,4.3556622764700444e-06,1.231783655956597e-05,2.0421406687534918e-08,3.013065715186205,2.935851419505558,3.1067012989308562,116.60564317770611,-1.1182756622779287e-08,1.18565240268627e-08,1.0,1.2630959298081221,0.6018083233742729,0.007914804614530072,6.49337385653541e-06,252901.75424363685,0.06509530265355158,1.017535092992696,0.0662367548389693,False,776612.3411792896,226.84200366541515,5.684341886080802e-14,4.6264939579029885e-18,0.002738415045854481,-0.044633691554537336
-25C,7.2,11.0,0.036303630363036306,-24.92929969214393,-24.92544376030179,0.682,0.6408784425523493,-24.93392239560339,-24.92129281765432,2.0453462073633736e-07,8.25185945506973e-06,5.913403592439061e-06,6.889696827905504e-05,0.3916,0.42064476915473936,5.628201670967026e-05,1.0927807801483525e-05,4.35505834587931e-06,1.231861970349052e-05,2.043101947163183e-08,3.022138728785662,2.9216735907783287,3.1713322112207996,116.9567688040051,-1.1127963836543063e-08,-4.191992139567227e-05,0.9999508045612104,1.2630858620676242,0.6128706539711241,0.009329082155958079,7.683388192821057e-06,252839.0946858056,0.06516502577934406,1.0298466644002293,0.06710668292928103,False,932450.531106056,4719.451552903502,5.684341886080802e-14,3.0222135558033436e-18,0.003855931842139171,-0.04112155744765078
-25C,7.4,11.7,0.03861386138613861,-24.919705504326544,-24.91470673861312,0.666,0.6368229378771771,-24.925012442703633,-24.909460601385774,7.935422135458597e-10,2.444608326417123e-08,2.2942499218179847e-08,2.044581991895242e-07,0.3916,0.42069978517511647,5.62862874115477e-05,1.0928712983518988e-05,4.356176524726275e-06,1.2319640090512315e-05,2.044210734566854e-08,3.031157988133964,2.91255316171471,3.1747266316328737,117.3058141407844,-1.1092731723325067e-08,-4.190543055354346e-05,0.9999998091306351,1.2630753519001663,0.6163567683332755,0.009887471988297633,8.173701416042487e-06,252819.2199281631,0.06524348489322031,1.0421956906018084,0.06799646581711367,False,996581.6406728582,118.17442158358742,5.684341886080802e-14,-8.893845946170154e-19,0.004998765713423836,-0.029177062122822894
-25C,7.6,13.3,0.043894389438943894,-24.908982315549736,-24.90379994547854,0.652,0.6281381954190616,-24.91516312866733,-24.89799718307529,6.814455305849542e-07,2.3297436622899397e-05,1.9701615472752607e-05,8.652635279348551e-05,0.3916,0.4206071494259606,5.629057582468802e-05,1.0929463051418823e-05,4.3551103618214625e-06,1.2320485621599401e-05,2.0452876496786995e-08,3.049200338607198,2.9043074914638245,3.2573200267296643,118.00405310409856,-1.1060851016246227e-08,-4.1589661754110146e-05,0.9998361028416853,1.2630657743181744,0.6237550820764145,0.011163203596494652,9.293226203555677e-06,252809.06342753168,0.06532327434224659,1.0672319501707357,0.06970365936341398,False,1144534.8576197503,6947.297513523294,5.684341886080802e-14,-2.7376104855258987e-18,0.005182370071196374,-0.02386180458093845
-25C,7.8,14.9,0.049174917491749175,-24.896636929588254,-24.890601135893718,0.64,0.6196443703303612,-24.903784083173832,-24.883758992168424,1.5945642938809145e-09,3.807150933846943e-08,3.615733515525136e-08,3.184163352102197e-07,0.3916,0.4206996614362746,5.6295842914672606e-05,1.093059985662401e-05,4.356842677165823e-06,1.232176711110343e-05,2.0466522042465183e-08,3.0581484446596163,2.8969751056261477,3.250784870606982,118.35034480832715,-1.1032541411385605e-08,-4.161109206351392e-05,0.9999996991902556,1.2630519171511136,0.630935641314769,0.012461490498714506,1.041500726894626e-05,252756.7728875447,0.06541995231412939,1.0798146897605858,0.07064140426260479,False,1295008.1757749123,138.22141985932,5.684341886080802e-14,-5.649709758186183e-18,0.006035793694536551,-0.020355629669638775
-25C,8.0,16.4,0.05412541254125413,-24.882691534413823,-24.87582643745685,0.627,0.6133678673877307,-24.890853312959052,-24.86798451547898,4.221468655378742e-12,1.3027301875785193e-09,0.0,0.0,0.3916,0.4207,5.630170341405949e-05,1.0931756993894354e-05,4.357257315628945e-06,1.2323071520389998e-05,2.0481495725237132e-08,3.0760220528107824,2.8908152908738924,3.3323808498706504,119.04205344377725,-1.100874875318192e-08,1.2729903888999725e-08,1.0,1.2630376348144225,0.6360330548481158,0.013625245709322843,1.1466869253167459e-05,252722.32605587618,0.06552833079202174,1.1052811412236605,0.07242722824028731,False,1435776.6054222814,213.4712530381151,0.0,6.69494841509799e-18,0.0068650969569716835,-0.013632132612269254
-25C,8.2,18.2,0.060066006600660055,-24.86700926364557,-24.860266631750108,0.616,0.6045195912449092,-24.876613596005882,-24.85164058326069,6.632440885992634e-09,1.0447491483866654e-07,9.97968577694255e-08,3.8835140569276026e-07,0.3916,0.4206995292419829,5.6307880167636374e-05,1.0932967669229964e-05,4.357691934195039e-06,1.2324436281677414e-05,2.0497183061435727e-08,3.076011829438902,2.88366387548447,3.2948183982342716,119.04165779928547,-1.0981103655583886e-08,-4.14406922171361e-05,0.9999991697435264,1.2630237564756455,0.6433764964392806,0.015114940930503844,1.2727860951819176e-05,252719.6149390921,0.06564264848999449,1.1052664473838736,0.07255255665612474,False,1609629.9972767634,126.01125615172523,1.1368683772161603e-13,1.446732273910345e-18,0.0067426318954630915,-0.01148040875509082
-25C,8.4,19.6,0.0646864686468647,-24.849623367961243,-24.841969766508782,0.606,0.5998808808429457,-24.860636767593945,-24.83232958494392,1.3001849901924461e-06,3.697916126040641e-05,3.4987066189368604e-05,0.00016422645518016397,0.3916,0.4205074610938368,5.6315105577533836e-05,1.0934157636808779e-05,4.355276985510949e-06,1.232577769967535e-05,2.0515135251346312e-08,3.093808810969287,2.877492987507701,3.382665929147827,119.7304009845114,-1.0957287106677302e-08,-4.1110397888901254e-05,0.9997089566036662,1.263005229144196,0.6469380993896005,0.0161725345162025,1.3714395447409704e-05,252623.87078854878,0.06577731211469996,1.1310683995592834,0.07437698590826698,False,1742632.3173204465,17112.262387822917,1.1368683772161603e-13,1.8973538018496328e-18,0.007653601452460634,-0.00611911915705432
-25C,8.6,21.4,0.07062706270627062,-24.830517238907476,-24.82302781109729,0.595,0.5939308152660754,-24.843145811648355,-24.81265503730532,2.883119126834124e-06,7.849886791990086e-05,7.540399522669559e-05,0.00015521414941502555,0.3916,0.4204743594237617,5.632257959297065e-05,1.0935589389252243e-05,4.355357305477326e-06,1.2327391675157072e-05,2.0534278014169114e-08,3.1115088284386276,2.871140549340337,3.432640409056387,120.41539166057484,-1.0932738167430502e-08,-4.09203562031185e-05,0.9993728197388076,1.26298853259162,0.6514993798570332,0.01754336058885674,1.4976879654532457e-05,252622.32336740778,0.06591699363171431,1.1571752370310362,0.07622967297979512,False,1915533.0233332408,16346.48890102064,1.1368683772161603e-13,-1.094366567852556e-17,0.007489427810185134,-0.0010691847339245886
-25C,8.8,23.8,0.07854785478547854,-24.809083042265087,-24.80125238906956,0.586,0.586184745496106,-24.823644217034712,-24.789534043351182,4.052089766233506e-06,0.00011780422845469201,0.00011359542292550352,0.00015965876273183553,0.3916,0.42043209993372427,5.633126826332135e-05,1.093728111902716e-05,4.3552286738134536e-06,1.232929871599425e-05,2.055645950624396e-08,3.129106505777263,2.863100407093896,3.4824337319966117,121.09642177358006,-1.0901691322833737e-08,-4.073118454318133e-05,0.999055266027577,1.262966376222664,0.6573783777733195,0.019386586611916126,1.6666341322270516e-05,252535.56167243488,0.06607790977584989,1.1835765807318905,0.07813438050811031,False,2148982.883863405,15255.4825859452,1.1368683772161603e-13,-1.9989977555201488e-18,0.007830653195526338,0.0001847454961060313
-25C,9.0,25.1,0.08283828382838285,-24.78560115538272,-24.77800973739548,0.576,0.5831418965888455,-24.802333222403462,-24.765112089913202,5.056001857748979e-06,0.00014942945751538535,0.0001441619904617253,0.0001185277277074251,0.3916,0.4204422168079532,5.6340530738940304e-05,1.0939104849224233e-05,4.355990919101004e-06,1.2331354557307316e-05,2.0580084137684087e-08,3.1466432339449946,2.8590705222708435,3.524852312908092,121.7750931536713,-1.0886140220093733e-08,-4.056780729946663e-05,0.9988011634032542,1.2629455577663262,0.659471631166508,0.02031444982684022,1.7580184132434477e-05,252530.4823562378,0.0662500706575832,1.2103333576025763,0.08008854214295466,False,2274079.771171055,11177.651692874571,1.1368683772161603e-13,7.54198136235229e-18,0.007591417987242721,0.007141896588845564
-25C,9.2,26.7,0.08811881188118811,-24.760557849606982,-24.753598350551698,0.567,0.57932293248287,-24.779700677330197,-24.73975901720047,1.5042708082047026e-06,5.3679660465936965e-05,4.1410496535681784e-05,1.3590199261237845e-07,0.3916,0.4206585895034644,5.635022547441728e-05,1.0941235214392374e-05,4.360085217838757e-06,1.2333756059860496e-05,2.0605025427982557e-08,3.164109608239293,2.8558934893076393,3.5665104585366927,122.45104183886062,-1.087389052856957e-08,1.3635985474537332e-08,0.9996555320830101,1.26292298055476,0.6621096793451475,0.021471665045417757,1.8703681324583527e-05,252543.300807518,0.0664313366325136,1.2374311923231185,0.08217589138445885,False,2429341.692018431,229.7021210105406,1.1368683772161603e-13,1.259029772798792e-17,0.006959499055284368,0.012322932482870086
-25C,9.4,27.8,0.09174917491749175,-24.734082700046457,-24.72687260082617,0.559,0.5765134889934189,-24.755237750946407,-24.711986366884673,3.927095081877553e-06,9.790679213305202e-05,8.499406201508241e-05,0.00021461021866894656,0.3916,0.42040581480192996,5.636079124686227e-05,1.0942881683469196e-05,4.357009305435569e-06,1.2335612079547092e-05,2.0630947828979864e-08,3.1728337840246628,2.854570907943952,3.574860369088996,122.78866744175441,-1.086881946602584e-08,-4.037203335598027e-05,0.9992930765117343,1.2628969609228478,0.6640882633250268,0.022275723490758324,1.9485113643742936e-05,252447.96259845427,0.06663031557432739,1.251135266449457,0.08330460598688215,False,2537316.86360383,14805.629576771154,1.1368683772161603e-13,1.6181717424346154e-17,0.007210099220287702,0.01751348899341887
-25C,9.6,29.4,0.09702970297029702,-24.70618374642231,-24.699608041257505,0.551,0.5730327999151018,-24.729494521839626,-24.684288856944136,6.550037257976623e-06,0.00015336611887575366,0.0001389729428237225,0.00020626827686967303,0.3916,0.4203603784051154,5.637148884425114e-05,1.0944929850016104e-05,4.3571688521759445e-06,1.2337920921836335e-05,2.065868019230156e-08,3.1902158531381324,2.8524109295810884,3.6236122701954216,123.46135351644571,-1.0860494263269356e-08,-4.0188034949597255e-05,0.9988443005404528,1.2628732951900468,0.6664093171830632,0.02341056804467743,2.0610047204312197e-05,252459.4012958203,0.06683387590861796,1.2787782956186482,0.0853669372492417,False,2693687.1144181094,26762.351094340447,1.1368683772161603e-13,-2.1006417091906648e-19,0.0065757051648063225,0.022032799915101764
-25C,9.8,30.9,0.10198019801980197,-24.676618257056532,-24.669973102015632,0.544,0.5700735167044473,-24.701844579211553,-24.65370597851185,1.0164335230133115e-05,0.00021539027405085453,0.0001995638857408786,0.0003025183819380581,0.3916,0.4202036610861281,5.638320651103053e-05,1.0946604848897865e-05,4.355557911127978e-06,1.2339809102393959e-05,2.068700718642486e-08,3.207500250081759,2.8503452107162905,3.6677969100628944,124.13025967816405,-1.0852547565409932e-08,-4.002695335918734e-05,0.998340723905981,1.262844449056922,0.668297175669769,0.024452082449955316,2.1674232750386533e-05,252367.13217230036,0.06705578826292806,1.306717708801237,0.08747759527483655,False,2840357.604834482,52539.767580321946,1.1368683772161603e-13,-1.0842021724855044e-19,0.006645155040899908,0.02607351670444724
-25C,10.0,32.7,0.10792079207920792,-24.645266879677138,-24.640272009371813,0.537,0.566391018133732,-24.672908126596127,-24.61483156125169,1.3310845353298041e-05,0.0002785091763615678,0.00026095305637849033,0.00023532688833719534,0.3916,0.42021085284349863,5.6395212780294284e-05,1.0949201091789841e-05,4.356433052756274e-06,1.2342735776199458e-05,2.071818835180138e-08,3.22473371293748,2.8476107866223477,3.709217797353413,124.79719469068047,-1.084200497646989e-08,-3.986927273550073e-05,0.9978306984103512,1.262818455045542,0.6706879279896341,0.025716568547832046,2.294037434379697e-05,252387.83797251526,0.06727888191756692,1.3350281184704846,0.08962435420773361,False,3017979.9502199674,14328.430552150212,2.2737367544323206e-13,2.5488915448776406e-17,0.004994870305324639,0.029391018133732016
-25C,10.2,34.1,0.11254125412541255,-24.61220124892796,-24.606942006856627,0.53,0.564075215574351,-24.64283251691873,-24.589782698499818,2.0409260149138384e-05,0.00036044585661600007,0.00034121407352729016,0.00030494296790370743,0.3916,0.4200604421464355,5.640794791907572e-05,1.0950984380966683e-05,4.3553019381579645e-06,1.2344746029453353e-05,2.0750654604094154e-08,3.241899273088511,2.8463263462048083,3.749052547585036,125.46150186852535,-1.0837082497266212e-08,-3.972568760388873e-05,0.9971641648026226,1.2627878704539521,0.6720363427885625,0.026652378631182232,2.3933459856413415e-05,252329.73431445242,0.06753005346908865,1.3636818155526487,0.0918283552568998,False,3155167.551999102,65779.8796017952,2.2737367544323206e-13,-1.3145951341386741e-18,0.005259242071332437,0.034075215574351
-25C,10.4,35.9,0.11848184818481848,-24.57742986140724,-24.573222952810994,0.525,0.5607677339024126,-24.609827985079534,-24.55367491182909,2.509834570672956e-05,0.0004362539726377719,0.00041515406155249985,0.00031024084415312315,0.3916,0.4199838419357169,5.6421695131138605e-05,1.0953707196244638e-05,4.354949916724449e-06,1.2347815384857592e-05,2.078535544434181e-08,3.2589863060479627,2.843944438933943,3.7911350183697943,126.12277004405614,-1.0827914459392819e-08,-3.956977111684897e-05,0.9965504066086485,1.2627551759960505,0.6740737986218446,0.027888433458810317,2.5210012982947255e-05,252261.7626678151,0.06778504213906857,1.3926600691981132,0.09407587461137515,False,3333710.9825026332,14403.391244303748,2.2737367544323206e-13,1.6940658945086007e-18,0.004206908596245285,0.03576773390241261
-25C,10.6,37.4,0.12343234323432341,-24.540898144457884,-24.536148203912944,0.519,0.558448989417621,-24.57631196556187,-24.51760933953622,3.573237744630129e-05,0.0005354484761298919,0.0005124105096864813,0.00036947400882468405,0.3916,0.4198260708185305,5.6435739820246634e-05,1.0955400236448566e-05,4.353777095130568e-06,1.2349723902905657e-05,2.0821151113101093e-08,3.276022887931018,2.8424583534608283,3.8305148830070457,126.78208576293034,-1.0822209241069117e-08,-3.942904031833942e-05,0.9957435147624384,1.2627229541929617,0.6753700753643442,0.028877617344294847,2.6272066701554424e-05,252240.6370387606,0.06806643822626464,1.4220101303696302,0.09637917453227235,False,3481763.105177281,95091.87211833276,2.2737367544323206e-13,-3.415236843329339e-18,0.004749940544940046,0.03944898941762098
-25C,10.8,39.6,0.1306930693069307,-24.50235605068204,-24.49932230568058,0.512,0.5544284209033227,-24.53950720861357,-24.47501929095418,4.224857254499265e-05,0.0006260450987478073,0.0006008115083730683,0.00036766773708665047,0.3916,0.41974292085934484,5.64509759727104e-05,1.0958513652093557e-05,4.353375101256335e-06,1.235323357145092e-05,2.0859468428222634e-08,3.2929816915930292,2.838551800321178,3.8746020480134975,127.43839146465022,-1.0807148319144207e-08,-3.9266309094266864e-05,0.9950104982252098,1.262687173367263,0.6778361089329423,0.030394809653954843,2.783387704330645e-05,252166.04124793824,0.06834701837258306,1.4516845194076857,0.09872325859270352,False,3702656.582044915,8497.885560919747,2.2737367544323206e-13,-5.458280312106711e-18,0.00303374500145992,0.04242842090332266
-25C,11.0,40.5,0.13366336633663367,-24.46220453496042,-24.458242981749805,0.51,0.5539026696642781,-24.502475336838074,-24.433308459674947,5.421900038439028e-05,0.000727228496186634,0.0006996685938383266,0.0003773812563090708,0.3916,0.41963286289572066,5.646659724256039e-05,1.0960525161274097e-05,4.353060371925815e-06,1.2355501090890801e-05,2.0899652806447655e-08,3.3098875924843156,2.838633536370666,3.9120224124224205,128.092649829143,-1.0807518207042637e-08,-3.913092957989058e-05,0.9941912371828154,1.2626513784317386,0.6778213773689497,0.030898856768813914,2.8474629696876855e-05,252150.34283645748,0.06866127199459562,1.4817262017938668,0.10114623846492805,False,3788958.883625407,99513.04073906215,2.2737367544323206e-13,-1.4501204056993622e-18,0.0039615532106154205,0.04390266966427814
-25C,11.2,41.9,0.1382838283828383,-24.420975736585007,-24.417326464828022,0.506,0.5521616817177102,-24.463076138306803,-24.382786809254384,6.681050713717684e-05,0.0008378688556919751,0.0008078662568692216,0.00041252898863673287,0.3916,0.4194899447261749,5.648257975397978e-05,1.0963151754497013e-05,4.352104503955856e-06,1.2358461977796632e-05,2.094148187203007e-08,3.3267351902391464,2.8384122171661574,3.950475376657845,128.74465186225495,-1.0806707961345407e-08,-3.89934912037715e-05,0.9932951203767396,1.2626145735189924,0.6786479909857986,0.03177543164856375,2.9469166919795963e-05,252127.55636839225,0.06897561258430675,1.5121257528498666,0.10360048250287583,False,3927304.400745927,103987.44644800035,2.2737367544323206e-13,1.8566962203814263e-17,0.0036492717569842625,0.04616168171771018
-25C,11.4,43.8,0.14455445544554454,-24.378023532253277,-24.37503109673375,0.502,0.5493012639984108,-24.42124672484323,-24.344713158170492,7.720886006971709e-05,0.0009461788894939479,0.0009135684278040651,0.0004585817957265894,0.3916,0.4193409037712242,5.649967520624278e-05,1.096610040974841e-05,4.350902956603191e-06,1.2361785916443663e-05,2.098441284857439e-08,3.3435073618383493,2.8362220662753117,3.9927195387864973,129.3937349031441,-1.0798286143173428e-08,-3.884151954262026e-05,0.9924202298742355,1.2625740521836253,0.6802206026582271,0.03302136053658563,3.082499040167599e-05,252042.53301223842,0.0693019494626531,1.5428514615032416,0.1061121651780101,False,4118048.6368707176,90198.18745272448,2.2737367544323206e-13,7.657177843178875e-19,0.0029924355195269925,0.047301263998410836
-25C,11.6,45.4,0.14983498349834984,-24.33322688490878,-24.331929774742804,0.499,0.5472795165112427,-24.37928947226777,-24.288814550718598,8.615138924651934e-05,0.001056019207695182,0.00102039761428737,0.0004102540611839013,0.3916,0.4192825001136037,5.651709660611664e-05,1.096939250104421e-05,4.351298762932073e-06,1.236549700117711e-05,2.1028775358788893e-08,3.36023032530578,2.834297056612529,4.032803554177048,130.04091358933368,-1.0790891111075499e-08,-3.8693774560616984e-05,0.9915365718761974,1.2625365788313128,0.6811963640955654,0.034028740518877935,3.1957705626713295e-05,252059.92360724224,0.06963597827546264,1.573950858327361,0.10867598552059869,False,4277752.01261435,47022.55449421645,2.2737367544323206e-13,8.538092108323347e-18,0.0012971101659751127,0.04827951651124274
-25C,11.8,47.1,0.15544554455445544,-24.286726192652562,-24.284940756929018,0.496,0.5451232145426097,-24.335082102531544,-24.251446167888616,9.96722750022543e-05,0.0011748857559047718,0.0011363382484372987,0.0005106197031577699,0.3916,0.4190677461498975,5.653550784485974e-05,1.0971754092358998e-05,4.349323777333415e-06,1.2368159158659236e-05,2.1074485735905172e-08,3.376873507979376,2.8318569486367116,4.075553146143447,130.68500475880185,-1.0781512282310918e-08,-3.8543099320865355e-05,0.9905781828025937,1.2624917929749453,0.682234589600708,0.035100810028852215,3.317880277526495e-05,251950.31709096723,0.0700018379430362,1.6053663411153862,0.11131978387615522,False,4448191.950007433,105058.54202609335,2.2737367544323206e-13,-1.2847795743953228e-17,0.001785435723544282,0.049123214542609706
-25C,12.0,48.3,0.1594059405940594,-24.238793124763728,-24.236966154263257,0.493,0.5441740252868313,-24.289722222495868,-24.183552629569192,0.00011351862789106714,0.00130349221220449,0.0012615777707842674,0.00048005769210492333,0.3916,0.4189728856709918,5.6554204471756524e-05,1.097513096859634e-05,4.349359202685332e-06,1.2371965819144967e-05,2.112481625324418e-08,3.3934679600540183,2.831359368615102,4.113798564354415,131.32721005409047,-1.0779644681146078e-08,-3.840485726039795e-05,0.9895436721343973,1.2624502654577991,0.6824552611285502,0.03578694802047919,3.403102193848998e-05,251967.6480929156,0.07037721095050979,1.6371557338302527,0.11401369250283026,False,4566153.037389199,115543.95092674906,2.2737367544323206e-13,-3.038476588390626e-17,0.0018269705004705372,0.05117402528683135
-25C,12.2,50.9,0.167986798679868,-24.18884372555021,-24.187120431416815,0.491,0.5402314362655669,-24.242542791580462,-24.15642045319018,0.0001295294461665584,0.0014398974849979703,0.0013944023580134085,0.0005090968847176729,0.3916,0.41881186618554705,5.6573395632066545e-05,1.0978128008385956e-05,4.3484276354217175e-06,1.2375344300362349e-05,2.117595719127899e-08,3.410002877163646,2.8257943803288432,4.159503461150997,131.96711134623308,-1.0758164650559667e-08,-3.824091985135981e-05,0.9884473512898125,1.2624054259569635,0.6846329856097805,0.0375051233067454,3.588077487075019e-05,251935.9294211241,0.07076920217821385,1.66929834505789,0.11677014093752329,False,4832222.6055012215,162690.88852265963,2.2737367544323206e-13,-1.8295911660692887e-18,0.0017232941333951146,0.04923143626556692
-25C,12.4,52.2,0.1722772277227723,-24.136822357348986,-24.13496047130164,0.489,0.5392035470423594,-24.19151771451658,-24.107065172784957,0.0001448789240758644,0.0015739323342556504,0.0015247531705530018,0.0005777764287080815,0.3916,0.41861530936243496,5.659438432197571e-05,1.0981085901647048e-05,4.346740828987773e-06,1.2378678652765763e-05,2.1227311469994636e-08,3.4264499507342903,2.8230884851547127,4.203331689020966,132.603613093417,-1.074777992766347e-08,-3.808568057577983e-05,0.9873722938691711,1.2623552438088825,0.6848659365910603,0.038248933169520764,3.6827005942053285e-05,251806.63264857436,0.07118156123950052,1.701737430275611,0.11960270367706664,False,4961059.221516985,188767.24258419123,2.2737367544323206e-13,-3.5236570605778894e-19,0.001861886047347383,0.05020354704235941
-25C,12.6,53.9,0.17788778877887787,-24.083334638990944,-24.081995019543456,0.487,0.5373940467580381,-24.140734676493338,-24.030241788216784,0.00016170518098059905,0.0017210027499422417,0.0016676764708445176,0.0005490537799864191,0.3916,0.4185010533849339,5.6615321796881045e-05,1.0984849258884298e-05,4.346670525780678e-06,1.2382920982742297e-05,2.1282908147419738e-08,3.442847423901821,2.8201815924579567,4.244884663796405,133.23819530500046,-1.0736593036815488e-08,-3.793606355658376e-05,0.9861945076492088,1.262309622245441,0.6856016548873682,0.039275885902470886,3.8034697563767974e-05,251833.0584600962,0.07160256870689338,1.734547060948142,0.12248341022128292,False,5132478.993327793,127185.93390226207,2.2737367544323206e-13,-3.4423418976414766e-18,0.0013396194474886158,0.05039404675803816
-25C,12.8,55.7,0.18382838283828384,-24.028091352111485,-24.02637748298673,0.485,0.5354571920662603,-24.086565018014483,-23.985901511565487,0.0001796653909141746,0.0018676314624975427,0.001810151852283186,0.0006261659179239181,0.3916,0.41828408567177566,5.6637495030660764e-05,1.098798065181797e-05,4.344829413377182e-06,1.2386450916594804e-05,2.1338317708893706e-08,3.4591633640744543,2.8166317568540307,4.289873237542619,133.86962218968134,-1.0722934724501454e-08,-3.77775795330234e-05,0.9850214129324969,1.26225676725468,0.6863943601820485,0.04036587912493269,3.933588143852315e-05,251721.0075419282,0.072047142875617,1.7676621874070935,0.12544741206360133,False,5314777.3769204505,168789.9246527378,2.2737367544323206e-13,5.800481622797449e-18,0.0017138691247531312,0.050457192066260315
-25C,13.0,56.5,0.18646864686468648,-23.97206515145214,-23.968043527997025,0.484,0.5355887616050592,-24.03328733368403,-23.929857925085514,0.00020075430176323968,0.0020290918707327765,0.0019670665675838254,0.0006025184109559299,0.3916,0.41814965485057565,5.665988070908125e-05,1.0991593065713218e-05,4.344593281266513e-06,1.2390523092258534e-05,2.1399483582800186e-08,3.475428160151759,2.8169736006833137,4.327039034177466,134.4990697978731,-1.0724326225391767e-08,-3.7646307689242085e-05,0.9837305846356875,1.2622063714356015,0.6858621948330317,0.04071550476641323,3.991023109744363e-05,251733.99731779058,0.07251618136194063,1.8011432051102618,0.12848704599654898,False,5390360.750147151,207075.82774391328,2.2737367544323206e-13,1.599198204416119e-17,0.0040216234551131436,0.05158876160505921
-25C,13.2,58.3,0.1924092409240924,-23.915107823803393,-23.910768018262246,0.483,0.5337618123862509,-23.975881513790767,-23.854967526360298,0.00022051289252734244,0.002191275606551995,0.0021244836375122087,0.0006052211227337793,0.3916,0.41799037049396487,5.668256577230271e-05,1.0995434453865003e-05,4.343923684255159e-06,1.2394853384356916e-05,2.1459198251215232e-08,3.4916364216770175,2.8148655331868055,4.3684413983963335,135.12632951890055,-1.0716229450939188e-08,-3.7499645663510505e-05,0.9824368406382562,1.2621552266846332,0.6865709174755779,0.041781299061336284,4.119776146811254e-05,251723.66817491647,0.07297946445653662,1.8349787582238057,0.13156378310629357,False,5572848.834164384,176496.22940727646,2.2737367544323206e-13,-1.694743520866404e-17,0.004339805541146546,0.05076181238625088
-25C,13.4,59.7,0.19702970297029704,-23.856667866021947,-23.851332604351057,0.482,0.5327732875121945,-23.916451894035163,-23.807361821776368,0.0002398572371444842,0.002350176742849261,0.0022785592748480474,0.0006760823779719446,0.3916,0.4177685748587063,5.67066081974975e-05,1.0998921638593958e-05,4.34204184192241e-06,1.2398784392596824e-05,2.151865744758333e-08,3.507765324676931,2.813320954929649,4.410946809418327,135.7505180649972,-1.0710329104386666e-08,-3.7351244974251546e-05,0.9811717379128209,1.2620988721162427,0.6867330961715014,0.04255026870752992,4.221972501692979e-05,251612.6494490613,0.07346312058424617,1.869119651986362,0.13472602806181522,False,5712635.378237015,195047.43344465795,2.2737367544323206e-13,-6.179952383167375e-18,0.005335261670889935,0.050773287512194565
-25C,13.6,61.4,0.20264026402640264,-23.796893085124363,-23.788032015821358,0.482,0.5312632492433249,-23.86115985401392,-23.74768184524291,0.00026728166943075087,0.0025350007010202296,0.002458168372269275,0.0006893434516477534,0.3916,0.41757419424265374,5.673062295228951e-05,1.1002010380249676e-05,4.341099423364915e-06,1.2402266246826905e-05,2.1583369263616083e-08,3.5238465195656246,2.811038051226386,4.451830790365421,136.37286030718965,-1.0701561698708412e-08,-3.720883260224588e-05,0.9796984513544857,1.262044435668799,0.6872120893692478,0.043525659261794095,4.343779443211138e-05,251613.04041741055,0.07398149871339599,1.9036316608392798,0.1379743846436336,False,5884672.961888091,272231.3467951363,2.2737367544323206e-13,-1.1072414686508214e-17,0.008861069303005564,0.049263249243324925
-25C,13.8,61.8,0.20396039603960395,-23.73631643148942,-23.72614921717448,0.487,0.5322192369973459,-23.79505375362416,-23.687891522899776,0.00029102653807284046,0.0027112044221372505,0.002629148002634329,0.0007470819753489668,0.3916,0.41734837785239015,5.675586023537054e-05,1.1005757810611469e-05,4.339242089852931e-06,1.2406490622871109e-05,2.164607613223086e-08,3.53985192921493,2.812961810708799,4.489163859789266,136.99226966061778,-1.0709081822875405e-08,-3.708123986684586e-05,0.9782974217813526,1.2619862386854288,0.686159493155764,0.043563759582913815,4.3748949405144645e-05,251520.43354400806,0.07449154502343605,1.9384534003007927,0.14126457141796853,False,5917041.315602674,277947.2031536118,2.2737367544323206e-13,1.6263032587282567e-18,0.010167214314940054,0.04521923699734587
-25C,14.0,62.2,0.20528052805280528,-23.675764553625974,-23.664367530590397,0.493,0.533180107354642,-23.735732116069727,-23.601874658506432,0.0003151503327284503,0.0028957207869436505,0.0028080825140037622,0.0006882033242796361,0.3916,0.417226787517146,5.678065162417606e-05,1.1010003412484992e-05,4.33930470016153e-06,1.2411276574073993e-05,2.1711196331289857e-08,3.555816843369984,2.818138535135493,4.519522848272784,137.6101118384184,-1.0729176812637003e-08,-3.6976414199805517e-05,0.9768327446195104,1.2619334578070267,0.6851179987258463,0.04359131551081859,4.403621571963745e-05,251565.76239760575,0.07500401069351775,1.973660785723267,0.14460296853229895,False,5949301.730429736,164182.08780926367,4.547473508864641e-13,1.952919163189515e-17,0.011397023035577547,0.04018010735464206
-25C,14.2,61.8,0.20396039603960395,-23.61572340777317,-23.599686823400475,0.498,0.5356365746235179,-23.67476028491538,-23.556718112375734,0.00034355057604294075,0.0030841678255497406,0.002991121523047045,0.0007022807158013607,0.3916,0.41702849153540555,5.6805393267226654e-05,1.1013360721787855e-05,4.338269218908518e-06,1.2415061177288125e-05,2.1778166007894756e-08,3.571736604315514,2.8279391814849615,4.54387644347413,138.22620658701038,-1.0767151914037091e-08,-3.68983845524843e-05,0.97533609125592,1.2618761077584182,0.6831480848031739,0.04304768225762007,4.3766074106399213e-05,251549.37648755693,0.0755440262754281,2.009243997223496,0.1480427358625274,False,5895706.710900039,282619.897139784,2.2737367544323206e-13,-1.6398557858843255e-18,0.016036584372695728,0.03763657462351788
-25C,14.4,62.1,0.20495049504950497,-23.556281726726432,-23.541186504949764,0.504,0.5367636323942323,-23.60859421280091,-23.491560357066675,0.0003639500899318287,0.003260201552068694,0.0031617096508557044,0.0007326708593534299,0.3916,0.4168311176526303,5.6830150100552426e-05,1.1017571115965324e-05,4.336811376392198e-06,1.2419807439815458e-05,2.183805687292566e-08,3.58761340661776,2.83647006667692,4.570358864786206,138.8406388361073,-1.0800181769007694e-08,-3.6811575264691084e-05,0.9739427244143849,1.261822460639198,0.6820210063710768,0.042993829118173746,4.399275571508325e-05,251532.0435281209,0.07603554640461414,2.0452082418685773,0.15145639765906818,False,5917256.213330242,96771.89136529661,4.547473508864641e-13,-9.036147481308876e-18,0.015095221776668666,0.0327636323942323
-25C,14.6,61.8,0.20396039603960395,-23.49729072261521,-23.47883357656991,0.509,0.5390164486985717,-23.549705178235172,-23.430984123033397,0.0003888428998763962,0.003439390706067421,0.003335219155752596,0.000667823507960258,0.3916,0.4167198165322247,5.685452845420664e-05,1.1021219772207835e-05,4.336991342823918e-06,1.2423920470488831e-05,2.190306743228388e-08,3.6034621469141133,2.848833207878611,4.590444984779915,139.45398508557616,-1.084807532692065e-08,-3.6745850117388426e-05,0.9725269575897486,1.2617692177900184,0.6801885357228441,0.04252044956398618,4.3783804616451e-05,251569.20119420756,0.0765627013981647,2.0815883008722755,0.15499358915260042,False,5874605.992965788,197069.5680711761,2.2737367544323206e-13,-7.182839392716467e-19,0.01845714604530002,0.030016448698571674
-25C,14.8,61.9,0.2042904290429043,-23.438836456163635,-23.419199092129844,0.513,0.5405090801198653,-23.486350212668924,-23.370944269507106,0.00040828228884492323,0.003609228348401316,0.0034996057940389876,0.0007129732263675901,0.3916,0.41651240767209535,5.6878776670270266e-05,1.1025293595764988e-05,4.335561891192992e-06,1.2428512780680532e-05,2.1965074593062525e-08,3.619275014092084,2.8598622606874216,4.612640648953547,140.06594304536367,-1.0890757187522943e-08,-3.66757082119662e-05,0.9711869886777518,1.2617148066028896,0.6788358021021695,0.04232605645504191,4.386792581280523e-05,251554.87058725912,0.07707004377324524,2.118367572391043,0.15855859204051878,False,5874778.178886611,151714.04972058663,2.2737367544323206e-13,-4.743384504624082e-19,0.019637364033791016,0.027509080119865303
-25C,15.0,62.1,0.20495049504950497,-23.38058274915206,-23.357098636842466,0.518,0.5418176892646587,-23.42804854422107,-23.312288870664162,0.00043341971411445403,0.0037897601453014853,0.0036744340427237363,0.0006725490789366566,0.3916,0.4163756997169546,5.6902749146436696e-05,1.1028823542755551e-05,4.3353988535541146e-06,1.2432491993651711e-05,2.2030215395057535e-08,3.6350652024384362,2.871745409211751,4.633300028653774,140.67702333436745,-1.0936787769760569e-08,-3.66087888425075e-05,0.9697633556348465,1.261661914590171,0.6775987153755908,0.04220149498043103,4.4014969490556536e-05,251590.27240678616,0.07760167900139772,2.155578295668554,0.16221861507400998,False,5885550.322372106,229828.29734643406,4.547473508864641e-13,4.8382521947165635e-18,0.023484112309596128,0.02381768926465866
-25C,15.2,61.7,0.20363036303630364,-23.322819635001103,-23.296277421799402,0.522,0.5442191153539018,-23.365662704264878,-23.239556458002482,0.00045639701625970554,0.003967532359626309,0.003846639597821625,0.0006621941017597807,0.3916,0.4162132432330689,5.692680424815206e-05,1.1032928953608026e-05,4.334813748448622e-06,1.2437119911339958e-05,2.2095233184186542e-08,3.650826551253369,2.8858241850654154,4.650814010202342,141.2869875335054,-1.0991293101926235e-08,-3.655512316962541e-05,0.9683625388644134,1.2616082072189543,0.6756787618798065,0.041666591049926864,4.373893531912038e-05,251601.82448105712,0.0781256585684221,2.1932078038674274,0.165924857838024,False,5832672.214965362,210649.3319562521,2.2737367544323206e-13,-1.5720931501039814e-17,0.026542213201700804,0.022219115353901753
-25C,15.4,61.8,0.20396039603960395,-23.265589416555734,-23.237884385636193,0.526,0.5456827475482947,-23.303759938991362,-23.20012296858056,0.00047603992066030536,0.004134627651329478,0.004008224295833186,0.0007091698256952509,0.3916,0.4160069850090604,5.695078770117107e-05,1.1036142162076623e-05,4.333199635170096e-06,1.244074207361365e-05,2.2152996157992138e-08,3.6665580419752546,2.8980583152471127,4.670825989710326,141.8957962244423,-1.1038630465305393e-08,-3.6493145219641865e-05,0.9670494367248,1.2615548407751753,0.6743521888594401,0.04147607837729627,4.382599014422238e-05,251569.59416999272,0.07863180548833963,2.2312551628599335,0.1696665239919513,False,5832987.965616298,245374.0756157237,2.2737367544323206e-13,1.666960840196463e-18,0.027705030919541684,0.019682747548294688
-25C,15.6,62.0,0.20462046204620463,-23.20850888645389,-23.177396596036033,0.53,0.5469588840159867,-23.24606608850911,-23.11967859745576,0.0004992038296133083,0.004314270442081109,0.004182145922443453,0.0006690140241992368,0.3916,0.4158713579082037,5.697445705358793e-05,1.1040303286629324e-05,4.33303120858522e-06,1.2445432795836689e-05,2.2218790517691557e-08,3.682269543472254,2.9107410660326787,4.690184201955872,142.50383133237622,-1.1087752622888609e-08,-3.6431065262962586e-05,0.9656375020012309,1.2615033688749637,0.6731441952144613,0.04135631912825597,4.397051625974943e-05,251618.18815309476,0.0791593157241943,2.269746131159781,0.17349758731196532,False,5843872.184290026,208927.22097598403,2.2737367544323206e-13,-5.800481622797449e-18,0.0311122904178589,0.016958884015986664
-25C,15.8,61.9,0.2042904290429043,-23.151690602514655,-23.119213867190552,0.534,0.5487678145927926,-23.183876402965012,-23.082109770714965,0.0005182621695196813,0.004480939417379728,0.004343268877277365,0.000707177834885284,0.3916,0.415673944037956,5.699833041690302e-05,1.1043520009274497e-05,4.331617558855929e-06,1.2449058919545796e-05,2.227651152196072e-08,3.697947452324086,2.9231696644089573,4.709836911564804,143.1105664049421,-1.1135847350069931e-08,-3.6369947834060164e-05,0.964330788172616,1.2614499340882657,0.671600051876016,0.04103815076959037,4.3916849866759315e-05,251576.3863176602,0.07966981933573823,2.308649075730861,0.17736902895565756,False,5823135.068729715,243134.9871769878,2.2737367544323206e-13,-1.1384122811097797e-18,0.03247673532410289,0.014767814592792528
-25C,16.0,62.0,0.20462046204620463,-23.095187632930894,-23.05904109955543,0.537,0.5502080231613908,-23.12693960254552,-23.00310547839061,0.0005415639480366726,0.0046605049038659615,0.004517080500591568,0.000668518949371064,0.3916,0.4155368322377425,5.702178133352753e-05,1.1047694555538367e-05,4.331417938383007e-06,1.2453764771697797e-05,2.234257445672117e-08,3.7136058553708238,2.9363763837345283,4.728312257319846,143.71654660285088,-1.1186995914491471e-08,-3.6311259023897415e-05,0.9629225852313892,1.2613987967170974,0.6702911651934277,0.04085561878592111,4.39895763577639e-05,251628.2073421169,0.08020099485931469,2.3480006491216066,0.18132986630526746,False,5823522.005129177,211820.9440363241,2.2737367544323206e-13,3.2390539903004445e-18,0.03614653337546514,0.013208023161390803
-25C,16.2,62.1,0.20495049504950497,-23.038873830681062,-23.003272404242352,0.541,0.5516266015094615,-23.066012149245267,-22.94032102851989,0.0005569633826158914,0.0048264058305110625,0.004677158836506658,0.0006177814153909564,0.3916,0.4154278028143567,5.704524654550476e-05,1.1051988229379164e-05,4.3314438443948986e-06,1.2458604913118331e-05,2.2401082379807287e-08,3.729238961281457,2.949051816526713,4.747451870989766,144.32154780159235,-1.1236064625406574e-08,-3.624821176152058e-05,0.9616269544857146,1.2613494800147107,0.6690035570616226,0.04067525498874617,4.4066454880393485e-05,251652.02747413222,0.08069622468366067,2.3877883701049076,0.18529157708821517,False,5824015.537539858,71171.43324414712,4.547473508864641e-13,-5.9326187625691196e-18,0.03560142643870989,0.010626601509461486
-25C,16.4,62.0,0.20462046204620463,-22.98286846618742,-22.94233168889903,0.544,0.5534138934213289,-23.00991014005237,-22.90028645379695,0.0005828161102290741,0.005003885751166523,0.004849116645849822,0.0006606428251985172,0.3916,0.41521168712337153,5.706846915107386e-05,1.1054602407610931e-05,4.329970977870629e-06,1.2461551804943233e-05,2.2463304728161487e-08,3.744844893923859,2.9623947448038814,4.765600659651744,144.92549739485332,-1.128771734007913e-08,-3.6193941098082713e-05,0.9602365576851206,1.261295642251374,0.6674710254774685,0.04036671341555559,4.4009937020879276e-05,251629.16316274164,0.08124062467847613,2.428009151647451,0.18940952270508038,False,5803442.829927196,239802.75508541384,2.2737367544323206e-13,-8.267041565201971e-18,0.04053677728838778,0.009413893421328812
-25C,16.6,61.9,0.2042904290429043,-22.92729165430827,-22.884629832307866,0.547,0.5551794789065109,-22.947558348874992,-22.842907912700696,0.0006051352752069596,0.0051758080681382265,0.005015532100687059,0.0007270608509096307,0.3916,0.41498169006964425,5.709185920027204e-05,1.10582030230427e-05,4.327963634602105e-06,1.2465610680520863e-05,2.2523872273469053e-08,3.7604212891554947,2.9751451736118595,4.784450279803071,145.52830389031763,-1.1337055066581693e-08,-3.613736320279976e-05,0.9588923455347148,1.261242883125583,0.6659587073635309,0.040060742939358025,4.395391618333221e-05,251599.9707618192,0.08175922898384133,2.4686583619818725,0.19353861601978795,False,5783041.966387243,245539.24237423518,2.2737367544323206e-13,-1.5571853702323057e-17,0.04266182200040447,0.008179478906510829
-25C,16.8,62.2,0.20528052805280528,-22.87190540335211,-22.828564109076524,0.551,0.5562063560518511,-22.89062989622269,-22.76616065524655,0.0006244320830733292,0.005350832313838062,0.005184652897800137,0.0006515402157045891,0.3916,0.41488669633810266,5.711491879672182e-05,1.1062337883270154e-05,4.328244203752889e-06,1.2470271795686353e-05,2.2583998704107594e-08,3.7759794399037974,2.9876388802192184,4.803715399333276,146.1304043242769,-1.1385442965234048e-08,-3.607340897096892e-05,0.9575276637276869,1.2611952395918784,0.6649261383602363,0.04001857709678166,4.416808300937438e-05,251654.5840410089,0.08226606799558206,2.509767347574575,0.19769948358339465,False,5804617.295423974,101235.31461188578,4.547473508864641e-13,-1.2935887170467675e-17,0.043341294275585085,0.0052063560518510466
-25C,17.0,61.9,0.2042904290429043,-22.81683375588846,-22.768460035814712,0.553,0.5583224725326321,-22.834610861215964,-22.727274800887415,0.0006495390621156351,0.005528734618407688,0.005356942788508435,0.0006620852273852066,0.3916,0.41470262658285956,5.713789140181655e-05,1.106543654066399e-05,4.32730858285216e-06,1.2473764827657588e-05,2.2647478352024204e-08,3.79151002708245,3.001759308955328,4.8205816223939255,146.73143804809078,-1.1440104918430382e-08,-3.602264914843878e-05,0.9561388347967207,1.2611420784537657,0.6631854821612788,0.03959015677555911,4.396698429561559e-05,251641.77253787924,0.08281264960345135,2.5513134383677336,0.20201399382318624,False,5763388.354010157,239740.3111486092,2.2737367544323206e-13,7.182839392716467e-19,0.04837372007374796,0.005322472532632072
-25C,17.2,61.9,0.2042904290429043,-22.76225949314371,-22.710535149898305,0.556,0.5598798156319914,-22.77505185097783,-22.65721320829232,0.0006732722113832135,0.005707202395473158,0.00552978596165328,0.0006642030952423963,0.3916,0.4145277267670092,5.7160727642991665e-05,1.1069219217943147e-05,4.326362884047513e-06,1.2478028936590459e-05,2.2710539603564966e-08,3.807018730330434,3.0152502911277956,4.838203775077968,147.33162486378777,-1.1492326169154365e-08,-3.5968566702255576e-05,0.9547469941961445,1.2610912250864126,0.6618102919128006,0.039357143685778855,4.397385584176501e-05,251660.58037398753,0.08334259931898823,2.5933135858060914,0.2063528047825956,False,5753650.053124475,220243.13915169335,2.2737367544323206e-13,1.623592753297043e-17,0.05172434324540376,0.003879815631991357
-25C,17.4,61.9,0.2042904290429043,-22.7080085728985,-22.656096537675722,0.559,0.5614184563944183,-22.71614368262624,-22.593364811155084,0.0006905058246144797,0.0058756327465327145,0.005692434957236443,0.0006268250137100003,0.3916,0.41440297115957897,5.7183591139998454e-05,1.1073236325961767e-05,4.326036538048946e-06,1.248255731290236e-05,2.2768106080839064e-08,3.8225041197683742,3.0285840538981166,4.8560113400950335,147.93090943503606,-1.1543941361737274e-08,-3.591119546499238e-05,0.9534385725444268,1.2610431034227905,0.6604534086948409,0.03912725799007852,4.3980343452599154e-05,251678.0819781494,0.08384351887778911,2.6357658678079443,0.21070218765955465,False,5744028.700767603,93115.57169644201,2.2737367544323206e-13,2.2863113312288075e-17,0.05191203522277732,0.002418456394418289
-25C,17.6,62.0,0.20462046204620463,-22.654031005856346,-22.59850500145825,0.562,0.5627785581024284,-22.65837816623778,-22.558363173842793,0.000712680334762294,0.006042291132953955,0.0058536175642812166,0.0007115218611684611,0.3916,0.41415873213421606,5.720640404572166e-05,1.1075941462095913e-05,4.323793916416729e-06,1.2485606739089937e-05,2.2826612635874498e-08,3.8379583680079423,3.0406132996993294,4.875623654215845,148.52898884190736,-1.1590488074974527e-08,-3.585162328270709e-05,0.9521432102965575,1.2609903072077775,0.6592017707998351,0.03896590716493541,4.4071140578637224e-05,251625.0312960107,0.08437648874565036,2.6786502944186696,0.21519874900278044,False,5744789.569628623,241255.2123785462,2.2737367544323206e-13,2.744386749103933e-17,0.05552600439809652,0.0007785581024283283
-25C,17.8,62.0,0.20462046204620463,-22.60033293053433,-22.54232081941032,0.565,0.5643026458377105,-22.60367002024762,-22.483598514631012,0.0007340191965278787,0.006218674142542144,0.006024186914569668,0.0006563807492333549,0.3916,0.41404177786532564,5.722895832908845e-05,1.1079865986756292e-05,4.323765408786094e-06,1.2490030748707092e-05,2.2887964941848768e-08,3.8533933519385366,3.0539862265783153,4.893325417222654,149.1263227200213,-1.1642278670677685e-08,-3.579450924398393e-05,0.9507737821836038,1.2609425021449627,0.6578527958465228,0.03874298753354366,4.4072927185804724e-05,251671.06521727136,0.08489946084932369,2.7220014752371706,0.21972045311641025,False,5735243.823176454,146921.26642629743,2.2737367544323206e-13,-2.574980159653073e-18,0.058012111124007504,-0.000697354162289443
-25C,18.0,61.8,0.20396039603960395,-22.54709490393045,-22.487551668164002,0.568,0.5661753017351798,-22.54586288765492,-22.42816214420739,0.0007516990692956143,0.006384577974762451,0.006184334553067795,0.0006174082386031341,0.3916,0.41392036953149686,5.725136493964173e-05,1.108379657673864e-05,4.32357863658502e-06,1.2494461595596288e-05,2.2946938740314628e-08,3.868803716653346,3.0679764888500665,4.910036825772839,149.72270383448446,-1.1696433534304355e-08,-3.5741007635474964e-05,0.9494893121154228,1.2608941458672658,0.6562783743467512,0.038396533425078656,4.393636025617197e-05,251690.5580837764,0.08541215371003189,2.765806332926829,0.22430116028417868,False,5705051.95496983,103039.84000420458,2.2737367544323206e-13,7.684282897491013e-18,0.05954323576644782,-0.0018246982648201238
-25C,18.2,61.8,0.20396039603960395,-22.494319256264866,-22.42928794855979,0.57,0.5676876062744851,-22.493063436628034,-22.391044193476176,0.0007777453154683264,0.0065645104927252295,0.006358798331903003,0.00066942642512921,0.3916,0.41369269033934336,5.72734638532305e-05,1.1086263044252758e-05,4.321825951122679e-06,1.2497241977157652e-05,2.300762329828782e-08,3.884191016870839,3.081411223794832,4.927448302101343,150.31819235290143,-1.174843582824073e-08,-3.56896667030222e-05,0.9480914224904056,1.260842917956252,0.6549325781262686,0.03817878421618831,4.394933930981066e-05,251674.77898606777,0.08596071005757759,2.8100710395640114,0.22901688899959036,False,5695610.564312674,253789.49088946363,2.2737367544323206e-13,-9.595189226496714e-18,0.06503130770507681,-0.0023123937255148386
-25C,18.4,61.8,0.20396039603960395,-22.44189059649994,-22.375238713772717,0.573,0.5691762099760659,-22.434086847141288,-22.31498951966998,0.0007998071684166739,0.0067402589130972305,0.006528867849488072,0.0006538674080248309,0.3916,0.413538954999575,5.729566573342352e-05,1.1090045244104677e-05,4.3211030192581876e-06,1.2501505547899819e-05,2.3066229629187783e-08,3.8995561840408546,3.0946817750479414,4.945051453341354,150.91282432238106,-1.1799805711412408e-08,-3.5634355751973254e-05,0.946730163285799,1.260795272638173,0.6536121754633012,0.03796293075017106,4.3956448634828815e-05,251688.26531484662,0.08647250633441596,2.854800137022643,0.23371143926059837,False,5686317.139136048,132183.59449876522,2.2737367544323206e-13,-1.7957098481791167e-17,0.06665188272722133,-0.0038237900239340705
-25C,18.6,62.0,0.20462046204620463,-22.38969288344855,-22.31986002549408,0.576,0.570306807056567,-22.376711701482577,-22.28829643052495,0.0008204708486846477,0.0069073034448892895,0.006690382035823664,0.0007140442473582503,0.3916,0.4133192135903103,5.7317968643825476e-05,1.1092867031713657e-05,4.3191245175467485e-06,1.250468647211358e-05,2.3123019028405926e-08,3.914890719846007,3.106245862479184,4.965055858801125,151.50627085804044,-1.1844553417774243e-08,-3.55719297285055e-05,0.945438678600043,1.2607443995226946,0.6525186138187513,0.03787486097016445,4.4117677211742146e-05,251639.0958826443,0.08699982111294492,2.899970338291669,0.23853124837886797,False,5697638.244884371,257150.88962807672,2.2737367544323206e-13,3.2526065174565133e-18,0.06983285795447003,-0.0056931929434329565
-25C,18.8,62.0,0.20462046204620463,-22.33772431628201,-22.265716419422688,0.578,0.5717796121295312,-22.323513942185343,-22.205421800755204,0.000841251086953262,0.007081944112719453,0.006859185025232514,0.0006497754750051934,0.3916,0.41321334559562717,5.734002350041998e-05,1.1096906698248146e-05,4.319187958086932e-06,1.2509240278025182e-05,2.318312087874875e-08,3.930205140634125,3.119299611626881,4.982920427890988,152.09893894254063,-1.1895108375281482e-08,-3.5513389541841224e-05,0.9440902599656477,1.2606982977616359,0.6512088024591507,0.03766576449423943,4.411867871456812e-05,251687.50246463087,0.08751825705388201,2.9456141578981483,0.2433817646669285,False,5688413.694699679,111731.75279184087,2.2737367544323206e-13,-6.308701391150029e-18,0.07200789685932207,-0.0062203878704687465
-25C,19.0,61.9,0.2042904290429043,-22.28614879188662,-22.20806351476716,0.581,0.5734309449506257,-22.270605929451563,-22.16991298770705,0.0008678391746068014,0.0072643715892000025,0.007036068852679255,0.0006786035899510447,0.3916,0.4130064240952365,5.7361866851707205e-05,1.1099608420428244e-05,4.3177873753085335e-06,1.2512285855755473e-05,2.324476618712706e-08,3.9454943285494095,3.132606379567255,5.000330406759496,152.69063051486216,-1.1946618243597504e-08,-3.546105131085512e-05,0.94267875959739,1.2606474900642317,0.6497747435176342,0.03739774181673178,4.40597792399983e-05,251673.68663577567,0.08807344366787068,2.991718140952832,0.24838729283643257,False,5668912.801134281,260782.78686902506,2.2737367544323206e-13,-6.410345344820545e-18,0.07808527711945956,-0.007569055049374218
-25C,19.2,62.0,0.20462046204620463,-22.23489570715181,-22.154310034404602,0.583,0.574705522074846,-22.21264595184337,-22.097682603180004,0.0008913002667222562,0.00744355606003565,0.0072095845557073705,0.0006666066744918918,0.3916,0.4128454282564798,5.738374854285956e-05,1.1103221602064696e-05,4.316936907920825e-06,1.251635889687293e-05,2.3303512245909564e-08,3.9607609541291557,3.145199145874573,5.018676996810742,153.28144892479833,-1.1995365228799927e-08,-3.540301688649079e-05,0.9412956064997695,1.2606001737322592,0.6485976185065313,0.037252894668156414,4.413848272541344e-05,251686.2934253293,0.08859401992127038,3.0382919929073977,0.25337277549901427,False,5670087.981662767,159172.71195133103,2.2737367544323206e-13,4.143007551610234e-17,0.08058567274720829,-0.00829447792515392
-25C,19.4,62.0,0.20462046204620463,-22.183894497065342,-22.10146894995961,0.585,0.5761500596540842,-22.156263273942585,-22.0408045649784,0.0009101100740496518,0.007613280363315276,0.007373565050779863,0.0006314833262340261,0.3916,0.41271689167588693,5.740561653892898e-05,1.1107002386933755e-05,4.316472144653512e-06,1.2520620872543504e-05,2.3360966259628015e-08,3.976002565423918,3.1579688561547266,5.036747373494766,153.8712992819056,-1.2044798998827291e-08,-3.534428034076793e-05,0.9399898019989681,1.2605533581459853,0.647308891045656,0.03705026147412082,4.414597212436482e-05,251696.5302359609,0.08910853984959156,3.0853298783486043,0.25843068226044696,False,5661040.477931307,106097.90549605852,2.2737367544323206e-13,-5.421010862427522e-20,0.08242554710573202,-0.008849940345915797
-25C,19.6,62.1,0.20495049504950497,-22.133131483182286,-22.04659995168842,0.588,0.5774186587032587,-22.10094513733239,-22.006014863268263,0.0009305689926795191,0.007777983625068248,0.007532768484986222,0.000697241960993629,0.3916,0.41249393709421706,5.742745762867737e-05,1.1110003411585681e-05,4.314468453172728e-06,1.2524003845787496e-05,2.3419058241668858e-08,3.991212246268395,3.1695463138058724,5.056470304094609,154.45991393058685,-1.208959984648628e-08,-3.528268315313626e-05,0.9387232772821691,1.2605030634901735,0.6461288426608888,0.03691132782988646,4.42342961394971e-05,251655.92830868968,0.0896457371789621,3.1328115772306218,0.26363405218882785,False,5662212.816688502,211121.73511588894,4.547473508864641e-13,-4.6010829694853594e-18,0.08653153149386483,-0.010581341296741265
-25C,19.8,62.0,0.20462046204620463,-22.08265084366322,-21.993018368838506,0.59,0.5790275107522438,-22.048571779258765,-21.933916589455208,0.0009502304885817852,0.007948660531097305,0.007697610198898962,0.0006349168594433671,0.3916,0.41238964516303017,5.744903911260659e-05,1.1113736656263625e-05,4.314513993025931e-06,1.2528212230697178e-05,2.347828748695028e-08,4.006401993663028,3.1830029441768297,5.073466288872805,155.04775715475915,-1.214171257578152e-08,-3.522706030723819e-05,0.9374131862444673,1.2604574428707418,0.6447318561978319,0.036653911434294625,4.416448637150499e-05,251699.68823779948,0.09017322676830565,3.1807759158991917,0.268869626222581,False,5643018.274894246,132458.1266604064,2.2737367544323206e-13,8.165397611531455e-18,0.08963247482471459,-0.010972489247756179
-25C,20.0,61.9,0.2042904290429043,-22.032555083259656,-21.936743951099373,0.592,0.580632135487351,-21.99716712477462,-21.899891817394092,0.0009767854584850372,0.008130920796794793,0.007874371916404109,0.0006778586677992388,0.3916,0.41216857494237047,5.747039604927507e-05,1.1116153629176604e-05,4.312860842093957e-06,1.2530936818344535e-05,2.3538019501982024e-08,4.021567763905055,3.196443095393236,5.090366317153411,155.6346724631256,-1.219373689362245e-08,-3.517699866162094e-05,0.9360098026607431,1.2604079482824986,0.6433330444887196,0.036398662448299424,4.410585812850544e-05,251682.54483931194,0.09073032384208511,3.2292119070196548,0.27423911784207616,False,5623882.672442293,262663.8909236733,2.2737367544323206e-13,-3.564314642046096e-18,0.09581113216028214,-0.011367864512648929
-25C,20.2,62.0,0.20462046204620463,-21.98272118085227,-21.885538412107508,0.594,0.5818603026369816,-21.93969061566534,-21.824501021873687,0.0009982211687605564,0.008305957014450402,0.008043695549307377,0.000651088381992013,0.3916,0.4120268998590747,5.749181219978642e-05,1.1119850915901173e-05,4.312214847626043e-06,1.2535104668834048e-05,2.359417445968835e-08,4.036711952031893,3.209075509165074,5.108345889212305,156.22075254363426,-1.2242636403359755e-08,-3.511918427050416e-05,0.9346668895384196,1.2603628401771063,0.6421949408428763,0.03626341320532122,4.4183491927111744e-05,251699.0877927399,0.09124001223146738,3.278128875011357,0.27955561276057367,False,5625275.783791223,107969.62595829372,2.2737367544323206e-13,6.417121608398579e-18,0.09718276874476217,-0.012139697363018342
-25C,20.4,61.9,0.2042904290429043,-21.933143394571392,-21.830223877774444,0.597,0.5834472012443457,-21.88800150739209,-21.792068169092687,0.0010226264628901704,0.00848380757495888,0.008215965131942518,0.0006615070530294809,0.3916,0.4118436797534873,5.7513120670490774e-05,1.1122839011442417e-05,4.310997744772866e-06,1.253847306744418e-05,2.365485796738224e-08,4.051831220568739,3.2223085611214723,5.125455718057698,156.80586823601018,-1.2293862082228986e-08,-3.5066491506778175e-05,0.9333020232990716,1.2603139248046475,0.6408091759899827,0.0360134240979453,4.412347237394863e-05,251688.7234945399,0.09179358277426826,3.327517644647096,0.2850722184375352,False,5606279.642406161,241362.25864508594,2.2737367544323206e-13,1.4257258568184383e-17,0.10291951679694833,-0.013552798755654294
-25C,20.6,62.0,0.20462046204620463,-21.883818503603056,-21.78029047648141,0.599,0.5846592264430673,-21.830294988816775,-21.73753419620681,0.0010365622206124031,0.008646886321131161,0.00837340667746871,0.0006690361566090932,0.3916,0.4116824138399053,5.753459856659248e-05,1.1126868847618158e-05,4.3097693161208766e-06,1.254301579186047e-05,2.370942929831485e-08,4.066921336863035,3.2340839186862342,5.144526700838644,157.3898557365994,-1.2339427852895811e-08,-3.500465823345474e-05,0.9320558933068834,1.2602680161224524,0.6396818436374183,0.0358827402761108,4.420576585597567e-05,251677.72862519184,0.0922959734515592,3.3773655585582847,0.2905378923852042,False,5607745.417019463,35235.55581438403,2.2737367544323206e-13,-2.4021854384131958e-18,0.10352802712164433,-0.01434077355693264
-25C,20.8,62.1,0.20495049504950497,-21.83463263290547,-21.724953315962267,0.601,0.5858824209377876,-21.78240299130536,-21.68500629818081,0.0010616486918685612,0.008823724628688013,0.008544592332923675,0.0006577844066240007,0.3916,0.4115190816827417,5.755560787499333e-05,1.1129223680745848e-05,4.309054152204507e-06,1.2545670331022592e-05,2.376817214300229e-08,4.081991241560119,3.246670724608893,5.162484568434766,157.97306104837656,-1.2388172153814476e-08,-3.4947557269712956e-05,0.9307023238077585,1.2602209232974706,0.6385389482449757,0.03575526901303349,4.428510167375711e-05,251689.0678648628,0.09285571002775278,3.42770355812639,0.296225655237852,False,5609116.634871911,229344.00240439386,4.547473508864641e-13,1.3904892862126594e-17,0.10967931694320399,-0.015117579062212338
-25C,21.0,61.8,0.20396039603960395,-21.785811570033804,-21.67234078018646,0.603,0.5877857406779192,-21.726799349917712,-21.624244598318228,0.001083953275455977,0.008998640578172522,0.008713911034340618,0.0006506247443971009,0.3916,0.4113567027696322,5.7576710500378094e-05,1.1132800710257666e-05,4.308141476107924e-06,1.2549702618835918e-05,2.3827253512013503e-08,4.097036533982673,3.260679971574448,5.178322265721942,158.55531386512945,-1.2442401927533945e-08,-3.48987758656749e-05,0.929364900174651,1.2601744960062498,0.6369486346297373,0.03539604267274162,4.4078025851589085e-05,251697.52665943824,0.09339080417467795,3.4785185823883165,0.30191501282785327,False,5570136.9355223,177682.82079983916,2.2737367544323206e-13,2.913793338554793e-18,0.11347078984734438,-0.015214259322080759
-25C,21.2,62.0,0.20462046204620463,-21.737299602768264,-21.62248416806611,0.605,0.5888035016069989,-21.672406597584484,-21.561586134313643,0.0011005291171789643,0.0091634032202231,0.008872950390695751,0.0006129367963540821,0.3916,0.4112358733843772,5.7597610252074586e-05,1.113648651769343e-05,4.307706261219011e-06,1.2553857529036232e-05,2.3881958956211376e-08,4.112060794694423,3.2729666385571368,5.1964799408131555,159.13675275467412,-1.2489960705179068e-08,-3.483871384836881e-05,0.9281099320394357,1.2601305991530896,0.6359549392329644,0.03532793239487782,4.4225918248397564e-05,251720.79821968195,0.0939005062076883,3.529824299909233,0.30762416103356716,False,5581788.7748740595,87557.34261177974,2.2737367544323206e-13,3.198396408832238e-18,0.11481543470215527,-0.01619649839300108
-25C,21.4,61.9,0.2042904290429043,-21.68898623797968,-21.56900039026459,0.607,0.590350958593237,-21.621788372266423,-21.530997786428202,0.0011216963384811968,0.009328827793751807,0.009032761667366307,0.0006152732479841494,0.3916,0.41107319285122124,5.761838602039499e-05,1.1139407990539783e-05,4.306776796846542e-06,1.2557150825699391e-05,2.3940407985920273e-08,4.127059168423325,3.286033568967095,5.213546173046485,159.71718981798267,-1.2540543491059517e-08,-3.478458556383724e-05,0.9268500917587358,1.260083263960219,0.634597574186619,0.03509056596524377,4.41652151193202e-05,251712.10412318897,0.09445015668941317,3.5816056148411772,0.31353782563907834,False,5563109.408221493,197465.47815182188,2.2737367544323206e-13,-1.020505294851981e-17,0.11998584771508902,-0.016649041406762932
-25C,21.6,61.9,0.2042904290429043,-21.64098507389527,-21.51781122297956,0.609,0.5917076424104286,-21.56709648030011,-21.4787310089591,0.0011401587856504141,0.009490540454013414,0.009189013800535988,0.0006824313574087923,0.3916,0.41085221158338325,5.7639274507273014e-05,1.1142580375764442e-05,4.30468883664638e-06,1.2560726969043553e-05,2.3995825842795042e-08,4.142028112302338,3.2980815211347476,5.231911855861195,160.2964879461005,-1.2587163873986395e-08,-3.4727554165627376e-05,0.9256194920246097,1.2600364149498877,0.6333724574081666,0.03491213552458503,4.417960670746955e-05,251681.43291404453,0.09497901791429154,3.633851284080764,0.31946796548874784,False,5554625.860039991,176052.35448431654,2.2737367544323206e-13,3.2593827810345477e-18,0.12317385091570898,-0.017292357589571372
-25C,21.8,62.0,0.20462046204620463,-21.593186240135555,-21.467034702034397,0.611,0.5928827224155777,-21.517174325029373,-21.408275926388512,0.0011586256043905003,0.009656850605560936,0.0093495248995597,0.0006185920800042738,0.3916,0.41075382809298233,5.7659862604455555e-05,1.1146106879036438e-05,4.3047178369265655e-06,1.2564702300004712e-05,2.405250743534804e-08,4.156978571778562,3.3107787751761912,5.249426953085027,160.8750707278303,-1.2636334540099642e-08,-3.466897559877658e-05,0.9243565705491295,1.2599932032245424,0.632273579392336,0.034792648571948644,4.425284468008107e-05,251723.09906038587,0.09550632710388045,3.686600897126806,0.32546013538052687,False,5556239.584588176,122317.21485436843,2.2737367544323206e-13,-8.843023969334896e-18,0.12615153810115842,-0.018117277584422276
-25C,22.0,61.9,0.2042904290429043,-21.545646741446735,-21.41345398076325,0.612,0.5944015243017328,-21.468260247504446,-21.377201006443215,0.0011830938730055455,0.009834002928619866,0.009521205898740422,0.0006587981849712958,0.3916,0.4105406268622282,5.768031829582159e-05,1.1148501582054037e-05,4.303095906589726e-06,1.2567401783406372e-05,2.4110256045492185e-08,4.171903782448788,3.323858590032662,5.266293376681494,161.45267638076805,-1.2686965483402735e-08,-3.46179401006207e-05,0.9230071147533359,1.2599459531156707,0.6309382752447019,0.03456195938621262,4.4194183023388414e-05,251702.6786838825,0.09606569982222873,3.7398321922957054,0.33160839393381375,False,5537780.610962385,243015.0512931733,2.2737367544323206e-13,-6.057979638762756e-18,0.13219276068348407,-0.017598475698267224
-25C,22.2,62.1,0.20495049504950497,-21.498308932752384,-21.363910125365834,0.614,0.5953802340356137,-21.41393250537854,-21.303766429699465,0.0012041414982209737,0.010006557853446237,0.009688101436638478,0.0006417723266376217,0.3916,0.41039151965150467,5.7700801281482646e-05,1.1151893435795077e-05,4.3022814713050925e-06,1.257122532762354e-05,2.4165221089467335e-08,4.186806992201377,3.3356858591363774,5.2848463904199035,162.02943059819324,-1.273274891421454e-08,-3.4557507966795784e-05,0.9216966312875102,1.2599023250227974,0.6299765817573477,0.03450116497976821,4.4344250067834754e-05,251714.19069846274,0.09658562962184461,3.7935581386962913,0.3377125963616354,False,5549533.485306957,126466.09913748875,4.547473508864641e-13,-8.687169907040104e-18,0.13439880738654963,-0.018619765964386303
-25C,22.4,61.8,0.20396039603960395,-21.451284187809865,-21.310300535067483,0.616,0.5972266455974531,-21.365342029946788,-21.280679036149763,0.0012309917542719948,0.01018989596961536,0.009866010448805173,0.0006817892492399302,0.3916,0.4101726717397541,5.7721277428401166e-05,1.1154208159264545e-05,4.300431726618673e-06,1.257383465226185e-05,2.422342561226839e-08,4.201684156340128,3.349423768117878,5.300696372995016,162.60517685036297,-1.278592982765917e-08,-3.451087366273616e-05,0.92030112361399,1.2598548675734111,0.6284214002155204,0.034162678077018345,4.414368341928855e-05,251685.0305169162,0.0971511645003538,3.8477654738605147,0.3440222692816206,False,5511196.907779404,267211.2484357866,2.2737367544323206e-13,5.312590645178972e-18,0.14098365274238134,-0.018773354402546905
-25C,22.6,61.9,0.2042904290429043,-21.404627680535885,-21.260981567994605,0.618,0.5983627061752528,-21.308539757551813,-21.230292654881083,0.0012527494187009123,0.010361172154369649,0.010031820229176848,0.0007237688737536346,0.3916,0.4099677573407294,5.774183204614406e-05,1.115713377406845e-05,4.298520981913178e-06,1.2577132618040798e-05,2.4276484921406338e-08,4.2165350369728705,3.3612656448625153,5.319034202641759,163.17990593085005,-1.2831751235568563e-08,-3.445341135494842e-05,0.9190018903116842,1.2598097517248337,0.6273541454520151,0.034048670669675166,4.422942789059288e-05,251654.63244374513,0.09767414661637482,3.9024543795737965,0.3502949407622621,False,5513010.744281688,259064.31294840405,2.2737367544323206e-13,-1.736078728692414e-17,0.1436461125412798,-0.019637293824747215
-25C,22.8,61.8,0.20396039603960395,-21.358229171658213,-21.211345218363192,0.62,0.5998380317255364,-21.261332930736472,-21.155994169773976,0.0012748537819370907,0.010537974756155465,0.010202910212886489,0.0006575934471947651,0.3916,0.4098611192784591,5.7762087774975e-05,1.1160617304682938e-05,4.2984027101123395e-06,1.2581059507097128e-05,2.4332935310371278e-08,4.231367327889383,3.3747794633975197,5.335115573338024,163.75391558931912,-1.288408162232303e-08,-3.440101738077101e-05,0.9176626600466566,1.2597675072881012,0.6260590288846599,0.033826287195985516,4.415948191928625e-05,251693.81100154557,0.09820312844016128,3.9576546514872684,0.3566533259355512,False,5494893.897406089,133069.04152921322,2.2737367544323206e-13,2.4706257005513432e-17,0.14688395329502058,-0.020161968274463593
-25C,23.0,61.9,0.2042904290429043,-21.312088706372425,-21.162896182069346,0.621,0.6009622261880887,-21.20960223009243,-21.102496252797124,0.001292396437812893,0.010703400749014677,0.010362653445287265,0.000615300877669164,0.3916,0.40974355390120026,5.778209474083936e-05,1.1164122048298016e-05,4.298071144253956e-06,1.258501030899049e-05,2.4387310825305267e-08,4.246177032116153,3.3871899374187904,5.352606438463407,164.3270511428951,-1.2932119283609963e-08,-3.43430058926648e-05,0.9164135156449464,1.2597247947210806,0.625002089367647,0.03371624270741528,4.423645792966234e-05,251712.382139557,0.09872201706301047,4.013353075730946,0.363088818221283,False,5496755.55423798,93944.00367900112,2.2737367544323206e-13,3.211948935988307e-18,0.1491925243030785,-0.020037773811911297
-25C,23.2,61.8,0.20396039603960395,-21.266206060636467,-21.11121405710631,0.623,0.6024349709439452,-21.16156559989068,-21.07518024176494,0.0013147958759909342,0.010873307942308298,0.010527066735632749,0.0006319048376668924,0.3916,0.40956178133336935,5.7801958840740304e-05,1.1166740174277846e-05,4.296800811059946e-06,1.2587961651004118e-05,2.4444434138551932e-08,4.260961732240443,3.4001981018826664,5.369231861457436,164.89921903770514,-1.298247293717086e-08,-3.429107436842933e-05,0.9151291165922213,1.259679162158771,0.6237014572714942,0.03349855819298218,4.417575034952345e-05,251701.0880348972,0.09927833292086258,4.0695418253826,0.3697280206213857,False,5478681.079791229,215373.14893312778,2.2737367544323206e-13,1.2874900798265365e-18,0.15499200353015752,-0.02056502905605484
-25C,23.4,62.1,0.20495049504950497,-21.22047182966283,-21.06174270293957,0.625,0.6032061343040127,-21.10990621850152,-21.006971754938974,0.0013352316372746064,0.011042485205479275,0.010690659998821876,0.0006292246425299748,0.3916,0.4094012362503788,5.7821810048904094e-05,1.117004859669843e-05,4.295795483141926e-06,1.2591691145369138e-05,2.4500662472154476e-08,4.27572404568088,3.4114264507914003,5.388282292513354,165.4705205678501,-1.3025937727297635e-08,-3.4228638771281093e-05,0.9138524044767632,1.2596356305387946,0.6228845888238821,0.03350050944208982,4.439796880997645e-05,251711.35964465825,0.09981357261923313,4.126232104393344,0.37637373876337404,False,5500438.837794973,170584.29911404575,4.547473508864641e-13,-9.337691210531407e-18,0.15872912672326223,-0.02179386569598729
-25C,23.6,61.9,0.2042904290429043,-21.17494042273778,-21.012758585224077,0.626,0.6048270912107842,-21.05746783185765,-20.98412049502312,0.0013528868762844334,0.011202671394581143,0.010845403327914222,0.0006839245165075049,0.3916,0.4091936774449268,5.7841945058552015e-05,1.1172510889502528e-05,4.293797677817033e-06,1.259446682089376e-05,2.4551753844036652e-08,4.290453013489629,3.4234494161906444,5.406203132552574,166.04053162204863,-1.3072467037480271e-08,-3.4172165489161956e-05,0.9126459352044642,1.2595905134212877,0.6214860811017294,0.033233069059198046,4.4272049576061185e-05,251660.0898977098,0.10034617530779862,4.183382563414238,0.38311638820022276,False,5472587.971327687,228208.86382507507,2.2737367544323206e-13,-5.800481622797449e-18,0.1621818375137032,-0.02117290878921585
-25C,23.8,61.7,0.20363036303630364,-21.129882648592105,-20.96472157329785,0.628,0.6064390588665216,-21.010470178260306,-20.904291056091637,0.0013710459652005607,0.011369218941115398,0.011006238999486285,0.0006193792136564471,0.3916,0.4090959075075732,5.786164073263485e-05,1.1176210330456796e-05,4.293764988650897e-06,1.2598637099787662e-05,2.4607416803513983e-08,4.30516407848905,3.437498746227915,5.421235931435076,166.60984983752624,-1.3126867699361843e-08,-3.4122960791022035e-05,0.9113931751018538,1.2595497339893014,0.6200999218432468,0.03296662507171804,4.412820781498954e-05,251709.06476619153,0.10087103758259787,4.241054104178823,0.38989357006943254,False,5444858.63413974,102181.41760239103,2.2737367544323206e-13,3.9979955110402976e-18,0.16516107529425383,-0.021560941133478395
-25C,24.0,62.1,0.20495049504950497,-21.084971661439756,-20.913738437281353,0.629,0.6070237944818044,-20.96415644702168,-20.87841946239618,0.0013958955422415976,0.011545852844358816,0.011177406333013257,0.0006568118929833085,0.3916,0.4088863358234535,5.788102836218904e-05,1.1178361045119693e-05,4.292103619104856e-06,1.2601061541771293e-05,2.46630481151664e-08,4.319853929410999,3.4485707645651575,5.44029670932862,167.17834706820565,-1.3169723053513976e-08,-3.406247704783379e-05,0.9100612800278778,1.2595049630793547,0.6194112757365025,0.03302546576502733,4.442709602048998e-05,251694.0899914104,0.10143087268530411,4.299235436906237,0.3968551567434861,False,5476489.301726126,240309.55015551337,4.547473508864641e-13,-7.684282897491013e-18,0.17123322415840292,-0.02197620551819557
-25C,24.2,62.8,0.20726072607260726,-21.03972045804669,-20.86609182394733,0.628,0.6070849130405422,-20.911971681120377,-20.807301666174993,0.0014164595549377062,0.011718185896879453,0.011344023198977041,0.0006408966266358529,0.3916,0.4087366337745835,5.790074651795062e-05,1.118175723734343e-05,4.291209049848219e-06,1.2604889976641682e-05,2.4717334936109327e-08,4.334517713751882,3.45696118981152,5.463199004089867,167.7458355221978,-1.3202210636567176e-08,-3.398421694965961e-05,0.9087661391631925,1.2594626929831227,0.6190868161213028,0.03324602522120105,4.493860007670712e-05,251693.2405956676,0.10195667235551664,4.357908521452148,0.40378101826629453,False,5537833.324853088,124219.05588543188,4.547473508864641e-13,5.027987574901527e-18,0.17362863409936224,-0.020915086959457763
-25C,24.4,64.2,0.2118811881188119,-20.9935880236675,-20.81666249378202,0.625,0.6059890192824926,-20.862354603100783,-20.75760865083501,0.0014353241076812049,0.011886914628673018,0.011506837563885314,0.0006275631562650711,0.3916,0.40858795395692993,5.792071398444286e-05,1.1185069278250043e-05,4.29032438125414e-06,1.2608623550027322e-05,2.4773532147254733e-08,4.349147780356047,3.4603734873343157,5.493229828867719,168.312019099779,-1.3215440497293708e-08,-3.387733079726367e-05,0.9075018369767671,1.25941851696459,0.6195415277145297,0.0338420136255341,4.5956342033578765e-05,251678.636869392,0.1025048142211645,4.4170431370511,0.4108879606741795,False,5668395.623609226,143373.03142726855,4.547473508864641e-13,-1.8966761754918293e-17,0.17692552988548016,-0.019010980717507397
-25C,24.6,65.7,0.21683168316831683,-20.946137632283794,-20.76493608757505,0.622,0.6047675417886084,-20.809472980919253,-20.73694594540771,0.0014534542280194703,0.012050191119951996,0.011664251851072104,0.0007030785310681796,0.3916,0.4083577334831519,5.794169641333382e-05,1.1187645959147593e-05,4.288022576392049e-06,1.2611528172130012e-05,2.4828440213179337e-08,4.3637183852360275,3.460831070533212,5.528814831913397,168.87590150863423,-1.3217250205520961e-08,-3.3751253620706375e-05,0.906280668228946,1.2593695573461015,0.6200639769642837,0.03449097395278519,4.706464042416185e-05,251570.8089951962,0.10308135327768106,4.476533540003364,0.41820061812882214,False,5808941.7532145595,229036.26900681356,4.547473508864641e-13,8.72782748850831e-18,0.18120154470874184,-0.017232458211391632
-25C,24.8,67.5,0.22277227722772278,-20.89714987229651,-20.712596032106177,0.62,0.6030939457998316,-20.761121624353734,-20.652109907659366,0.0014730538327977786,0.012227503025804227,0.011835119508243775,0.0006596609046200085,0.3916,0.40822973648327643,5.7962766497778814e-05,1.1191434929486216e-05,4.287661606442484e-06,1.2615799375057188e-05,2.488935657064808e-08,4.37824811661973,3.4577214977232,5.567680582033475,169.43820211318356,-1.3205265828855258e-08,-3.360850035935187e-05,0.9049564652510785,1.2593244478942953,0.6208829384506266,0.03529919785694982,4.836578688737817e-05,251591.91632715712,0.10366779023882274,4.536453454445575,0.4255866414545611,False,5979502.865287676,137740.72188725468,4.547473508864641e-13,-1.299009727909195e-17,0.1845538401903326,-0.01690605420016844
-25C,25.0,70.0,0.23102310231023102,-20.84607449451768,-20.655996260755842,0.618,0.6003753342260476,-20.70965524306135,-20.618570695757825,0.0014985225680732351,0.012417413353770166,0.012018495602568518,0.0007065382222892002,0.3916,0.40799986453815607,5.7984582044557556e-05,1.1194095312991254e-05,4.285769062133781e-06,1.2618798352826502e-05,2.4952006421353472e-08,4.392716374588333,3.4491161302594957,5.615420345949974,169.99812369656848,-1.317202277263384e-08,-3.343470106671835e-05,0.9035368555301377,1.259273247055709,0.6223717472613445,0.03647597488166411,5.0190686652955075e-05,251521.86580866287,0.10430543371801589,4.596715583223548,0.4332119606132948,False,6220190.362892519,249135.54906175722,4.547473508864641e-13,3.333921680392926e-18,0.19007823376183808,-0.017624665773952386
-25C,25.2,71.4,0.23564356435643566,-20.793127964504222,-20.59946012318852,0.615,0.5994324338977822,-20.651625835963586,-20.537155351199118,0.0015206123457939037,0.012606267604295781,0.012200477104276458,0.0007027549246111467,0.3916,0.4078230669706164,5.8007673417427137e-05,1.1198015688434698e-05,4.284669812894833e-06,1.2623217685144568e-05,2.5016917622644074e-08,4.407109797908015,3.4432511686010865,5.659881283640675,170.55514917904014,-1.3149403104814933e-08,-3.327177618412217e-05,0.9021296265325869,1.259221566037582,0.6226673359512,0.03707057288183386,5.122330676590384e-05,251460.27100980308,0.10494598776905704,4.657259780568087,0.4409255329863067,False,6351395.161707926,161957.5806302633,4.547473508864641e-13,2.6955976513420854e-17,0.19366784131570114,-0.015567566102217767
-25C,25.4,72.1,0.2379537953795379,-20.739304365166774,-20.53944007142556,0.613,0.5995966471833187,-20.59553234034496,-20.500268869947348,0.0015463096204055675,0.012800824722350444,0.012388143321341817,0.000723976692528516,0.3916,0.4076142697131504,5.803120051958187e-05,1.1201217412763023e-05,4.283088916052231e-06,1.2626826901660137e-05,2.5084343643364926e-08,4.421433065213876,3.4415092715418547,5.698416880378517,171.109459623777,-1.3142732523396102e-08,-3.313372651376164e-05,0.9006800772983307,1.2591674201329515,0.6222267740732611,0.037292247750303854,5.17511260677593e-05,251407.35751690433,0.10563000311495176,4.718100636490884,0.44887461858942074,False,6412467.68495867,250000.6950200694,4.547473508864641e-13,2.710505431213761e-20,0.19986429374121428,-0.013403352816681258
-25C,25.6,73.8,0.24356435643564356,-20.68444133260952,-20.481086007860057,0.612,0.5982466001382276,-20.533053400950195,-20.437029476782072,0.0015676579147703255,0.012988248510464616,0.012568583443417861,0.0007899025095623061,0.3916,0.40737246189028054,5.805542011657213e-05,1.1205000876613949e-05,4.280796067600884e-06,1.2631091897273906e-05,2.51496254077574e-08,4.435679527999753,3.436707354962939,5.743277447813291,171.6607977335904,-1.3124216175645419e-08,-3.2971432467265476e-05,0.8992879236321503,1.2591126179200538,0.6227820325841592,0.03803097800738879,5.300719027819647e-05,251324.001483693,0.10629899165991422,4.7792046382687,0.45686041824976736,False,6573728.171786755,196921.4412062885,4.547473508864641e-13,4.11861300272931e-17,0.20335532474946305,-0.013753399861772375
-25C,25.8,75.4,0.24884488448844885,-20.628044964751677,-20.419054535647376,0.61,0.5970903843166783,-20.47819770609823,-20.376667528012547,0.001593379273434061,0.01319029166491224,0.012763096405481617,0.0007519382685391231,0.3916,0.40721386603172705,5.807967680825761e-05,1.120865274010812e-05,4.280207645404212e-06,1.2635208543394608e-05,2.5220800534418045e-08,4.4498734591546185,3.4309912436529406,5.785950422024382,172.2101028692837,-1.3102156878612096e-08,-3.2814905766056784e-05,0.8977889175754398,1.2590591040300763,0.6231983974879791,0.03871614867071543,5.4173554703380435e-05,251332.6639758845,0.10701444347634856,4.84067166007266,0.4650742165173685,False,6725054.83099042,244796.2784109815,4.547473508864641e-13,-1.1628068299907035e-17,0.20899042910430055,-0.012909615683321718
-25C,26.0,77.0,0.25412541254125415,-20.570174815109123,-20.356133786803724,0.609,0.595963603024981,-20.41619692997105,-20.293828125066113,0.0016189302057848195,0.013395016055125107,0.012960182425569004,0.0007619026818154179,0.3916,0.4070072156185501,5.8104623122724356e-05,1.1212584553249427e-05,4.278876174494774e-06,1.2639640769117539e-05,2.5293316604229327e-08,4.463999989519147,3.4250468625734913,5.830351296260127,172.75679959439094,-1.3079224235982383e-08,-3.265332070699291e-05,0.8962719066370151,1.2590024583719512,0.6235866452562991,0.03939685801178491,5.535207888623886e-05,251290.57407956582,0.10774470916060709,4.902433606695063,0.47342093384039086,False,6876526.295768614,256261.07261952985,4.547473508864641e-13,1.3823577699190182e-17,0.21404102830539884,-0.013036396975019016
-25C,26.2,78.7,0.2597359735973597,-20.51077977170034,-20.294889966971624,0.607,0.5947169368744016,-20.35130476869537,-20.226726598622832,0.001638545978292946,0.013592775367462525,0.013149953713326234,0.0007361689060298125,0.3916,0.4068446343574828,5.8130281711949836e-05,1.1216975761772443e-05,4.278102349029985e-06,1.26445908587253e-05,2.5362684010110717e-08,4.478056941016616,3.41836314512393,5.8761929363230445,173.300803617343,-1.3053432168332783e-08,-3.2483958606582805e-05,0.8948129482979426,1.2589471271945456,0.6240481670210278,0.04012542175702928,5.6601542086864765e-05,251258.2163475761,0.10845994524178583,4.964476136296553,0.481809177465446,False,7038257.064896853,128836.18871477216,4.547473508864641e-13,-2.066760391300493e-18,0.21588980472871455,-0.012283063125598348
-25C,26.4,80.0,0.264026402640264,-20.450032031776924,-20.227425197371588,0.606,0.5940845015436742,-20.29217734613502,-20.18369782733822,0.0016695843283534237,0.013809660943245977,0.013358972124690985,0.0008072319321282208,0.3916,0.40656407121364796,5.815644223626894e-05,1.1219623129844924e-05,4.275641629657757e-06,1.264757516455246e-05,2.543589162348785e-08,4.492040965593924,3.4132917550204476,5.919835789605972,173.8419853684848,-1.303388169575161e-08,-3.232824921337434e-05,0.8932079633285485,1.2588862604900208,0.6241000619814409,0.04064412052344371,5.757644146205265e-05,251173.03646935595,0.10925292454272101,5.026779252526366,0.49054118004161856,False,7159629.081747171,295009.8775600748,4.547473508864641e-13,-9.920449878242366e-18,0.22260683440533668,-0.01191549845632578
-25C,26.6,82.0,0.2706270627062706,-20.38777017795298,-20.162214286946465,0.605,0.5924753736914126,-20.22095902173743,-20.113723200993746,0.0016945031094548224,0.014020754941834877,0.013561977249356576,0.0008861398553747692,0.3916,0.4062881750347569,5.8183758354881254e-05,1.1224009617584598e-05,4.273014524642505e-06,1.265251993254991e-05,2.5509885515907897e-08,4.505938486076522,3.4056740901595113,5.970038063659591,174.3798194111614,-1.3004485146460125e-08,-3.214594840960968e-05,0.8916511365248097,1.258824669929413,0.6247727823092647,0.0415174499398824,5.906398885336059e-05,251066.90034182006,0.11002451568327522,5.089276132323773,0.4992757219325112,False,7351949.271422513,162822.95734670403,4.547473508864641e-13,1.2576745200831851e-17,0.22555589100651474,-0.012524626308587417
-25C,26.8,84.2,0.2778877887788779,-20.32349729324134,-20.09097325881882,0.604,0.5906435597941598,-20.16155451681496,-20.045698575175948,0.001729242571994218,0.014256622037747897,0.013789227429849227,0.0008781484491011747,0.3916,0.40606604535296315,5.821110972075982e-05,1.1227235554413822e-05,4.271762515638358e-06,1.26561564431574e-05,2.559007146352732e-08,4.519776963167064,3.3952235478616197,6.019958648928908,174.91536847456535,-1.2964111441572166e-08,-3.196320079433144e-05,0.8899106696491725,1.258763213732925,0.625565056461342,0.04249391956859203,6.067790883118526e-05,251053.13908589262,0.1108732267955731,5.152084747510709,0.5083421239849542,False,7564777.918734474,329989.46937425627,4.547473508864641e-13,1.4907779871675686e-18,0.2325240344225179,-0.013356440205840148
-25C,27.0,86.0,0.2838283828382838,-20.25733151630505,-20.0192079493103,0.603,0.5893967519647058,-20.09029281493156,-19.95894998001063,0.0017631248448102238,0.014496976683868481,0.014020790305960587,0.0008949315010821612,0.3916,0.40581845146404694,5.8239565900006064e-05,1.1231642341604946e-05,4.269965145588337e-06,1.2661124094172849e-05,2.5674289083332546e-08,4.533536754971012,3.3859665564179604,6.070104307674948,175.44787241737814,-1.292837615537237e-08,-3.1780562061162875e-05,0.888139674724983,1.258698320666936,0.6259786934419379,0.04326085982160091,6.201543869145451e-05,250991.15903586952,0.11173431455259429,5.215110865944389,0.5175250614921421,False,7737327.200501395,318114.9121387306,4.547473508864641e-13,-1.3037531124138191e-17,0.23812356699475146,-0.013603248035294224
-25C,27.2,87.4,0.28844884488448846,-20.1897284342133,-19.946346921585274,0.602,0.588720880212229,-20.01790437291868,-19.88163132379165,0.0017961148384802684,0.014738431127022694,0.014253193595073831,0.0008989927551874349,0.3916,0.40558292422095055,5.826882825714727e-05,1.123609460221512e-05,4.268375281409145e-06,1.2666143006133408e-05,2.5758801792569015e-08,4.5472179063785685,3.378930508498519,6.117241859328975,175.9773329768506,-1.290123382330245e-08,-3.1609371625101706e-05,0.886364794197001,1.2586326132177446,0.6260312727248011,0.04381739763320718,6.306264750731803e-05,250937.1238516095,0.11261488600247757,5.278348330267055,0.5268734887918457,False,7869251.073536768,296616.87691857154,4.547473508864641e-13,-8.416119363918728e-18,0.24338151262802654,-0.013279119787770965
-25C,27.4,88.0,0.29042904290429045,-20.12136771867504,-19.874201519509228,0.601,0.589131256653968,-19.943822250080842,-19.80146912986632,0.0018257150839511233,0.014974629991047162,0.014480160888371367,0.0008794205029754102,0.3916,0.405376163400263,5.829859198895485e-05,1.124080406629227e-05,4.26720830566851e-06,1.267145185654765e-05,2.5841723122852258e-08,4.560825344049982,3.3768603391111367,6.156628389926753,176.50394081473425,-1.28933039422554e-08,-3.146782415534914e-05,0.8846338895498189,1.2585677516271958,0.6254149263979498,0.043958043360346595,6.352521493134017e-05,250901.69666288383,0.11349314124604286,5.341813809128479,0.5363174599579801,False,7919625.236710624,226289.24341491223,4.547473508864641e-13,-1.4955213716721927e-17,0.24716619916581095,-0.01186874334603194
-25C,27.6,89.8,0.29636963696369634,-20.052033092838517,-19.799890503818574,0.6,0.5879625968483854,-19.867500036521733,-19.748049413782155,0.0018584000047017235,0.0152100761907386,0.014706549984343986,0.0010024326902880916,0.3916,0.4050313931307917,5.8328891154819054e-05,1.1244230481822873e-05,4.26368955748677e-06,1.26753143613276e-05,2.592246337040194e-08,4.574353908633837,3.3713424544105517,6.203664025924858,177.02749626412944,-1.2872025746659185e-08,-3.1300469813312584e-05,0.8829098016114519,1.2584983770784046,0.6257697573768318,0.044701139892488105,6.488296069933961e-05,250780.24631522776,0.1144043915236693,5.405477069752802,0.5460005285842909,False,8092219.202022726,315776.227980414,4.547473508864641e-13,-2.6834003769016235e-18,0.25214258901994313,-0.012037403151614612
-25C,27.8,91.5,0.30198019801980197,-19.981118691238922,-19.728032342249463,0.599,0.5869397842782011,-19.79726245953475,-19.651299422048595,0.0018834881026771515,0.015449136992757448,0.014935674551331383,0.0008903997308106115,0.3916,0.40491263050428805,5.835918648171157e-05,1.1249821514820895e-05,4.263964667581436e-06,1.2681616980343557e-05,2.6007128990254473e-08,4.587828326229169,3.3647280815318887,6.2478679530175,177.54895622506882,-1.2846498473403372e-08,-3.1136138220890484e-05,0.8811673519202309,1.2584364685747735,0.6260371844142322,0.04539337394459619,6.612593774402372e-05,250823.75809852526,0.11529200671686338,5.4694494786234475,0.5556498625205916,False,8254866.874419219,108275.23146038808,4.547473508864641e-13,-5.011046915956441e-17,0.25308634898945925,-0.012060215721798828
-25C,28.0,92.9,0.3066006600660066,-19.90885815897312,-19.648889968907213,0.6,0.5863514159326094,-19.725159452834617,-19.598025678646337,0.0019175419449049985,0.015691538952408178,0.015168293408144306,0.0009027739862571536,0.3916,0.4046670231181126,5.838982213767352e-05,1.1253830187725414e-05,4.262526130604935e-06,1.2686135847981376e-05,2.6097924967001204e-08,4.6012319832508695,3.359416999513836,6.291770347939352,178.06767775180865,-1.2826023872113518e-08,-3.097750338730014e-05,0.87940084001136,1.2583654099506936,0.6260153588949189,0.045931454488132205,6.71806350331329e-05,250765.4327140182,0.11627698051989889,5.533647629863334,0.5658380161330272,False,8386692.5540898135,316648.31405255647,4.547473508864641e-13,6.7898161051904715e-18,0.25996819006590854,-0.013648584067390557
-25C,28.2,92.9,0.3066006600660066,-19.836208529025814,-19.5697880588242,0.602,0.5875729030586256,-19.64724082995332,-19.502663965122764,0.001951870802051722,0.01594178584782161,0.01540883366253037,0.0009319243872281133,0.3916,0.40439703769751867,5.842110436040853e-05,1.125861762416462e-05,4.260587621937033e-06,1.2691532594512845e-05,2.619116040330905e-08,4.61456733089874,3.3615250764601483,6.3240391107722,178.58375570578124,-1.2834259816414492e-08,-3.0866576214879656e-05,0.8775768284115129,1.2582946011482279,0.6248998657696518,0.045754619965315615,6.721235463485624e-05,250725.54639953363,0.11726923695982464,5.598077797819716,0.5761136650907283,False,8375229.169972926,332219.18684739614,4.547473508864641e-13,9.283481101907132e-18,0.26642047020161286,-0.01442709694137434
-25C,28.4,92.9,0.3066006600660066,-19.763953378596828,-19.49565688711533,0.605,0.588786791189627,-19.566936322501988,-19.41872632845866,0.001977833771467186,0.01618089566707931,0.015638035039377055,0.0008905773120444717,0.3916,0.4042099847282566,5.84522494258175e-05,1.1264018661426179e-05,4.259799208490687e-06,1.2697621036516786e-05,2.6277611907382384e-08,4.627854902746452,3.366885862618837,6.350383733796078,179.09798473628766,-1.2855064923761666e-08,-3.077605692688952e-05,0.8758413387269258,1.2582289673059506,0.6238089781004603,0.04556597063191464,6.722738394855374e-05,250742.66883454082,0.11820625635697381,5.662835126334985,0.5862729005240532,False,8363837.100728627,157503.5189638146,4.547473508864641e-13,1.3660947373317356e-17,0.2682964914814967,-0.016213208810373025
-25C,28.6,92.7,0.30594059405940593,-19.692204466298566,-19.418206445393224,0.607,0.5902693831410225,-19.4890568806199,-19.371219602877147,0.002010167650272662,0.016417777451031092,0.015865388427061203,0.0010110348185955974,0.3916,0.40386539119885445,5.848327836866382e-05,1.1267513568046345e-05,4.256397333705228e-06,1.2701560749434061e-05,2.636298715836205e-08,4.64109481001662,3.3740979541275724,6.373907561743739,179.61036914764313,-1.2883017997798207e-08,-3.0702282962681727e-05,0.8741222601152392,1.258157976496818,0.6225471315333705,0.04527433908083778,6.712274158730137e-05,250666.56708651214,0.11919263771542177,5.727917351471197,0.5967856250506346,False,8331947.152576591,356012.02402865654,4.547473508864641e-13,-3.094041949730508e-17,0.2739980209053421,-0.016730616858977476
-25C,28.8,92.8,0.30627062706270625,-19.62090667810404,-19.344658734227437,0.609,0.5913546997314336,-19.4166861272368,-19.26721165248142,0.002038662305421862,0.016662095606998235,0.016099651367391422,0.0009097539664439584,0.3916,0.4037295535371292,5.8513747262160306e-05,1.1272941060242817e-05,4.256507818226851e-06,1.2707679013364631e-05,2.6450776911779786e-08,4.654311605800873,3.3833112771465186,6.392577892551168,180.12185914449375,-1.2918725133577393e-08,-3.06407117614954e-05,0.8723534708392893,1.2580954796277677,0.6215496823735572,0.04512390086807478,6.719665470196011e-05,250734.8582947233,0.12013636945191297,5.793443884706534,0.6071609074966073,False,8330760.739197451,148990.46616596886,4.547473508864641e-13,-1.2502206301473473e-18,0.27624794387660145,-0.017645300268566366
-25C,29.0,92.8,0.30627062706270625,-19.549949608231007,-19.266071988118,0.611,0.5925792614516163,-19.344237939469366,-19.21736243842176,0.002076323761793823,0.016915609370894195,0.01634351077212968,0.0009437895099473547,0.3916,0.40345002275993885,5.854394231374005e-05,1.1276448680349835e-05,4.254541448999432e-06,1.2711633057848907e-05,2.6540750121400523e-08,4.667501869761466,3.3932231109341977,6.410083120717088,180.63232235976872,-1.2957121814888052e-08,-3.058911867505827e-05,0.8705149227300061,1.2580261447871302,0.6204563631195088,0.044923295494492865,6.722472151207972e-05,250707.9443424456,0.12115240722094035,5.85939779780614,0.6179612622441037,False,8319280.871247734,357122.1048996268,4.547473508864641e-13,7.779150587583494e-18,0.28387762011300666,-0.018420738548383664
-25C,29.2,92.8,0.30627062706270625,-19.479387922099225,-19.189369794335448,0.613,0.5937919458561826,-19.26637944276527,-19.127731587217966,0.002113290527282114,0.01717307930558164,0.01659130779862242,0.0009585146123550828,0.3916,0.40318758893352313,5.85742511326899e-05,1.1281099275365387e-05,4.252681693978852e-06,1.271687554677553e-05,2.6632745709701083e-08,4.680669897940309,3.403693983496391,6.426508560082057,181.14192505028993,-1.299768130840843e-08,-3.054139703286126e-05,0.8686495252406514,1.2579585566841998,0.6193790467539634,0.04472031898595917,6.724508809458832e-05,250707.73323697734,0.12215175172329834,5.92580063648825,0.6287692904497215,False,8307912.349269904,348861.7026949343,4.547473508864641e-13,-1.1668725881375241e-17,0.29001812776377633,-0.019208054143817432
-25C,29.4,93.0,0.3069306930693069,-19.40911016805217,-19.11532026585016,0.615,0.5947368475955884,-19.18835273354233,-19.044264080998715,0.0021468107490076457,0.017425623032044903,0.016834080033407396,0.0009402534449025236,0.3916,0.4029634946623012,5.8604636992869927e-05,1.1285841048340282e-05,4.251346871966598e-06,1.2722220818129045e-05,2.6720005369417385e-08,4.693817356695819,3.413542048912779,6.443785351863404,181.65073170412816,-1.3035829264943737e-08,-3.0488673927720097e-05,0.8668247388435706,1.257893188255408,0.6184731758035227,0.0446157548506784,6.741000561856252e-05,250709.7782692622,0.12312377528760733,5.992661229718607,0.6395771631683433,False,8316940.095384317,258508.21510310235,4.547473508864641e-13,-9.351243737687476e-18,0.2937899022020112,-0.020263152404411566
-25C,29.6,92.3,0.30462046204620463,-19.339497843925674,-19.04150568336081,0.617,0.596829386851857,-19.108900432576178,-19.001392619500393,0.0021762602695950123,0.017662377622010554,0.017061324969662773,0.001005047206543623,0.3916,0.4026749314217336,5.863517469213342e-05,1.1289655850392935e-05,4.248698670292069e-06,1.2726521140442943e-05,2.680202820202028e-08,4.706938016893234,3.426195502003834,6.456062843098542,182.15850125376812,-1.3084821928834992e-08,-3.045782292124383e-05,0.8651191618463875,1.2578255159810325,0.6168539126775268,0.044075281283822224,6.693516782653775e-05,250649.3791248709,0.1240998422956543,6.059948014177662,0.6506029971478864,False,8234828.290260705,363220.52086912614,4.547473508864641e-13,2.981555974335137e-19,0.29799216056486344,-0.020170613148142946
-25C,29.8,93.0,0.3069306930693069,-19.270273103489163,-18.965651683283,0.619,0.5971387785155658,-19.04088027479355,-18.898883141809932,0.002212089322410811,0.017919286275929754,0.01730844929437556,0.0009565027637946747,0.3916,0.40247294786839816,5.866486050112887e-05,1.129448994390615e-05,4.247872824929652e-06,1.2731970482221482e-05,2.6895068453116456e-08,4.720049445820695,3.435966324004919,6.47349511640586,182.6659135532609,-1.3122677050816416e-08,-3.040358782397946e-05,0.8632670904627757,1.257761248098416,0.6163416947320919,0.04421332434956657,6.745050119164973e-05,250706.89726621684,0.12511034123440898,6.12775190863732,0.6618195127689339,False,8294374.245308609,334152.0406708814,4.547473508864641e-13,-3.6239457615327986e-17,0.3046214202061641,-0.021861221484434146
-25C,30.0,92.7,0.30594059405940593,-19.201219651155416,-18.892756390946573,0.621,0.5987036479431714,-18.96286606228165,-18.816237452059426,0.002243681307079493,0.018167068412665154,0.017546467957366547,0.0009223295502003918,0.3916,0.4022687765220769,5.8694951050538206e-05,1.1299285022810032e-05,4.246868885236534e-06,1.2737375843894947e-05,2.698139207937461e-08,4.733137501388429,3.4483499736814234,6.486550667713678,183.17242130373216,-1.31706378430893e-08,-3.0366811915690774e-05,0.8614859547748115,1.2576964975888996,0.6150556175588948,0.04386997871783696,6.725336899636397e-05,250697.59572836926,0.12608860262413507,6.196000813667438,0.6730316674934063,False,8252963.865645961,226957.04634958765,4.547473508864641e-13,-2.6712031024611615e-17,0.3084632602088426,-0.02229635205682856
-25C,30.2,92.9,0.3066006600660066,-19.132607189561188,-18.82175527301527,0.622,0.5996303443837815,-18.887441497481404,-18.74390121910764,0.002269350868622241,0.0184011972241487,0.01777075055613912,0.0008715781087703902,0.3916,0.4020955531302229,5.872465950393293e-05,1.1304342119365836e-05,4.246187774044239e-06,1.2743076570921485e-05,2.7065700917259624e-08,4.7462096982695225,3.4591102589546927,6.5019230640140435,183.67831532303046,-1.3212309236271175e-08,-3.03191025957067e-05,0.8598100377554336,1.2576338821607755,0.614167275994496,0.043768850102256736,6.741168024129506e-05,250721.63993858756,0.12704825184235635,6.264734507310921,0.6843430725455223,False,8262072.773615412,149613.649448716,4.547473508864641e-13,-2.2781798149351662e-17,0.3108519165459178,-0.02236965561621851
-25C,30.4,92.9,0.3066006600660066,-19.064267970717342,-18.746371842052383,0.624,0.6008198714797631,-18.816789680503632,-18.695813125823378,0.0023020538869776034,0.01864077674776638,0.018000706330774593,0.0008917718146133829,0.3916,0.40184450935768595,5.875415215658799e-05,1.1308133604732716e-05,4.244445531390323e-06,1.2747350608971425e-05,2.715359042389364e-08,4.759261330556127,3.470322516349137,6.516619022215537,184.18341349252208,-1.3255732640299534e-08,-3.02768848269213e-05,0.858094137854171,1.2575672197170693,0.6131047283835583,0.04357518266771207,6.743718603573384e-05,250701.22553414892,0.12807453421220358,6.333929005068646,0.6960988420952273,False,8250909.327248886,311929.44822797086,4.547473508864641e-13,-1.997642502804542e-17,0.31789612866495887,-0.023180128520236876
-25C,30.6,92.7,0.30594059405940593,-18.996414435413133,-18.673594122847533,0.625,0.602247544650285,-18.73817594655614,-18.62282798313123,0.0023319278373335837,0.018874810977313222,0.018225334383527338,0.0009917779893972385,0.3916,0.4015240387393993,5.878389668741449e-05,1.1312306773186758e-05,4.241293972780598e-06,1.2752054907955982e-05,2.7238182293241996e-08,4.7722904989491095,3.4815230785712115,6.530878546206312,184.68764230933047,-1.3299099143394192e-08,-3.0238718794349224e-05,0.8564203610175508,1.2575006107957674,0.6118985778164702,0.04328716332382026,6.732500519204137e-05,250647.0203842186,0.12907262287205787,6.403574549122663,0.7078538347459189,False,8219776.786862381,333653.77541146986,4.547473508864641e-13,-1.6086849734253672e-17,0.3228203125656002,-0.02275245534971504
-25C,30.8,92.7,0.30594059405940593,-18.929041300230782,-18.602765407704226,0.627,0.603411440643529,-18.668975604288477,-18.52484715104592,0.0023603531287819182,0.019115640452047142,0.01845632376803351,0.0008965100312809244,0.3916,0.4013850495339067,5.8813137425089104e-05,1.1317263621137835e-05,4.2412462620759e-06,1.2757642627464466e-05,2.7323706196638102e-08,4.785307475506964,3.4940082342077594,6.543682609639469,185.19139930211944,-1.3347459356224263e-08,-3.0200160667790686e-05,0.8547016273582854,1.2574404175478189,0.6108670944189256,0.04309455455635318,6.732792901104325e-05,250705.53471303897,0.13005089613605772,6.473726893609543,0.7195852520957267,False,8208877.398077672,174986.75091328428,4.547473508864641e-13,2.7660707925536432e-17,0.32627589252655653,-0.023588559356470973
-25C,31.0,92.7,0.30594059405940593,-18.86203566992791,-18.528773062782506,0.628,0.6045816070972017,-18.597905323004767,-18.47929643957815,0.0023928362021645353,0.019356629599271057,0.018687744340020795,0.0008970186871749492,0.3916,0.4011520264592363,5.8842089749519045e-05,1.1321305983101316e-05,4.2398610026387895e-06,1.2762199471859668e-05,2.741187482355078e-08,4.798307825674558,3.5058759304805442,6.557096837244349,185.69451285360537,-1.339341415966836e-08,-3.0162363936226282e-05,0.8529821528904284,1.2573752067299662,0.6098217198577658,0.04290453074673425,6.734902826446155e-05,250699.88077864505,0.131080196424864,6.544363357763604,0.7317191686520299,False,8197919.289109659,313844.16380433575,4.547473508864641e-13,-4.472333961502706e-18,0.3332626071454037,-0.023418392902798346
-25C,31.2,92.9,0.3066006600660066,-18.795285380041836,-18.45588966400075,0.629,0.605489237428288,-18.5240588155051,-18.38937613539892,0.0024247667829891623,0.019599916690399444,0.018921484218429305,0.000905562569142265,0.3916,0.40090966533174255,5.8871092718085054e-05,1.1325813117157367e-05,4.2381733951297516e-06,1.2767280241159214e-05,2.7500445765344283e-08,4.811291878390068,3.5165744783109334,6.572306890441543,186.1969956936956,-1.3434846499961475e-08,-3.0117662323562575e-05,0.8512479562533697,1.2573109617091862,0.6089443197724866,0.042809890308844314,6.751419956725801e-05,250701.1788063866,0.13210144266962914,6.615486664454771,0.7439186405896474,False,8207088.36973718,317417.1897400994,4.547473508864641e-13,-6.5865281978494394e-18,0.33939571604108565,-0.02351076257171203
-25C,31.4,92.9,0.3066006600660066,-18.728786131002895,-18.385720743023285,0.631,0.6066351389956469,-18.44955057315994,-18.308214931242674,0.0024526360177639416,0.019836484527756864,0.019148429051910887,0.0008806214742792587,0.3916,0.4007079787640862,5.8900232279580703e-05,1.133047553315379e-05,4.237040885897782e-06,1.277253605555518e-05,2.7584140738918855e-08,4.8242566619219245,3.527775270113162,6.586767688429834,186.69873281637848,-1.3478225332198006e-08,-3.0074331039183025e-05,0.849566602758043,1.2572488627194958,0.6079226432372634,0.0426235478145381,6.753267204727099e-05,250701.65056751377,0.13309161194292402,6.6870812818125485,0.7561095418113041,False,8196334.339222247,204846.9288980621,4.547473508864641e-13,-5.116079001415974e-17,0.3430653879796104,-0.02436486100435309
-25C,31.6,93.0,0.3069306930693069,-18.66258701541858,-18.313726100927568,0.632,0.6076573167801879,-18.375082910087087,-18.266450610673417,0.00248337684506855,0.02006935687521567,0.01937201002232039,0.0009914760374867544,0.3916,0.40037713744661063,5.8929465364214345e-05,1.1333838799975224e-05,4.233668195704793e-06,1.2776327374517526e-05,2.7665753114225267e-08,4.83719775297854,3.5376266786679613,6.603121864702662,187.19955304026948,-1.3516370501134835e-08,-3.0027616826383965e-05,0.8479124903385485,1.2571828095852178,0.606970982357711,0.04248686493578146,6.764551153751877e-05,250625.80703541113,0.13411468564111845,6.759123020376566,0.7686306876029044,False,8195553.852298614,345773.2113527779,4.547473508864641e-13,1.2549640146519714e-17,0.34886091449101286,-0.024342683219812145
-25C,31.8,92.8,0.30627062706270625,-18.596789979181267,-18.24317774671465,0.633,0.6090430729229327,-18.30813338631546,-18.165829410825353,0.0025138569377773914,0.020313736887726565,0.01960663979304931,0.0009094669190174444,0.3916,0.4002212016372642,5.895826881200759e-05,1.133860346818218e-05,4.233352253853596e-06,1.2781698455041728e-05,2.775215466659115e-08,4.850123722113076,3.550317181218575,6.6153659951082995,187.699788045776,-1.3565525403983958e-08,-2.9991750708529457e-05,0.8461791131439583,1.257122751615887,0.6058005697567764,0.042211604438642525,6.750449753526548e-05,250674.98700121013,0.13512426856833756,6.831660090450205,0.7811274630896654,False,8164937.992056969,214303.95168910272,4.547473508864641e-13,-3.3881317890172014e-19,0.35361223246661666,-0.023956927077067314
-25C,32.0,92.8,0.30627062706270625,-18.531442937132315,-18.17018225891661,0.634,0.6101803219110769,-18.238385198197363,-18.12422739704681,0.0025495643138957044,0.020563495474748606,0.019846942010407122,0.0009293709040982212,0.3916,0.3999598142340455,5.898673166998829e-05,1.1342190170032193e-05,4.2314626231457054e-06,1.2785741646218111e-05,2.7839056831849352e-08,4.863034223864148,3.562115099551657,6.6286504525570615,188.19942446354253,-1.3611208692990694e-08,-2.9955422456352026e-05,0.8444064407419597,1.2570585575078328,0.6047808850468955,0.04202982341303833,6.752713682207245e-05,250662.78011493187,0.13617627694262943,6.904691591378647,0.7939575420510872,False,8154276.652579608,347067.2956048281,4.547473508864641e-13,5.854691731421724e-18,0.36126067821570373,-0.023819678088923157
-25C,32.2,92.7,0.30594059405940593,-18.466487120727834,-18.102666459393532,0.635,0.6114210944601811,-18.160252450850862,-18.04947498282928,0.002576618022441078,0.020797149429144537,0.020071177052069136,0.0009721807518110847,0.3916,0.3996978506350751,5.901555772731929e-05,1.1346873291512022e-05,4.2290941311137835e-06,1.2791020801340827e-05,2.791976832318053e-08,4.875924872917888,3.5732161078615845,6.642601998494456,188.6982925819222,-1.3654187099136444e-08,-2.9915999469150235e-05,0.842754713984537,1.2569966021168044,0.6037045681066419,0.04180345772392597,6.748182605540255e-05,250625.70325265068,0.13715606001609518,6.978193422180522,0.8066018142161115,False,8133870.411641287,160349.85642476662,4.547473508864641e-13,-2.3276465390548173e-18,0.3638206613343016,-0.023578905539818895
-25C,32.3999999999999,92.9,0.3066006600660066,-18.401811182168736,-18.030448149315845,0.636,0.6122997709037981,-18.096466025134134,-17.980562748139874,0.002610716290595204,0.02104353462730617,0.020307943146351735,0.000916894284636894,0.3916,0.3995119573152676,5.9043762512232754e-05,1.1350682821226168e-05,4.228336323485229e-06,1.2795315180291316e-05,2.8007062648869947e-08,4.888802713210425,3.5845574156530042,6.656898531600688,189.19666500124342,-1.3698117363419963e-08,-2.987266959923844e-05,0.8410131815009473,1.2569351439001786,0.6028502767469047,0.041717457225161195,6.763902431465665e-05,250656.794259626,0.13821130937625561,7.052206620459186,0.8197310998949345,False,8143173.032761573,317089.1541198841,4.547473508864641e-13,-2.0721814021629203e-17,0.37136303285289074,-0.023700229096201952
-25C,32.6,92.9,0.3066006600660066,-18.337357406437352,-17.96215227484217,0.637,0.6134091914577527,-18.01915102789573,-17.90957849085089,0.0026381159388105366,0.021276254113875372,0.020531295657486386,0.0009720873977406739,0.3916,0.39923758274542026,5.9072341666695613e-05,1.135520268708458e-05,4.225893537901033e-06,1.2800410301804433e-05,2.8089149236905383e-08,4.901657132002754,3.594915179922004,6.672168412905954,189.69413100850656,-1.373822029666603e-08,-2.982810948801516e-05,0.8393726864314905,1.2568724594835445,0.6018539139662498,0.04154168477840374,6.766928113829051e-05,250612.0661724289,0.13921615709591104,7.126670807189941,0.832781699309869,False,8132761.368417123,189040.6581098811,4.547473508864641e-13,1.009663273127126e-17,0.37520513159518387,-0.023590808542247266
-25C,32.7999999999999,92.8,0.30627062706270625,-18.2732798935056,-17.891203517148682,0.638,0.6146496570972543,-17.954803881838075,-17.841886457833624,0.00267065768145342,0.021518451421441136,0.020763885726752335,0.0009013391998913655,0.3916,0.399071537670535,5.910041845283571e-05,1.1359216501104053e-05,4.225373165861427e-06,1.280493496488093e-05,2.8175576563491296e-08,4.914497085123369,3.607348678671379,6.684638649543925,190.19103719427434,-1.3786377743004139e-08,-2.979129024964338e-05,0.8376667723386103,1.2568120198788344,0.6007727685346604,0.04132198900262986,6.760524428979158e-05,250647.21241005068,0.1402671987983718,7.201638351488089,0.8461721377794263,False,8112378.088452765,281172.41920741904,4.547473508864641e-13,-8.890457814381136e-18,0.3820763763569168,-0.023350342902745735
-25C,33.0,92.9,0.3066006600660066,-18.209520281131212,-17.823505641448435,0.639,0.6156261145026047,-17.87927105566979,-17.771175363562065,0.0026969871268728136,0.021748267056676186,0.02098438697055873,0.0009603839938228391,0.3916,0.39879600925217873,5.912863496852735e-05,1.1363652536991048e-05,4.222921876885539e-06,1.2809935587153545e-05,2.8257073836777906e-08,4.927316585965485,3.61763483502649,6.6998183350379925,190.68715187686425,-1.3826200443317366e-08,-2.974690005623619e-05,0.8360518240051134,1.2567500715050892,0.5998623675176318,0.04119388257754088,6.770690731179215e-05,250608.9001533933,0.141276928214771,7.277074977033889,0.8595304994525594,False,8111956.040322014,181743.8024106265,4.547473508864641e-13,3.7438856268640075e-18,0.38601463968277727,-0.023373885497395275
-25C,33.1999999999999,92.7,0.30594059405940593,-18.146126289553802,-17.752516107831042,0.64,0.616980833248885,-17.81604628173588,-17.704333199879557,0.0027307379088160034,0.021992222248272363,0.021218844274810866,0.0009078555708880454,0.3916,0.3986096383666247,5.91564342942113e-05,1.1367323815234163e-05,4.222113922096227e-06,1.2814074118991238e-05,2.8343041552872067e-08,4.940121527281197,3.6305459895168566,6.711450138340925,191.18270310578234,-1.3876205887085652e-08,-2.9714119822155375e-05,0.8343370911436668,1.256689589257573,0.5987086265212072,0.04093255727258448,6.7572214896257e-05,250634.0189893243,0.14234298036499507,7.353016017493194,0.8732590954955335,False,8081805.8328891825,311793.60371041164,4.547473508864641e-13,-8.565197162635485e-18,0.3936101817227602,-0.02301916675111504
-25C,33.3999999999999,92.9,0.3066006600660066,-18.083040122247933,-17.68294948474295,0.641,0.6178269913682358,-17.745638238482428,-17.619797332618532,0.002764147868997469,0.022237902431768278,0.021455171232288645,0.0009142320610506623,0.3916,0.39836636174320855,5.918410626269301e-05,1.137148034574154e-05,4.220391701925778e-06,1.281875966247228e-05,2.8429198893172985e-08,4.9529123298230315,3.641403921664332,6.725889985707086,191.67770716415131,-1.3918249615210127e-08,-2.967192289108907e-05,0.8326112243565151,1.25662847379367,0.5978825612686617,0.04085118468576098,6.77364710113972e-05,250637.24521779487,0.1433948870326761,7.429465049736027,0.8870201210835709,False,8091301.302038375,324832.5240285173,4.547473508864641e-13,7.318364664277155e-19,0.4000906375049844,-0.02317300863176419
-25C,33.5999999999999,92.9,0.3066006600660066,-18.02015190697905,-17.615905997447612,0.642,0.6189097213354919,-17.670788181692274,-17.58150428441445,0.0027925531710012727,0.022469566557309598,0.021677616106790445,0.0009848760288278505,0.3916,0.3980771950930889,5.9212220281007995e-05,1.1374789230946875e-05,4.217536670498531e-06,1.2822489678521934e-05,2.8505365122409635e-08,4.965680020832637,3.651646831525818,6.741090595533759,192.171816806223,-1.3957908599101193e-08,-2.9627758922543786e-05,0.830989089147889,1.2565667982577553,0.5969062347153368,0.04068306808122109,6.777412570541767e-05,250564.18433165905,0.1444154489829334,7.506368919332136,0.9008217871902069,False,8081140.122894391,349356.36527182016,4.547473508864641e-13,-2.268693045925918e-17,0.40424590953143635,-0.02309027866450808
-25C,33.7999999999999,93.1,0.30726072607260724,-17.95745704138021,-17.546910869689526,0.642,0.6197441317515842,-17.60829505289894,-17.477951772925564,0.002825492805306271,0.02271759642474914,0.021916146095711787,0.0009230237409427372,0.3916,0.3978971976630254,5.923981466746683e-05,1.1379452848482084e-05,4.216789045067685e-06,1.28277468473798e-05,2.8593524491989954e-08,4.978433595722439,3.6624110274895076,6.755975727855137,192.6653801544584,-1.3999604422819795e-08,-2.958150105062116e-05,0.8292521547078769,1.2565080997134936,0.5960900945220458,0.04060594677382702,6.79266660367375e-05,250610.41347857116,0.14547273873373442,7.5837822707611044,0.9148588207804169,False,8090690.0118221445,275183.2798207537,4.547473508864641e-13,-1.825525407922468e-17,0.4105461716906831,-0.022255868248415855
-25C,33.9999999999999,92.8,0.30627062706270625,-17.89510792243253,-17.480119201195407,0.643,0.621187415329113,-17.53354166244867,-17.445345186505506,0.002853251244641809,0.022947485744192177,0.022136743516746476,0.0009668446315307091,0.3916,0.39763636691866566,5.9267625927032156e-05,1.1383252268482189e-05,4.214473074082755e-06,1.2832029829925375e-05,2.8672390108807227e-08,4.991162821301568,3.6737430778963973,6.769351593818728,193.15800118437068,-1.404347671368681e-08,-2.9543635321509196e-05,0.8276481352479502,1.256446849651539,0.594882623814953,0.040309072598262954,6.773790920995103e-05,250559.7259977316,0.14650308611924906,7.661643348309471,0.9289972871480295,False,8051088.730838571,324034.76752921444,4.547473508864641e-13,-1.009663273127126e-17,0.4149887212371226,-0.02181258467088698
-25C,34.1999999999999,93.0,0.3069306930693069,-17.83309906829875,-17.41415770053075,0.643,0.6220100411730042,-17.46520949838316,-17.3617490852628,0.002878263206244577,0.023178060206240844,0.02235788978552952,0.0009518335311652314,0.3916,0.39743109104501917,5.9295145491016025e-05,1.1388037159801362e-05,4.213107380629784e-06,1.2837423707412446e-05,2.875477280207081e-08,5.003875523549923,3.6842879528282926,6.784212045038086,193.64998276138198,-1.4084311502902318e-08,-2.949774272662268e-05,0.8260423594333425,1.2563886110824785,0.5940777528265522,0.040232918127710474,6.78989552116533e-05,250572.04208213632,0.14752725530966002,7.74000019619491,0.9432255422280368,False,8060711.745003855,108234.84677354815,4.547473508864641e-13,-1.732351783724495e-17,0.4189413677679994,-0.020989958826995836
-25C,34.3999999999999,92.8,0.30627062706270625,-17.77137303378167,-17.345563541119162,0.644,0.6233311057148208,-17.403940953295802,-17.295740095114866,0.0029098591269521136,0.023413581290489604,0.022583900925056404,0.000876320639570316,0.3916,0.39727597746059373,5.932218850592326e-05,1.1391703711773994e-05,4.212692040091811e-06,1.284155691145432e-05,2.883876580966888e-08,5.016573050809537,3.69709057684188,6.795806880379543,194.14137706632906,-1.4133894691609598e-08,-2.9463468540587034e-05,0.8244035590246069,1.2563301069974417,0.5929479910753053,0.03998324777067363,6.776243664212199e-05,250600.59902469313,0.14859932970474327,7.818861931151311,0.9578560632348952,False,8030992.330512309,263399.806479995,4.547473508864641e-13,-2.7037291676357267e-17,0.4258094926625091,-0.020668894285179262
-25C,34.5999999999999,92.8,0.30627062706270625,-17.710029196799226,-17.279938557621563,0.644,0.6243904241200594,-17.331055772397235,-17.230430037299612,0.0029365773919551286,0.02364118286080793,0.022802360677937977,0.0009552078408738108,0.3916,0.3969822435293796,5.9349303082308034e-05,1.1395829196984128e-05,4.209899668986173e-06,1.2846207458418475e-05,2.8918864020437e-08,5.029251775434386,3.7079251063169836,6.809640878755633,194.63204370931072,-1.4175836581111896e-08,-2.94245624647689e-05,0.8228217251151224,1.256270215030253,0.5919903769199435,0.0398216235616715,6.779042857846658e-05,250561.62538451934,0.14963174582786665,7.89820665431451,0.9724291875778278,False,8021061.564909874,210230.07947127847,4.547473508864641e-13,4.065758146820642e-18,0.43009063917766355,-0.01960957587994061
-25C,34.7999999999999,92.8,0.30627062706270625,-17.648957986773798,-17.21686526580882,0.644,0.6254420894516667,-17.26722999549034,-17.135763761992052,0.002958229902059231,0.023862710006087397,0.023014254110014083,0.000824350050723029,0.3916,0.3968981019594678,5.9376065373582147e-05,1.1400739657956937e-05,4.210365341597643e-06,1.285174288715146e-05,2.899819898248898e-08,5.041917747230838,3.7200490585659165,6.822188993226482,195.1222168178334,-1.422279218346147e-08,-2.9383542224979953e-05,0.8212895452198773,1.2562165039337776,0.5910447766830311,0.03966184764411723,6.77901549625467e-05,250624.01644881628,0.15063027386904848,7.978073017335207,0.9869759425099645,False,8011202.544384269,76404.89922973131,4.547473508864641e-13,-1.726253146504264e-17,0.4320927209649774,-0.018557910548333334
-25C,34.9999999999999,93.1,0.30726072607260724,-17.587998536091806,-17.149895735490986,0.644,0.626130491384462,-17.19981658262128,-17.105764814855092,0.0029868965710827676,0.024087880331980085,0.02323042131551037,0.0009569468890533668,0.3916,0.3965519270170235,5.940266931602736e-05,1.1403574004140445e-05,4.206801252257299e-06,1.2854937968303775e-05,2.9076143152688714e-08,5.0545611047845815,3.729231376859366,6.838807425247139,195.61151475516328,-1.4258341134358782e-08,-2.933472510232436e-05,0.8197285339094347,1.2561552394450908,0.5903210107313608,0.03963568785798909,6.8049471278967e-05,250547.10019214003,0.1516972345455639,8.0583993438532,1.002066404002643,False,8030626.421440789,258550.7390356829,4.547473508864641e-13,2.1291020162184093e-17,0.4381028006008201,-0.017869508615538043
-25C,35.1999999999999,93.1,0.30726072607260724,-17.52714647537862,-17.084596322746393,0.644,0.6271753996878555,-17.13413284507078,-17.050834744877136,0.003010587084605111,0.02431329799549338,0.023446537940936072,0.0009633148624263861,0.3916,0.39632909815295114,5.942930342662884e-05,1.1406976780318207e-05,4.205119589269173e-06,1.2858773825085975e-05,2.9152859733591116e-08,5.067182843007351,3.7394163872892716,6.854083177168468,196.09997602438446,-1.4297784709353076e-08,-2.928719669072883e-05,0.8181700242626135,1.2560974427940557,0.5893719011862802,0.03948206954035514,6.807237956468781e-05,250526.79674923138,0.152744320667585,8.139191810818561,1.017161511740722,False,8020799.078802894,332965.678101672,4.547473508864641e-13,-2.574980159653073e-18,0.44255015263222575,-0.0168246003121445
-25C,35.3999999999999,93.1,0.30726072607260724,-17.466552824243042,-17.018850237642937,0.643,0.6282130772605686,-17.0744798043213,-16.955480154284203,0.0030411373446018915,0.024554232021398253,0.023678056907444428,0.0008964484722267066,0.3916,0.39616134799772473,5.945560092995073e-05,1.141169182217014e-05,4.204485334053876e-06,1.286408896317361e-05,2.9239159361953764e-08,5.079789603898777,3.750915854963409,6.867460458155061,196.58785767088267,-1.4342323276357574e-08,-2.9246010021908183e-05,0.8165027718753236,1.2560415629224349,0.5884328136744404,0.03932759586718157,6.807612024415687e-05,250577.0398777652,0.15380532616775208,8.220493321406577,1.0323498982164774,False,8011039.74104896,220157.8299190752,4.547473508864641e-13,-7.731716742537253e-18,0.447702586600105,-0.014786922739431385
-25C,35.5999999999999,92.8,0.30627062706270625,-17.406367772321165,-16.9544630321127,0.643,0.6296142614400141,-17.00268745230261,-16.92143336383424,0.0030663295045287435,0.024776648192212168,0.023891324355288842,0.0009403855098891103,0.3916,0.3959074136425584,5.948203847619716e-05,1.1415286771355504e-05,4.202192822997e-06,1.2868141451346205e-05,2.931639423238417e-08,5.092374447878439,3.7624783540405033,6.879997372622163,197.07489113289557,-1.4387083512432464e-08,-2.9210617935126147e-05,0.814969129661359,1.2559827089718316,0.587254648448548,0.03904591449124048,6.788459202901556e-05,250532.52921476046,0.1548510117309636,8.30225947209532,1.0477351349918718,False,7972089.788611859,308861.41288162814,4.547473508864641e-13,3.984442983884229e-18,0.45190474020846594,-0.013385738559985927
-25C,35.7999999999999,92.8,0.30627062706270625,-17.346586022009284,-16.888205023490457,0.643,0.6306506513833722,-16.943385738958852,-16.822271867539598,0.0030964565829401914,0.02501439734909901,0.024119760319058194,0.0008845949255995544,0.3916,0.3957311046723439,5.9508039115096673e-05,1.1419756597997902e-05,4.201405767857031e-06,1.287318016501582e-05,2.940328386849118e-08,5.104948190659176,3.7749330246265416,6.89180884806963,197.56149497851013,-1.4435316254653538e-08,-2.9175903424847885e-05,0.8133286744117992,1.2559264674518662,0.5863157972658196,0.03889212983515134,6.788896752303163e-05,250580.87291881884,0.15593394862203155,8.384561151776682,1.0633765940758824,False,7962373.969884168,279412.36853334814,4.547473508864641e-13,-1.2739375526704677e-17,0.45838099851882674,-0.012349348616627842
-25C,35.9999999999999,92.7,0.30594059405940593,-17.287098920354047,-16.82538148626594,0.642,0.631794488697864,-16.871719022041873,-16.774134313541765,0.003121356578080285,0.02523713105135558,0.024333405556499457,0.0009288884723663175,0.3916,0.3954771927420522,5.953433584411657e-05,1.1423830527927522e-05,4.1990991098727525e-06,1.2877772595118297e-05,2.9480643980679023e-08,5.117503067957373,3.7861607047226453,6.90466326535195,198.0473687299503,-1.4478779113469554e-08,-2.9139134480229758e-05,0.811796592437586,1.255868961588032,0.5853093432125737,0.038697286967763235,6.784270983120313e-05,250541.50410105288,0.15696722326014936,8.467348364037397,1.0789557345860676,False,7943082.277693226,174203.42399306194,4.547473508864641e-13,-3.562959389330489e-17,0.46171743408810784,-0.010205511302135983
-25C,36.1999999999999,92.9,0.3066006600660066,-17.227798400239315,-16.76081656732873,0.642,0.6325718400847182,-16.80688532811564,-16.711328700196816,0.0031512835158315072,0.02546943576874087,0.024556648056922092,0.0009735715767795642,0.3916,0.39520900539972975,5.956048990866224e-05,1.1426938775044254e-05,4.196704570119993e-06,1.2881276437322615e-05,2.9557712046190847e-08,5.130041641968633,3.7966094646201163,6.919222936585775,198.5326115441861,-1.451923957209219e-08,-2.9095946349494145e-05,0.8101978755547629,1.255811942468375,0.584540199915341,0.03863188737444269,6.801509387294916e-05,250512.27872876826,0.15803574047205454,8.550638438219877,1.0948256369640506,False,7952924.186977252,214594.4269243169,4.547473508864641e-13,1.8370450560051266e-17,0.4669818329105837,-0.009428159915281786
-25C,36.3999999999999,93.4,0.3082508250825083,-17.168370249909113,-16.693180272609595,0.641,0.6329810612602286,-16.751194433524233,-16.649825499058068,0.003189233303140927,0.025725955094107262,0.024803962236224095,0.0009543557181412622,0.3916,0.39497672940701645,5.9586367756024996e-05,1.1429919337872448e-05,4.19511767958525e-06,1.2884636344510762e-05,2.964187206022784e-08,5.142565943001094,3.805538478574323,6.9364432151931465,199.01730199414231,-1.4553829097048907e-08,-2.904126080365455e-05,0.8084293666701161,1.255754339061537,0.5840090586571298,0.038695819244685056,6.839989949374231e-05,250518.01451155802,0.1591623060860213,8.634445617489943,1.111006916500552,False,7991866.750139121,366873.52081925335,4.547473508864641e-13,4.729831977468013e-18,0.47518997729951806,-0.008018938739771442
-25C,36.5999999999999,92.5,0.30528052805280526,-17.109377735356304,-16.631170970181586,0.641,0.6350676099844014,-16.676355091452592,-16.58316469259404,0.003219498459117759,0.025962941526064327,0.02503191667726565,0.0009873324714770569,0.3916,0.3947198105738124,5.9612812011414886e-05,1.1434035311775437e-05,4.192646586989993e-06,1.2889276169637768e-05,2.9719442274145646e-08,5.155063406250847,3.8188590677686047,6.9461097047803015,199.50095382190779,-1.4605397455857378e-08,-2.9017970342796097e-05,0.8068017698436193,1.2556973890991556,0.5823903966666802,0.03817161742740372,6.77650206703229e-05,250474.29163285994,0.16020167494728785,8.718685792621217,1.1268988127370434,False,7895359.846736479,225842.16044473433,4.547473508864641e-13,-2.7836890778565326e-17,0.4782067651747184,-0.005932390015598643
