x_um,region_id,region,temperature_C,c_h2_mol_m3,c_o2_mol_m3,total_water_kg_m3,vapor_water_kg_m3,liquid_water_kg_m3,ice_water_kg_m3,liquid_fraction,ice_fraction,gas_porosity,d_h2_effective_m2_s,d_o2_effective_m2_s,d_water_effective_m2_s,d_liquid_capillary_m2_s,thermal_conductivity_W_m_K,volumetric_heat_capacity_J_m3_K,temperature_smoothed_C
0.049999999999999996,0,aGDL,-16.65911065918573,47.52130960556538,0.0,1.5253584561474635e-11,1.5253584561474635e-11,0.0,0.0,0.0,0.0,0.8,6.048429775114224e-05,0.0,4.778259522340238e-05,3.127457403052318e-08,0.3,10184194.96,-16.657738148380318
0.15,0,aGDL,-16.658999604113603,47.52128332866332,0.0,4.576074212664191e-11,4.576074212664191e-11,0.0,0.0,0.0,0.0,0.8,6.048434358086363e-05,0.0,4.778263142888227e-05,3.127472006771415e-08,0.3,10184194.96,-16.657683927271133
0.25,0,aGDL,-16.658888705825746,47.521257051773205,0.0,7.626787659262013e-11,7.626787659262013e-11,0.0,0.0,0.0,0.0,0.8,6.048438934589881e-05,0.0,4.778266758326006e-05,3.127486589913673e-08,0.3,10184194.96,-16.65762975841427
0.35,0,aGDL,-16.65877796432079,47.521230774895,0.0,1.0677498799215897e-10,1.0677498799215897e-10,0.0,0.0,0.0,0.0,0.8,6.04844350462483e-05,0.0,4.7782703686536156e-05,3.1275011524791036e-08,0.3,10184194.96,-16.657575641809355
0.44999999999999996,0,aGDL,-16.658667379597205,47.52120449802868,0.0,1.3728207635800765e-10,1.3728207635800765e-10,0.0,0.0,0.0,0.0,0.8,6.048448068191267e-05,0.0,4.7782739738711005e-05,3.1275156944677374e-08,0.3,10184194.96,-16.657521577456027
0.55,0,aGDL,-16.658556951653622,47.52117822117422,0.0,1.67789141722915e-10,1.67789141722915e-10,0.0,0.0,0.0,0.0,0.8,6.048452625289241e-05,0.0,4.7782775739785e-05,3.127530215879583e-08,0.3,10184194.96,-16.65746756535391
0.6499999999999999,0,aGDL,-16.65844668048851,47.52115194433158,0.0,1.9829618411962944e-10,1.9829618411962944e-10,0.0,0.0,0.0,0.0,0.8,6.048457175918809e-05,0.0,4.778281168975859e-05,3.127544716714676e-08,0.3,10184194.96,-16.657413605502636
0.75,0,aGDL,-16.658336566100502,47.52112566750074,0.0,2.2880320358089895e-10,2.2880320358089895e-10,0.0,0.0,0.0,0.0,0.8,6.048461720080024e-05,0.0,4.778284758863218e-05,3.1275591969730216e-08,0.3,10184194.96,-16.657359697901835
0.8499999999999999,0,aGDL,-16.65822660848812,47.52109939068168,0.0,2.593102001394711e-10,2.593102001394711e-10,0.0,0.0,0.0,0.0,0.8,6.048466257772937e-05,0.0,4.7782883436406194e-05,3.127573656654648e-08,0.3,10184194.96,-16.657305842551143
0.95,0,aGDL,-16.65811680764989,47.52107311387436,0.0,2.8981717382809307e-10,2.8981717382809307e-10,0.0,0.0,0.0,0.0,0.8,6.048470788997604e-05,0.0,4.778291923308107e-05,3.127588095759581e-08,0.3,10184194.96,-16.65725203945018
1.05,0,aGDL,-16.658007163584386,47.52104683707875,0.0,3.2032412467951157e-10,3.2032412467951157e-10,0.0,0.0,0.0,0.0,0.8,6.0484753137540775e-05,0.0,4.7782954978657206e-05,3.127602514287833e-08,0.3,10184194.96,-16.65719828859858
1.15,0,aGDL,-16.657897676290133,47.52102056029483,0.0,3.508310527264729e-10,3.508310527264729e-10,0.0,0.0,0.0,0.0,0.8,6.048479832042412e-05,0.0,4.778299067313505e-05,3.1276169122394334e-08,0.3,10184194.96,-16.657144589995973
1.25,0,aGDL,-16.657788345765653,47.52099428352257,0.0,3.8133795800172294e-10,3.8133795800172294e-10,0.0,0.0,0.0,0.0,0.8,6.048484343862664e-05,0.0,4.778302631651504e-05,3.1276312896144085e-08,0.3,10184194.96,-16.657090943641983
1.3499999999999999,0,aGDL,-16.657679172009523,47.52096800676195,0.0,4.118448405380072e-10,4.118448405380072e-10,0.0,0.0,0.0,0.0,0.8,6.0484888492148844e-05,0.0,4.778306190879758e-05,3.127645646412777e-08,0.3,10184194.96,-16.657037349536242
1.4500000000000002,0,aGDL,-16.657570155020323,47.52094173001292,0.0,4.423517003680708e-10,4.423517003680708e-10,0.0,0.0,0.0,0.0,0.8,6.0484933480991255e-05,0.0,4.7783097449983094e-05,3.1276599826345574e-08,0.3,10184194.96,-16.65698380767838
1.55,0,aGDL,-16.657461294796462,47.52091545327547,0.0,4.728585375246584e-10,4.728585375246584e-10,0.0,0.0,0.0,0.0,0.8,6.048497840515447e-05,0.0,4.778313294007202e-05,3.127674298279788e-08,0.3,10184194.96,-16.656930318068024
1.65,0,aGDL,-16.657352591336632,47.52088917654957,0.0,5.033653520405139e-10,5.033653520405139e-10,0.0,0.0,0.0,0.0,0.8,6.048502326463897e-05,0.0,4.7783168379064794e-05,3.127688593348479e-08,0.3,10184194.96,-16.656876880704797
1.7499999999999998,0,aGDL,-16.657244044639242,47.52086289983519,0.0,5.338721439483815e-10,5.338721439483815e-10,0.0,0.0,0.0,0.0,0.8,6.0485068059445355e-05,0.0,4.7783203766961834e-05,3.127702867840671e-08,0.3,10184194.96,-16.656823495588327
1.85,0,aGDL,-16.65713565470287,47.5208366231323,0.0,5.643789132810045e-10,5.643789132810045e-10,0.0,0.0,0.0,0.0,0.8,6.0485112789574136e-05,0.0,4.778323910376356e-05,3.127717121756383e-08,0.3,10184194.96,-16.656770162718246
1.95,0,aGDL,-16.657027421526095,47.52081034644087,0.0,5.948856600711256e-10,5.948856600711256e-10,0.0,0.0,0.0,0.0,0.8,6.048515745502584e-05,0.0,4.7783274389470414e-05,3.1277313550956326e-08,0.3,10184194.96,-16.65671688209417
2.05,0,aGDL,-16.656919345107326,47.52078406976088,0.0,6.253923843514877e-10,6.253923843514877e-10,0.0,0.0,0.0,0.0,0.8,6.048520205580107e-05,0.0,4.778330962408285e-05,3.1277455678584635e-08,0.3,10184194.96,-16.656663653715736
2.15,0,aGDL,-16.656811425445255,47.520757793092294,0.0,6.558990861548328e-10,6.558990861548328e-10,0.0,0.0,0.0,0.0,0.8,6.04852465919003e-05,0.0,4.778334480760124e-05,3.127759760044884e-08,0.3,10184194.96,-16.656610477582564
2.25,0,aGDL,-16.65670366253829,47.520731516435085,0.0,6.864057655139025e-10,6.864057655139025e-10,0.0,0.0,0.0,0.0,0.8,6.0485291063324126e-05,0.0,4.778337994002606e-05,3.127773931654937e-08,0.3,10184194.96,-16.656557353694282
2.35,0,aGDL,-16.656596056385013,47.52070523978923,0.0,7.16912422461438e-10,7.16912422461438e-10,0.0,0.0,0.0,0.0,0.8,6.048533547007309e-05,0.0,4.778341502135774e-05,3.1277880826886446e-08,0.3,10184194.96,-16.656504282050516
2.4499999999999997,0,aGDL,-16.656488606983885,47.5206789631547,0.0,7.474190570301804e-10,7.474190570301804e-10,0.0,0.0,0.0,0.0,0.8,6.048537981214773e-05,0.0,4.7783450051596704e-05,3.1278022131460385e-08,0.3,10184194.96,-16.656451262650886
2.55,0,aGDL,-16.656381314333487,47.52065268653146,0.0,7.779256692528701e-10,7.779256692528701e-10,0.0,0.0,0.0,0.0,0.8,6.048542408954862e-05,0.0,4.778348503074341e-05,3.127816323027142e-08,0.3,10184194.96,-16.656398295495016
2.65,0,aGDL,-16.65627417843234,47.520626409919494,0.0,8.084322591622471e-10,8.084322591622471e-10,0.0,0.0,0.0,0.0,0.8,6.048546830227625e-05,0.0,4.7783519958798246e-05,3.1278304123319866e-08,0.3,10184194.96,-16.656291159433454
2.75,0,aGDL,-16.65616719927891,47.52060013331876,0.0,8.389388267910509e-10,8.389388267910509e-10,0.0,0.0,0.0,0.0,0.8,6.048551245033124e-05,0.0,4.778355483576168e-05,3.127844481060611e-08,0.3,10184194.96,-16.656184180119478
2.8499999999999996,0,aGDL,-16.65606037687178,47.520573856729236,0.0,8.694453721720207e-10,8.694453721720207e-10,0.0,0.0,0.0,0.0,0.8,6.048555653371409e-05,0.0,4.778358966163413e-05,3.12785852921303e-08,0.3,10184194.96,-16.656077357551602
2.9499999999999997,0,aGDL,-16.655953711209463,47.520547580150904,0.0,8.999518953378954e-10,8.999518953378954e-10,0.0,0.0,0.0,0.0,0.8,6.0485600552425356e-05,0.0,4.778362443641602e-05,3.1278725567892796e-08,0.3,10184194.96,-16.655970691728346
3.05,0,aGDL,-16.65584720229043,47.52052130358372,0.0,9.304583963214132e-10,9.304583963214132e-10,0.0,0.0,0.0,0.0,0.8,6.048564450646561e-05,0.0,4.778365916010783e-05,3.127886563789397e-08,0.3,10184194.96,-16.65586418264822
3.15,0,aGDL,-16.655740850113148,47.520495027027664,0.0,9.60964875155312e-10,9.60964875155312e-10,0.0,0.0,0.0,0.0,0.8,6.0485688395835427e-05,0.0,4.778369383270999e-05,3.127900550213418e-08,0.3,10184194.96,-16.65575783030974
3.25,0,aGDL,-16.65563465467625,47.520468750482706,0.0,9.914713318723293e-10,9.914713318723293e-10,0.0,0.0,0.0,0.0,0.8,6.048573222053532e-05,0.0,4.77837284542229e-05,3.127914516061363e-08,0.3,10184194.96,-16.655651634711422
3.3499999999999996,0,aGDL,-16.6555286159782,47.52044247394882,0.0,1.0219777665052023e-09,1.0219777665052023e-09,0.0,0.0,0.0,0.0,0.8,6.048577598056584e-05,0.0,4.7783763024647006e-05,3.127928461333263e-08,0.3,10184194.96,-16.655545595851766
3.45,0,aGDL,-16.655422734017463,47.52041619742597,0.0,1.0524841790866676e-09,1.0524841790866676e-09,0.0,0.0,0.0,0.0,0.8,6.048581967592758e-05,0.0,4.778379754398278e-05,3.127942386029165e-08,0.3,10184194.96,-16.655439713729287
3.55,0,aGDL,-16.655317008792622,47.52038992091415,0.0,1.0829905696494614e-09,1.0829905696494614e-09,0.0,0.0,0.0,0.0,0.8,6.048586330662105e-05,0.0,4.778383201223062e-05,3.127956290149086e-08,0.3,10184194.96,-16.65533398834249
3.65,0,aGDL,-16.655211440302082,47.5203636444133,0.0,1.1134969382263194e-09,1.1134969382263194e-09,0.0,0.0,0.0,0.0,0.8,6.048590687264686e-05,0.0,4.7783866429391015e-05,3.127970173693076e-08,0.3,10184194.96,-16.655228419689884
3.7499999999999996,0,aGDL,-16.655106028544424,47.52033736792342,0.0,1.144003284849977e-09,1.144003284849977e-09,0.0,0.0,0.0,0.0,0.8,6.048595037400553e-05,0.0,4.7783900795464363e-05,3.127984036661161e-08,0.3,10184194.96,-16.65512300776997
3.8500000000000005,0,aGDL,-16.655000773518168,47.52031109144447,0.0,1.1745096095531695e-09,1.1745096095531695e-09,0.0,0.0,0.0,0.0,0.8,6.04859938106976e-05,0.0,4.778393511045111e-05,3.1279978790533725e-08,0.3,10184194.96,-16.655017752581248
3.9499999999999993,0,aGDL,-16.654895675221724,47.520284814976414,0.0,1.2050159123686309e-09,1.2050159123686309e-09,0.0,0.0,0.0,0.0,0.8,6.0486037182723693e-05,0.0,4.778396937435172e-05,3.128011700869755e-08,0.3,10184194.96,-16.65491265412222
4.05,0,aGDL,-16.65479073365367,47.520258538519236,0.0,1.2355221933290956e-09,1.2355221933290956e-09,0.0,0.0,0.0,0.0,0.8,6.048608049008434e-05,0.0,4.7784003587166624e-05,3.128025502110333e-08,0.3,10184194.96,-16.654807712391385
4.1499999999999995,0,aGDL,-16.65468594881247,47.52023226207291,0.0,1.2660284524672971e-09,1.2660284524672971e-09,0.0,0.0,0.0,0.0,0.8,6.0486123732780074e-05,0.0,4.7784037748896255e-05,3.128039282775154e-08,0.3,10184194.96,-16.654702927387245
4.25,0,aGDL,-16.65458132069665,47.520205985637396,0.0,1.2965346898159691e-09,1.2965346898159691e-09,0.0,0.0,0.0,0.0,0.8,6.048616691081146e-05,0.0,4.778407185954106e-05,3.128053042864245e-08,0.3,10184194.96,-16.654598299108287
4.35,0,aGDL,-16.654476849304615,47.52017970921268,0.0,1.3270409054078443e-09,1.3270409054078443e-09,0.0,0.0,0.0,0.0,0.8,6.0486210024179116e-05,0.0,4.77841059191015e-05,3.128066782377655e-08,0.3,10184194.96,-16.65449382755301
4.45,0,aGDL,-16.654372534635,47.520153432798715,0.0,1.3575470992756547e-09,1.3575470992756547e-09,0.0,0.0,0.0,0.0,0.8,6.048625307288354e-05,0.0,4.778413992757799e-05,3.128080501315404e-08,0.3,10184194.96,-16.654389512719913
4.550000000000001,0,aGDL,-16.65426837668616,47.52012715639549,0.0,1.3880532714521328e-09,1.3880532714521328e-09,0.0,0.0,0.0,0.0,0.8,6.048629605692533e-05,0.0,4.7784173884971006e-05,3.1280941996775506e-08,0.3,10184194.96,-16.654285354607477
4.6499999999999995,0,aGDL,-16.654164375456673,47.52010088000297,0.0,1.4185594219700096e-09,1.4185594219700096e-09,0.0,0.0,0.0,0.0,0.8,6.048633897630504e-05,0.0,4.778420779128099e-05,3.1281078774641156e-08,0.3,10184194.96,-16.654181353214195
4.75,0,aGDL,-16.654060530945003,47.52007460362113,0.0,1.449065550862017e-09,1.449065550862017e-09,0.0,0.0,0.0,0.0,0.8,6.048638183102323e-05,0.0,4.778424164650835e-05,3.1281215346751485e-08,0.3,10184194.96,-16.65407750853856
4.85,0,aGDL,-16.653956843149615,47.520048327249945,0.0,1.479571658160885e-09,1.479571658160885e-09,0.0,0.0,0.0,0.0,0.8,6.0486424621080474e-05,0.0,4.7784275450653574e-05,3.1281351713106844e-08,0.3,10184194.96,-16.65397382057905
4.95,0,aGDL,-16.65385331206903,47.520022050889374,0.0,1.5100777438993444e-09,1.5100777438993444e-09,0.0,0.0,0.0,0.0,0.8,6.0486467346477344e-05,0.0,4.7784309203717096e-05,3.1281487873707617e-08,0.3,10184194.96,-16.653870289334158
5.049999999999999,0,aGDL,-16.65374993770166,47.5199957745394,0.0,1.5405838081101246e-09,1.5405838081101246e-09,0.0,0.0,0.0,0.0,0.8,6.04865100072144e-05,0.0,4.7784342905699375e-05,3.128162382855429e-08,0.3,10184194.96,-16.653766914802365
5.1499999999999995,0,aGDL,-16.653646720046083,47.51996949819999,0.0,1.5710898508259555e-09,1.5710898508259555e-09,0.0,0.0,0.0,0.0,0.8,6.04865526032922e-05,0.0,4.7784376556600844e-05,3.128175957764717e-08,0.3,10184194.96,-16.65366369698215
5.25,0,aGDL,-16.653543659100762,47.519943221871124,0.0,1.6015958720795663e-09,1.6015958720795663e-09,0.0,0.0,0.0,0.0,0.8,6.0486595134711325e-05,0.0,4.7784410156421944e-05,3.1281895120986664e-08,0.3,10184194.96,-16.653560635871997
5.35,0,aGDL,-16.653440754864107,47.519916945552765,0.0,1.632101871903685e-09,1.632101871903685e-09,0.0,0.0,0.0,0.0,0.8,6.048663760147234e-05,0.0,4.778444370516314e-05,3.128203045857329e-08,0.3,10184194.96,-16.653457731470375
5.45,0,aGDL,-16.65333800733464,47.51989066924489,0.0,1.66260785033104e-09,1.66260785033104e-09,0.0,0.0,0.0,0.0,0.8,6.0486680003575824e-05,0.0,4.778447720282489e-05,3.1282165590407387e-08,0.3,10184194.96,-16.653354983775777
5.549999999999999,0,aGDL,-16.65323541651088,47.51986439294746,0.0,1.693113807394359e-09,1.693113807394359e-09,0.0,0.0,0.0,0.0,0.8,6.048672234102232e-05,0.0,4.778451064940762e-05,3.1282300516489356e-08,0.3,10184194.96,-16.65325239278667
5.65,0,aGDL,-16.653132982391185,47.519838116660466,0.0,1.7236197431263694e-09,1.7236197431263694e-09,0.0,0.0,0.0,0.0,0.8,6.048676461381244e-05,0.0,4.778454404491183e-05,3.128243523681974e-08,0.3,10184194.96,-16.653149958501526
5.749999999999999,0,aGDL,-16.653030704974128,47.519811840383866,0.0,1.754125657559798e-09,1.754125657559798e-09,0.0,0.0,0.0,0.0,0.8,6.048680682194672e-05,0.0,4.778457738933791e-05,3.1282569751398885e-08,0.3,10184194.96,-16.653047680918824
5.85,0,aGDL,-16.652928584258177,47.51978556411764,0.0,1.7846315507273717e-09,1.7846315507273717e-09,0.0,0.0,0.0,0.0,0.8,6.048684896542576e-05,0.0,4.778461068268635e-05,3.12827040602272e-08,0.3,10184194.96,-16.652945560037026
5.95,0,aGDL,-16.65282662024174,47.51975928786175,0.0,1.815137422661816e-09,1.815137422661816e-09,0.0,0.0,0.0,0.0,0.8,6.048689104425011e-05,0.0,4.778464392495758e-05,3.1282838163305257e-08,0.3,10184194.96,-16.65284359585461
6.05,0,aGDL,-16.65272481292334,47.519733011616175,0.0,1.845643273395857e-09,1.845643273395857e-09,0.0,0.0,0.0,0.0,0.8,6.048693305842037e-05,0.0,4.778467711615209e-05,3.128297206063336e-08,0.3,10184194.96,-16.65274178837004
6.15,0,aGDL,-16.65262316230138,47.519706735380886,0.0,1.876149102962219e-09,1.876149102962219e-09,0.0,0.0,0.0,0.0,0.8,6.04869750079371e-05,0.0,4.778471025627031e-05,3.128310575221206e-08,0.3,10184194.96,-16.65264013758178
6.249999999999999,0,aGDL,-16.65252166837439,47.51968045915586,0.0,1.9066549113936277e-09,1.9066549113936277e-09,0.0,0.0,0.0,0.0,0.8,6.048701689280089e-05,0.0,4.778474334531271e-05,3.1283239238041785e-08,0.3,10184194.96,-16.6525386434883
6.3500000000000005,0,aGDL,-16.65242033114083,47.51965418294106,0.0,1.9371606987228073e-09,1.9371606987228073e-09,0.0,0.0,0.0,0.0,0.8,6.048705871301228e-05,0.0,4.77847763832797e-05,3.128337251812292e-08,0.3,10184194.96,-16.65243730608806
6.449999999999999,0,aGDL,-16.652319150599112,47.51962790673646,0.0,1.967666464982481e-09,1.967666464982481e-09,0.0,0.0,0.0,0.0,0.8,6.0487100468571897e-05,0.0,4.778480937017179e-05,3.128350559245603e-08,0.3,10184194.96,-16.652336125379524
6.55,0,aGDL,-16.652218126747755,47.519601630542034,0.0,1.9981722102053733e-09,1.9981722102053733e-09,0.0,0.0,0.0,0.0,0.8,6.0487142159480265e-05,0.0,4.778484230598941e-05,3.128363846104155e-08,0.3,10184194.96,-16.652235101361143
6.649999999999999,0,aGDL,-16.652117259585168,47.519575354357755,0.0,2.0286779344242067e-09,2.0286779344242067e-09,0.0,0.0,0.0,0.0,0.8,6.048718378573801e-05,0.0,4.7784875190733025e-05,3.1283771123879946e-08,0.3,10184194.96,-16.65213423403139
6.75,0,aGDL,-16.652016549109874,47.519549078183594,0.0,2.0591836376717037e-09,2.0591836376717037e-09,0.0,0.0,0.0,0.0,0.8,6.0487225347345675e-05,0.0,4.7784908024403086e-05,3.128390358097165e-08,0.3,10184194.96,-16.65203352338871
6.85,0,aGDL,-16.651915995320223,47.51952280201952,0.0,2.089689319980587e-09,2.089689319980587e-09,0.0,0.0,0.0,0.0,0.8,6.048726684430388e-05,0.0,4.778494080700006e-05,3.128403583231729e-08,0.3,10184194.96,-16.651932969431563
6.949999999999999,0,aGDL,-16.65181559821474,47.51949652586551,0.0,2.120194981383578e-09,2.120194981383578e-09,0.0,0.0,0.0,0.0,0.8,6.0487308276613186e-05,0.0,4.7784973538524415e-05,3.128416787791724e-08,0.3,10184194.96,-16.6518325721584
7.05,0,aGDL,-16.651715357791886,47.519470249721536,0.0,2.1507006219133977e-09,2.1507006219133977e-09,0.0,0.0,0.0,0.0,0.8,6.0487349644274165e-05,0.0,4.7785006218976584e-05,3.128429971777199e-08,0.3,10184194.96,-16.651732331567676
7.1499999999999995,0,aGDL,-16.651615274050073,47.51944397358756,0.0,2.181206241602768e-09,2.181206241602768e-09,0.0,0.0,0.0,0.0,0.8,6.048739094728741e-05,0.0,4.778503884835705e-05,3.128443135188206e-08,0.3,10184194.96,-16.651632247657837
7.25,0,aGDL,-16.651515346987765,47.519417697463574,0.0,2.211711840484408e-09,2.211711840484408e-09,0.0,0.0,0.0,0.0,0.8,6.0487432185653515e-05,0.0,4.7785071426666276e-05,3.1284562780248004e-08,0.3,10184194.96,-16.65153232042734
7.349999999999999,0,aGDL,-16.651415576603426,47.519391421349525,0.0,2.242217418591039e-09,2.242217418591039e-09,0.0,0.0,0.0,0.0,0.8,6.0487473359373026e-05,0.0,4.7785103953904686e-05,3.128469400287021e-08,0.3,10184194.96,-16.65143254987463
7.45,0,aGDL,-16.651315962895467,47.5193651452454,0.0,2.2727229759553805e-09,2.2727229759553805e-09,0.0,0.0,0.0,0.0,0.8,6.0487514468446575e-05,0.0,4.778513643007279e-05,3.128482501974929e-08,0.3,10184194.96,-16.65133293599815
7.55,0,aGDL,-16.65121650586235,47.51933886915118,0.0,2.3032285126101514e-09,2.3032285126101514e-09,0.0,0.0,0.0,0.0,0.8,6.0487555512874726e-05,0.0,4.7785168855171033e-05,3.128495583088573e-08,0.3,10184194.96,-16.651233478796343
7.6499999999999995,0,aGDL,-16.651117205502544,47.519312593066815,0.0,2.33373402858807e-09,2.33373402858807e-09,0.0,0.0,0.0,0.0,0.8,6.048759649265806e-05,0.0,4.778520122919986e-05,3.128508643628e-08,0.3,10184194.96,-16.651134178267654
7.749999999999998,0,aGDL,-16.651018061814455,47.519286316992286,0.0,2.3642395239218556e-09,2.3642395239218556e-09,0.0,0.0,0.0,0.0,0.8,6.048763740779716e-05,0.0,4.778523355215975e-05,3.1285216835932714e-08,0.3,10184194.96,-16.651035034410526
7.85,0,aGDL,-16.65091907479649,47.51926004092757,0.0,2.3947449986442256e-09,2.3947449986442256e-09,0.0,0.0,0.0,0.0,0.8,6.0487678258292655e-05,0.0,4.778526582405119e-05,3.128534702984438e-08,0.3,10184194.96,-16.650936047223396
7.95,0,aGDL,-16.650820244447175,47.51923376487264,0.0,2.425250452787897e-09,2.425250452787897e-09,0.0,0.0,0.0,0.0,0.8,6.048771904414507e-05,0.0,4.778529804487461e-05,3.128547701801544e-08,0.3,10184194.96,-16.650837216704705
8.049999999999999,0,aGDL,-16.650721570764915,47.519207488827455,0.0,2.4557558863855883e-09,2.4557558863855883e-09,0.0,0.0,0.0,0.0,0.8,6.048775976535504e-05,0.0,4.7785330214630485e-05,3.128560680044647e-08,0.3,10184194.96,-16.650738542852885
8.15,0,aGDL,-16.65062305374812,47.519181212792,0.0,2.4862612994700147e-09,2.4862612994700147e-09,0.0,0.0,0.0,0.0,0.8,6.0487800421923144e-05,0.0,4.778536233331928e-05,3.128573637713808e-08,0.3,10184194.96,-16.650640025666373
8.25,0,aGDL,-16.650524693395255,47.51915493676624,0.0,2.516766692073893e-09,2.516766692073893e-09,0.0,0.0,0.0,0.0,0.8,6.048784101384995e-05,0.0,4.778539440094146e-05,3.128586574809071e-08,0.3,10184194.96,-16.650541665143606
8.35,0,aGDL,-16.650426489704728,47.51912866075015,0.0,2.5472720642299387e-09,2.5472720642299387e-09,0.0,0.0,0.0,0.0,0.8,6.048788154113608e-05,0.0,4.77854264174975e-05,3.128599491330502e-08,0.3,10184194.96,-16.650443461283007
8.45,0,aGDL,-16.650328442674947,47.519102384743704,0.0,2.5777774159708676e-09,2.5777774159708676e-09,0.0,0.0,0.0,0.0,0.8,6.048792200378212e-05,0.0,4.778545838298787e-05,3.1286123872781494e-08,0.3,10184194.96,-16.650345414083016
8.549999999999999,0,aGDL,-16.65023055230438,47.519076108746866,0.0,2.6082827473293945e-09,2.6082827473293945e-09,0.0,0.0,0.0,0.0,0.8,6.048796240178865e-05,0.0,4.7785490297413025e-05,3.1286252626520725e-08,0.3,10184194.96,-16.650247523542056
8.65,0,aGDL,-16.65013281859143,47.51904983275962,0.0,2.6387880583382332e-09,2.6387880583382332e-09,0.0,0.0,0.0,0.0,0.8,6.048800273515628e-05,0.0,4.778552216077346e-05,3.128638117452329e-08,0.3,10184194.96,-16.65014978965856
8.75,0,aGDL,-16.650035241534567,47.519023556781924,0.0,2.669293349030099e-09,2.669293349030099e-09,0.0,0.0,0.0,0.0,0.8,6.048804300388559e-05,0.0,4.778555397306961e-05,3.128650951678967e-08,0.3,10184194.96,-16.650052212430943
8.85,0,aGDL,-16.649937821132198,47.518997280813764,0.0,2.6997986194377043e-09,2.6997986194377043e-09,0.0,0.0,0.0,0.0,0.8,6.048808320797715e-05,0.0,4.7785585734301947e-05,3.1286637653320484e-08,0.3,10184194.96,-16.64995479185764
8.950000000000001,0,aGDL,-16.649840557382674,47.5189710048551,0.0,2.730303869593763e-09,2.730303869593763e-09,0.0,0.0,0.0,0.0,0.8,6.0488123347431635e-05,0.0,4.778561744447098e-05,3.1286765584116384e-08,0.3,10184194.96,-16.649857527937066
9.049999999999999,0,aGDL,-16.649743450284518,47.518944728905915,0.0,2.7608090995309876e-09,2.7608090995309876e-09,0.0,0.0,0.0,0.0,0.8,6.048816342224956e-05,0.0,4.778564910357715e-05,3.128689330917783e-08,0.3,10184194.96,-16.64976042066764
9.149999999999999,0,aGDL,-16.64964649983608,47.51891845296617,0.0,2.7913143092820903e-09,2.7913143092820903e-09,0.0,0.0,0.0,0.0,0.8,6.048820343243158e-05,0.0,4.778568071162095e-05,3.1287020828505505e-08,0.3,10184194.96,-16.64966347004779
9.25,0,aGDL,-16.64954970603577,47.518892177035845,0.0,2.821819498879783e-09,2.821819498879783e-09,0.0,0.0,0.0,0.0,0.8,6.048824337797827e-05,0.0,4.7785712268602826e-05,3.1287148142099996e-08,0.3,10184194.96,-16.64956667607593
9.35,0,aGDL,-16.64945306888211,47.51886590111491,0.0,2.852324668356778e-09,2.852324668356778e-09,0.0,0.0,0.0,0.0,0.8,6.04882832588902e-05,0.0,4.778574377452326e-05,3.128727524996179e-08,0.3,10184194.96,-16.64947003875048
9.45,0,aGDL,-16.649356588373394,47.518839625203334,0.0,2.882829817745785e-09,2.882829817745785e-09,0.0,0.0,0.0,0.0,0.8,6.048832307516801e-05,0.0,4.7785775229382727e-05,3.1287402152091605e-08,0.3,10184194.96,-16.64937355806984
9.549999999999999,0,aGDL,-16.649260264508086,47.51881334930109,0.0,2.9133349470795154e-09,2.9133349470795154e-09,0.0,0.0,0.0,0.0,0.8,6.048836282681228e-05,0.0,4.77858066331817e-05,3.128752884849002e-08,0.3,10184194.96,-16.64927723403244
9.65,0,aGDL,-16.64916409728454,47.518787073408156,0.0,2.943840056390679e-09,2.943840056390679e-09,0.0,0.0,0.0,0.0,0.8,6.0488402513823664e-05,0.0,4.7785837985920696e-05,3.1287655339157645e-08,0.3,10184194.96,-16.64918106663668
9.75,0,aGDL,-16.649068086701277,47.51876079752449,0.0,2.974345145711986e-09,2.974345145711986e-09,0.0,0.0,0.0,0.0,0.8,6.048844213620267e-05,0.0,4.77858692876001e-05,3.1287781624095035e-08,0.3,10184194.96,-16.649085055880978
9.85,0,aGDL,-16.64897223275665,47.51873452165008,0.0,3.004850215076146e-09,3.004850215076146e-09,0.0,0.0,0.0,0.0,0.8,6.048848169394995e-05,0.0,4.778590053822046e-05,3.128790770330282e-08,0.3,10184194.96,-16.648989201763737
9.95,0,aGDL,-16.648876535449062,47.51870824578489,0.0,3.0353552645158665e-09,3.0353552645158665e-09,0.0,0.0,0.0,0.0,0.8,6.048852118706611e-05,0.0,4.778593173778222e-05,3.128803357678165e-08,0.3,10184194.96,-16.64889350428336
10.05,0,aGDL,-16.648780994776928,47.5186819699289,0.0,3.065860294063857e-09,3.065860294063857e-09,0.0,0.0,0.0,0.0,0.8,6.0488560615551744e-05,0.0,4.778596288628588e-05,3.1288159244532175e-08,0.3,10184194.96,-16.648797963438266
10.149999999999999,0,aGDL,-16.648685610738596,47.518655694082064,0.0,3.0963653037528253e-09,3.0963653037528253e-09,0.0,0.0,0.0,0.0,0.8,6.048859997940747e-05,0.0,4.778599398373191e-05,3.1288284706555014e-08,0.3,10184194.96,-16.648702579226843
10.249999999999998,0,aGDL,-16.648590383332532,47.518629418244366,0.0,3.126870293615479e-09,3.126870293615479e-09,0.0,0.0,0.0,0.0,0.8,6.04886392786339e-05,0.0,4.778602503012078e-05,3.128840996285079e-08,0.3,10184194.96,-16.648607351647502
10.35,0,aGDL,-16.648495312557145,47.518603142415785,0.0,3.1573752636845248e-09,3.1573752636845248e-09,0.0,0.0,0.0,0.0,0.8,6.048867851323158e-05,0.0,4.778605602545295e-05,3.1288535013420096e-08,0.3,10184194.96,-16.648512280698643
10.45,0,aGDL,-16.648400398410786,47.51857686659628,0.0,3.18788021399267e-09,3.18788021399267e-09,0.0,0.0,0.0,0.0,0.8,6.0488717683201206e-05,0.0,4.778608696972895e-05,3.128865985826366e-08,0.3,10184194.96,-16.648417366378666
10.549999999999999,0,aGDL,-16.648305640891863,47.51855059078583,0.0,3.218385144572621e-09,3.218385144572621e-09,0.0,0.0,0.0,0.0,0.8,6.048875678854333e-05,0.0,4.778611786294923e-05,3.128878449738211e-08,0.3,10184194.96,-16.648322608685962
10.65,0,aGDL,-16.648211039998785,47.518524314984404,0.0,3.248890055457083e-09,3.248890055457083e-09,0.0,0.0,0.0,0.0,0.8,6.048879582925857e-05,0.0,4.778614870511427e-05,3.128890893077609e-08,0.3,10184194.96,-16.648228007618936
10.75,0,aGDL,-16.64811659572996,47.518498039191975,0.0,3.2793949466787616e-09,3.2793949466787616e-09,0.0,0.0,0.0,0.0,0.8,6.0488834805347544e-05,0.0,4.778617949622455e-05,3.128903315844619e-08,0.3,10184194.96,-16.648133563175968
10.85,0,aGDL,-16.64802230808374,47.51847176340851,0.0,3.3098998182703616e-09,3.3098998182703616e-09,0.0,0.0,0.0,0.0,0.8,6.048887371681084e-05,0.0,4.7786210236280566e-05,3.1289157180393226e-08,0.3,10184194.96,-16.648039275355465
10.95,0,aGDL,-16.64792817705859,47.51844548763399,0.0,3.3404046702645883e-09,3.3404046702645883e-09,0.0,0.0,0.0,0.0,0.8,6.048891256364907e-05,0.0,4.778624092528276e-05,3.1289280996617655e-08,0.3,10184194.96,-16.647945144155813
11.049999999999999,0,aGDL,-16.647834202652803,47.518419211868384,0.0,3.3709095026941448e-09,3.3709095026941448e-09,0.0,0.0,0.0,0.0,0.8,6.048895134586289e-05,0.0,4.778627156323168e-05,3.1289404607120354e-08,0.3,10184194.96,-16.647851169575397
11.15,0,aGDL,-16.647740384864846,47.51839293611167,0.0,3.4014143155917357e-09,3.4014143155917357e-09,0.0,0.0,0.0,0.0,0.8,6.0488990063452846e-05,0.0,4.7786302150127746e-05,3.1289528011901864e-08,0.3,10184194.96,-16.647757351612615
11.249999999999998,0,aGDL,-16.64764672369307,47.5183666603638,0.0,3.4319191089900636e-09,3.4319191089900636e-09,0.0,0.0,0.0,0.0,0.8,6.048902871641961e-05,0.0,4.778633268597149e-05,3.1289651210962935e-08,0.3,10184194.96,-16.647663690265844
11.35,0,aGDL,-16.64755321913583,47.518340384624764,0.0,3.4624238829218315e-09,3.4624238829218315e-09,0.0,0.0,0.0,0.0,0.8,6.048906730476376e-05,0.0,4.778636317076337e-05,3.128977420430426e-08,0.3,10184194.96,-16.64757018553347
11.450000000000001,0,aGDL,-16.647459871191586,47.51831410889453,0.0,3.492928637419742e-09,3.492928637419742e-09,0.0,0.0,0.0,0.0,0.8,6.048910582848593e-05,0.0,4.778639360450388e-05,3.128989699192642e-08,0.3,10184194.96,-16.64747683741388
11.549999999999999,0,aGDL,-16.647366679858635,47.51828783317307,0.0,3.5234333725164964e-09,3.5234333725164964e-09,0.0,0.0,0.0,0.0,0.8,6.048914428758674e-05,0.0,4.778642398719352e-05,3.129001957383027e-08,0.3,10184194.96,-16.64738364590545
11.649999999999999,0,aGDL,-16.647273645135385,47.518261557460356,0.0,3.5539380882447966e-09,3.5539380882447966e-09,0.0,0.0,0.0,0.0,0.8,6.0489182682066776e-05,0.0,4.778645431883275e-05,3.1290141950016424e-08,0.3,10184194.96,-16.647290611006568
11.75,0,aGDL,-16.647180767020302,47.518235281756354,0.0,3.5844427846373437e-09,3.5844427846373437e-09,0.0,0.0,0.0,0.0,0.8,6.048922101192665e-05,0.0,4.778648459942205e-05,3.129026412048551e-08,0.3,10184194.96,-16.647197732715604
11.85,0,aGDL,-16.647088045511623,47.51820900606104,0.0,3.6149474617268384e-09,3.6149474617268384e-09,0.0,0.0,0.0,0.0,0.8,6.048925927716702e-05,0.0,4.7786514828961945e-05,3.1290386085238396e-08,0.3,10184194.96,-16.647105011030945
11.95,0,aGDL,-16.646995480607814,47.51818273037439,0.0,3.645452119545981e-09,3.645452119545981e-09,0.0,0.0,0.0,0.0,0.8,6.048929747778848e-05,0.0,4.778654500745289e-05,3.129050784427567e-08,0.3,10184194.96,-16.647012445950956
12.05,0,aGDL,-16.646903072307225,47.518156454696374,0.0,3.6759567581274705e-09,3.6759567581274705e-09,0.0,0.0,0.0,0.0,0.8,6.048933561379165e-05,0.0,4.7786575134895403e-05,3.129062939759806e-08,0.3,10184194.96,-16.646920037474015
12.15,0,aGDL,-16.64681082060821,47.51813017902696,0.0,3.706461377504007e-09,3.706461377504007e-09,0.0,0.0,0.0,0.0,0.8,6.0489373685177165e-05,0.0,4.778660521128995e-05,3.129075074520637e-08,0.3,10184194.96,-16.646827785598497
12.25,0,aGDL,-16.646718725509174,47.51810390336613,0.0,3.736965977708289e-09,3.736965977708289e-09,0.0,0.0,0.0,0.0,0.8,6.0489411691945606e-05,0.0,4.778663523663703e-05,3.129087188710126e-08,0.3,10184194.96,-16.64673569032277
12.349999999999998,0,aGDL,-16.646626787008415,47.51807762771384,0.0,3.767470558773015e-09,3.767470558773015e-09,0.0,0.0,0.0,0.0,0.8,6.0489449634097644e-05,0.0,4.778666521093713e-05,3.129099282328353e-08,0.3,10184194.96,-16.646643751645204
12.45,0,aGDL,-16.646535005104397,47.518051352070074,0.0,3.797975120730882e-09,3.797975120730882e-09,0.0,0.0,0.0,0.0,0.8,6.0489487511633875e-05,0.0,4.7786695134190755e-05,3.129111355375378e-08,0.3,10184194.96,-16.646551969564165
12.55,0,aGDL,-16.64644337979547,47.5180250764348,0.0,3.82847966361459e-09,3.82847966361459e-09,0.0,0.0,0.0,0.0,0.8,6.0489525324554896e-05,0.0,4.778672500639837e-05,3.1291234078512815e-08,0.3,10184194.96,-16.646460344078015
12.649999999999999,0,aGDL,-16.646351911079933,47.517998800807995,0.0,3.858984187456834e-09,3.858984187456834e-09,0.0,0.0,0.0,0.0,0.8,6.048956307286137e-05,0.0,4.7786754827560475e-05,3.129135439756142e-08,0.3,10184194.96,-16.64636887518513
12.749999999999998,0,aGDL,-16.646260598956246,47.51797252518963,0.0,3.889488692290312e-09,3.889488692290312e-09,0.0,0.0,0.0,0.0,0.8,6.04896007565539e-05,0.0,4.778678459767758e-05,3.1291474510900235e-08,0.3,10184194.96,-16.64627756288386
12.850000000000001,0,aGDL,-16.64616944342265,47.517946249579666,0.0,3.91999317814772e-09,3.91999317814772e-09,0.0,0.0,0.0,0.0,0.8,6.0489638375633106e-05,0.0,4.778681431675016e-05,3.129159441853017e-08,0.3,10184194.96,-16.646186407172575
12.95,0,aGDL,-16.646078444477553,47.51791997397809,0.0,3.950497645061753e-09,3.950497645061753e-09,0.0,0.0,0.0,0.0,0.8,6.048967593009967e-05,0.0,4.778684398477873e-05,3.1291714120451925e-08,0.3,10184194.96,-16.646095408049632
13.049999999999999,0,aGDL,-16.645987602119362,47.51789369838486,0.0,3.981002093065106e-09,3.981002093065106e-09,0.0,0.0,0.0,0.0,0.8,6.048971341995413e-05,0.0,4.778687360176376e-05,3.1291833616666174e-08,0.3,10184194.96,-16.646004565513387
13.149999999999999,0,aGDL,-16.645896916346373,47.51786742279995,0.0,4.011506522190476e-09,4.011506522190476e-09,0.0,0.0,0.0,0.0,0.8,6.0489750845197184e-05,0.0,4.778690316770578e-05,3.1291952907173767e-08,0.3,10184194.96,-16.645913879562197
13.25,0,aGDL,-16.645806387156995,47.51784114722335,0.0,4.0420109324705565e-09,4.0420109324705565e-09,0.0,0.0,0.0,0.0,0.8,6.048978820582942e-05,0.0,4.778693268260524e-05,3.1292071991975464e-08,0.3,10184194.96,-16.64582335019442
13.35,0,aGDL,-16.645716014549578,47.51781487165501,0.0,4.072515323938041e-09,4.072515323938041e-09,0.0,0.0,0.0,0.0,0.8,6.0489825501851456e-05,0.0,4.778696214646265e-05,3.129219087107195e-08,0.3,10184194.96,-16.645732977408407
13.449999999999998,0,aGDL,-16.64562579852236,47.51778859609492,0.0,4.103019696625623e-09,4.103019696625623e-09,0.0,0.0,0.0,0.0,0.8,6.048986273326398e-05,0.0,4.778699155927854e-05,3.129230954446422e-08,0.3,10184194.96,-16.645642761202513
13.549999999999999,0,aGDL,-16.645535739073864,47.517762320543035,0.0,4.133524050565996e-09,4.133524050565996e-09,0.0,0.0,0.0,0.0,0.8,6.0489899900067546e-05,0.0,4.778702092105336e-05,3.129242801215279e-08,0.3,10184194.96,-16.64555270157508
13.65,0,aGDL,-16.645445836202327,47.51773604499933,0.0,4.1640283857918545e-09,4.1640283857918545e-09,0.0,0.0,0.0,0.0,0.8,6.048993700226283e-05,0.0,4.778705023178764e-05,3.129254627413863e-08,0.3,10184194.96,-16.645462798524463
13.749999999999998,0,aGDL,-16.6453560899061,47.51770976946379,0.0,4.194532702335888e-09,4.194532702335888e-09,0.0,0.0,0.0,0.0,0.8,6.0489974039850475e-05,0.0,4.778707949148187e-05,3.129266433042251e-08,0.3,10184194.96,-16.64537305204901
13.85,0,aGDL,-16.64526650018354,47.51768349393638,0.0,4.225037000230791e-09,4.225037000230791e-09,0.0,0.0,0.0,0.0,0.8,6.04900110128311e-05,0.0,4.778710870013656e-05,3.129278218100519e-08,0.3,10184194.96,-16.645283462147063
13.950000000000001,0,aGDL,-16.645177067033046,47.517657218417064,0.0,4.255541279509253e-09,4.255541279509253e-09,0.0,0.0,0.0,0.0,0.8,6.04900479212053e-05,0.0,4.7787137857752186e-05,3.1292899825887443e-08,0.3,10184194.96,-16.645194028816967
14.049999999999999,0,aGDL,-16.645087790452862,47.517630942905825,0.0,4.286045540203965e-09,4.286045540203965e-09,0.0,0.0,0.0,0.0,0.8,6.0490084764973786e-05,0.0,4.7787166964329286e-05,3.129301726507017e-08,0.3,10184194.96,-16.645104752057065
14.149999999999999,0,aGDL,-16.644998670441453,47.51760466740264,0.0,4.316549782347619e-09,4.316549782347619e-09,0.0,0.0,0.0,0.0,0.8,6.0490121544137085e-05,0.0,4.7787196019868294e-05,3.129313449855404e-08,0.3,10184194.96,-16.645015631865697
14.249999999999998,0,aGDL,-16.644909706997055,47.517578391907456,0.0,4.347054005972904e-09,4.347054005972904e-09,0.0,0.0,0.0,0.0,0.8,6.049015825869593e-05,0.0,4.778722502436978e-05,3.1293251526340005e-08,0.3,10184194.96,-16.644926668241204
14.35,0,aGDL,-16.64482090011802,47.51755211642027,0.0,4.377558211112509e-09,4.377558211112509e-09,0.0,0.0,0.0,0.0,0.8,6.049019490865091e-05,0.0,4.778725397783422e-05,3.129336834842888e-08,0.3,10184194.96,-16.64483786118192
14.45,0,aGDL,-16.6447322498027,47.51752584094104,0.0,4.408062397799126e-09,4.408062397799126e-09,0.0,0.0,0.0,0.0,0.8,6.049023149400269e-05,0.0,4.7787282880262124e-05,3.129348496482139e-08,0.3,10184194.96,-16.644749210686186
14.549999999999999,0,aGDL,-16.644643756049447,47.51749956546975,0.0,4.4385665660654415e-09,4.4385665660654415e-09,0.0,0.0,0.0,0.0,0.8,6.049026801475186e-05,0.0,4.778731173165397e-05,3.129360137551844e-08,0.3,10184194.96,-16.644660716752327
14.65,0,aGDL,-16.644555418856612,47.51747329000636,0.0,4.469070715944144e-09,4.469070715944144e-09,0.0,0.0,0.0,0.0,0.8,6.049030447089909e-05,0.0,4.7787340532010266e-05,3.129371758052079e-08,0.3,10184194.96,-16.644572379378687
14.75,0,aGDL,-16.64446723822249,47.51744701455085,0.0,4.4995748474679215e-09,4.4995748474679215e-09,0.0,0.0,0.0,0.0,0.8,6.0490340862445005e-05,0.0,4.7787369281331556e-05,3.129383357982932e-08,0.3,10184194.96,-16.644484198563593
14.849999999999998,0,aGDL,-16.644379214145374,47.51742073910318,0.0,4.530078960669462e-09,4.530078960669462e-09,0.0,0.0,0.0,0.0,0.8,6.049037718939027e-05,0.0,4.778739797961832e-05,3.1293949373444944e-08,0.3,10184194.96,-16.644396174305374
14.95,0,aGDL,-16.644291346623618,47.51739446366334,0.0,4.560583055581453e-09,4.560583055581453e-09,0.0,0.0,0.0,0.0,0.8,6.0490413451735513e-05,0.0,4.7787426626871046e-05,3.1294064961368455e-08,0.3,10184194.96,-16.64430830660236
15.05,0,aGDL,-16.64420363565563,47.51736818823129,0.0,4.59108713223658e-09,4.59108713223658e-09,0.0,0.0,0.0,0.0,0.8,6.0490449649481344e-05,0.0,4.7787455223090263e-05,3.1294180343600596e-08,0.3,10184194.96,-16.64422059545287
15.149999999999999,0,aGDL,-16.644116081239588,47.517341912807005,0.0,4.62159119066753e-09,4.62159119066753e-09,0.0,0.0,0.0,0.0,0.8,6.0490485782628484e-05,0.0,4.77874837682765e-05,3.129429552014244e-08,0.3,10184194.96,-16.64413304085524
15.25,0,aGDL,-16.64402868337396,47.51731563739045,0.0,4.652095230906988e-09,4.652095230906988e-09,0.0,0.0,0.0,0.0,0.8,6.049052185117746e-05,0.0,4.7787512262430196e-05,3.129441049099463e-08,0.3,10184194.96,-16.64404564280779
15.35,0,aGDL,-16.643941442056985,47.51728936198162,0.0,4.682599252987639e-09,4.682599252987639e-09,0.0,0.0,0.0,0.0,0.8,6.049055785512901e-05,0.0,4.7787540705551915e-05,3.129452525615815e-08,0.3,10184194.96,-16.643958401308836
15.45,0,aGDL,-16.64385435728701,47.517263086580456,0.0,4.71310325694217e-09,4.71310325694217e-09,0.0,0.0,0.0,0.0,0.8,6.0490593794483735e-05,0.0,4.778756909764215e-05,3.1294639815633863e-08,0.3,10184194.96,-16.6438713163567
15.549999999999999,0,aGDL,-16.64376742906228,47.517236811186955,0.0,4.743607242803263e-09,4.743607242803263e-09,0.0,0.0,0.0,0.0,0.8,6.0490629669242316e-05,0.0,4.778759743870143e-05,3.1294754169422714e-08,0.3,10184194.96,-16.643784387949708
15.65,0,aGDL,-16.643680657381253,47.51721053580108,0.0,4.774111210603603e-09,4.774111210603603e-09,0.0,0.0,0.0,0.0,0.8,6.049066547940535e-05,0.0,4.778762572873022e-05,3.129486831752536e-08,0.3,10184194.96,-16.643697616086172
15.749999999999996,0,aGDL,-16.64359404224217,47.51718426042279,0.0,4.804615160375872e-09,4.804615160375872e-09,0.0,0.0,0.0,0.0,0.8,6.0490701224973485e-05,0.0,4.778765396772905e-05,3.129498225994281e-08,0.3,10184194.96,-16.64361100076441
15.85,0,aGDL,-16.64350758364327,47.51715798505207,0.0,4.835119092152756e-09,4.835119092152756e-09,0.0,0.0,0.0,0.0,0.8,6.049073690594743e-05,0.0,4.778768215569847e-05,3.1295095996676105e-08,0.3,10184194.96,-16.64352454198273
15.950000000000001,0,aGDL,-16.643421281583016,47.517131709688904,0.0,4.865623005966935e-09,4.865623005966935e-09,0.0,0.0,0.0,0.0,0.8,6.0490772522327756e-05,0.0,4.778771029263892e-05,3.129520952772587e-08,0.3,10184194.96,-16.64343823973945
16.049999999999997,0,aGDL,-16.64333513605959,47.517105434333246,0.0,4.8961269018510925e-09,4.8961269018510925e-09,0.0,0.0,0.0,0.0,0.8,6.049080807411516e-05,0.0,4.778773837855098e-05,3.129532285309318e-08,0.3,10184194.96,-16.643352094032874
16.15,0,aGDL,-16.6432491470714,47.51707915898507,0.0,4.926630779837911e-09,4.926630779837911e-09,0.0,0.0,0.0,0.0,0.8,6.0490843561310273e-05,0.0,4.778776641343511e-05,3.129543597277883e-08,0.3,10184194.96,-16.64326610486132
16.250000000000004,0,aGDL,-16.643163314616686,47.51705288364435,0.0,4.95713463996007e-09,4.95713463996007e-09,0.0,0.0,0.0,0.0,0.8,6.0490878983913736e-05,0.0,4.778779439729185e-05,3.129554888678379e-08,0.3,10184194.96,-16.643180272223088
16.349999999999998,0,aGDL,-16.64307763869374,47.517026608311056,0.0,4.9876384822502495e-09,4.9876384822502495e-09,0.0,0.0,0.0,0.0,0.8,6.049091434192623e-05,0.0,4.7787822330121717e-05,3.129566159510899e-08,0.3,10184194.96,-16.643094596116487
16.45,0,aGDL,-16.64299211930097,47.51700033298517,0.0,5.018142306741133e-09,5.018142306741133e-09,0.0,0.0,0.0,0.0,0.8,6.049094963534838e-05,0.0,4.778785021192522e-05,3.129577409775525e-08,0.3,10184194.96,-16.64300907653983
16.55,0,aGDL,-16.64290675643656,47.51697405766666,0.0,5.048646113465399e-09,5.048646113465399e-09,0.0,0.0,0.0,0.0,0.8,6.0490984864180855e-05,0.0,4.778787804270287e-05,3.12958863947236e-08,0.3,10184194.96,-16.642923713491406
16.65,0,aGDL,-16.64282155009886,47.51694778235549,0.0,5.079149902455727e-09,5.079149902455727e-09,0.0,0.0,0.0,0.0,0.8,6.049102002842428e-05,0.0,4.778790582245518e-05,3.12959984860149e-08,0.3,10184194.96,-16.64283850696952
16.75,0,aGDL,-16.64273650028622,47.516921507051634,0.0,5.1096536737447956e-09,5.1096536737447956e-09,0.0,0.0,0.0,0.0,0.8,6.049105512807932e-05,0.0,4.778793355118266e-05,3.129611037163004e-08,0.3,10184194.96,-16.64275345697248
16.849999999999998,0,aGDL,-16.64265160699682,47.51689523175507,0.0,5.140157427365284e-09,5.140157427365284e-09,0.0,0.0,0.0,0.0,0.8,6.049109016314668e-05,0.0,4.778796122888587e-05,3.129622205157009e-08,0.3,10184194.96,-16.64266856349857
16.95,0,aGDL,-16.642566870229075,47.516868956465764,0.0,5.170661163349871e-09,5.170661163349871e-09,0.0,0.0,0.0,0.0,0.8,6.049112513362694e-05,0.0,4.778798885556528e-05,3.12963335258358e-08,0.3,10184194.96,-16.6425838265461
17.05,0,aGDL,-16.642482289981217,47.5168426811837,0.0,5.201164881731233e-09,5.201164881731233e-09,0.0,0.0,0.0,0.0,0.8,6.049116003952077e-05,0.0,4.778801643122141e-05,3.129644479442828e-08,0.3,10184194.96,-16.642499246113356
17.149999999999995,0,aGDL,-16.642397866251542,47.516816405908834,0.0,5.2316685825420475e-09,5.2316685825420475e-09,0.0,0.0,0.0,0.0,0.8,6.049119488082887e-05,0.0,4.77880439558548e-05,3.129655585734836e-08,0.3,10184194.96,-16.64241482219864
17.25,0,aGDL,-16.642313599038346,47.51679013064115,0.0,5.262172265814993e-09,5.262172265814993e-09,0.0,0.0,0.0,0.0,0.8,6.0491229657551874e-05,0.0,4.778807142946597e-05,3.129666671459711e-08,0.3,10184194.96,-16.642330554800235
17.35,0,aGDL,-16.64222948833998,47.5167638553806,0.0,5.292675931582745e-09,5.292675931582745e-09,0.0,0.0,0.0,0.0,0.8,6.049126436969039e-05,0.0,4.778809885205541e-05,3.129677736617527e-08,0.3,10184194.96,-16.642246443916434
17.449999999999996,0,aGDL,-16.642145534154622,47.51673758012719,0.0,5.323179579877978e-09,5.323179579877978e-09,0.0,0.0,0.0,0.0,0.8,6.0491299017245176e-05,0.0,4.778812622362368e-05,3.129688781208406e-08,0.3,10184194.96,-16.642162489545527
17.55,0,aGDL,-16.642061736480628,47.516711304880864,0.0,5.353683210733369e-09,5.353683210733369e-09,0.0,0.0,0.0,0.0,0.8,6.049133360021682e-05,0.0,4.778815354417128e-05,3.129699805232428e-08,0.3,10184194.96,-16.6420786916858
17.650000000000002,0,aGDL,-16.64197809531629,47.51668502964161,0.0,5.384186824181594e-09,5.384186824181594e-09,0.0,0.0,0.0,0.0,0.8,6.049136811860599e-05,0.0,4.778818081369873e-05,3.129710808689695e-08,0.3,10184194.96,-16.641995050335538
17.749999999999996,0,aGDL,-16.641894610659847,47.516658754409384,0.0,5.414690420255325e-09,5.414690420255325e-09,0.0,0.0,0.0,0.0,0.8,6.049140257241337e-05,0.0,4.778820803220656e-05,3.129721791580304e-08,0.3,10184194.96,-16.64191156549303
17.85,0,aGDL,-16.64181128250965,47.516632479184175,0.0,5.445193998987238e-09,5.445193998987238e-09,0.0,0.0,0.0,0.0,0.8,6.0491436961639575e-05,0.0,4.7788235199695254e-05,3.1297327539043496e-08,0.3,10184194.96,-16.64182823715655
17.95,0,aGDL,-16.64172811086388,47.51660620396594,0.0,5.475697560410008e-09,5.475697560410008e-09,0.0,0.0,0.0,0.0,0.8,6.049147128628534e-05,0.0,4.7788262316165416e-05,3.1297436956619356e-08,0.3,10184194.96,-16.64174506532438
18.049999999999997,0,aGDL,-16.641645095720946,47.516579928754666,0.0,5.5062011045563054e-09,5.5062011045563054e-09,0.0,0.0,0.0,0.0,0.8,6.049150554635127e-05,0.0,4.778828938161749e-05,3.1297546168531526e-08,0.3,10184194.96,-16.641662049994807
18.150000000000002,0,aGDL,-16.641562237078972,47.51655365355031,0.0,5.536704631458804e-09,5.536704631458804e-09,0.0,0.0,0.0,0.0,0.8,6.049153974183806e-05,0.0,4.778831639605206e-05,3.1297655174781125e-08,0.3,10184194.96,-16.6415791911661
18.249999999999996,0,aGDL,-16.641479534936366,47.516527378352855,0.0,5.567208141150177e-09,5.567208141150177e-09,0.0,0.0,0.0,0.0,0.8,6.049157387274634e-05,0.0,4.778834335946961e-05,3.129776397536901e-08,0.3,10184194.96,-16.64149648883654
18.349999999999998,0,aGDL,-16.641396989291366,47.51650110316227,0.0,5.597711633663097e-09,5.597711633663097e-09,0.0,0.0,0.0,0.0,0.8,6.04916079390768e-05,0.0,4.778837027187067e-05,3.129787257029622e-08,0.3,10184194.96,-16.641413943004398
18.450000000000003,0,aGDL,-16.64131460014221,47.51647482797853,0.0,5.628215109030233e-09,5.628215109030233e-09,0.0,0.0,0.0,0.0,0.8,6.0491641940830124e-05,0.0,4.778839713325579e-05,3.1297980959563816e-08,0.3,10184194.96,-16.641331553667953
18.549999999999997,0,aGDL,-16.641232367487135,47.51644855280159,0.0,5.658718567284258e-09,5.658718567284258e-09,0.0,0.0,0.0,0.0,0.8,6.049167587800695e-05,0.0,4.778842394362548e-05,3.129808914317284e-08,0.3,10184194.96,-16.641249320825466
18.65,0,aGDL,-16.64115029132455,47.51642227763145,0.0,5.689222008457843e-09,5.689222008457843e-09,0.0,0.0,0.0,0.0,0.8,6.0491709750607936e-05,0.0,4.7788450702980264e-05,3.1298197121124117e-08,0.3,10184194.96,-16.641167244475216
18.75,0,aGDL,-16.64106837165258,47.516396002468056,0.0,5.719725432583657e-09,5.719725432583657e-09,0.0,0.0,0.0,0.0,0.8,6.0491743558633794e-05,0.0,4.778847741132069e-05,3.1298304893418865e-08,0.3,10184194.96,-16.641085324615464
18.849999999999998,0,aGDL,-16.640986608469575,47.5163697273114,0.0,5.75022883969437e-09,5.75022883969437e-09,0.0,0.0,0.0,0.0,0.8,6.049177730208516e-05,0.0,4.7788504068647266e-05,3.129841246005797e-08,0.3,10184194.96,-16.64100356124448
18.95,0,aGDL,-16.640905001773774,47.51634345216144,0.0,5.780732229822652e-09,5.780732229822652e-09,0.0,0.0,0.0,0.0,0.8,6.04918109809627e-05,0.0,4.7788530674960535e-05,3.1298519821042565e-08,0.3,10184194.96,-16.640921954360532
19.049999999999997,0,aGDL,-16.640823551563415,47.51631717701815,0.0,5.811235603001171e-09,5.811235603001171e-09,0.0,0.0,0.0,0.0,0.8,6.049184459526712e-05,0.0,4.7788557230261015e-05,3.129862697637362e-08,0.3,10184194.96,-16.64084050396188
19.15,0,aGDL,-16.64074225783685,47.51629090188152,0.0,5.841738959262595e-09,5.841738959262595e-09,0.0,0.0,0.0,0.0,0.8,6.049187814499902e-05,0.0,4.778858373454922e-05,3.12987339260521e-08,0.3,10184194.96,-16.640759210046777
19.25,0,aGDL,-16.6406611205922,47.51626462675149,0.0,5.872242298639592e-09,5.872242298639592e-09,0.0,0.0,0.0,0.0,0.8,6.0491911630159166e-05,0.0,4.7788610187825733e-05,3.1298840670079264e-08,0.3,10184194.96,-16.6406780726135
19.349999999999998,0,aGDL,-16.64058013982782,47.51623835162806,0.0,5.902745621164832e-09,5.902745621164832e-09,0.0,0.0,0.0,0.0,0.8,6.049194505074817e-05,0.0,4.778863659009105e-05,3.129894720845597e-08,0.3,10184194.96,-16.640597091660293
19.45,0,aGDL,-16.640499315542,47.516212076511195,0.0,5.93324892687098e-09,5.93324892687098e-09,0.0,0.0,0.0,0.0,0.8,6.0491978406766684e-05,0.0,4.7788662941345676e-05,3.1299053541183235e-08,0.3,10184194.96,-16.640516267185422
19.55,0,aGDL,-16.640418647732872,47.51618580140085,0.0,5.963752215790701e-09,5.963752215790701e-09,0.0,0.0,0.0,0.0,0.8,6.0492011698215445e-05,0.0,4.77886892415902e-05,3.129915966826229e-08,0.3,10184194.96,-16.640435599187136
19.649999999999995,0,aGDL,-16.640338136398782,47.516159526297024,0.0,5.994255487956663e-09,5.994255487956663e-09,0.0,0.0,0.0,0.0,0.8,6.04920449250951e-05,0.0,4.778871549082513e-05,3.129926558969407e-08,0.3,10184194.96,-16.640355087663696
19.75,0,aGDL,-16.64025778153797,47.51613325119967,0.0,6.024758743401533e-09,6.024758743401533e-09,0.0,0.0,0.0,0.0,0.8,6.049207808740632e-05,0.0,4.778874168905099e-05,3.129937130547968e-08,0.3,10184194.96,-16.640274732613346
19.85,0,aGDL,-16.64017758314867,47.516106976108766,0.0,6.055261982157975e-09,6.055261982157975e-09,0.0,0.0,0.0,0.0,0.8,6.049211118514979e-05,0.0,4.7788767836268326e-05,3.129947681562014e-08,0.3,10184194.96,-16.640194534034343
19.949999999999996,0,aGDL,-16.640097541229125,47.51608070102428,0.0,6.085765204258653e-09,6.085765204258653e-09,0.0,0.0,0.0,0.0,0.8,6.049214421832618e-05,0.0,4.7788793932477673e-05,3.1299582120116605e-08,0.3,10184194.96,-16.64011449192493
20.05,0,aGDL,-16.64001765577757,47.516054425946194,0.0,6.116268409736232e-09,6.116268409736232e-09,0.0,0.0,0.0,0.0,0.8,6.049217718693618e-05,0.0,4.778881997767958e-05,3.129968721897011e-08,0.3,10184194.96,-16.64003460628336
20.150000000000002,0,aGDL,-16.6399379267923,47.51602815087447,0.0,6.146771598623376e-09,6.146771598623376e-09,0.0,0.0,0.0,0.0,0.8,6.0492210090980463e-05,0.0,4.778884597187457e-05,3.129979211218173e-08,0.3,10184194.96,-16.63995487710788
20.249999999999996,0,aGDL,-16.639858354271553,47.51600187580908,0.0,6.177274770952748e-09,6.177274770952748e-09,0.0,0.0,0.0,0.0,0.8,6.0492242930459673e-05,0.0,4.7788871915063144e-05,3.12998967997525e-08,0.3,10184194.96,-16.639875304396725
20.35,0,aGDL,-16.63977893821351,47.515975600750004,0.0,6.207777926757012e-09,6.207777926757012e-09,0.0,0.0,0.0,0.0,0.8,6.0492275705374556e-05,0.0,4.7788897807245896e-05,3.130000128168361e-08,0.3,10184194.96,-16.639795888148146
20.45,0,aGDL,-16.639699678616466,47.515949325697214,0.0,6.23828106606883e-09,6.23828106606883e-09,0.0,0.0,0.0,0.0,0.8,6.049230841572576e-05,0.0,4.778892364842335e-05,3.130010555797611e-08,0.3,10184194.96,-16.639716628360382
20.549999999999997,0,aGDL,-16.63962057547866,47.51592305065067,0.0,6.268784188920864e-09,6.268784188920864e-09,0.0,0.0,0.0,0.0,0.8,6.049234106151395e-05,0.0,4.778894943859602e-05,3.130020962863104e-08,0.3,10184194.96,-16.639637525031667
20.650000000000002,0,aGDL,-16.639541628798327,47.51589677561036,0.0,6.299287295345775e-09,6.299287295345775e-09,0.0,0.0,0.0,0.0,0.8,6.049237364273984e-05,0.0,4.778897517776447e-05,3.13003134936496e-08,0.3,10184194.96,-16.639558578160248
20.749999999999996,0,aGDL,-16.639462838573706,47.51587050057624,0.0,6.329790385376226e-09,6.329790385376226e-09,0.0,0.0,0.0,0.0,0.8,6.049240615940407e-05,0.0,4.7789000865929215e-05,3.13004171530328e-08,0.3,10184194.96,-16.639479787744357
20.849999999999998,0,aGDL,-16.63938420480298,47.51584422554829,0.0,6.3602934590448755e-09,6.3602934590448755e-09,0.0,0.0,0.0,0.0,0.8,6.0492438611507374e-05,0.0,4.7789026503090825e-05,3.130052060678188e-08,0.3,10184194.96,-16.63940115378222
20.95,0,aGDL,-16.63930572748444,47.51581795052648,0.0,6.390796516384386e-09,6.390796516384386e-09,0.0,0.0,0.0,0.0,0.8,6.0492470999050406e-05,0.0,4.778905208924982e-05,3.130062385489785e-08,0.3,10184194.96,-16.639322676272087
21.049999999999997,0,aGDL,-16.63922740661627,47.51579167551079,0.0,6.4212995574274164e-09,6.4212995574274164e-09,0.0,0.0,0.0,0.0,0.8,6.049250332203388e-05,0.0,4.7789077624406766e-05,3.130072689738192e-08,0.3,10184194.96,-16.639244355212174
21.15,0,aGDL,-16.639149242196765,47.51576540050119,0.0,6.451802582206626e-09,6.451802582206626e-09,0.0,0.0,0.0,0.0,0.8,6.0492535580458444e-05,0.0,4.778910310856217e-05,3.1300829734235123e-08,0.3,10184194.96,-16.639166190600722
21.25,0,aGDL,-16.639071234224105,47.51573912549764,0.0,6.482305590754674e-09,6.482305590754674e-09,0.0,0.0,0.0,0.0,0.8,6.04925677743248e-05,0.0,4.778912854171659e-05,3.1300932365458633e-08,0.3,10184194.96,-16.639088182435952
21.349999999999998,0,aGDL,-16.638993382696526,47.51571285050012,0.0,6.5128085831042184e-09,6.5128085831042184e-09,0.0,0.0,0.0,0.0,0.8,6.0492599903633655e-05,0.0,4.7789153923870583e-05,3.130103479105361e-08,0.3,10184194.96,-16.639010330716093
21.45,0,aGDL,-16.63891568761227,47.51568657550861,0.0,6.5433115592879176e-09,6.5433115592879176e-09,0.0,0.0,0.0,0.0,0.8,6.049263196838566e-05,0.0,4.778917925502467e-05,3.1301137011021134e-08,0.3,10184194.96,-16.638932635439375
21.549999999999997,0,aGDL,-16.63883814896957,47.515660300523066,0.0,6.573814519338429e-09,6.573814519338429e-09,0.0,0.0,0.0,0.0,0.8,6.0492663968581514e-05,0.0,4.7789204535179395e-05,3.130123902536234e-08,0.3,10184194.96,-16.63885509660401
21.65,0,aGDL,-16.638760766766552,47.51563402554347,0.0,6.604317463288411e-09,6.604317463288411e-09,0.0,0.0,0.0,0.0,0.8,6.0492695904221966e-05,0.0,4.778922976433535e-05,3.130134083407855e-08,0.3,10184194.96,-16.638777714208228
21.75,0,aGDL,-16.63868354100157,47.51560775056979,0.0,6.634820391170519e-09,6.634820391170519e-09,0.0,0.0,0.0,0.0,0.8,6.049272777530761e-05,0.0,4.778925494249302e-05,3.1301442437170663e-08,0.3,10184194.96,-16.63870048825025
21.849999999999998,0,aGDL,-16.638606471672745,47.515581475602005,0.0,6.6653233030174086e-09,6.6653233030174086e-09,0.0,0.0,0.0,0.0,0.8,6.049275958183923e-05,0.0,4.778928006965299e-05,3.130154383464004e-08,0.3,10184194.96,-16.638623418728294
21.95,0,aGDL,-16.638529558778373,47.51555520064008,0.0,6.6958261988617375e-09,6.6958261988617375e-09,0.0,0.0,0.0,0.0,0.8,6.049279132381745e-05,0.0,4.7789305145815774e-05,3.1301645026487714e-08,0.3,10184194.96,-16.638546505640573
22.05,0,aGDL,-16.63845280231658,47.51552892568399,0.0,6.72632907873616e-09,6.72632907873616e-09,0.0,0.0,0.0,0.0,0.8,6.049282300124298e-05,0.0,4.778933017098195e-05,3.130174601271496e-08,0.3,10184194.96,-16.6384697489853
22.149999999999995,0,aGDL,-16.638376202285656,47.5155026507337,0.0,6.75683194267333e-09,6.75683194267333e-09,0.0,0.0,0.0,0.0,0.8,6.0492854614116524e-05,0.0,4.7789355145152056e-05,3.1301846793322835e-08,0.3,10184194.96,-16.638393148760702
22.25,0,aGDL,-16.638299758683786,47.51547637578919,0.0,6.787334790705904e-09,6.787334790705904e-09,0.0,0.0,0.0,0.0,0.8,6.0492886162438795e-05,0.0,4.778938006832664e-05,3.1301947368312594e-08,0.3,10184194.96,-16.63831670496498
22.35,0,aGDL,-16.63822347150915,47.51545010085044,0.0,6.817837622866536e-09,6.817837622866536e-09,0.0,0.0,0.0,0.0,0.8,6.049291764621045e-05,0.0,4.7789404940506256e-05,3.130204773768544e-08,0.3,10184194.96,-16.638240417596347
22.449999999999996,0,aGDL,-16.638147340760042,47.5154238259174,0.0,6.848340439187876e-09,6.848340439187876e-09,0.0,0.0,0.0,0.0,0.8,6.049294906543218e-05,0.0,4.778942976169142e-05,3.130214790144242e-08,0.3,10184194.96,-16.638164286653012
22.55,0,aGDL,-16.63807136643453,47.515397550990066,0.0,6.878843239702582e-09,6.878843239702582e-09,0.0,0.0,0.0,0.0,0.8,6.049298042010475e-05,0.0,4.778945453188275e-05,3.1302247859584924e-08,0.3,10184194.96,-16.638088312133185
22.650000000000002,0,aGDL,-16.637995548530967,47.51537127606839,0.0,6.909346024443304e-09,6.909346024443304e-09,0.0,0.0,0.0,0.0,0.8,6.0493011710228786e-05,0.0,4.778947925108074e-05,3.130234761211397e-08,0.3,10184194.96,-16.638012494035067
22.749999999999996,0,aGDL,-16.637919887047474,47.515345001152355,0.0,6.939848793442693e-09,6.939848793442693e-09,0.0,0.0,0.0,0.0,0.8,6.0493042935805e-05,0.0,4.778950391928595e-05,3.130244715903083e-08,0.3,10184194.96,-16.637936832356864
22.85,0,aGDL,-16.63784438198229,47.51531872624193,0.0,6.970351546733403e-09,6.970351546733403e-09,0.0,0.0,0.0,0.0,0.8,6.0493074096834115e-05,0.0,4.778952853649895e-05,3.13025465003367e-08,0.3,10184194.96,-16.637861327096783
22.95,0,aGDL,-16.637769033333598,47.51529245133709,0.0,7.000854284348084e-09,7.000854284348084e-09,0.0,0.0,0.0,0.0,0.8,6.0493105193316824e-05,0.0,4.778955310272029e-05,3.130264563603281e-08,0.3,10184194.96,-16.637785978253024
23.049999999999997,0,aGDL,-16.637693841099576,47.5152661764378,0.0,7.0313570063193884e-09,7.0313570063193884e-09,0.0,0.0,0.0,0.0,0.8,6.049313622525381e-05,0.0,4.7789577617950506e-05,3.130274456612034e-08,0.3,10184194.96,-16.637710785823785
23.15,0,aGDL,-16.637618805278464,47.515239901544035,0.0,7.061859712679965e-09,7.061859712679965e-09,0.0,0.0,0.0,0.0,0.8,6.0493167192645774e-05,0.0,4.778960208219017e-05,3.130284329060051e-08,0.3,10184194.96,-16.63763574980726
23.25,0,aGDL,-16.637543925868442,47.51521362665577,0.0,7.0923624034624635e-09,7.0923624034624635e-09,0.0,0.0,0.0,0.0,0.8,6.0493198095493444e-05,0.0,4.778962649543982e-05,3.130294180947459e-08,0.3,10184194.96,-16.637560870201646
23.349999999999998,0,aGDL,-16.637469202867635,47.51518735177298,0.0,7.122865078699535e-09,7.122865078699535e-09,0.0,0.0,0.0,0.0,0.8,6.049322893379753e-05,0.0,4.7789650857700044e-05,3.130304012274381e-08,0.3,10184194.96,-16.63748614700514
23.45,0,aGDL,-16.637394636274394,47.51516107689563,0.0,7.153367738423826e-09,7.153367738423826e-09,0.0,0.0,0.0,0.0,0.8,6.049325970755868e-05,0.0,4.778967516897135e-05,3.130313823040926e-08,0.3,10184194.96,-16.63741158021594
23.549999999999997,0,aGDL,-16.637320226086786,47.515134802023695,0.0,7.183870382667987e-09,7.183870382667987e-09,0.0,0.0,0.0,0.0,0.8,6.0493290416777634e-05,0.0,4.7789699429254334e-05,3.1303236132472315e-08,0.3,10184194.96,-16.637337169832232
23.65,0,aGDL,-16.637245972302992,47.515108527157146,0.0,7.214373011464666e-09,7.214373011464666e-09,0.0,0.0,0.0,0.0,0.8,6.049332106145511e-05,0.0,4.778972363854954e-05,3.1303333828934205e-08,0.3,10184194.96,-16.637262915852205
23.75,0,aGDL,-16.637171874921307,47.51508225229596,0.0,7.24487562484651e-09,7.24487562484651e-09,0.0,0.0,0.0,0.0,0.8,6.049335164159177e-05,0.0,4.77897477968575e-05,3.1303431319796086e-08,0.3,10184194.96,-16.63718881827405
23.849999999999998,0,aGDL,-16.637097933939856,47.5150559774401,0.0,7.2753782228461665e-09,7.2753782228461665e-09,0.0,0.0,0.0,0.0,0.8,6.0493382157188366e-05,0.0,4.7789771904178806e-05,3.130352860505925e-08,0.3,10184194.96,-16.637114877095954
23.95,0,aGDL,-16.637024149356762,47.515029702589544,0.0,7.305880805496282e-09,7.305880805496282e-09,0.0,0.0,0.0,0.0,0.8,6.049341260824559e-05,0.0,4.778979596051402e-05,3.1303625684725e-08,0.3,10184194.96,-16.6370410923161
24.05,0,aGDL,-16.63695052117032,47.51500342774426,0.0,7.336383372829503e-09,7.336383372829503e-09,0.0,0.0,0.0,0.0,0.8,6.049344299476415e-05,0.0,4.7789819965863673e-05,3.1303722558794535e-08,0.3,10184194.96,-16.636967463932667
24.15,0,aGDL,-16.636877049378597,47.51497715290423,0.0,7.366885924878476e-09,7.366885924878476e-09,0.0,0.0,0.0,0.0,0.8,6.049347331674474e-05,0.0,4.778984392022835e-05,3.130381922726921e-08,0.3,10184194.96,-16.636893991943843
24.25,0,aGDL,-16.63680373397989,47.51495087806941,0.0,7.397388461675844e-09,7.397388461675844e-09,0.0,0.0,0.0,0.0,0.8,6.04935035741881e-05,0.0,4.778986782360859e-05,3.130391569015012e-08,0.3,10184194.96,-16.63682067634781
24.349999999999998,0,aGDL,-16.63673057497232,47.514924603239784,0.0,7.427890983254255e-09,7.427890983254255e-09,0.0,0.0,0.0,0.0,0.8,6.0493533767094894e-05,0.0,4.7789891676004964e-05,3.1304011947438665e-08,0.3,10184194.96,-16.63674751714274
24.45,0,aGDL,-16.636657572354068,47.51489832841533,0.0,7.458393489646352e-09,7.458393489646352e-09,0.0,0.0,0.0,0.0,0.8,6.049356389546586e-05,0.0,4.7789915477418034e-05,3.130410799913609e-08,0.3,10184194.96,-16.636674514326813
24.55,0,aGDL,-16.636584726123317,47.514872053596,0.0,7.488895980884778e-09,7.488895980884778e-09,0.0,0.0,0.0,0.0,0.8,6.0493593959301724e-05,0.0,4.778993922784836e-05,3.130420384524365e-08,0.3,10184194.96,-16.63660166789821
24.649999999999995,0,aGDL,-16.63651203627819,47.514845778781776,0.0,7.519398457002176e-09,7.519398457002176e-09,0.0,0.0,0.0,0.0,0.8,6.0493623958603195e-05,0.0,4.778996292729652e-05,3.13042994857627e-08,0.3,10184194.96,-16.636528977855097
24.75,0,aGDL,-16.636439502816927,47.51481950397264,0.0,7.549900918031194e-09,7.549900918031194e-09,0.0,0.0,0.0,0.0,0.8,6.049365389337096e-05,0.0,4.778998657576306e-05,3.130439492069446e-08,0.3,10184194.96,-16.636456444195645
24.85,0,aGDL,-16.63636712573765,47.514793229168546,0.0,7.580403364004468e-09,7.580403364004468e-09,0.0,0.0,0.0,0.0,0.8,6.049368376360577e-05,0.0,4.779001017324855e-05,3.130449015004029e-08,0.3,10184194.96,-16.63638406691803
24.949999999999996,0,aGDL,-16.636294905038596,47.514766954369485,0.0,7.610905794954644e-09,7.610905794954644e-09,0.0,0.0,0.0,0.0,0.8,6.049371356930829e-05,0.0,4.779003371975355e-05,3.13045851738014e-08,0.3,10184194.96,-16.63631184602042
25.05,0,aGDL,-16.636222840717892,47.51474067957541,0.0,7.641408210914365e-09,7.641408210914365e-09,0.0,0.0,0.0,0.0,0.8,6.049374331047926e-05,0.0,4.779005721527861e-05,3.130467999197909e-08,0.3,10184194.96,-16.63623978150098
25.150000000000002,0,aGDL,-16.63615093277366,47.51471440478631,0.0,7.671910611916268e-09,7.671910611916268e-09,0.0,0.0,0.0,0.0,0.8,6.049377298711942e-05,0.0,4.779008065982434e-05,3.13047746045748e-08,0.3,10184194.96,-16.63616787335788
25.249999999999996,0,aGDL,-16.63607918120408,47.51468813000214,0.0,7.702412997992998e-09,7.702412997992998e-09,0.0,0.0,0.0,0.0,0.8,6.0493802599229487e-05,0.0,4.77901040533913e-05,3.130486901158978e-08,0.3,10184194.96,-16.636096121589283
25.349999999999998,0,aGDL,-16.636007586007395,47.51466185522289,0.0,7.73291536917719e-09,7.73291536917719e-09,0.0,0.0,0.0,0.0,0.8,6.049383214681012e-05,0.0,4.7790127395979984e-05,3.130496321302525e-08,0.3,10184194.96,-16.636024526193346
25.45,0,aGDL,-16.635936147181724,47.51463558044852,0.0,7.76341772550149e-09,7.76341772550149e-09,0.0,0.0,0.0,0.0,0.8,6.049386162986208e-05,0.0,4.779015068759104e-05,3.130505720888259e-08,0.3,10184194.96,-16.635953087168232
25.549999999999997,0,aGDL,-16.635864864725136,47.51460930567901,0.0,7.793920066998535e-09,7.793920066998535e-09,0.0,0.0,0.0,0.0,0.8,6.04938910483861e-05,0.0,4.779017392822502e-05,3.130515099916325e-08,0.3,10184194.96,-16.635881804512106
25.65,0,aGDL,-16.635793738635925,47.514583030914324,0.0,7.824422393700962e-09,7.824422393700962e-09,0.0,0.0,0.0,0.0,0.8,6.049392040238286e-05,0.0,4.779019711788246e-05,3.1305244583868367e-08,0.3,10184194.96,-16.63581067822312
25.75,0,aGDL,-16.63572276891216,47.514556756154434,0.0,7.854924705641412e-09,7.854924705641412e-09,0.0,0.0,0.0,0.0,0.8,6.0493949691853124e-05,0.0,4.779022025656396e-05,3.130533796299939e-08,0.3,10184194.96,-16.635739708299432
25.849999999999998,0,aGDL,-16.63565195555202,47.51453048139932,0.0,7.885427002852522e-09,7.885427002852522e-09,0.0,0.0,0.0,0.0,0.8,6.049397891679759e-05,0.0,4.779024334427008e-05,3.130543113655763e-08,0.3,10184194.96,-16.635668894739197
25.95,0,aGDL,-16.63558129855369,47.514504206648944,0.0,7.91592928536693e-09,7.91592928536693e-09,0.0,0.0,0.0,0.0,0.8,6.0494008077216956e-05,0.0,4.779026638100139e-05,3.130552410454437e-08,0.3,10184194.96,-16.635598237540567
26.049999999999997,0,aGDL,-16.635510797915288,47.514477931903286,0.0,7.946431553217273e-09,7.946431553217273e-09,0.0,0.0,0.0,0.0,0.8,6.0494037173112e-05,0.0,4.779028936675848e-05,3.1305616866961044e-08,0.3,10184194.96,-16.635527736701693
26.15,0,aGDL,-16.635440453634942,47.51445165716232,0.0,7.976933806436186e-09,7.976933806436186e-09,0.0,0.0,0.0,0.0,0.8,6.049406620448342e-05,0.0,4.7790312301541895e-05,3.1305709423809003e-08,0.3,10184194.96,-16.635457392220726
26.25,0,aGDL,-16.635370265710833,47.51442538242601,0.0,8.007436045056308e-09,8.007436045056308e-09,0.0,0.0,0.0,0.0,0.8,6.049409517133192e-05,0.0,4.779033518535221e-05,3.130580177508957e-08,0.3,10184194.96,-16.635387204095814
26.349999999999998,0,aGDL,-16.635300234141084,47.51439910769434,0.0,8.037938269110274e-09,8.037938269110274e-09,0.0,0.0,0.0,0.0,0.8,6.049412407365825e-05,0.0,4.779035801819001e-05,3.1305893920804115e-08,0.3,10184194.96,-16.6353171723251
26.45,0,aGDL,-16.635230358923877,47.51437283296726,0.0,8.068440478630718e-09,8.068440478630718e-09,0.0,0.0,0.0,0.0,0.8,6.0494152911463114e-05,0.0,4.7790380800055864e-05,3.1305985860953994e-08,0.3,10184194.96,-16.635247296906734
26.55,0,aGDL,-16.635160640057336,47.51434655824477,0.0,8.098942673650276e-09,8.098942673650276e-09,0.0,0.0,0.0,0.0,0.8,6.049418168474727e-05,0.0,4.779040353095035e-05,3.130607759554058e-08,0.3,10184194.96,-16.63517757783885
26.65,0,aGDL,-16.635091077539585,47.514320283526814,0.0,8.129444854201581e-09,8.129444854201581e-09,0.0,0.0,0.0,0.0,0.8,6.049421039351144e-05,0.0,4.7790426210874036e-05,3.13061691245653e-08,0.3,10184194.96,-16.635108015119602
26.75,0,aGDL,-16.635021671368747,47.51429400881339,0.0,8.159947020317268e-09,8.159947020317268e-09,0.0,0.0,0.0,0.0,0.8,6.049423903775634e-05,0.0,4.77904488398275e-05,3.130626044802951e-08,0.3,10184194.96,-16.635038608747124
26.849999999999998,0,aGDL,-16.634952421543062,47.51426773410445,0.0,8.19044917202997e-09,8.19044917202997e-09,0.0,0.0,0.0,0.0,0.8,6.049426761748267e-05,0.0,4.779047141781131e-05,3.130635156593447e-08,0.3,10184194.96,-16.634969358719548
26.95,0,aGDL,-16.63488332806054,47.514241459399976,0.0,8.220951309372321e-09,8.220951309372321e-09,0.0,0.0,0.0,0.0,0.8,6.0494296132691225e-05,0.0,4.779049394482607e-05,3.130644247828177e-08,0.3,10184194.96,-16.63490026503502
27.05,0,aGDL,-16.634814390919416,47.514215184699935,0.0,8.251453432376952e-09,8.251453432376952e-09,0.0,0.0,0.0,0.0,0.8,6.049432458338267e-05,0.0,4.779051642087231e-05,3.130653318507265e-08,0.3,10184194.96,-16.63483132769168
27.149999999999995,0,aGDL,-16.63474561011776,47.51418891000431,0.0,8.281955541076497e-09,8.281955541076497e-09,0.0,0.0,0.0,0.0,0.8,6.049435296955779e-05,0.0,4.7790538845950656e-05,3.1306623686308584e-08,0.3,10184194.96,-16.63476254668764
27.25,0,aGDL,-16.634676985653755,47.514162635313056,0.0,8.312457635503585e-09,8.312457635503585e-09,0.0,0.0,0.0,0.0,0.8,6.049438129121729e-05,0.0,4.7790561220061656e-05,3.130671398199091e-08,0.3,10184194.96,-16.634693922021054
27.35,0,aGDL,-16.634608517525464,47.51413636062616,0.0,8.34295971569085e-09,8.34295971569085e-09,0.0,0.0,0.0,0.0,0.8,6.04944095483619e-05,0.0,4.77905835432059e-05,3.130680407212114e-08,0.3,10184194.96,-16.63462545369004
27.449999999999996,0,aGDL,-16.63454020573107,47.514110085943585,0.0,8.37346178167092e-09,8.37346178167092e-09,0.0,0.0,0.0,0.0,0.8,6.0494437740992346e-05,0.0,4.779060581538395e-05,3.1306893956700625e-08,0.3,10184194.96,-16.63455714169273
27.549999999999997,0,aGDL,-16.63447205026864,47.51408381126531,0.0,8.403963833476428e-09,8.403963833476428e-09,0.0,0.0,0.0,0.0,0.8,6.0494465869109424e-05,0.0,4.7790628036596444e-05,3.130698363573081e-08,0.3,10184194.96,-16.634488986027254
27.650000000000002,0,aGDL,-16.634404051136414,47.5140575365913,0.0,8.434465871140002e-09,8.434465871140002e-09,0.0,0.0,0.0,0.0,0.8,6.049449393271377e-05,0.0,4.779065020684387e-05,3.130707310921301e-08,0.3,10184194.96,-16.63442098669173
27.749999999999996,0,aGDL,-16.6343362083324,47.51403126192154,0.0,8.46496789469427e-09,8.46496789469427e-09,0.0,0.0,0.0,0.0,0.8,6.04945219318062e-05,0.0,4.7790672326126895e-05,3.1307162377148754e-08,0.3,10184194.96,-16.63435314368429
27.849999999999998,0,aGDL,-16.63426852185472,47.51400498725598,0.0,8.495469904171864e-09,8.495469904171864e-09,0.0,0.0,0.0,0.0,0.8,6.0494549866387436e-05,0.0,4.7790694394446066e-05,3.130725143953955e-08,0.3,10184194.96,-16.634285457003052
27.95,0,aGDL,-16.63420099170162,47.513978712594614,0.0,8.525971899605409e-09,8.525971899605409e-09,0.0,0.0,0.0,0.0,0.8,6.049457773645817e-05,0.0,4.779071641180195e-05,3.1307340296386615e-08,0.3,10184194.96,-16.634217926646137
28.049999999999997,0,aGDL,-16.6341336178711,47.5139524379374,0.0,8.556473881027537e-09,8.556473881027537e-09,0.0,0.0,0.0,0.0,0.8,6.049460554201918e-05,0.0,4.7790738378195156e-05,3.1307428947691525e-08,0.3,10184194.96,-16.63415055261166
28.15,0,aGDL,-16.63406640036129,47.51392616328431,0.0,8.586975848470871e-09,8.586975848470871e-09,0.0,0.0,0.0,0.0,0.8,6.049463328307122e-05,0.0,4.779076029362626e-05,3.130751739345575e-08,0.3,10184194.96,-16.634083334897745
28.25,0,aGDL,-16.633999339170373,47.51389988863533,0.0,8.61747780196804e-09,8.61747780196804e-09,0.0,0.0,0.0,0.0,0.8,6.049466095961498e-05,0.0,4.7790782158095834e-05,3.1307605633680635e-08,0.3,10184194.96,-16.634016273502503
28.349999999999998,0,aGDL,-16.633932434296412,47.51387361399042,0.0,8.647979741551672e-09,8.647979741551672e-09,0.0,0.0,0.0,0.0,0.8,6.049468857165123e-05,0.0,4.7790803971604475e-05,3.1307693668367715e-08,0.3,10184194.96,-16.63394936842405
28.45,0,aGDL,-16.633865685737533,47.51384733934955,0.0,8.678481667254391e-09,8.678481667254391e-09,0.0,0.0,0.0,0.0,0.8,6.049471611918071e-05,0.0,4.7790825734152754e-05,3.1307781497518385e-08,0.3,10184194.96,-16.6338826196605
28.549999999999997,0,aGDL,-16.63379909349186,47.5138210647127,0.0,8.708983579108823e-09,8.708983579108823e-09,0.0,0.0,0.0,0.0,0.8,6.049474360220416e-05,0.0,4.779084744574129e-05,3.130786912113416e-08,0.3,10184194.96,-16.63381602720996
28.65,0,aGDL,-16.633732657557402,47.51379479007984,0.0,8.739485477147594e-09,8.739485477147594e-09,0.0,0.0,0.0,0.0,0.8,6.049477102072234e-05,0.0,4.779086910637064e-05,3.130795653921655e-08,0.3,10184194.96,-16.63374959107054
28.75,0,aGDL,-16.633666377932457,47.51376851545094,0.0,8.769987361403329e-09,8.769987361403329e-09,0.0,0.0,0.0,0.0,0.8,6.049479837473594e-05,0.0,4.7790890716041385e-05,3.130804375176684e-08,0.3,10184194.96,-16.63368331124035
28.849999999999998,0,aGDL,-16.63360025461492,47.51374224082597,0.0,8.800489231908649e-09,8.800489231908649e-09,0.0,0.0,0.0,0.0,0.8,6.049482566424578e-05,0.0,4.779091227475416e-05,3.130813075878676e-08,0.3,10184194.96,-16.63361718771749
28.95,0,aGDL,-16.633534287603084,47.51371596620491,0.0,8.83099108869618e-09,8.83099108869618e-09,0.0,0.0,0.0,0.0,0.8,6.0494852889252537e-05,0.0,4.77909337825095e-05,3.130821756027754e-08,0.3,10184194.96,-16.633551220500078
29.05,0,aGDL,-16.633468476894905,47.51368969158773,0.0,8.861492931798547e-09,8.861492931798547e-09,0.0,0.0,0.0,0.0,0.8,6.049488004975701e-05,0.0,4.7790955239308025e-05,3.130830415624089e-08,0.3,10184194.96,-16.633485409586196
29.15,0,aGDL,-16.633402822488563,47.51366341697439,0.0,8.89199476124837e-09,8.89199476124837e-09,0.0,0.0,0.0,0.0,0.8,6.0494907145759905e-05,0.0,4.779097664515031e-05,3.1308390546678145e-08,0.3,10184194.96,-16.633419754973964
29.25,0,aGDL,-16.633337324382126,47.51363714236488,0.0,8.922496577078273e-09,8.922496577078273e-09,0.0,0.0,0.0,0.0,0.8,6.0494934177261975e-05,0.0,4.779099800003696e-05,3.130847673159085e-08,0.3,10184194.96,-16.633354256661473
29.349999999999998,0,aGDL,-16.633271982573717,47.513610867759155,0.0,8.952998379320875e-09,8.952998379320875e-09,0.0,0.0,0.0,0.0,0.8,6.049496114426399e-05,0.0,4.779101930396855e-05,3.130856271098052e-08,0.3,10184194.96,-16.633288914646823
29.45,0,aGDL,-16.63320679706146,47.5135845931572,0.0,8.983500168008802e-09,8.983500168008802e-09,0.0,0.0,0.0,0.0,0.8,6.049498804676667e-05,0.0,4.7791040556945664e-05,3.130864848484857e-08,0.3,10184194.96,-16.6332237289281
29.55,0,aGDL,-16.63314176784337,47.51355831855898,0.0,9.014001943174672e-09,9.014001943174672e-09,0.0,0.0,0.0,0.0,0.8,6.049501488477078e-05,0.0,4.779106175896892e-05,3.130873405319664e-08,0.3,10184194.96,-16.633158699503415
29.65,0,aGDL,-16.633076894917565,47.513532043964474,0.0,9.044503704851106e-09,9.044503704851106e-09,0.0,0.0,0.0,0.0,0.8,6.0495041658277105e-05,0.0,4.7791082910038905e-05,3.130881941602615e-08,0.3,10184194.96,-16.63309382637085
29.749999999999996,0,aGDL,-16.633012178282172,47.513505769373644,0.0,9.075005453070725e-09,9.075005453070725e-09,0.0,0.0,0.0,0.0,0.8,6.0495068367286336e-05,0.0,4.77911040101562e-05,3.1308904573338664e-08,0.3,10184194.96,-16.6330291095285
29.85,0,aGDL,-16.632947617935258,47.51347949478647,0.0,9.105507187866148e-09,9.105507187866148e-09,0.0,0.0,0.0,0.0,0.8,6.049509501179926e-05,0.0,4.779112505932141e-05,3.130898952513568e-08,0.3,10184194.96,-16.632964548974456
29.949999999999996,0,aGDL,-16.63288321387489,47.513453220202926,0.0,9.136008909269993e-09,9.136008909269993e-09,0.0,0.0,0.0,0.0,0.8,6.0495121591816615e-05,0.0,4.779114605753512e-05,3.130907427141875e-08,0.3,10184194.96,-16.6329001447068
30.049999999999997,0,aGDL,-16.63281896609925,47.513426945622975,0.0,9.166510617314879e-09,9.166510617314879e-09,0.0,0.0,0.0,0.0,0.8,6.049514810733914e-05,0.0,4.779116700479793e-05,3.130915881218926e-08,0.3,10184194.96,-16.632835896723623
30.150000000000002,0,aGDL,-16.63275487460629,47.51340067104659,0.0,9.197012312033425e-09,9.197012312033425e-09,0.0,0.0,0.0,0.0,0.8,6.049517455836764e-05,0.0,4.7791187901110426e-05,3.130924314744894e-08,0.3,10184194.96,-16.632771805023012
30.249999999999996,0,aGDL,-16.632690939394138,47.51337439647375,0.0,9.227513993458248e-09,9.227513993458248e-09,0.0,0.0,0.0,0.0,0.8,6.049520094490282e-05,0.0,4.779120874647323e-05,3.130932727719932e-08,0.3,10184194.96,-16.632707869603042
30.349999999999998,0,aGDL,-16.632627160460913,47.51334812190443,0.0,9.258015661621965e-09,9.258015661621965e-09,0.0,0.0,0.0,0.0,0.8,6.0495227266945466e-05,0.0,4.779122954088692e-05,3.130941120144181e-08,0.3,10184194.96,-16.632644090461802
30.450000000000003,0,aGDL,-16.632563537804685,47.51332184733859,0.0,9.288517316557194e-09,9.288517316557194e-09,0.0,0.0,0.0,0.0,0.8,6.049525352449632e-05,0.0,4.7791250284352085e-05,3.130949492017802e-08,0.3,10184194.96,-16.63258046759737
30.549999999999997,0,aGDL,-16.632500071423465,47.51329557277621,0.0,9.31901895829655e-09,9.31901895829655e-09,0.0,0.0,0.0,0.0,0.8,6.049527971755615e-05,0.0,4.779127097686936e-05,3.1309578433409585e-08,0.3,10184194.96,-16.632517001007827
30.65,0,aGDL,-16.632436761315432,47.51326929821726,0.0,9.34952058687265e-09,9.34952058687265e-09,0.0,0.0,0.0,0.0,0.8,6.049530584612569e-05,0.0,4.779129161843929e-05,3.1309661741137935e-08,0.3,10184194.96,-16.63245369069124
30.750000000000004,0,aGDL,-16.6323736074786,47.51324302366171,0.0,9.380022202318108e-09,9.380022202318108e-09,0.0,0.0,0.0,0.0,0.8,6.049533191020571e-05,0.0,4.7791312209062514e-05,3.1309744843364664e-08,0.3,10184194.96,-16.632390536645694
30.849999999999998,0,aGDL,-16.632310609911087,47.51321674910953,0.0,9.41052380466554e-09,9.41052380466554e-09,0.0,0.0,0.0,0.0,0.8,6.049535790979698e-05,0.0,4.779133274873961e-05,3.130982774009136e-08,0.3,10184194.96,-16.63232753886926
30.95,0,aGDL,-16.63224776861091,47.51319047456071,0.0,9.44102539394756e-09,9.44102539394756e-09,0.0,0.0,0.0,0.0,0.8,6.049538384490025e-05,0.0,4.77913532374712e-05,3.1309910431319604e-08,0.3,10184194.96,-16.632264697360004
31.049999999999997,0,aGDL,-16.632185083576132,47.5131642000152,0.0,9.471526970196784e-09,9.471526970196784e-09,0.0,0.0,0.0,0.0,0.8,6.0495409715516305e-05,0.0,4.779137367525788e-05,3.1309992917051e-08,0.3,10184194.96,-16.632202012116
31.15,0,aGDL,-16.63212255480488,47.513137925472975,0.0,9.50202853344582e-09,9.50202853344582e-09,0.0,0.0,0.0,0.0,0.8,6.0495435521645884e-05,0.0,4.779139406210024e-05,3.1310075197287044e-08,0.3,10184194.96,-16.63213948313532
31.25,0,aGDL,-16.63206018229522,47.51311165093402,0.0,9.532530083727287e-09,9.532530083727287e-09,0.0,0.0,0.0,0.0,0.8,6.0495461263289726e-05,0.0,4.7791414397998884e-05,3.131015727202933e-08,0.3,10184194.96,-16.63207711041602
31.35,0,aGDL,-16.631997966045162,47.513085376398294,0.0,9.563031621073794e-09,9.563031621073794e-09,0.0,0.0,0.0,0.0,0.8,6.049548694044864e-05,0.0,4.7791434682954416e-05,3.131023914127951e-08,0.3,10184194.96,-16.632014893956182
31.45,0,aGDL,-16.631935906052774,47.51305910186578,0.0,9.593533145517954e-09,9.593533145517954e-09,0.0,0.0,0.0,0.0,0.8,6.049551255312335e-05,0.0,4.779145491696745e-05,3.131032080503919e-08,0.3,10184194.96,-16.631952833753854
31.549999999999994,0,aGDL,-16.63187400231618,47.513032827336446,0.0,9.624034657092378e-09,9.624034657092378e-09,0.0,0.0,0.0,0.0,0.8,6.049553810131466e-05,0.0,4.779147510003858e-05,3.13104022633099e-08,0.3,10184194.96,-16.631890929807103
31.65,0,aGDL,-16.63181225483339,47.51300655281026,0.0,9.654536155829679e-09,9.654536155829679e-09,0.0,0.0,0.0,0.0,0.8,6.0495563585023305e-05,0.0,4.779149523216841e-05,3.1310483516093256e-08,0.3,10184194.96,-16.631829182113993
31.75,0,aGDL,-16.631750663602475,47.512980278287195,0.0,9.685037641762467e-09,9.685037641762467e-09,0.0,0.0,0.0,0.0,0.8,6.049558900425008e-05,0.0,4.779151531335757e-05,3.1310564563390904e-08,0.3,10184194.96,-16.63176759067258
31.85,0,aGDL,-16.631689228621497,47.51295400376723,0.0,9.715539114923352e-09,9.715539114923352e-09,0.0,0.0,0.0,0.0,0.8,6.04956143589957e-05,0.0,4.7791535343606607e-05,3.131064540520442e-08,0.3,10184194.96,-16.63170615548092
31.949999999999996,0,aGDL,-16.63162794988847,47.51292772925032,0.0,9.746040575344942e-09,9.746040575344942e-09,0.0,0.0,0.0,0.0,0.8,6.049563964926102e-05,0.0,4.77915553229162e-05,3.1310726041535445e-08,0.3,10184194.96,-16.63164487653707
32.05,0,aGDL,-16.631566827401514,47.51290145473646,0.0,9.77654202305985e-09,9.77654202305985e-09,0.0,0.0,0.0,0.0,0.8,6.049566487504672e-05,0.0,4.77915752512869e-05,3.13108064723856e-08,0.3,10184194.96,-16.63158375383908
32.15,0,aGDL,-16.631505861158644,47.512875180225606,0.0,9.80704345810068e-09,9.80704345810068e-09,0.0,0.0,0.0,0.0,0.8,6.0495690036353614e-05,0.0,4.779159512871935e-05,3.1310886697756504e-08,0.3,10184194.96,-16.631522787385006
32.25,0,aGDL,-16.631445051157925,47.51284890571774,0.0,9.837544880500045e-09,9.837544880500045e-09,0.0,0.0,0.0,0.0,0.8,6.049571513318245e-05,0.0,4.7791614955214135e-05,3.1310966717649734e-08,0.3,10184194.96,-16.631461977172897
32.35,0,aGDL,-16.63138439739737,47.51282263121282,0.0,9.86804629029055e-09,9.86804629029055e-09,0.0,0.0,0.0,0.0,0.8,6.049574016553403e-05,0.0,4.779163473077188e-05,3.131104653206705e-08,0.3,10184194.96,-16.631401323200805
32.45,0,aGDL,-16.6313238998751,47.51279635671084,0.0,9.898547687504803e-09,9.898547687504803e-09,0.0,0.0,0.0,0.0,0.8,6.049576513340909e-05,0.0,4.7791654455393176e-05,3.131112614100995e-08,0.3,10184194.96,-16.631340825466765
32.55,0,aGDL,-16.63126355858907,47.512770082211745,0.0,9.929049072175411e-09,9.929049072175411e-09,0.0,0.0,0.0,0.0,0.8,6.049579003680845e-05,0.0,4.779167412907868e-05,3.1311205544480194e-08,0.3,10184194.96,-16.63128048396884
32.64999999999999,0,aGDL,-16.631203373537403,47.51274380771553,0.0,9.95955044433498e-09,9.95955044433498e-09,0.0,0.0,0.0,0.0,0.8,6.0495814875732825e-05,0.0,4.779169375182894e-05,3.131128474247932e-08,0.3,10184194.96,-16.63122029870506
32.75,0,aGDL,-16.631143344718055,47.51271753322216,0.0,9.990051804016118e-09,9.990051804016118e-09,0.0,0.0,0.0,0.0,0.8,6.049583965018305e-05,0.0,4.779171332364461e-05,3.131136373500915e-08,0.3,10184194.96,-16.631160269673472
32.85,0,aGDL,-16.63108347212915,47.5126912587316,0.0,1.0020553151251428e-08,1.0020553151251428e-08,0.0,0.0,0.0,0.0,0.8,6.0495864360159845e-05,0.0,4.779173284452628e-05,3.131144252207118e-08,0.3,10184194.96,-16.631100396872117
32.95,0,aGDL,-16.631023755768695,47.512664984243834,0.0,1.0051054486073517e-08,1.0051054486073517e-08,0.0,0.0,0.0,0.0,0.8,6.0495889005664e-05,0.0,4.7791752314474555e-05,3.1311521103667104e-08,0.3,10184194.96,-16.631040680299037
33.05,0,aGDL,-16.63096419563476,47.512638709758825,0.0,1.0081555808514987e-08,1.0081555808514987e-08,0.0,0.0,0.0,0.0,0.8,6.049591358669631e-05,0.0,4.779177173349008e-05,3.131159947979861e-08,0.3,10184194.96,-16.630981119952263
33.15,0,aGDL,-16.6309047917253,47.512612435276544,0.0,1.0112057118608445e-08,1.0112057118608445e-08,0.0,0.0,0.0,0.0,0.8,6.0495938103257547e-05,0.0,4.7791791101573454e-05,3.131167765046741e-08,0.3,10184194.96,-16.63092171582984
33.24999999999999,0,aGDL,-16.63084554403838,47.51258616079697,0.0,1.0142558416386494e-08,1.0142558416386494e-08,0.0,0.0,0.0,0.0,0.8,6.049596255534849e-05,0.0,4.779181041872531e-05,3.1311755615675196e-08,0.3,10184194.96,-16.630862467929788
33.349999999999994,0,aGDL,-16.630786452572124,47.51255988632007,0.0,1.0173059701881735e-08,1.0173059701881735e-08,0.0,0.0,0.0,0.0,0.8,6.049598694296988e-05,0.0,4.77918296849462e-05,3.131183337542345e-08,0.3,10184194.96,-16.630803376250153
33.45,0,aGDL,-16.63072751732443,47.51253361184582,0.0,1.0203560975126774e-08,1.0203560975126774e-08,0.0,0.0,0.0,0.0,0.8,6.049601126612254e-05,0.0,4.779184890023681e-05,3.13119109297141e-08,0.3,10184194.96,-16.630744440788952
33.550000000000004,0,aGDL,-16.630668738293423,47.51250733737419,0.0,1.023406223615421e-08,1.023406223615421e-08,0.0,0.0,0.0,0.0,0.8,6.049603552480723e-05,0.0,4.779186806459771e-05,3.13119882785487e-08,0.3,10184194.96,-16.630685661544227
33.65,0,aGDL,-16.630610115477054,47.512481062905145,0.0,1.0264563484996645e-08,1.0264563484996645e-08,0.0,0.0,0.0,0.0,0.8,6.0496059719024754e-05,0.0,4.779188717802955e-05,3.131206542192903e-08,0.3,10184194.96,-16.630627038514
33.75,0,aGDL,-16.630551648873393,47.512454788438674,0.0,1.0295064721686685e-08,1.0295064721686685e-08,0.0,0.0,0.0,0.0,0.8,6.0496083848775875e-05,0.0,4.7791906240532944e-05,3.131214235985672e-08,0.3,10184194.96,-16.630568571696294
33.849999999999994,0,aGDL,-16.63049333848045,47.51242851397473,0.0,1.0325565946256924e-08,1.0325565946256924e-08,0.0,0.0,0.0,0.0,0.8,6.04961079140614e-05,0.0,4.77919252521085e-05,3.131221909233352e-08,0.3,10184194.96,-16.63051026108914
33.949999999999996,0,aGDL,-16.63043518429629,47.51240223951331,0.0,1.0356067158739966e-08,1.0356067158739966e-08,0.0,0.0,0.0,0.0,0.8,6.0496131914882045e-05,0.0,4.7791944212756813e-05,3.1312295619361067e-08,0.3,10184194.96,-16.63045210669055
34.050000000000004,0,aGDL,-16.630377186318867,47.51237596505435,0.0,1.0386568359168412e-08,1.0386568359168412e-08,0.0,0.0,0.0,0.0,0.8,6.049615585123866e-05,0.0,4.779196312247854e-05,3.131237194094117e-08,0.3,10184194.96,-16.630394108498557
34.15,0,aGDL,-16.63031934454625,47.51234969059786,0.0,1.0417069547574858e-08,1.0417069547574858e-08,0.0,0.0,0.0,0.0,0.8,6.049617972313199e-05,0.0,4.779198198127427e-05,3.1312448057075475e-08,0.3,10184194.96,-16.63033626651117
34.25,0,aGDL,-16.63026165897645,47.512323416143786,0.0,1.0447570723991906e-08,1.0447570723991906e-08,0.0,0.0,0.0,0.0,0.8,6.0496203530562865e-05,0.0,4.779200078914466e-05,3.131252396776571e-08,0.3,10184194.96,-16.63027858072641
34.349999999999994,0,aGDL,-16.630204129607478,47.51229714169211,0.0,1.0478071888452153e-08,1.0478071888452153e-08,0.0,0.0,0.0,0.0,0.8,6.049622727353203e-05,0.0,4.77920195460903e-05,3.1312599673013613e-08,0.3,10184194.96,-16.630221051142296
34.449999999999996,0,aGDL,-16.63014675643734,47.5122708672428,0.0,1.0508573040988195e-08,1.0508573040988195e-08,0.0,0.0,0.0,0.0,0.8,6.04962509520403e-05,0.0,4.779203825211183e-05,3.131267517282093e-08,0.3,10184194.96,-16.630163677756837
34.55,0,aGDL,-16.630089539463995,47.51224459279583,0.0,1.0539074181632635e-08,1.0539074181632635e-08,0.0,0.0,0.0,0.0,0.8,6.0496274566088444e-05,0.0,4.7792056907209873e-05,3.1312750467189436e-08,0.3,10184194.96,-16.63010646056805
34.65,0,aGDL,-16.630032478685564,47.51221831835118,0.0,1.0569575310418064e-08,1.0569575310418064e-08,0.0,0.0,0.0,0.0,0.8,6.049629811567724e-05,0.0,4.7792075511385026e-05,3.1312825556120796e-08,0.3,10184194.96,-16.63004939957395
34.75,0,aGDL,-16.6299755741,47.51219204390881,0.0,1.0600076427377081e-08,1.0600076427377081e-08,0.0,0.0,0.0,0.0,0.8,6.049632160080752e-05,0.0,4.7792094064637934e-05,3.1312900439616755e-08,0.3,10184194.96,-16.62999249477253
34.85,0,aGDL,-16.629918825705317,47.512165769468695,0.0,1.0630577532542283e-08,1.0630577532542283e-08,0.0,0.0,0.0,0.0,0.8,6.049634502148003e-05,0.0,4.779211256696923e-05,3.13129751176791e-08,0.3,10184194.96,-16.629935746161816
34.949999999999996,0,aGDL,-16.629862233499466,47.512139495030816,0.0,1.0661078625946264e-08,1.0661078625946264e-08,0.0,0.0,0.0,0.0,0.8,6.049636837769561e-05,0.0,4.779213101837952e-05,3.131304959030961e-08,0.3,10184194.96,-16.6298791537398
35.05,0,aGDL,-16.62980579748057,47.51211322059513,0.0,1.069157970762162e-08,1.069157970762162e-08,0.0,0.0,0.0,0.0,0.8,6.049639166945497e-05,0.0,4.779214941886943e-05,3.1313123857509964e-08,0.3,10184194.96,-16.629822717504492
35.15,0,aGDL,-16.62974951764653,47.512086946161624,0.0,1.0722080777600946e-08,1.0722080777600946e-08,0.0,0.0,0.0,0.0,0.8,6.0496414896758996e-05,0.0,4.779216776843961e-05,3.131319791928199e-08,0.3,10184194.96,-16.6297664374539
35.25,0,aGDL,-16.629693393995353,47.51206067173026,0.0,1.0752581835916835e-08,1.0752581835916835e-08,0.0,0.0,0.0,0.0,0.8,6.049643805960843e-05,0.0,4.7792186067090655e-05,3.1313271775627455e-08,0.3,10184194.96,-16.629710313586013
35.35,0,aGDL,-16.629637426525107,47.51203439730101,0.0,1.0783082882601882e-08,1.0783082882601882e-08,0.0,0.0,0.0,0.0,0.8,6.049646115800407e-05,0.0,4.7792204314823204e-05,3.131334542654808e-08,0.3,10184194.96,-16.629654345898842
35.449999999999996,0,aGDL,-16.629581615233747,47.51200812287385,0.0,1.0813583917688678e-08,1.0813583917688678e-08,0.0,0.0,0.0,0.0,0.8,6.04964841919467e-05,0.0,4.779222251163789e-05,3.131341887204568e-08,0.3,10184194.96,-16.62959853439038
35.55,0,aGDL,-16.62952596011928,47.511981848448755,0.0,1.0844084941209819e-08,1.0844084941209819e-08,0.0,0.0,0.0,0.0,0.8,6.049650716143713e-05,0.0,4.779224065753533e-05,3.1313492112122005e-08,0.3,10184194.96,-16.629542879058622
35.65,0,aGDL,-16.629470461179665,47.5119555740257,0.0,1.0874585953197894e-08,1.0874585953197894e-08,0.0,0.0,0.0,0.0,0.8,6.049653006647618e-05,0.0,4.779225875251617e-05,3.1313565146778947e-08,0.3,10184194.96,-16.629487379901562
35.75,0,aGDL,-16.629415118412908,47.51192929960464,0.0,1.0905086953685498e-08,1.0905086953685498e-08,0.0,0.0,0.0,0.0,0.8,6.0496552907064606e-05,0.0,4.7792276796581037e-05,3.1313637976018196e-08,0.3,10184194.96,-16.629432036917194
35.849999999999994,0,aGDL,-16.629359931817078,47.51190302518556,0.0,1.0935587942705218e-08,1.0935587942705218e-08,0.0,0.0,0.0,0.0,0.8,6.049657568320322e-05,0.0,4.779229478973054e-05,3.131371059984146e-08,0.3,10184194.96,-16.629376850103508
35.95,0,aGDL,-16.629304901390014,47.51187675076843,0.0,1.0966088920289649e-08,1.0966088920289649e-08,0.0,0.0,0.0,0.0,0.8,6.049659839489285e-05,0.0,4.7792312731965343e-05,3.1313783018250786e-08,0.3,10184194.96,-16.629321819458497
36.05,0,aGDL,-16.629250027129842,47.511850476353224,0.0,1.099658988647138e-08,1.099658988647138e-08,0.0,0.0,0.0,0.0,0.8,6.049662104213425e-05,0.0,4.779233062328605e-05,3.131385523124779e-08,0.3,10184194.96,-16.62926694498014
36.15,0,aGDL,-16.629195309034515,47.51182420193991,0.0,1.1027090841283e-08,1.1027090841283e-08,0.0,0.0,0.0,0.0,0.8,6.049664362492822e-05,0.0,4.77923484636933e-05,3.131392723883428e-08,0.3,10184194.96,-16.629212226666432
36.25,0,aGDL,-16.629140747101985,47.51179792752846,0.0,1.10575917847571e-08,1.10575917847571e-08,0.0,0.0,0.0,0.0,0.8,6.04966661432756e-05,0.0,4.779236625318772e-05,3.1313999041012146e-08,0.3,10184194.96,-16.62915766451535
36.35,0,aGDL,-16.629086341330208,47.511771653118856,0.0,1.1088092716926267e-08,1.1088092716926267e-08,0.0,0.0,0.0,0.0,0.8,6.04966885971772e-05,0.0,4.779238399176999e-05,3.131407063778322e-08,0.3,10184194.96,-16.62910325852489
36.449999999999996,0,aGDL,-16.62903209171725,47.511745378711055,0.0,1.111859363782309e-08,1.111859363782309e-08,0.0,0.0,0.0,0.0,0.8,6.049671098663376e-05,0.0,4.7792401679440665e-05,3.1314142029149227e-08,0.3,10184194.96,-16.629049008693016
36.55,0,aGDL,-16.628977998261007,47.51171910430504,0.0,1.1149094547480157e-08,1.1149094547480157e-08,0.0,0.0,0.0,0.0,0.8,6.0496733311646125e-05,0.0,4.7792419316200434e-05,3.131421321511213e-08,0.3,10184194.96,-16.62899491501772
36.65,0,aGDL,-16.62892406095949,47.511692829900774,0.0,1.1179595445930057e-08,1.1179595445930057e-08,0.0,0.0,0.0,0.0,0.8,6.0496755572215096e-05,0.0,4.779243690204992e-05,3.131428419567366e-08,0.3,10184194.96,-16.628940977496974
36.75,0,aGDL,-16.628870279810712,47.51166655549824,0.0,1.1210096333205376e-08,1.1210096333205376e-08,0.0,0.0,0.0,0.0,0.8,6.049677776834149e-05,0.0,4.7792454436989774e-05,3.131435497083565e-08,0.3,10184194.96,-16.628887196128755
36.85,0,aGDL,-16.628816654812624,47.51164028109741,0.0,1.1240597209338699e-08,1.1240597209338699e-08,0.0,0.0,0.0,0.0,0.8,6.0496799900026056e-05,0.0,4.7792471921020585e-05,3.131442554059996e-08,0.3,10184194.96,-16.628833570911038
36.949999999999996,0,aGDL,-16.62876318596318,47.51161400669824,0.0,1.1271098074362614e-08,1.1271098074362614e-08,0.0,0.0,0.0,0.0,0.8,6.049682196726965e-05,0.0,4.779248935414303e-05,3.131449590496847e-08,0.3,10184194.96,-16.628780101841798
37.05,0,aGDL,-16.628709873260334,47.51158773230071,0.0,1.1301598928309708e-08,1.1301598928309708e-08,0.0,0.0,0.0,0.0,0.8,6.04968439700731e-05,0.0,4.779250673635775e-05,3.131456606394304e-08,0.3,10184194.96,-16.628726788919
37.14999999999999,0,aGDL,-16.628656716702096,47.511561457904804,0.0,1.1332099771212562e-08,1.1332099771212562e-08,0.0,0.0,0.0,0.0,0.8,6.049686590843717e-05,0.0,4.779252406766537e-05,3.1314636017525465e-08,0.3,10184194.96,-16.628673632140615
37.25,0,aGDL,-16.628603716286477,47.51153518351048,0.0,1.1362600603103763e-08,1.1362600603103763e-08,0.0,0.0,0.0,0.0,0.8,6.049688778236267e-05,0.0,4.7792541348066505e-05,3.131470576571754e-08,0.3,10184194.96,-16.628620631504614
37.35,0,aGDL,-16.628550872011317,47.511508909117715,0.0,1.1393101424015896e-08,1.1393101424015896e-08,0.0,0.0,0.0,0.0,0.8,6.049690959185043e-05,0.0,4.7792558577561835e-05,3.131477530852134e-08,0.3,10184194.96,-16.628567787008965
37.45,0,aGDL,-16.628498183874683,47.511482634726484,0.0,1.1423602233981542e-08,1.1423602233981542e-08,0.0,0.0,0.0,0.0,0.8,6.049693133690125e-05,0.0,4.779257575615198e-05,3.131484464593855e-08,0.3,10184194.96,-16.62851509865163
37.55,0,aGDL,-16.628445651874472,47.51145636033676,0.0,1.1454103033033285e-08,1.1454103033033285e-08,0.0,0.0,0.0,0.0,0.8,6.049695301751594e-05,0.0,4.77925928838376e-05,3.1314913777971176e-08,0.3,10184194.96,-16.628462566430564
37.65,0,aGDL,-16.62839327600875,47.511430085948504,0.0,1.148460382120371e-08,1.148460382120371e-08,0.0,0.0,0.0,0.0,0.8,6.0496974633695315e-05,0.0,4.77926099606193e-05,3.131498270462092e-08,0.3,10184194.96,-16.62841019034374
37.74999999999999,0,aGDL,-16.62834105627536,47.5114038115617,0.0,1.1515104598525398e-08,1.1515104598525398e-08,0.0,0.0,0.0,0.0,0.8,6.0496996185440174e-05,0.0,4.779262698649774e-05,3.131505142588982e-08,0.3,10184194.96,-16.628357970389114
37.85,0,aGDL,-16.62828899267231,47.51137753717631,0.0,1.154560536503093e-08,1.154560536503093e-08,0.0,0.0,0.0,0.0,0.8,6.0497017672751365e-05,0.0,4.7792643961473575e-05,3.131511994177971e-08,0.3,10184194.96,-16.628305906564638
37.95,0,aGDL,-16.628237085197497,47.51135126279232,0.0,1.1576106120752886e-08,1.1576106120752886e-08,0.0,0.0,0.0,0.0,0.8,6.0497039095629695e-05,0.0,4.779266088554745e-05,3.131518825229259e-08,0.3,10184194.96,-16.628253998868278
38.05,0,aGDL,-16.62818533384899,47.51132498840968,0.0,1.160660686572385e-08,1.160660686572385e-08,0.0,0.0,0.0,0.0,0.8,6.0497060454075956e-05,0.0,4.779267775872e-05,3.1315256357430144e-08,0.3,10184194.96,-16.62820224729798
38.15,0,aGDL,-16.628133738624683,47.511298714028385,0.0,1.1637107599976402e-08,1.1637107599976402e-08,0.0,0.0,0.0,0.0,0.8,6.049708174809094e-05,0.0,4.779269458099184e-05,3.1315324257194404e-08,0.3,10184194.96,-16.628150651851698
38.24999999999999,0,aGDL,-16.628082299522532,47.511272439648394,0.0,1.1667608323543119e-08,1.1667608323543119e-08,0.0,0.0,0.0,0.0,0.8,6.049710297767551e-05,0.0,4.779271135236365e-05,3.131539195158723e-08,0.3,10184194.96,-16.62809921252739
38.349999999999994,0,aGDL,-16.628031016540433,47.51124616526969,0.0,1.1698109036456581e-08,1.1698109036456581e-08,0.0,0.0,0.0,0.0,0.8,6.049712414283048e-05,0.0,4.779272807283608e-05,3.1315459440610615e-08,0.3,10184194.96,-16.628047929322996
38.45,0,aGDL,-16.627979889676396,47.511219890892235,0.0,1.172860973874937e-08,1.172860973874937e-08,0.0,0.0,0.0,0.0,0.8,6.049714524355665e-05,0.0,4.779274474240975e-05,3.13155267242664e-08,0.3,10184194.96,-16.627996802236467
38.550000000000004,0,aGDL,-16.627928918928376,47.511193616515996,0.0,1.175911043045406e-08,1.175911043045406e-08,0.0,0.0,0.0,0.0,0.8,6.049716627985485e-05,0.0,4.7792761361085335e-05,3.131559380255651e-08,0.3,10184194.96,-16.62794583126575
38.65,0,aGDL,-16.62787810429427,47.511167342140965,0.0,1.1789611111603232e-08,1.1789611111603232e-08,0.0,0.0,0.0,0.0,0.8,6.04971872517259e-05,0.0,4.7792777928863457e-05,3.131566067548287e-08,0.3,10184194.96,-16.627895016408797
38.75,0,aGDL,-16.627827445772084,47.51114106776709,0.0,1.1820111782229462e-08,1.1820111782229462e-08,0.0,0.0,0.0,0.0,0.8,6.0497208159170606e-05,0.0,4.779279444574478e-05,3.131572734304738e-08,0.3,10184194.96,-16.627844357663538
38.849999999999994,0,aGDL,-16.627776943359663,47.51111479339436,0.0,1.1850612442365329e-08,1.1850612442365329e-08,0.0,0.0,0.0,0.0,0.8,6.04972290021898e-05,0.0,4.7792810911729935e-05,3.13157938052521e-08,0.3,10184194.96,-16.62779385502792
38.949999999999996,0,aGDL,-16.627726597055073,47.51108851902275,0.0,1.1881113092043406e-08,1.1881113092043406e-08,0.0,0.0,0.0,0.0,0.8,6.049724978078429e-05,0.0,4.779282732681959e-05,3.13158600620988e-08,0.3,10184194.96,-16.62774350849988
39.05,0,aGDL,-16.627676406856153,47.511062244652216,0.0,1.1911613731296271e-08,1.1911613731296271e-08,0.0,0.0,0.0,0.0,0.8,6.049727049495491e-05,0.0,4.7792843691014376e-05,3.131592611358949e-08,0.3,10184194.96,-16.62769331807736
39.15,0,aGDL,-16.6276263727608,47.51103597028274,0.0,1.19421143601565e-08,1.19421143601565e-08,0.0,0.0,0.0,0.0,0.8,6.049729114470253e-05,0.0,4.7792860004315e-05,3.131599195972627e-08,0.3,10184194.96,-16.62764328375829
39.25,0,aGDL,-16.627576494767084,47.5110096959143,0.0,1.1972614978656668e-08,1.1972614978656668e-08,0.0,0.0,0.0,0.0,0.8,6.049731173002787e-05,0.0,4.779287626672202e-05,3.1316057600510846e-08,0.3,10184194.96,-16.627593405540612
39.349999999999994,0,aGDL,-16.627526772872898,47.510983421546854,0.0,1.2003115586829348e-08,1.2003115586829348e-08,0.0,0.0,0.0,0.0,0.8,6.049733225093184e-05,0.0,4.779289247823615e-05,3.1316123035945216e-08,0.3,10184194.96,-16.627543683422253
39.449999999999996,0,aGDL,-16.627477207076083,47.51095714718038,0.0,1.2033616184707115e-08,1.2033616184707115e-08,0.0,0.0,0.0,0.0,0.8,6.049735270741525e-05,0.0,4.779290863885804e-05,3.131618826603152e-08,0.3,10184194.96,-16.62749411740114
39.55,0,aGDL,-16.62742779737465,47.51093087281485,0.0,1.2064116772322542e-08,1.2064116772322542e-08,0.0,0.0,0.0,0.0,0.8,6.0497373099478904e-05,0.0,4.7792924748588325e-05,3.1316253290771566e-08,0.3,10184194.96,-16.627444707475217
39.65,0,aGDL,-16.627378543766497,47.51090459845024,0.0,1.2094617349708203e-08,1.2094617349708203e-08,0.0,0.0,0.0,0.0,0.8,6.049739342712364e-05,0.0,4.779294080742767e-05,3.131631811016738e-08,0.3,10184194.96,-16.627395453642396
39.75,0,aGDL,-16.627329446249576,47.51087832408652,0.0,1.212511791689667e-08,1.212511791689667e-08,0.0,0.0,0.0,0.0,0.8,6.049741369035029e-05,0.0,4.779295681537672e-05,3.1316382724220896e-08,0.3,10184194.96,-16.627346355900617
39.85,0,aGDL,-16.627280504821783,47.51085204972366,0.0,1.2155618473920516e-08,1.2155618473920516e-08,0.0,0.0,0.0,0.0,0.8,6.0497433889159675e-05,0.0,4.7792972772436136e-05,3.131644713293415e-08,0.3,10184194.96,-16.627297414247792
39.949999999999996,0,aGDL,-16.627231719481074,47.51082577536163,0.0,1.2186119020812311e-08,1.2186119020812311e-08,0.0,0.0,0.0,0.0,0.8,6.0497454023552634e-05,0.0,4.779298867860658e-05,3.131651133630908e-08,0.3,10184194.96,-16.627248628681844
40.05,0,aGDL,-16.627183090225344,47.510799501000406,0.0,1.2216619557604629e-08,1.2216619557604629e-08,0.0,0.0,0.0,0.0,0.8,6.0497474093529985e-05,0.0,4.779300453388869e-05,3.1316575334347676e-08,0.3,10184194.96,-16.627199999200705
40.15,0,aGDL,-16.627134617052548,47.51077322663996,0.0,1.2247120084330037e-08,1.2247120084330037e-08,0.0,0.0,0.0,0.0,0.8,6.049749409909257e-05,0.0,4.779302033828312e-05,3.1316639127051894e-08,0.3,10184194.96,-16.627151525802287
40.25,0,aGDL,-16.627086299960524,47.51074695228027,0.0,1.2277620601021107e-08,1.2277620601021107e-08,0.0,0.0,0.0,0.0,0.8,6.049751404024123e-05,0.0,4.779303609179057e-05,3.131670271442387e-08,0.3,10184194.96,-16.627103208484506
40.35,0,aGDL,-16.627038138947228,47.5107206779213,0.0,1.2308121107710408e-08,1.2308121107710408e-08,0.0,0.0,0.0,0.0,0.8,6.0497533916976786e-05,0.0,4.7793051794411656e-05,3.1316766096465525e-08,0.3,10184194.96,-16.627055047245285
40.449999999999996,0,aGDL,-16.62699013401061,47.510694403563015,0.0,1.233862160443051e-08,1.233862160443051e-08,0.0,0.0,0.0,0.0,0.8,6.049755372930005e-05,0.0,4.779306744614704e-05,3.1316829273178836e-08,0.3,10184194.96,-16.62700704208253
40.55,0,aGDL,-16.626942285148573,47.510668129205406,0.0,1.2369122091213981e-08,1.2369122091213981e-08,0.0,0.0,0.0,0.0,0.8,6.04975734772119e-05,0.0,4.7793083046997394e-05,3.131689224456584e-08,0.3,10184194.96,-16.626959192994157
40.65,0,aGDL,-16.626894592359008,47.51064185484843,0.0,1.2399622568093391e-08,1.2399622568093391e-08,0.0,0.0,0.0,0.0,0.8,6.0497593160713134e-05,0.0,4.779309859696338e-05,3.131695501062852e-08,0.3,10184194.96,-16.62691149997808
40.75,0,aGDL,-16.626847055639814,47.510615580492065,0.0,1.2430123035101307e-08,1.2430123035101307e-08,0.0,0.0,0.0,0.0,0.8,6.0497612779804614e-05,0.0,4.779311409604565e-05,3.131701757136895e-08,0.3,10184194.96,-16.626863963032203
40.849999999999994,0,aGDL,-16.626799674988888,47.51058930613628,0.0,1.2460623492270294e-08,1.2460623492270294e-08,0.0,0.0,0.0,0.0,0.8,6.0497632334487174e-05,0.0,4.7793129544244867e-05,3.131707992678918e-08,0.3,10184194.96,-16.626816582154436
40.949999999999996,0,aGDL,-16.626752450404183,47.510563031781054,0.0,1.2491123939632922e-08,1.2491123939632922e-08,0.0,0.0,0.0,0.0,0.8,6.049765182476163e-05,0.0,4.7793144941561684e-05,3.1317142076891183e-08,0.3,10184194.96,-16.62676935734268
41.05,0,aGDL,-16.626705381883596,47.51053675742635,0.0,1.2521624377221754e-08,1.2521624377221754e-08,0.0,0.0,0.0,0.0,0.8,6.049767125062884e-05,0.0,4.7793160287996785e-05,3.1317204021676944e-08,0.3,10184194.96,-16.626722288594852
41.15,0,aGDL,-16.626658469424967,47.510510483072146,0.0,1.2552124805069359e-08,1.2552124805069359e-08,0.0,0.0,0.0,0.0,0.8,6.0497690612089644e-05,0.0,4.779317558355082e-05,3.131726576114868e-08,0.3,10184194.96,-16.626675375908842
41.25,0,aGDL,-16.626611713026307,47.51048420871842,0.0,1.2582625223208301e-08,1.2582625223208301e-08,0.0,0.0,0.0,0.0,0.8,6.049770990914484e-05,0.0,4.7793190828224426e-05,3.131732729530819e-08,0.3,10184194.96,-16.626628619282556
41.35,0,aGDL,-16.626565112685398,47.51045793436512,0.0,1.2613125631671145e-08,1.2613125631671145e-08,0.0,0.0,0.0,0.0,0.8,6.0497729141795356e-05,0.0,4.779320602201833e-05,3.131738862415775e-08,0.3,10184194.96,-16.626582018713894
41.449999999999996,0,aGDL,-16.626518668400195,47.510431660012244,0.0,1.2643626030490455e-08,1.2643626030490455e-08,0.0,0.0,0.0,0.0,0.8,6.0497748310041956e-05,0.0,4.779322116493314e-05,3.131744974769931e-08,0.3,10184194.96,-16.626535574200748
41.54999999999999,0,aGDL,-16.62647238016865,47.51040538565976,0.0,1.2674126419698794e-08,1.2674126419698794e-08,0.0,0.0,0.0,0.0,0.8,6.0497767413885484e-05,0.0,4.7793236256969535e-05,3.131751066593483e-08,0.3,10184194.96,-16.62648928574102
41.65,0,aGDL,-16.626426247988547,47.51037911130763,0.0,1.2704626799328727e-08,1.2704626799328727e-08,0.0,0.0,0.0,0.0,0.8,6.049778645332683e-05,0.0,4.77932512981282e-05,3.1317571378866556e-08,0.3,10184194.96,-16.6264431533326
41.75,0,aGDL,-16.62638027185784,47.51035283695583,0.0,1.2735127169412817e-08,1.2735127169412817e-08,0.0,0.0,0.0,0.0,0.8,6.049780542836682e-05,0.0,4.779326628840979e-05,3.1317631886496465e-08,0.3,10184194.96,-16.62639717697338
41.85,0,aGDL,-16.62633445177437,47.510326562604334,0.0,1.2765627529983625e-08,1.2765627529983625e-08,0.0,0.0,0.0,0.0,0.8,6.049782433900629e-05,0.0,4.779328122781496e-05,3.131769218882671e-08,0.3,10184194.96,-16.626351356661253
41.949999999999996,0,aGDL,-16.626288787736144,47.51030028825311,0.0,1.2796127881073714e-08,1.2796127881073714e-08,0.0,0.0,0.0,0.0,0.8,6.0497843185246065e-05,0.0,4.779329611634439e-05,3.1317752285859164e-08,0.3,10184194.96,-16.626305692394105
42.05,0,aGDL,-16.62624327974089,47.51027401390214,0.0,1.2826628222715645e-08,1.2826628222715645e-08,0.0,0.0,0.0,0.0,0.8,6.049786196708705e-05,0.0,4.7793310953998764e-05,3.131781217759617e-08,0.3,10184194.96,-16.62626018416983
42.14999999999999,0,aGDL,-16.62619792778662,47.51024773955139,0.0,1.2857128554941978e-08,1.2857128554941978e-08,0.0,0.0,0.0,0.0,0.8,6.049788068453003e-05,0.0,4.779332574077872e-05,3.1317871864039594e-08,0.3,10184194.96,-16.62621483198631
42.25,0,aGDL,-16.626152731871173,47.51022146520082,0.0,1.2887628877785276e-08,1.2887628877785276e-08,0.0,0.0,0.0,0.0,0.8,6.049789933757587e-05,0.0,4.779334047668494e-05,3.131793134519162e-08,0.3,10184194.96,-16.626169635841425
42.35,0,aGDL,-16.626107691992388,47.510195190850425,0.0,1.2918129191278097e-08,1.2918129191278097e-08,0.0,0.0,0.0,0.0,0.8,6.049791792622546e-05,0.0,4.779335516171812e-05,3.1317990621054417e-08,0.3,10184194.96,-16.626124595733064
42.45,0,aGDL,-16.62606280814822,47.51016891650016,0.0,1.2948629495453e-08,1.2948629495453e-08,0.0,0.0,0.0,0.0,0.8,6.049793645047959e-05,0.0,4.779336979587888e-05,3.131804969162995e-08,0.3,10184194.96,-16.6260797116591
42.55,0,aGDL,-16.626018080336507,47.51014264215001,0.0,1.2979129790342546e-08,1.2979129790342546e-08,0.0,0.0,0.0,0.0,0.8,6.049795491033915e-05,0.0,4.779338437916793e-05,3.1318108556920395e-08,0.3,10184194.96,-16.626034983617416
42.65,0,aGDL,-16.62597350855515,47.51011636779994,0.0,1.3009630075979292e-08,1.3009630075979292e-08,0.0,0.0,0.0,0.0,0.8,6.049797330580496e-05,0.0,4.7793398911585914e-05,3.131816721692781e-08,0.3,10184194.96,-16.62599041160589
42.74999999999999,0,aGDL,-16.625929092801982,47.51009009344991,0.0,1.3040130352395797e-08,1.3040130352395797e-08,0.0,0.0,0.0,0.0,0.8,6.0497991636877904e-05,0.0,4.779341339313355e-05,3.1318225671654403e-08,0.3,10184194.96,-16.625945995622395
42.85,0,aGDL,-16.625884833074906,47.51006381909991,0.0,1.3070630619624617e-08,1.3070630619624617e-08,0.0,0.0,0.0,0.0,0.8,6.0498009903558824e-05,0.0,4.779342782381147e-05,3.1318283921102243e-08,0.3,10184194.96,-16.625901735664808
42.95,0,aGDL,-16.625840729371816,47.51003754474991,0.0,1.3101130877698309e-08,1.3101130877698309e-08,0.0,0.0,0.0,0.0,0.8,6.049802810584856e-05,0.0,4.779344220362036e-05,3.1318341965273376e-08,0.3,10184194.96,-16.625857631730998
43.05,0,aGDL,-16.625796781690553,47.51001127039988,0.0,1.3131631126649431e-08,1.3131631126649431e-08,0.0,0.0,0.0,0.0,0.8,6.049804624374797e-05,0.0,4.7793456532560895e-05,3.1318399804170024e-08,0.3,10184194.96,-16.625813683818837
43.15,0,aGDL,-16.625752990028957,47.50998499604979,0.0,1.316213136651054e-08,1.316213136651054e-08,0.0,0.0,0.0,0.0,0.8,6.049806431725793e-05,0.0,4.779347081063376e-05,3.131845743779434e-08,0.3,10184194.96,-16.62576989192619
43.24999999999999,0,aGDL,-16.62570935438498,47.509958721699604,0.0,1.3192631597314189e-08,1.3192631597314189e-08,0.0,0.0,0.0,0.0,0.8,6.0498082326379264e-05,0.0,4.7793485037839606e-05,3.131851486614834e-08,0.3,10184194.96,-16.62572625605093
43.349999999999994,0,aGDL,-16.625665874756407,47.509932447349314,0.0,1.3223131819092934e-08,1.3223131819092934e-08,0.0,0.0,0.0,0.0,0.8,6.049810027111284e-05,0.0,4.779349921417914e-05,3.1318572089234286e-08,0.3,10184194.96,-16.625682776190917
43.449999999999996,0,aGDL,-16.625622551141134,47.509906172998875,0.0,1.3253632031879332e-08,1.3253632031879332e-08,0.0,0.0,0.0,0.0,0.8,6.049811815145951e-05,0.0,4.779351333965301e-05,3.131862910705426e-08,0.3,10184194.96,-16.62563945234402
43.550000000000004,0,aGDL,-16.625579383537,47.509879898648265,0.0,1.3284132235705932e-08,1.3284132235705932e-08,0.0,0.0,0.0,0.0,0.8,6.049813596742017e-05,0.0,4.779352741426193e-05,3.131868591961044e-08,0.3,10184194.96,-16.6255962845081
43.65,0,aGDL,-16.625536371941905,47.509853624297456,0.0,1.3314632430605291e-08,1.3314632430605291e-08,0.0,0.0,0.0,0.0,0.8,6.049815371899564e-05,0.0,4.7793541438006546e-05,3.131874252690496e-08,0.3,10184194.96,-16.62555327268101
43.75,0,aGDL,-16.625493516353686,47.50982734994642,0.0,1.3345132616609964e-08,1.3345132616609964e-08,0.0,0.0,0.0,0.0,0.8,6.0498171406186786e-05,0.0,4.779355541088756e-05,3.1318798928939974e-08,0.3,10184194.96,-16.625510416860617
43.849999999999994,0,aGDL,-16.625450816770183,47.50980107559513,0.0,1.3375632793752499e-08,1.3375632793752499e-08,0.0,0.0,0.0,0.0,0.8,6.049818902899446e-05,0.0,4.779356933290562e-05,3.1318855125717696e-08,0.3,10184194.96,-16.62546771704477
43.949999999999996,0,aGDL,-16.625408273189294,47.50977480124356,0.0,1.340613296206545e-08,1.340613296206545e-08,0.0,0.0,0.0,0.0,0.8,6.0498206587419544e-05,0.0,4.779358320406144e-05,3.131891111724024e-08,0.3,10184194.96,-16.62542517323133
44.05,0,aGDL,-16.625365885608858,47.50974852689167,0.0,1.343663312158137e-08,1.343663312158137e-08,0.0,0.0,0.0,0.0,0.8,6.049822408146288e-05,0.0,4.7793597024355675e-05,3.1318966903509775e-08,0.3,10184194.96,-16.625382785418157
44.150000000000006,0,aGDL,-16.625323654026715,47.509722252539454,0.0,1.3467133272332809e-08,1.3467133272332809e-08,0.0,0.0,0.0,0.0,0.8,6.049824151112534e-05,0.0,4.7793610793789015e-05,3.131902248452851e-08,0.3,10184194.96,-16.625340553603085
44.25,0,aGDL,-16.62528157844065,47.50969597818686,0.0,1.3497633414352318e-08,1.3497633414352318e-08,0.0,0.0,0.0,0.0,0.8,6.049825887640783e-05,0.0,4.779362451236218e-05,3.131907786029872e-08,0.3,10184194.96,-16.625298477783975
44.349999999999994,0,aGDL,-16.62523965884867,47.50966970383388,0.0,1.3528133547672447e-08,1.3528133547672447e-08,0.0,0.0,0.0,0.0,0.8,6.049827617731111e-05,0.0,4.779363818007578e-05,3.131913303082237e-08,0.3,10184194.96,-16.62525655795868
44.449999999999996,0,aGDL,-16.625197895248448,47.50964342948048,0.0,1.3558633672325744e-08,1.3558633672325744e-08,0.0,0.0,0.0,0.0,0.8,6.049829341383616e-05,0.0,4.779365179693056e-05,3.1319187996101866e-08,0.3,10184194.96,-16.625214794125032
44.55,0,aGDL,-16.625156287637992,47.50961715512663,0.0,1.3589133788344762e-08,1.3589133788344762e-08,0.0,0.0,0.0,0.0,0.8,6.0498310585983746e-05,0.0,4.779366536292716e-05,3.131924275613922e-08,0.3,10184194.96,-16.62517318628089
44.65,0,aGDL,-16.62511483601503,47.50959088077229,0.0,1.3619633895762047e-08,1.3619633895762047e-08,0.0,0.0,0.0,0.0,0.8,6.0498327693754804e-05,0.0,4.779367887806629e-05,3.131929731093678e-08,0.3,10184194.96,-16.62513173442409
44.75,0,aGDL,-16.6250735403774,47.509564606417456,0.0,1.3650133994610147e-08,1.3650133994610147e-08,0.0,0.0,0.0,0.0,0.8,6.049834473715019e-05,0.0,4.779369234234864e-05,3.131935166049676e-08,0.3,10184194.96,-16.625090438552476
44.85,0,aGDL,-16.625032400723057,47.509538332062085,0.0,1.3680634084921612e-08,1.3680634084921612e-08,0.0,0.0,0.0,0.0,0.8,6.049836171617074e-05,0.0,4.779370575577488e-05,3.131940580482119e-08,0.3,10184194.96,-16.625049298663885
44.949999999999996,0,aGDL,-16.62499141704967,47.509512057706154,0.0,1.3711134166728985e-08,1.3711134166728985e-08,0.0,0.0,0.0,0.0,0.8,6.0498378630817376e-05,0.0,4.7793719118345724e-05,3.131945974391255e-08,0.3,10184194.96,-16.625008314756162
45.05,0,aGDL,-16.62495058935525,47.50948578334963,0.0,1.3741634240064818e-08,1.3741634240064818e-08,0.0,0.0,0.0,0.0,0.8,6.049839548109089e-05,0.0,4.77937324300618e-05,3.1319513477772784e-08,0.3,10184194.96,-16.624967486827135
45.15,0,aGDL,-16.624909917637524,47.50945950899249,0.0,1.3772134304961653e-08,1.3772134304961653e-08,0.0,0.0,0.0,0.0,0.8,6.0498412266992215e-05,0.0,4.7793745690923846e-05,3.131956700640429e-08,0.3,10184194.96,-16.62492681487464
45.25,0,aGDL,-16.62486940189433,47.509433234634706,0.0,1.3802634361452037e-08,1.3802634361452037e-08,0.0,0.0,0.0,0.0,0.8,6.0498428988522225e-05,0.0,4.7793758900932555e-05,3.1319620329809314e-08,0.3,10184194.96,-16.624886298896516
45.349999999999994,0,aGDL,-16.62482904212351,47.50940696027625,0.0,1.3833134409568516e-08,1.3833134409568516e-08,0.0,0.0,0.0,0.0,0.8,6.049844564568177e-05,0.0,4.77937720600886e-05,3.1319673447990005e-08,0.3,10184194.96,-16.624845938890587
45.449999999999996,0,aGDL,-16.6247888383229,47.509380685917094,0.0,1.3863634449343635e-08,1.3863634449343635e-08,0.0,0.0,0.0,0.0,0.8,6.0498462238471724e-05,0.0,4.779378516839265e-05,3.1319726360948655e-08,0.3,10184194.96,-16.624805734854693
45.55,0,aGDL,-16.6247487904904,47.509354411557204,0.0,1.3894134480809938e-08,1.3894134480809938e-08,0.0,0.0,0.0,0.0,0.8,6.0498478766892954e-05,0.0,4.779379822584542e-05,3.1319779068687375e-08,0.3,10184194.96,-16.62476568678665
45.65,0,aGDL,-16.62470889862368,47.50932813719656,0.0,1.3924634503999967e-08,1.3924634503999967e-08,0.0,0.0,0.0,0.0,0.8,6.0498495230946355e-05,0.0,4.779381123244762e-05,3.131983157120866e-08,0.3,10184194.96,-16.624725794684288
45.75,0,aGDL,-16.624669162720693,47.50930186283514,0.0,1.3955134518946267e-08,1.3955134518946267e-08,0.0,0.0,0.0,0.0,0.8,6.049851163063277e-05,0.0,4.779382418819988e-05,3.131988386851457e-08,0.3,10184194.96,-16.624686058545432
45.849999999999994,0,aGDL,-16.62462958277922,47.509275588472896,0.0,1.398563452568138e-08,1.398563452568138e-08,0.0,0.0,0.0,0.0,0.8,6.049852796595311e-05,0.0,4.779383709310295e-05,3.131993596060739e-08,0.3,10184194.96,-16.624646478367907
45.949999999999996,0,aGDL,-16.624590158797105,47.509249314109816,0.0,1.4016134524237849e-08,1.4016134524237849e-08,0.0,0.0,0.0,0.0,0.8,6.0498544236908235e-05,0.0,4.77938499471575e-05,3.1319987847489377e-08,0.3,10184194.96,-16.624607054149532
46.05,0,aGDL,-16.624550890772127,47.50922303974586,0.0,1.4046634514648215e-08,1.4046634514648215e-08,0.0,0.0,0.0,0.0,0.8,6.0498560443499025e-05,0.0,4.779386275036423e-05,3.1320039529162864e-08,0.3,10184194.96,-16.62456778588813
46.15,0,aGDL,-16.62451177870207,47.50919676538102,0.0,1.407713449694502e-08,1.407713449694502e-08,0.0,0.0,0.0,0.0,0.8,6.049857658572638e-05,0.0,4.7793875502723834e-05,3.132009100563014e-08,0.3,10184194.96,-16.62452867358151
46.25,0,aGDL,-16.62447282258489,47.509170491015254,0.0,1.4107634471160805e-08,1.4107634471160805e-08,0.0,0.0,0.0,0.0,0.8,6.049859266359112e-05,0.0,4.7793888204236974e-05,3.1320142276893334e-08,0.3,10184194.96,-16.624489717227494
46.35,0,aGDL,-16.624434022418257,47.50914421664853,0.0,1.4138134437328109e-08,1.4138134437328109e-08,0.0,0.0,0.0,0.0,0.8,6.049860867709419e-05,0.0,4.77939008549044e-05,3.1320193342954896e-08,0.3,10184194.96,-16.6244509168239
46.449999999999996,0,aGDL,-16.624395378200063,47.50911794228083,0.0,1.4168634395479471e-08,1.4168634395479471e-08,0.0,0.0,0.0,0.0,0.8,6.049862462623644e-05,0.0,4.779391345472678e-05,3.132024420381698e-08,0.3,10184194.96,-16.62441227236853
46.55,0,aGDL,-16.624356889928038,47.509091667912124,0.0,1.4199134345647434e-08,1.4199134345647434e-08,0.0,0.0,0.0,0.0,0.8,6.0498640511018765e-05,0.0,4.779392600370482e-05,3.1320294859482e-08,0.3,10184194.96,-16.624373783859205
46.65,0,aGDL,-16.624318557600134,47.50906539354238,0.0,1.4229634287864534e-08,1.4229634287864534e-08,0.0,0.0,0.0,0.0,0.8,6.049865633144201e-05,0.0,4.7793938501839185e-05,3.1320345309952086e-08,0.3,10184194.96,-16.624335451293728
46.75,0,aGDL,-16.62428038121402,47.509039119171575,0.0,1.426013422216331e-08,1.426013422216331e-08,0.0,0.0,0.0,0.0,0.8,6.04986720875071e-05,0.0,4.779395094913062e-05,3.132039555522971e-08,0.3,10184194.96,-16.624297274669907
46.85,0,aGDL,-16.62424236076754,47.50901284479967,0.0,1.42906341485763e-08,1.42906341485763e-08,0.0,0.0,0.0,0.0,0.8,6.049868777921494e-05,0.0,4.7793963345579795e-05,3.132044559531709e-08,0.3,10184194.96,-16.624259253985553
46.949999999999996,0,aGDL,-16.624204496258585,47.50898657042666,0.0,1.432113406713604e-08,1.432113406713604e-08,0.0,0.0,0.0,0.0,0.8,6.049870340656633e-05,0.0,4.77939756911874e-05,3.1320495430216465e-08,0.3,10184194.96,-16.624221389238464
47.05,0,aGDL,-16.62416678768483,47.50896029605249,0.0,1.4351633977875068e-08,1.4351633977875068e-08,0.0,0.0,0.0,0.0,0.8,6.0498718969562226e-05,0.0,4.779398798595416e-05,3.1320545059930284e-08,0.3,10184194.96,-16.62418368042644
47.14999999999999,0,aGDL,-16.62412923504411,47.508934021677156,0.0,1.4382133880825921e-08,1.4382133880825921e-08,0.0,0.0,0.0,0.0,0.8,6.04987344682035e-05,0.0,4.779400022988077e-05,3.132059448446082e-08,0.3,10184194.96,-16.62414612754729
47.25,0,aGDL,-16.624091838334266,47.50890774730061,0.0,1.4412633776021135e-08,1.4412633776021135e-08,0.0,0.0,0.0,0.0,0.8,6.049874990249105e-05,0.0,4.779401242296793e-05,3.132064370381039e-08,0.3,10184194.96,-16.624108730598806
47.35,0,aGDL,-16.624054597553084,47.50888147292284,0.0,1.4443133663493243e-08,1.4443133663493243e-08,0.0,0.0,0.0,0.0,0.8,6.049876527242572e-05,0.0,4.779402456521631e-05,3.132069271798126e-08,0.3,10184194.96,-16.62407148957879
47.45,0,aGDL,-16.624017512698344,47.508855198543806,0.0,1.4473633543274781e-08,1.4473633543274781e-08,0.0,0.0,0.0,0.0,0.8,6.049878057800844e-05,0.0,4.7794036656626665e-05,3.1320741526975844e-08,0.3,10184194.96,-16.62403440448503
47.55,0,aGDL,-16.62398058376789,47.50882892416349,0.0,1.4504133415398283e-08,1.4504133415398283e-08,0.0,0.0,0.0,0.0,0.8,6.049879581924007e-05,0.0,4.779404869719966e-05,3.132079013079636e-08,0.3,10184194.96,-16.623997475315328
47.65,0,aGDL,-16.623943810759386,47.50880264978186,0.0,1.4534633279896285e-08,1.4534633279896285e-08,0.0,0.0,0.0,0.0,0.8,6.049881099612155e-05,0.0,4.7794060686936017e-05,3.132083852944536e-08,0.3,10184194.96,-16.62396070206747
47.74999999999999,0,aGDL,-16.623907193670732,47.50877637539889,0.0,1.4565133136801316e-08,1.4565133136801316e-08,0.0,0.0,0.0,0.0,0.8,6.049882610865373e-05,0.0,4.779407262583643e-05,3.1320886722925034e-08,0.3,10184194.96,-16.62392408473925
47.849999999999994,0,aGDL,-16.62387073249971,47.50875010101454,0.0,1.4595632986145914e-08,1.4595632986145914e-08,0.0,0.0,0.0,0.0,0.8,6.0498841156837484e-05,0.0,4.7794084513901604e-05,3.132093471123772e-08,0.3,10184194.96,-16.623887623328454
47.95,0,aGDL,-16.623834427244105,47.5087238266288,0.0,1.4626132827962608e-08,1.4626132827962608e-08,0.0,0.0,0.0,0.0,0.8,6.049885614067373e-05,0.0,4.779409635113224e-05,3.1320982494385815e-08,0.3,10184194.96,-16.623851317832866
48.050000000000004,0,aGDL,-16.623798277901642,47.508697552241635,0.0,1.4656632662283931e-08,1.4656632662283931e-08,0.0,0.0,0.0,0.0,0.8,6.049887106016338e-05,0.0,4.779410813752907e-05,3.132103007237171e-08,0.3,10184194.96,-16.62381516825028
48.15,0,aGDL,-16.62376228447016,47.50867127785301,0.0,1.4687132489142413e-08,1.4687132489142413e-08,0.0,0.0,0.0,0.0,0.8,6.0498885915307316e-05,0.0,4.779411987309277e-05,3.132107744519773e-08,0.3,10184194.96,-16.623779174578473
48.24999999999999,0,aGDL,-16.623726446947387,47.50864500346291,0.0,1.4717632308570586e-08,1.4717632308570586e-08,0.0,0.0,0.0,0.0,0.8,6.049890070610644e-05,0.0,4.779413155782409e-05,3.13211246128663e-08,0.3,10184194.96,-16.623743336815227
48.349999999999994,0,aGDL,-16.62369076533122,47.5086187290713,0.0,1.474813212060098e-08,1.474813212060098e-08,0.0,0.0,0.0,0.0,0.8,6.0498915432561605e-05,0.0,4.779414319172367e-05,3.132117157537966e-08,0.3,10184194.96,-16.623707654958324
48.449999999999996,0,aGDL,-16.623655239619268,47.50859245467815,0.0,1.4778631925266126e-08,1.4778631925266126e-08,0.0,0.0,0.0,0.0,0.8,6.049893009467378e-05,0.0,4.779415477479228e-05,3.1321218332740366e-08,0.3,10184194.96,-16.62367212900554
48.550000000000004,0,aGDL,-16.623619869809488,47.50856618028344,0.0,1.480913172259855e-08,1.480913172259855e-08,0.0,0.0,0.0,0.0,0.8,6.0498944692443774e-05,0.0,4.7794166307030576e-05,3.132126488495063e-08,0.3,10184194.96,-16.62363675895465
48.65,0,aGDL,-16.623584655899492,47.50853990588713,0.0,1.4839631512630786e-08,1.4839631512630786e-08,0.0,0.0,0.0,0.0,0.8,6.0498959225872576e-05,0.0,4.7794177788439336e-05,3.132131123201301e-08,0.3,10184194.96,-16.623601544803435
48.75,0,aGDL,-16.623549597887177,47.5085136314892,0.0,1.4870131295395359e-08,1.4870131295395359e-08,0.0,0.0,0.0,0.0,0.8,6.0498973694961e-05,0.0,4.7794189219019193e-05,3.132135737392971e-08,0.3,10184194.96,-16.623566486549663
48.849999999999994,0,aGDL,-16.62351469577021,47.50848735708963,0.0,1.4900631070924797e-08,1.4900631070924797e-08,0.0,0.0,0.0,0.0,0.8,6.0498988099710054e-05,0.0,4.7794200598770935e-05,3.1321403310703304e-08,0.3,10184194.96,-16.623531584191102
48.949999999999996,0,aGDL,-16.623479949546493,47.50846108268837,0.0,1.4931130839251628e-08,1.4931130839251628e-08,0.0,0.0,0.0,0.0,0.8,6.04990024401205e-05,0.0,4.779421192769519e-05,3.132144904233602e-08,0.3,10184194.96,-16.62349683772553
49.05,0,aGDL,-16.623445359213633,47.508434808285415,0.0,1.4961630600408376e-08,1.4961630600408376e-08,0.0,0.0,0.0,0.0,0.8,6.049901671619337e-05,0.0,4.779422320579276e-05,3.132149456883048e-08,0.3,10184194.96,-16.62346224715071
49.15,0,aGDL,-16.62341092476953,47.508408533880726,0.0,1.499213035442757e-08,1.499213035442757e-08,0.0,0.0,0.0,0.0,0.8,6.049903092792947e-05,0.0,4.779423443306428e-05,3.1321539890188895e-08,0.3,10184194.96,-16.62342781246441
49.25,0,aGDL,-16.62337664621191,47.508382259474274,0.0,1.502263010134174e-08,1.502263010134174e-08,0.0,0.0,0.0,0.0,0.8,6.049904507532975e-05,0.0,4.77942456095105e-05,3.1321585006413744e-08,0.3,10184194.96,-16.62339353366439
49.349999999999994,0,aGDL,-16.623342523538497,47.50835598506604,0.0,1.5053129841183405e-08,1.5053129841183405e-08,0.0,0.0,0.0,0.0,0.8,6.049905915839511e-05,0.0,4.779425673513214e-05,3.132162991750747e-08,0.3,10184194.96,-16.623359410748417
49.449999999999996,0,aGDL,-16.623308556747077,47.508329710655985,0.0,1.508362957398509e-08,1.508362957398509e-08,0.0,0.0,0.0,0.0,0.8,6.049907317712648e-05,0.0,4.779426780992991e-05,3.132167462347251e-08,0.3,10184194.96,-16.623325443714254
49.55,0,aGDL,-16.623274745835374,47.508303436244084,0.0,1.5114129299779324e-08,1.5114129299779324e-08,0.0,0.0,0.0,0.0,0.8,6.049908713152472e-05,0.0,4.779427883390453e-05,3.132171912431133e-08,0.3,10184194.96,-16.623291632559653
49.65,0,aGDL,-16.62324109080123,47.508277161830314,0.0,1.5144629018598625e-08,1.5144629018598625e-08,0.0,0.0,0.0,0.0,0.8,6.0499101021590735e-05,0.0,4.7794289807056686e-05,3.1321763420026216e-08,0.3,10184194.96,-16.62325797728238
49.74999999999999,0,aGDL,-16.62320759164237,47.50825088741465,0.0,1.517512873047552e-08,1.517512873047552e-08,0.0,0.0,0.0,0.0,0.8,6.049911484732546e-05,0.0,4.7794300729387116e-05,3.1321807510619706e-08,0.3,10184194.96,-16.623224477880182
49.85,0,aGDL,-16.623174248356463,47.50822461299705,0.0,1.5205628435442533e-08,1.5205628435442533e-08,0.0,0.0,0.0,0.0,0.8,6.049912860872981e-05,0.0,4.7794311600896544e-05,3.132185139609429e-08,0.3,10184194.96,-16.62319113435082
49.949999999999996,0,aGDL,-16.623141060941407,47.5081983385775,0.0,1.5236128133532183e-08,1.5236128133532183e-08,0.0,0.0,0.0,0.0,0.8,6.049914230580466e-05,0.0,4.7794322421585677e-05,3.13218950764523e-08,0.3,10184194.96,-16.623157946692043
50.05,0,aGDL,-16.623108029394814,47.508172064155964,0.0,1.5266627824776992e-08,1.5266627824776992e-08,0.0,0.0,0.0,0.0,0.8,6.0499155938550956e-05,0.0,4.779433319145525e-05,3.132193855169628e-08,0.3,10184194.96,-16.6231249149016
50.15,0,aGDL,-16.623075153714524,47.50814578973242,0.0,1.5297127509209485e-08,1.5297127509209485e-08,0.0,0.0,0.0,0.0,0.8,6.049916950696957e-05,0.0,4.779434391050596e-05,3.132198182182865e-08,0.3,10184194.96,-16.623092038977244
50.25,0,aGDL,-16.623042433898263,47.50811951530683,0.0,1.532762718686218e-08,1.532762718686218e-08,0.0,0.0,0.0,0.0,0.8,6.0499183011061415e-05,0.0,4.7794354578738526e-05,3.132202488685188e-08,0.3,10184194.96,-16.62305931891672
50.349999999999994,0,aGDL,-16.6230098699437,47.50809324087918,0.0,1.5358126857767596e-08,1.5358126857767596e-08,0.0,0.0,0.0,0.0,0.8,6.049919645082747e-05,0.0,4.77943651961537e-05,3.13220677467685e-08,0.3,10184194.96,-16.623026754717774
50.45,0,aGDL,-16.622977461848734,47.508066966449434,0.0,1.5388626521958255e-08,1.5388626521958255e-08,0.0,0.0,0.0,0.0,0.8,6.0499209826268575e-05,0.0,4.779437576275217e-05,3.132211040158082e-08,0.3,10184194.96,-16.62299434637815
50.55,0,aGDL,-16.622945209610975,47.508040692017566,0.0,1.541912617946668e-08,1.541912617946668e-08,0.0,0.0,0.0,0.0,0.8,6.049922313738566e-05,0.0,4.779438627853467e-05,3.132215285129146e-08,0.3,10184194.96,-16.622962093895588
50.65,0,aGDL,-16.622913113228208,47.508014417583546,0.0,1.544962583032538e-08,1.544962583032538e-08,0.0,0.0,0.0,0.0,0.8,6.049923638417966e-05,0.0,4.779439674350193e-05,3.132219509590287e-08,0.3,10184194.96,-16.62292999726783
50.75,0,aGDL,-16.622881172698158,47.50798814314735,0.0,1.548012547456688e-08,1.548012547456688e-08,0.0,0.0,0.0,0.0,0.8,6.049924956665149e-05,0.0,4.779440715765467e-05,3.1322237135417513e-08,0.3,10184194.96,-16.622898056492613
50.849999999999994,0,aGDL,-16.622849388018608,47.507961868708946,0.0,1.5510625112223698e-08,1.5510625112223698e-08,0.0,0.0,0.0,0.0,0.8,6.049926268480202e-05,0.0,4.77944175209936e-05,3.132227896983787e-08,0.3,10184194.96,-16.62286627156768
50.949999999999996,0,aGDL,-16.622817759187228,47.50793559426831,0.0,1.5541124743328348e-08,1.5541124743328348e-08,0.0,0.0,0.0,0.0,0.8,6.049927573863222e-05,0.0,4.7794427833519456e-05,3.1322320599166454e-08,0.3,10184194.96,-16.62283464249075
51.05,0,aGDL,-16.6227862862018,47.50790931982541,0.0,1.557162436791335e-08,1.557162436791335e-08,0.0,0.0,0.0,0.0,0.8,6.0499288728142995e-05,0.0,4.779443809523296e-05,3.132236202340577e-08,0.3,10184194.96,-16.62280316925958
51.15,0,aGDL,-16.622754969060054,47.50788304538022,0.0,1.560212398601122e-08,1.560212398601122e-08,0.0,0.0,0.0,0.0,0.8,6.049930165333522e-05,0.0,4.779444830613482e-05,3.132240324255831e-08,0.3,10184194.96,-16.62277185187188
51.25,0,aGDL,-16.622723807759655,47.50785677093271,0.0,1.563262359765447e-08,1.563262359765447e-08,0.0,0.0,0.0,0.0,0.8,6.0499314514209894e-05,0.0,4.7794458466225816e-05,3.1322444256626634e-08,0.3,10184194.96,-16.62274069032539
51.35,0,aGDL,-16.622692802298445,47.50783049648286,0.0,1.5663123202875623e-08,1.5663123202875623e-08,0.0,0.0,0.0,0.0,0.8,6.049932731076787e-05,0.0,4.779446857550661e-05,3.132248506561312e-08,0.3,10184194.96,-16.622709684617835
51.449999999999996,0,aGDL,-16.622661952674036,47.507804222030636,0.0,1.5693622801707185e-08,1.5693622801707185e-08,0.0,0.0,0.0,0.0,0.8,6.049934004301011e-05,0.0,4.779447863397798e-05,3.132252566952043e-08,0.3,10184194.96,-16.62267883474695
51.55,0,aGDL,-16.622631258884212,47.50777794757601,0.0,1.5724122394181676e-08,1.5724122394181676e-08,0.0,0.0,0.0,0.0,0.8,6.04993527109375e-05,0.0,4.779448864164063e-05,3.132256606835106e-08,0.3,10184194.96,-16.622648140710446
51.65,0,aGDL,-16.622600720926698,47.50775167311895,0.0,1.5754621980331604e-08,1.5754621980331604e-08,0.0,0.0,0.0,0.0,0.8,6.049936531455099e-05,0.0,4.7794498598495285e-05,3.132260626210745e-08,0.3,10184194.96,-16.622617602506054
51.75,0,aGDL,-16.622570338799164,47.507725398659446,0.0,1.578512156018949e-08,1.578512156018949e-08,0.0,0.0,0.0,0.0,0.8,6.0499377853851504e-05,0.0,4.779450850454268e-05,3.132264625079228e-08,0.3,10184194.96,-16.622587220131493
51.85,0,aGDL,-16.62254011249945,47.50769912419745,0.0,1.581562113378784e-08,1.581562113378784e-08,0.0,0.0,0.0,0.0,0.8,6.0499390328839926e-05,0.0,4.779451835978354e-05,3.132268603440789e-08,0.3,10184194.96,-16.622556993584485
51.949999999999996,0,aGDL,-16.622510042025112,47.50767284973294,0.0,1.584612070115917e-08,1.584612070115917e-08,0.0,0.0,0.0,0.0,0.8,6.049940273951725e-05,0.0,4.779452816421862e-05,3.1322725612957024e-08,0.3,10184194.96,-16.622526922862743
52.05,0,aGDL,-16.62248012737399,47.50764657526589,0.0,1.5876620262335992e-08,1.5876620262335992e-08,0.0,0.0,0.0,0.0,0.8,6.049941508588433e-05,0.0,4.779453791784862e-05,3.1322764986442076e-08,0.3,10184194.96,-16.62249700796399
52.14999999999999,0,aGDL,-16.622450368543753,47.507620300796276,0.0,1.5907119817350815e-08,1.5907119817350815e-08,0.0,0.0,0.0,0.0,0.8,6.049942736794213e-05,0.0,4.779454762067428e-05,3.1322804154865667e-08,0.3,10184194.96,-16.622467248885933
52.24999999999999,0,aGDL,-16.622420765532127,47.50759402632406,0.0,1.593761936623615e-08,1.593761936623615e-08,0.0,0.0,0.0,0.0,0.8,6.049943958569158e-05,0.0,4.779455727269635e-05,3.132284311823034e-08,0.3,10184194.96,-16.622437645626285
52.35,0,aGDL,-16.62239131833678,47.50756775184922,0.0,1.596811890902451e-08,1.596811890902451e-08,0.0,0.0,0.0,0.0,0.8,6.04994517391336e-05,0.0,4.779456687391554e-05,3.1322881876538685e-08,0.3,10184194.96,-16.62240819818276
52.45,0,aGDL,-16.622362026955443,47.50754147737173,0.0,1.59986184457484e-08,1.59986184457484e-08,0.0,0.0,0.0,0.0,0.8,6.049946382826913e-05,0.0,4.779457642433261e-05,3.1322920429793255e-08,0.3,10184194.96,-16.62237890655307
52.55,0,aGDL,-16.622332891385838,47.50751520289156,0.0,1.602911797644033e-08,1.602911797644033e-08,0.0,0.0,0.0,0.0,0.8,6.049947585309908e-05,0.0,4.779458592394828e-05,3.1322958777996614e-08,0.3,10184194.96,-16.622349770734914
52.65,0,aGDL,-16.622303911625693,47.507488928408684,0.0,1.6059617501132812e-08,1.6059617501132812e-08,0.0,0.0,0.0,0.0,0.8,6.049948781362439e-05,0.0,4.779459537276327e-05,3.132299692115126e-08,0.3,10184194.96,-16.622320790726
52.74999999999999,0,aGDL,-16.622275087672676,47.50746265392308,0.0,1.6090117019858355e-08,1.6090117019858355e-08,0.0,0.0,0.0,0.0,0.8,6.049949970984599e-05,0.0,4.779460477077833e-05,3.132303485925986e-08,0.3,10184194.96,-16.62229196652404
52.849999999999994,0,aGDL,-16.622246419524515,47.5074363794347,0.0,1.6120616532649462e-08,1.6120616532649462e-08,0.0,0.0,0.0,0.0,0.8,6.049951154176481e-05,0.0,4.7794614117994186e-05,3.132307259232498e-08,0.3,10184194.96,-16.62226329812672
52.95,0,aGDL,-16.62221790717888,47.50741010494353,0.0,1.6151116039538642e-08,1.6151116039538642e-08,0.0,0.0,0.0,0.0,0.8,6.049952330938178e-05,0.0,4.77946234144116e-05,3.132311012034917e-08,0.3,10184194.96,-16.622234785531756
53.050000000000004,0,aGDL,-16.622189550633436,47.50738383044955,0.0,1.6181615540558403e-08,1.6181615540558403e-08,0.0,0.0,0.0,0.0,0.8,6.049953501269786e-05,0.0,4.779463266003131e-05,3.132314744333515e-08,0.3,10184194.96,-16.622206428736842
53.15,0,aGDL,-16.62216134988597,47.507357555952716,0.0,1.621211503574125e-08,1.621211503574125e-08,0.0,0.0,0.0,0.0,0.8,6.0499546651713944e-05,0.0,4.779464185485401e-05,3.132318456128537e-08,0.3,10184194.96,-16.62217822773967
53.24999999999999,0,aGDL,-16.622133304934152,47.507331281453006,0.0,1.6242614525119688e-08,1.6242614525119688e-08,0.0,0.0,0.0,0.0,0.8,6.0499558226430986e-05,0.0,4.779465099888048e-05,3.1323221474202465e-08,0.3,10184194.96,-16.62215018253794
53.349999999999994,0,aGDL,-16.622105415775593,47.507305006950396,0.0,1.6273114008726222e-08,1.6273114008726222e-08,0.0,0.0,0.0,0.0,0.8,6.049956973684996e-05,0.0,4.7794660092111474e-05,3.1323258182089146e-08,0.3,10184194.96,-16.622122293129344
53.449999999999996,0,aGDL,-16.622077682408076,47.50727873244486,0.0,1.630361348659336e-08,1.630361348659336e-08,0.0,0.0,0.0,0.0,0.8,6.049958118297174e-05,0.0,4.7794669134547674e-05,3.1323294684947915e-08,0.3,10184194.96,-16.62209455951157
53.55,0,aGDL,-16.622050104829327,47.50725245793636,0.0,1.63341129587536e-08,1.63341129587536e-08,0.0,0.0,0.0,0.0,0.8,6.0499592564797264e-05,0.0,4.7794678126189835e-05,3.13233309827813e-08,0.3,10184194.96,-16.622066981682316
53.65,0,aGDL,-16.622022683036903,47.507226183424876,0.0,1.636461242523945e-08,1.636461242523945e-08,0.0,0.0,0.0,0.0,0.8,6.049960388232753e-05,0.0,4.7794687067038744e-05,3.1323367075592175e-08,0.3,10184194.96,-16.622039559639266
53.75,0,aGDL,-16.62199541702853,47.50719990891038,0.0,1.6395111886083417e-08,1.6395111886083417e-08,0.0,0.0,0.0,0.0,0.8,6.049961513556346e-05,0.0,4.779469595709514e-05,3.1323402963383025e-08,0.3,10184194.96,-16.6220122933801
53.849999999999994,0,aGDL,-16.62196830680199,47.50717363439284,0.0,1.6425611341317994e-08,1.6425611341317994e-08,0.0,0.0,0.0,0.0,0.8,6.0499626324505956e-05,0.0,4.7794704796359705e-05,3.132343864615642e-08,0.3,10184194.96,-16.621985182902506
53.949999999999996,0,aGDL,-16.62194135235484,47.507147359872235,0.0,1.645611079097569e-08,1.645611079097569e-08,0.0,0.0,0.0,0.0,0.8,6.049963744915599e-05,0.0,4.7794713584833235e-05,3.132347412391516e-08,0.3,10184194.96,-16.621958228204175
54.05,0,aGDL,-16.62191455368486,47.50712108534852,0.0,1.6486610235089004e-08,1.6486610235089004e-08,0.0,0.0,0.0,0.0,0.8,6.049964850951448e-05,0.0,4.779472232251644e-05,3.1323509396661687e-08,0.3,10184194.96,-16.62193142928278
54.15,0,aGDL,-16.621887910789667,47.50709481082169,0.0,1.6517109673690434e-08,1.6517109673690434e-08,0.0,0.0,0.0,0.0,0.8,6.0499659505582407e-05,0.0,4.779473100941009e-05,3.132354446439878e-08,0.3,10184194.96,-16.621904786136
54.25,0,aGDL,-16.621861423666985,47.507068536291705,0.0,1.6547609106812487e-08,1.6547609106812487e-08,0.0,0.0,0.0,0.0,0.8,6.049967043736066e-05,0.0,4.779473964551493e-05,3.1323579327129046e-08,0.3,10184194.96,-16.62187829876152
54.349999999999994,0,aGDL,-16.621835092314427,47.50704226175854,0.0,1.657810853448766e-08,1.657810853448766e-08,0.0,0.0,0.0,0.0,0.8,6.049968130485024e-05,0.0,4.7794748230831694e-05,3.1323613984855136e-08,0.3,10184194.96,-16.621851967157006
54.449999999999996,0,aGDL,-16.62180891672972,47.50701598722217,0.0,1.660860795674845e-08,1.660860795674845e-08,0.0,0.0,0.0,0.0,0.8,6.049969210805206e-05,0.0,4.779475676536113e-05,3.132364843757975e-08,0.3,10184194.96,-16.621825791320138
54.55,0,aGDL,-16.62178289691053,47.506989712682554,0.0,1.663910737362736e-08,1.663910737362736e-08,0.0,0.0,0.0,0.0,0.8,6.0499702846967073e-05,0.0,4.779476524910399e-05,3.13236826853055e-08,0.3,10184194.96,-16.621799771248593
54.65,0,aGDL,-16.621757032854475,47.50696343813968,0.0,1.666960678515689e-08,1.666960678515689e-08,0.0,0.0,0.0,0.0,0.8,6.0499713521596236e-05,0.0,4.779477368206103e-05,3.1323716728035113e-08,0.3,10184194.96,-16.621773906940028
54.74999999999999,0,aGDL,-16.621731324559278,47.506937163593506,0.0,1.670010619136953e-08,1.670010619136953e-08,0.0,0.0,0.0,0.0,0.8,6.0499724131940484e-05,0.0,4.779478206423299e-05,3.1323750565771246e-08,0.3,10184194.96,-16.621748198392126
54.85,0,aGDL,-16.621705772022608,47.50691088904402,0.0,1.6730605592297783e-08,1.6730605592297783e-08,0.0,0.0,0.0,0.0,0.8,6.049973467800078e-05,0.0,4.7794790395620614e-05,3.13237841985165e-08,0.3,10184194.96,-16.621722645602546
54.949999999999996,0,aGDL,-16.621680375242136,47.506884614491184,0.0,1.6761104987974148e-08,1.6761104987974148e-08,0.0,0.0,0.0,0.0,0.8,6.0499745159778037e-05,0.0,4.779479867622465e-05,3.1323817626273583e-08,0.3,10184194.96,-16.621697248568953
55.05,0,aGDL,-16.621655134215473,47.50685833993497,0.0,1.6791604378431115e-08,1.6791604378431115e-08,0.0,0.0,0.0,0.0,0.8,6.0499755577273245e-05,0.0,4.7794806906045856e-05,3.1323850849045274e-08,0.3,10184194.96,-16.621672007289018
55.15,0,aGDL,-16.621630048940347,47.506832065375356,0.0,1.6822103763701187e-08,1.6822103763701187e-08,0.0,0.0,0.0,0.0,0.8,6.049976593048732e-05,0.0,4.779481508508498e-05,3.132388386683417e-08,0.3,10184194.96,-16.621646921760398
55.25,0,aGDL,-16.62160511941437,47.5068057908123,0.0,1.6852603143816852e-08,1.6852603143816852e-08,0.0,0.0,0.0,0.0,0.8,6.049977621942124e-05,0.0,4.779482321334278e-05,3.1323916679642994e-08,0.3,10184194.96,-16.62162199198075
55.349999999999994,0,aGDL,-16.62158034563521,47.50677951624579,0.0,1.688310251881061e-08,1.688310251881061e-08,0.0,0.0,0.0,0.0,0.8,6.049978644407595e-05,0.0,4.7794831290820004e-05,3.1323949287474456e-08,0.3,10184194.96,-16.621597217947738
55.45,0,aGDL,-16.621555727600537,47.5067532416758,0.0,1.691360188871496e-08,1.691360188871496e-08,0.0,0.0,0.0,0.0,0.8,6.04997966044524e-05,0.0,4.7794839317517394e-05,3.1323981690331277e-08,0.3,10184194.96,-16.62157259965901
55.55,0,aGDL,-16.621531265308022,47.50672696710229,0.0,1.6944101253562382e-08,1.6944101253562382e-08,0.0,0.0,0.0,0.0,0.8,6.0499806700551545e-05,0.0,4.7794847293435713e-05,3.1324013888216084e-08,0.3,10184194.96,-16.62154813711224
55.65,0,aGDL,-16.621506958755276,47.506700692525236,0.0,1.697460061338538e-08,1.697460061338538e-08,0.0,0.0,0.0,0.0,0.8,6.049981673237434e-05,0.0,4.779485521857573e-05,3.1324045881131695e-08,0.3,10184194.96,-16.621523830305055
55.75,0,aGDL,-16.62148280793997,47.50667441794461,0.0,1.7005099968216446e-08,1.7005099968216446e-08,0.0,0.0,0.0,0.0,0.8,6.049982669992174e-05,0.0,4.779486309293817e-05,3.1324077669080806e-08,0.3,10184194.96,-16.62149967923513
55.849999999999994,0,aGDL,-16.621458812859714,47.50664814336039,0.0,1.703559931808807e-08,1.703559931808807e-08,0.0,0.0,0.0,0.0,0.8,6.049983660319473e-05,0.0,4.779487091652383e-05,3.132410925206615e-08,0.3,10184194.96,-16.621475683900094
55.949999999999996,0,aGDL,-16.621434973512237,47.50662186877254,0.0,1.706609866303274e-08,1.706609866303274e-08,0.0,0.0,0.0,0.0,0.8,6.049984644219421e-05,0.0,4.779487868933342e-05,3.132414063009038e-08,0.3,10184194.96,-16.62145184429761
56.04999999999999,0,aGDL,-16.62141128989515,47.506595594181036,0.0,1.7096598003082957e-08,1.7096598003082957e-08,0.0,0.0,0.0,0.0,0.8,6.0499856216921166e-05,0.0,4.7794886411367724e-05,3.132417180315628e-08,0.3,10184194.96,-16.621428160425324
56.15,0,aGDL,-16.621387762006066,47.50656931958585,0.0,1.7127097338271203e-08,1.7127097338271203e-08,0.0,0.0,0.0,0.0,0.8,6.049986592737659e-05,0.0,4.7794894082627504e-05,3.1324202771266626e-08,0.3,10184194.96,-16.62140463228087
56.25,0,aGDL,-16.621364389842654,47.506543044986955,0.0,1.7157596668629975e-08,1.7157596668629975e-08,0.0,0.0,0.0,0.0,0.8,6.049987557356139e-05,0.0,4.77949017031135e-05,3.1324233534424143e-08,0.3,10184194.96,-16.6213812598619
56.35,0,aGDL,-16.621341173402584,47.506516770384316,0.0,1.718809599419176e-08,1.718809599419176e-08,0.0,0.0,0.0,0.0,0.8,6.049988515547655e-05,0.0,4.779490927282647e-05,3.13242640926315e-08,0.3,10184194.96,-16.62135804316605
56.449999999999996,0,aGDL,-16.62131811268341,47.50649049577792,0.0,1.721859531498904e-08,1.721859531498904e-08,0.0,0.0,0.0,0.0,0.8,6.0499894673123046e-05,0.0,4.779491679176721e-05,3.132429444589157e-08,0.3,10184194.96,-16.621334982190962
56.55,0,aGDL,-16.621295207682863,47.506464221167725,0.0,1.7249094631054317e-08,1.7249094631054317e-08,0.0,0.0,0.0,0.0,0.8,6.04999041265018e-05,0.0,4.7794924259936425e-05,3.132432459420698e-08,0.3,10184194.96,-16.62131207693427
56.64999999999999,0,aGDL,-16.62127245839855,47.50643794655371,0.0,1.727959394242007e-08,1.727959394242007e-08,0.0,0.0,0.0,0.0,0.8,6.049991351561379e-05,0.0,4.7794931677334894e-05,3.1324354537580594e-08,0.3,10184194.96,-16.62128932739361
56.75,0,aGDL,-16.621249864828087,47.506411671935844,0.0,1.7310093249118786e-08,1.7310093249118786e-08,0.0,0.0,0.0,0.0,0.8,6.049992284046001e-05,0.0,4.779493904396341e-05,3.132438427601512e-08,0.3,10184194.96,-16.621266733566618
56.85,0,aGDL,-16.621227426969085,47.506385397314105,0.0,1.7340592551182962e-08,1.7340592551182962e-08,0.0,0.0,0.0,0.0,0.8,6.0499932101041396e-05,0.0,4.77949463598227e-05,3.1324413809513437e-08,0.3,10184194.96,-16.62124429545093
56.95,0,aGDL,-16.621205144819214,47.50635912268846,0.0,1.7371091848645072e-08,1.7371091848645072e-08,0.0,0.0,0.0,0.0,0.8,6.0499941297358924e-05,0.0,4.779495362491355e-05,3.1324443138078185e-08,0.3,10184194.96,-16.621222013044164
57.05,0,aGDL,-16.621183018376144,47.506332848058875,0.0,1.7401591141537612e-08,1.7401591141537612e-08,0.0,0.0,0.0,0.0,0.8,6.0499950429413534e-05,0.0,4.779496083923669e-05,3.132447226171214e-08,0.3,10184194.96,-16.62119988634396
57.14999999999999,0,aGDL,-16.621161047637372,47.506306573425334,0.0,1.743209042989306e-08,1.743209042989306e-08,0.0,0.0,0.0,0.0,0.8,6.049995949720625e-05,0.0,4.779496800279293e-05,3.1324501180418277e-08,0.3,10184194.96,-16.62117791534794
57.24999999999999,0,aGDL,-16.621139232600626,47.50628029878781,0.0,1.7462589713743906e-08,1.7462589713743906e-08,0.0,0.0,0.0,0.0,0.8,6.049996850073798e-05,0.0,4.7794975115583e-05,3.1324529894199206e-08,0.3,10184194.96,-16.62115610005373
57.35,0,aGDL,-16.62111757326352,47.506254024146266,0.0,1.7493088993122637e-08,1.7493088993122637e-08,0.0,0.0,0.0,0.0,0.8,6.049997744000972e-05,0.0,4.7794982177607674e-05,3.132455840305774e-08,0.3,10184194.96,-16.62113444045896
57.45,0,aGDL,-16.62109606962366,47.506227749500674,0.0,1.752358826806173e-08,1.752358826806173e-08,0.0,0.0,0.0,0.0,0.8,6.049998631502242e-05,0.0,4.779498918886771e-05,3.13245867069967e-08,0.3,10184194.96,-16.62111293656124
57.55,0,aGDL,-16.621074721678667,47.50620147485101,0.0,1.7554087538593673e-08,1.7554087538593673e-08,0.0,0.0,0.0,0.0,0.8,6.049999512577709e-05,0.0,4.7794996149363894e-05,3.132461480601893e-08,0.3,10184194.96,-16.621091588358194
57.65,0,aGDL,-16.62105352942615,47.506175200197255,0.0,1.7584586804750947e-08,1.7584586804750947e-08,0.0,0.0,0.0,0.0,0.8,6.050000387227466e-05,0.0,4.779500305909698e-05,3.132464270012723e-08,0.3,10184194.96,-16.62107039584744
57.74999999999999,0,aGDL,-16.62103249286372,47.506148925539364,0.0,1.7615086066566036e-08,1.7615086066566036e-08,0.0,0.0,0.0,0.0,0.8,6.050001255451615e-05,0.0,4.7795009918067756e-05,3.132467038932438e-08,0.3,10184194.96,-16.621049359026596
57.849999999999994,0,aGDL,-16.62101161198899,47.50612265087732,0.0,1.7645585324071422e-08,1.7645585324071422e-08,0.0,0.0,0.0,0.0,0.8,6.050002117250248e-05,0.0,4.779501672627695e-05,3.132469787361325e-08,0.3,10184194.96,-16.621028477893276
57.949999999999996,0,aGDL,-16.620990886799632,47.50609637621109,0.0,1.7676084577299586e-08,1.7676084577299586e-08,0.0,0.0,0.0,0.0,0.8,6.050002972623465e-05,0.0,4.7795023483725366e-05,3.132472515299654e-08,0.3,10184194.96,-16.621007752445095
58.050000000000004,0,aGDL,-16.6209703172932,47.50607010154066,0.0,1.7706583826283006e-08,1.7706583826283006e-08,0.0,0.0,0.0,0.0,0.8,6.050003821571361e-05,0.0,4.779503019041375e-05,3.132475222747721e-08,0.3,10184194.96,-16.62098718267966
58.15,0,aGDL,-16.620949903467306,47.50604382686598,0.0,1.7737083071054168e-08,1.7737083071054168e-08,0.0,0.0,0.0,0.0,0.8,6.0500046640940384e-05,0.0,4.77950368463429e-05,3.132477909705805e-08,0.3,10184194.96,-16.620966768594577
58.24999999999999,0,aGDL,-16.620929645319563,47.50601755218703,0.0,1.776758231164555e-08,1.776758231164555e-08,0.0,0.0,0.0,0.0,0.8,6.05000550019159e-05,0.0,4.779504345151356e-05,3.132480576174186e-08,0.3,10184194.96,-16.620946510187462
58.349999999999994,0,aGDL,-16.620909542847585,47.505991277503796,0.0,1.779808154808963e-08,1.779808154808963e-08,0.0,0.0,0.0,0.0,0.8,6.0500063298641156e-05,0.0,4.779505000592652e-05,3.132483222153155e-08,0.3,10184194.96,-16.620926407455922
58.449999999999996,0,aGDL,-16.620889596048983,47.50596500281623,0.0,1.7828580780418887e-08,1.7828580780418887e-08,0.0,0.0,0.0,0.0,0.8,6.050007153111714e-05,0.0,4.779505650958254e-05,3.132485847642991e-08,0.3,10184194.96,-16.62090646039755
58.55,0,aGDL,-16.620869804921313,47.50593872812432,0.0,1.78590800086658e-08,1.78590800086658e-08,0.0,0.0,0.0,0.0,0.8,6.050007969934482e-05,0.0,4.779506296248241e-05,3.132488452643987e-08,0.3,10184194.96,-16.62088666900996
58.65,0,aGDL,-16.620850169462244,47.50591245342803,0.0,1.7889579232862845e-08,1.7889579232862845e-08,0.0,0.0,0.0,0.0,0.8,6.050008780332516e-05,0.0,4.7795069364626875e-05,3.132491037156417e-08,0.3,10184194.96,-16.62086703329074
58.75,0,aGDL,-16.620830689669333,47.50588617872734,0.0,1.7920078453042503e-08,1.7920078453042503e-08,0.0,0.0,0.0,0.0,0.8,6.050009584305914e-05,0.0,4.779507571601672e-05,3.132493601180575e-08,0.3,10184194.96,-16.620847553237496
58.849999999999994,0,aGDL,-16.62081136554019,47.50585990402221,0.0,1.7950577669237248e-08,1.7950577669237248e-08,0.0,0.0,0.0,0.0,0.8,6.050010381854777e-05,0.0,4.779508201665274e-05,3.132496144716742e-08,0.3,10184194.96,-16.620828228847827
58.949999999999996,0,aGDL,-16.620792197072433,47.50583362931261,0.0,1.798107688147956e-08,1.798107688147956e-08,0.0,0.0,0.0,0.0,0.8,6.0500111729792e-05,0.0,4.7795088266535674e-05,3.132498667765209e-08,0.3,10184194.96,-16.620809060119324
59.05,0,aGDL,-16.620773184263555,47.50580735459853,0.0,1.8011576089801907e-08,1.8011576089801907e-08,0.0,0.0,0.0,0.0,0.8,6.0500119576792865e-05,0.0,4.7795094465666354e-05,3.132501170326268e-08,0.3,10184194.96,-16.62079004704958
59.15,0,aGDL,-16.620754327111285,47.50578107987994,0.0,1.804207529423677e-08,1.804207529423677e-08,0.0,0.0,0.0,0.0,0.8,6.0500127359551264e-05,0.0,4.7795100614045496e-05,3.132503652400197e-08,0.3,10184194.96,-16.62077118963619
59.25,0,aGDL,-16.620735625613122,47.50575480515679,0.0,1.8072574494816626e-08,1.8072574494816626e-08,0.0,0.0,0.0,0.0,0.8,6.050013507806825e-05,0.0,4.7795106711673907e-05,3.13250611398729e-08,0.3,10184194.96,-16.620752487876747
59.35,0,aGDL,-16.620717079766678,47.505728530429074,0.0,1.8103073691573943e-08,1.8103073691573943e-08,0.0,0.0,0.0,0.0,0.8,6.050014273234479e-05,0.0,4.779511275855238e-05,3.132508555087839e-08,0.3,10184194.96,-16.620733941768826
59.449999999999996,0,aGDL,-16.620698689569565,47.50570225569676,0.0,1.81335728845412e-08,1.81335728845412e-08,0.0,0.0,0.0,0.0,0.8,6.050015032238186e-05,0.0,4.7795118754681665e-05,3.132510975702125e-08,0.3,10184194.96,-16.620715551310028
59.55,0,aGDL,-16.620680455019283,47.505675980959815,0.0,1.8164072073750864e-08,1.8164072073750864e-08,0.0,0.0,0.0,0.0,0.8,6.050015784818047e-05,0.0,4.7795124700062565e-05,3.132513375830451e-08,0.3,10184194.96,-16.620697316497928
59.65,0,aGDL,-16.620662376113557,47.505649706218215,0.0,1.8194571259235414e-08,1.8194571259235414e-08,0.0,0.0,0.0,0.0,0.8,6.050016530974156e-05,0.0,4.779513059469582e-05,3.132515755473085e-08,0.3,10184194.96,-16.620679237330116
59.74999999999999,0,aGDL,-16.62064445284983,47.505623431471925,0.0,1.8225070441027317e-08,1.8225070441027317e-08,0.0,0.0,0.0,0.0,0.8,6.050017270706615e-05,0.0,4.779513643858226e-05,3.132518114630341e-08,0.3,10184194.96,-16.620661313804163
59.85,0,aGDL,-16.620626685225773,47.50559715672093,0.0,1.825556961915905e-08,1.825556961915905e-08,0.0,0.0,0.0,0.0,0.8,6.0500180040155256e-05,0.0,4.779514223172264e-05,3.132520453302498e-08,0.3,10184194.96,-16.62064354591766
59.949999999999996,0,aGDL,-16.62060907323888,47.50557088196519,0.0,1.828606879366308e-08,1.828606879366308e-08,0.0,0.0,0.0,0.0,0.8,6.050018730900981e-05,0.0,4.779514797411775e-05,3.1325227714898534e-08,0.3,10184194.96,-16.620625933668176
60.05,0,aGDL,-16.620591616886827,47.50554460720468,0.0,1.8316567964571877e-08,1.8316567964571877e-08,0.0,0.0,0.0,0.0,0.8,6.050019451363084e-05,0.0,4.779515366576836e-05,3.132525069192692e-08,0.3,10184194.96,-16.62060847705329
60.15,0,aGDL,-16.620574316167108,47.50551833243938,0.0,1.8347067131917917e-08,1.8347067131917917e-08,0.0,0.0,0.0,0.0,0.8,6.050020165401934e-05,0.0,4.779515930667528e-05,3.1325273464113143e-08,0.3,10184194.96,-16.620591176070576
60.25,0,aGDL,-16.620557171077337,47.50549205766926,0.0,1.837756629573366e-08,1.837756629573366e-08,0.0,0.0,0.0,0.0,0.8,6.050020873017627e-05,0.0,4.779516489683925e-05,3.1325296031460093e-08,0.3,10184194.96,-16.620574030717602
60.349999999999994,0,aGDL,-16.62054018161507,47.505465782894284,0.0,1.8408065456051584e-08,1.8408065456051584e-08,0.0,0.0,0.0,0.0,0.8,6.0500215742102656e-05,0.0,4.77951704362611e-05,3.1325318393970713e-08,0.3,10184194.96,-16.620557040991947
60.449999999999996,0,aGDL,-16.620523347777862,47.50543950811443,0.0,1.843856461290415e-08,1.843856461290415e-08,0.0,0.0,0.0,0.0,0.8,6.0500222689799476e-05,0.0,4.7795175924941585e-05,3.1325340551647935e-08,0.3,10184194.96,-16.620540206891175
60.55,0,aGDL,-16.620506669563326,47.50541323332966,0.0,1.846906376632383e-08,1.846906376632383e-08,0.0,0.0,0.0,0.0,0.8,6.050022957326773e-05,0.0,4.7795181362881506e-05,3.1325362504494716e-08,0.3,10184194.96,-16.620523528412853
60.65,0,aGDL,-16.62049014696902,47.505386958539965,0.0,1.8499562916343092e-08,1.8499562916343092e-08,0.0,0.0,0.0,0.0,0.8,6.0500236392508385e-05,0.0,4.7795186750081625e-05,3.132538425251393e-08,0.3,10184194.96,-16.620507005554543
60.75,0,aGDL,-16.620473779992437,47.50536068374531,0.0,1.8530062062994404e-08,1.8530062062994404e-08,0.0,0.0,0.0,0.0,0.8,6.0500243147522495e-05,0.0,4.779519208654276e-05,3.13254057957087e-08,0.3,10184194.96,-16.620490638313818
60.85,0,aGDL,-16.620457568631195,47.50533440894566,0.0,1.8560561206310226e-08,1.8560561206310226e-08,0.0,0.0,0.0,0.0,0.8,6.050024983831102e-05,0.0,4.7795197372265706e-05,3.1325427134081866e-08,0.3,10184194.96,-16.62047442668823
60.949999999999996,0,aGDL,-16.62044151288285,47.50530813414099,0.0,1.859106034632303e-08,1.859106034632303e-08,0.0,0.0,0.0,0.0,0.8,6.050025646487496e-05,0.0,4.779520260725122e-05,3.132544826763642e-08,0.3,10184194.96,-16.620458370675337
61.04999999999999,0,aGDL,-16.620425612744953,47.50528185933128,0.0,1.8621559483065277e-08,1.8621559483065277e-08,0.0,0.0,0.0,0.0,0.8,6.0500263027215324e-05,0.0,4.7795207791500104e-05,3.1325469196375296e-08,0.3,10184194.96,-16.620442470272707
61.15,0,aGDL,-16.620409868215063,47.50525558451649,0.0,1.8652058616569436e-08,1.8652058616569436e-08,0.0,0.0,0.0,0.0,0.8,6.0500269525333096e-05,0.0,4.779521292501315e-05,3.132548992030153e-08,0.3,10184194.96,-16.62042672547789
61.25,0,aGDL,-16.62039427929068,47.505229309696595,0.0,1.8682557746867966e-08,1.8682557746867966e-08,0.0,0.0,0.0,0.0,0.8,6.050027595922932e-05,0.0,4.779521800779115e-05,3.132551043941814e-08,0.3,10184194.96,-16.620411136288446
61.35,0,aGDL,-16.62037884596947,47.50520303487158,0.0,1.871305687399334e-08,1.871305687399334e-08,0.0,0.0,0.0,0.0,0.8,6.0500282328904924e-05,0.0,4.7795223039834884e-05,3.132553075372797e-08,0.3,10184194.96,-16.62039570270192
61.45,0,aGDL,-16.620363568248933,47.5051767600414,0.0,1.8743555997978006e-08,1.8743555997978006e-08,0.0,0.0,0.0,0.0,0.8,6.050028863436095e-05,0.0,4.779522802114515e-05,3.1325550863234055e-08,0.3,10184194.96,-16.62038042471587
61.54999999999999,0,aGDL,-16.62034844612657,47.505150485206045,0.0,1.877405511885444e-08,1.877405511885444e-08,0.0,0.0,0.0,0.0,0.8,6.0500294875598426e-05,0.0,4.779523295172276e-05,3.1325570767939413e-08,0.3,10184194.96,-16.620365302327837
61.64999999999999,0,aGDL,-16.620333479599992,47.505124210365466,0.0,1.88045542366551e-08,1.88045542366551e-08,0.0,0.0,0.0,0.0,0.8,6.0500301052618314e-05,0.0,4.779523783156847e-05,3.1325590467847055e-08,0.3,10184194.96,-16.620350335535374
61.75,0,aGDL,-16.620318668666755,47.50509793551966,0.0,1.883505335141245e-08,1.883505335141245e-08,0.0,0.0,0.0,0.0,0.8,6.050030716542161e-05,0.0,4.779524266068307e-05,3.1325609962959904e-08,0.3,10184194.96,-16.620335524336028
61.85,0,aGDL,-16.6203040133243,47.50507166066857,0.0,1.8865552463158947e-08,1.8865552463158947e-08,0.0,0.0,0.0,0.0,0.8,6.050031321400939e-05,0.0,4.779524743906741e-05,3.132562925328113e-08,0.3,10184194.96,-16.62032086872734
61.95,0,aGDL,-16.6202895135703,47.50504538581219,0.0,1.8896051571927054e-08,1.8896051571927054e-08,0.0,0.0,0.0,0.0,0.8,6.050031919838258e-05,0.0,4.7795252166722235e-05,3.132564833881359e-08,0.3,10184194.96,-16.620306368706856
62.04999999999999,0,aGDL,-16.62027516940219,47.505019110950485,0.0,1.8926550677749227e-08,1.8926550677749227e-08,0.0,0.0,0.0,0.0,0.8,6.050032511854223e-05,0.0,4.779525684364836e-05,3.1325667219560345e-08,0.3,10184194.96,-16.62029202427211
62.14999999999999,0,aGDL,-16.620260980817534,47.50499283608343,0.0,1.8957049780657928e-08,1.8957049780657928e-08,0.0,0.0,0.0,0.0,0.8,6.050033097448937e-05,0.0,4.7795261469846594e-05,3.132568589552449e-08,0.3,10184194.96,-16.620277835420648
62.24999999999999,0,aGDL,-16.62024694781394,47.504966561211,0.0,1.898754888068562e-08,1.898754888068562e-08,0.0,0.0,0.0,0.0,0.8,6.050033676622494e-05,0.0,4.77952660453177e-05,3.13257043667089e-08,0.3,10184194.96,-16.62026380215
62.349999999999994,0,aGDL,-16.62023307038885,47.50494028633315,0.0,1.9018047977864757e-08,1.9018047977864757e-08,0.0,0.0,0.0,0.0,0.8,6.0500342493749995e-05,0.0,4.779527057006249e-05,3.1325722633116745e-08,0.3,10184194.96,-16.620249924457703
62.45,0,aGDL,-16.620219348539877,47.50491401144988,0.0,1.9048547072227795e-08,1.9048547072227795e-08,0.0,0.0,0.0,0.0,0.8,6.050034815706552e-05,0.0,4.779527504408176e-05,3.132574069475095e-08,0.3,10184194.96,-16.6202362023413
62.550000000000004,0,aGDL,-16.620205782264463,47.50488773656113,0.0,1.90790461638072e-08,1.90790461638072e-08,0.0,0.0,0.0,0.0,0.8,6.050035375617259e-05,0.0,4.7795279467376337e-05,3.132575855161468e-08,0.3,10184194.96,-16.620222635798303
62.650000000000006,0,aGDL,-16.620192371560222,47.5048614616669,0.0,1.9109545252635416e-08,1.9109545252635416e-08,0.0,0.0,0.0,0.0,0.8,6.050035929107213e-05,0.0,4.7795283839946974e-05,3.132577620371084e-08,0.3,10184194.96,-16.620209224826258
62.74999999999999,0,aGDL,-16.62017911642465,47.504835186767146,0.0,1.914004433874491e-08,1.914004433874491e-08,0.0,0.0,0.0,0.0,0.8,6.0500364761765186e-05,0.0,4.7795288161794494e-05,3.132579365104257e-08,0.3,10184194.96,-16.62019596942269
62.849999999999994,0,aGDL,-16.62016601685525,47.50480891186185,0.0,1.9170543422168136e-08,1.9170543422168136e-08,0.0,0.0,0.0,0.0,0.8,6.05003701682528e-05,0.0,4.779529243291971e-05,3.132581089361293e-08,0.3,10184194.96,-16.62018286958512
62.949999999999996,0,aGDL,-16.620153072849632,47.50478263695098,0.0,1.9201042502937546e-08,1.9201042502937546e-08,0.0,0.0,0.0,0.0,0.8,6.0500375510535935e-05,0.0,4.7795296653323385e-05,3.132582793142485e-08,0.3,10184194.96,-16.620169925311078
63.050000000000004,0,aGDL,-16.62014028440518,47.5047563620345,0.0,1.9231541581085598e-08,1.9231541581085598e-08,0.0,0.0,0.0,0.0,0.8,6.0500380788615666e-05,0.0,4.7795300823006376e-05,3.1325844764481575e-08,0.3,10184194.96,-16.620157136598085
63.14999999999999,0,aGDL,-16.62012765151951,47.50473008711239,0.0,1.926204065664474e-08,1.926204065664474e-08,0.0,0.0,0.0,0.0,0.8,6.050038600249297e-05,0.0,4.779530494196944e-05,3.132586139278608e-08,0.3,10184194.96,-16.620144503443658
63.24999999999999,0,aGDL,-16.62011517419012,47.50470381218463,0.0,1.929253972964743e-08,1.929253972964743e-08,0.0,0.0,0.0,0.0,0.8,6.050039115216887e-05,0.0,4.7795309010213406e-05,3.1325877816341445e-08,0.3,10184194.96,-16.62013202584532
63.349999999999994,0,aGDL,-16.62010285241456,47.50467753725118,0.0,1.9323038800126128e-08,1.9323038800126128e-08,0.0,0.0,0.0,0.0,0.8,6.050039623764439e-05,0.0,4.7795313027739064e-05,3.1325894035150694e-08,0.3,10184194.96,-16.620119703800587
63.449999999999996,0,aGDL,-16.62009068619028,47.50465126231202,0.0,1.9353537868113275e-08,1.9353537868113275e-08,0.0,0.0,0.0,0.0,0.8,6.050040125892053e-05,0.0,4.7795316994547215e-05,3.1325910049217044e-08,0.3,10184194.96,-16.620107537306975
63.55,0,aGDL,-16.620078675514833,47.504624987367116,0.0,1.938403693364133e-08,1.938403693364133e-08,0.0,0.0,0.0,0.0,0.8,6.050040621599833e-05,0.0,4.7795320910638685e-05,3.132592585854345e-08,0.3,10184194.96,-16.620095526362
63.650000000000006,0,aGDL,-16.620066820385716,47.504598712416445,0.0,1.9414535996742745e-08,1.9414535996742745e-08,0.0,0.0,0.0,0.0,0.8,6.05004111088788e-05,0.0,4.779532477601425e-05,3.13259414631331e-08,0.3,10184194.96,-16.620083670963172
63.75000000000001,0,aGDL,-16.62005512080043,47.50457243745997,0.0,1.9445035057449964e-08,1.9445035057449964e-08,0.0,0.0,0.0,0.0,0.8,6.0500415937562984e-05,0.0,4.7795328590674756e-05,3.1325956862989054e-08,0.3,10184194.96,-16.620071971107997
63.849999999999994,0,aGDL,-16.62004357675653,47.504546162497675,0.0,1.947553411579544e-08,1.947553411579544e-08,0.0,0.0,0.0,0.0,0.8,6.050042070205188e-05,0.0,4.779533235462099e-05,3.132597205811436e-08,0.3,10184194.96,-16.620060426793994
63.949999999999996,0,aGDL,-16.620032188251514,47.50451988752953,0.0,1.950603317181163e-08,1.950603317181163e-08,0.0,0.0,0.0,0.0,0.8,6.0500425402346494e-05,0.0,4.779533606785373e-05,3.132598704851217e-08,0.3,10184194.96,-16.62004903801866
64.05,0,aGDL,-16.620020955282826,47.5044936125555,0.0,1.953653222553098e-08,1.953653222553098e-08,0.0,0.0,0.0,0.0,0.8,6.0500430038447886e-05,0.0,4.779533973037382e-05,3.1326001834185624e-08,0.3,10184194.96,-16.620037804779503
64.15,0,aGDL,-16.62000987784802,47.50446733757556,0.0,1.9567031276985937e-08,1.9567031276985937e-08,0.0,0.0,0.0,0.0,0.8,6.050043461035707e-05,0.0,4.7795343342182084e-05,3.132601641513782e-08,0.3,10184194.96,-16.62002672707403
64.24999999999999,0,aGDL,-16.619998955944595,47.50444106258969,0.0,1.9597530326208945e-08,1.9597530326208945e-08,0.0,0.0,0.0,0.0,0.8,6.050043911807506e-05,0.0,4.7795346903279295e-05,3.1326030791371813e-08,0.3,10184194.96,-16.620015804899737
64.35,0,aGDL,-16.61998818957005,47.50441478759785,0.0,1.962802937323246e-08,1.962802937323246e-08,0.0,0.0,0.0,0.0,0.8,6.050044356160289e-05,0.0,4.7795350413666276e-05,3.1326044962890795e-08,0.3,10184194.96,-16.620005038254128
64.44999999999999,0,aGDL,-16.619977578721887,47.50438851260003,0.0,1.9658528418088927e-08,1.9658528418088927e-08,0.0,0.0,0.0,0.0,0.8,6.050044794094155e-05,0.0,4.779535387334382e-05,3.132605892969788e-08,0.3,10184194.96,-16.619994427134696
64.55,0,aGDL,-16.6199671233976,47.50436223759618,0.0,1.9689027460810792e-08,1.9689027460810792e-08,0.0,0.0,0.0,0.0,0.8,6.050045225609212e-05,0.0,4.779535728231278e-05,3.1326072691796155e-08,0.3,10184194.96,-16.61998397153894
64.65,0,aGDL,-16.619956823594634,47.50433596258628,0.0,1.97195265014305e-08,1.97195265014305e-08,0.0,0.0,0.0,0.0,0.8,6.050045650705562e-05,0.0,4.7795360640573935e-05,3.132608624918888e-08,0.3,10184194.96,-16.619973671464354
64.75,0,aGDL,-16.619946679310544,47.50430968757031,0.0,1.97500255399805e-08,1.97500255399805e-08,0.0,0.0,0.0,0.0,0.8,6.050046069383306e-05,0.0,4.779536394812812e-05,3.132609960187909e-08,0.3,10184194.96,-16.619963526908432
64.85000000000001,0,aGDL,-16.61993669054283,47.50428341254824,0.0,1.9780524576493232e-08,1.9780524576493232e-08,0.0,0.0,0.0,0.0,0.8,6.0500464816425475e-05,0.0,4.779536720497613e-05,3.132611274986994e-08,0.3,10184194.96,-16.61995353786866
64.94999999999999,0,aGDL,-16.61992685728893,47.50425713752004,0.0,1.9811023611001144e-08,1.9811023611001144e-08,0.0,0.0,0.0,0.0,0.8,6.050046887483392e-05,0.0,4.779537041111878e-05,3.13261256931646e-08,0.3,10184194.96,-16.619943704342532
65.05,0,aGDL,-16.61991717954629,47.50423086248568,0.0,1.9841522643536683e-08,1.9841522643536683e-08,0.0,0.0,0.0,0.0,0.8,6.050047286905939e-05,0.0,4.779537356655692e-05,3.132613843176634e-08,0.3,10184194.96,-16.619934026327535
65.14999999999999,0,aGDL,-16.619907657312524,47.50420458744513,0.0,1.9872021674132285e-08,1.9872021674132285e-08,0.0,0.0,0.0,0.0,0.8,6.0500476799102926e-05,0.0,4.779537667129131e-05,3.1326150965678136e-08,0.3,10184194.96,-16.619924503821153
65.25,0,aGDL,-16.61989829058507,47.504178312398366,0.0,1.9902520702820402e-08,1.9902520702820402e-08,0.0,0.0,0.0,0.0,0.8,6.0500480664965566e-05,0.0,4.7795379725322785e-05,3.132616329490318e-08,0.3,10184194.96,-16.61991513682087
65.35,0,aGDL,-16.619889079361315,47.504152037345364,0.0,1.993301972963347e-08,1.993301972963347e-08,0.0,0.0,0.0,0.0,0.8,6.050048446664837e-05,0.0,4.779538272865221e-05,3.132617541944482e-08,0.3,10184194.96,-16.619905925324165
65.44999999999999,0,aGDL,-16.61988002363887,47.50412576228609,0.0,1.996351875460393e-08,1.996351875460393e-08,0.0,0.0,0.0,0.0,0.8,6.050048820415233e-05,0.0,4.7795385681280335e-05,3.132618733930602e-08,0.3,10184194.96,-16.619896869328525
65.55,0,aGDL,-16.619871123415123,47.504099487220515,0.0,1.999401777776423e-08,1.999401777776423e-08,0.0,0.0,0.0,0.0,0.8,6.0500491877478506e-05,0.0,4.779538858320801e-05,3.1326199054490105e-08,0.3,10184194.96,-16.619887968831417
65.64999999999999,0,aGDL,-16.61986237868763,47.50407321214862,0.0,2.0024516799146807e-08,2.0024516799146807e-08,0.0,0.0,0.0,0.0,0.8,6.05004954866279e-05,0.0,4.7795391434436045e-05,3.1326210565000145e-08,0.3,10184194.96,-16.61987922383033
65.75,0,aGDL,-16.61985378945377,47.50404693707037,0.0,2.0055015818784102e-08,2.0055015818784102e-08,0.0,0.0,0.0,0.0,0.8,6.050049903160162e-05,0.0,4.779539423496528e-05,3.132622187083945e-08,0.3,10184194.96,-16.61987063432273
65.85,0,aGDL,-16.619845355711107,47.50402066198574,0.0,2.0085514836708555e-08,2.0085514836708555e-08,0.0,0.0,0.0,0.0,0.8,6.0500502512400635e-05,0.0,4.7795396984796495e-05,3.1326232972011117e-08,0.3,10184194.96,-16.619862200306095
65.95,0,aGDL,-16.61983707745702,47.5039943868947,0.0,2.0116013852952603e-08,2.0116013852952603e-08,0.0,0.0,0.0,0.0,0.8,6.050050592902604e-05,0.0,4.779539968393057e-05,3.132624386851845e-08,0.3,10184194.96,-16.619853921777896
66.05,0,aGDL,-16.61982895468907,47.50396811179723,0.0,2.0146512867548686e-08,2.0146512867548686e-08,0.0,0.0,0.0,0.0,0.8,6.050050928147882e-05,0.0,4.779540233236826e-05,3.132625456036454e-08,0.3,10184194.96,-16.619845798735597
66.14999999999999,0,aGDL,-16.619820987404637,47.503941836693286,0.0,2.0177011880529245e-08,2.0177011880529245e-08,0.0,0.0,0.0,0.0,0.8,6.0500512569760074e-05,0.0,4.779540493011045e-05,3.132626504755269e-08,0.3,10184194.96,-16.61983783117667
66.25,0,aGDL,-16.61981317560128,47.50391556158285,0.0,2.0207510891926717e-08,2.0207510891926717e-08,0.0,0.0,0.0,0.0,0.8,6.050051579387078e-05,0.0,4.779540747715791e-05,3.1326275330086037e-08,0.3,10184194.96,-16.619830019098583
66.35,0,aGDL,-16.61980551927644,47.5038892864659,0.0,2.023800990177354e-08,2.023800990177354e-08,0.0,0.0,0.0,0.0,0.8,6.0500518953812005e-05,0.0,4.779540997351148e-05,3.132628540796781e-08,0.3,10184194.96,-16.619822362498798
66.45,0,aGDL,-16.619798018427502,47.5038630113424,0.0,2.0268508910102143e-08,2.0268508910102143e-08,0.0,0.0,0.0,0.0,0.8,6.050052204958482e-05,0.0,4.7795412419172e-05,3.13262952812013e-08,0.3,10184194.96,-16.619814861374778
66.55,0,aGDL,-16.619790673052023,47.50383673621233,0.0,2.0299007916944966e-08,2.0299007916944966e-08,0.0,0.0,0.0,0.0,0.8,6.050052508119022e-05,0.0,4.779541481414027e-05,3.132630494978964e-08,0.3,10184194.96,-16.619807515723977
66.64999999999999,0,aGDL,-16.619783483147387,47.503810461075645,0.0,2.032950692233445e-08,2.032950692233445e-08,0.0,0.0,0.0,0.0,0.8,6.05005280486293e-05,0.0,4.779541715841714e-05,3.132631441373617e-08,0.3,10184194.96,-16.619800325543864
66.75,0,aGDL,-16.619776448711093,47.50378418593234,0.0,2.0360005926303025e-08,2.0360005926303025e-08,0.0,0.0,0.0,0.0,0.8,6.0500530951903077e-05,0.0,4.779541945200343e-05,3.132632367304406e-08,0.3,10184194.96,-16.61979329083189
66.85,0,aGDL,-16.619769569740583,47.50375791078237,0.0,2.039050492888313e-08,2.039050492888313e-08,0.0,0.0,0.0,0.0,0.8,6.0500533791012605e-05,0.0,4.779542169489995e-05,3.132633272771657e-08,0.3,10184194.96,-16.619786411585512
66.95,0,aGDL,-16.6197628462333,47.50373163562571,0.0,2.042100393010719e-08,2.042100393010719e-08,0.0,0.0,0.0,0.0,0.8,6.0500536565958934e-05,0.0,4.7795423887107556e-05,3.132634157775696e-08,0.3,10184194.96,-16.619779687802186
67.05,0,aGDL,-16.619756278186742,47.50370536046234,0.0,2.045150293000765e-08,2.045150293000765e-08,0.0,0.0,0.0,0.0,0.8,6.050053927674309e-05,0.0,4.779542602862703e-05,3.132635022316842e-08,0.3,10184194.96,-16.619773119479355
67.14999999999999,0,aGDL,-16.619749865598294,47.503679085292234,0.0,2.0482001928616932e-08,2.0482001928616932e-08,0.0,0.0,0.0,0.0,0.8,6.0500541923366154e-05,0.0,4.779542811945926e-05,3.13263586639543e-08,0.3,10184194.96,-16.619766706614477
67.25,0,aGDL,-16.619743608465456,47.50365281011535,0.0,2.0512500925967474e-08,2.0512500925967474e-08,0.0,0.0,0.0,0.0,0.8,6.050054450582915e-05,0.0,4.779543015960504e-05,3.1326366900117756e-08,0.3,10184194.96,-16.619760449205
67.35,0,aGDL,-16.61973750678567,47.50362653493167,0.0,2.054299992209171e-08,2.054299992209171e-08,0.0,0.0,0.0,0.0,0.8,6.0500547024133144e-05,0.0,4.779543214906518e-05,3.132637493166213e-08,0.3,10184194.96,-16.619754347248367
67.45,0,aGDL,-16.619731560556374,47.50360025974116,0.0,2.0573498917022067e-08,2.0573498917022067e-08,0.0,0.0,0.0,0.0,0.8,6.050054947827917e-05,0.0,4.779543408784054e-05,3.1326382758590626e-08,0.3,10184194.96,-16.619748400742026
67.55,0,aGDL,-16.61972576977496,47.503573984543806,0.0,2.0603997910790976e-08,2.0603997910790976e-08,0.0,0.0,0.0,0.0,0.8,6.050055186826831e-05,0.0,4.7795435975931964e-05,3.132639038090663e-08,0.3,10184194.96,-16.619742609683414
67.64999999999999,0,aGDL,-16.619720134438978,47.503547709339564,0.0,2.063449690343087e-08,2.063449690343087e-08,0.0,0.0,0.0,0.0,0.8,6.050055419410157e-05,0.0,4.779543781334024e-05,3.132639779861327e-08,0.3,10184194.96,-16.619736974069976
67.75,0,aGDL,-16.61971465454576,47.503521434128416,0.0,2.0664995894974173e-08,2.0664995894974173e-08,0.0,0.0,0.0,0.0,0.8,6.050055645578006e-05,0.0,4.779543960006625e-05,3.132640501171398e-08,0.3,10184194.96,-16.619731493899152
67.85,0,aGDL,-16.619709330092746,47.503495158910326,0.0,2.0695494885453322e-08,2.0695494885453322e-08,0.0,0.0,0.0,0.0,0.8,6.0500558653304796e-05,0.0,4.779544133611079e-05,3.132641202021205e-08,0.3,10184194.96,-16.619726169168377
67.95,0,aGDL,-16.619704161077493,47.50346888368528,0.0,2.0725993874900742e-08,2.0725993874900742e-08,0.0,0.0,0.0,0.0,0.8,6.050056078667684e-05,0.0,4.779544302147471e-05,3.1326418824110574e-08,0.3,10184194.96,-16.619720999875092
68.05,0,aGDL,-16.619699147497272,47.503442608453234,0.0,2.075649286334886e-08,2.075649286334886e-08,0.0,0.0,0.0,0.0,0.8,6.050056285589728e-05,0.0,4.779544465615885e-05,3.132642542341313e-08,0.3,10184194.96,-16.619715986016722
68.15,0,aGDL,-16.61969428934964,47.50341633321417,0.0,2.07869918508301e-08,2.07869918508301e-08,0.0,0.0,0.0,0.0,0.8,6.050056486096712e-05,0.0,4.779544624016402e-05,3.13264318181228e-08,0.3,10184194.96,-16.61971112759071
68.24999999999999,0,aGDL,-16.619689586631978,47.503390057968055,0.0,2.0817490837376895e-08,2.0817490837376895e-08,0.0,0.0,0.0,0.0,0.8,6.0500566801887435e-05,0.0,4.7795447773491075e-05,3.132643800824294e-08,0.3,10184194.96,-16.619706424594476
68.35,0,aGDL,-16.619685039341732,47.50336378271487,0.0,2.0847989823021673e-08,2.0847989823021673e-08,0.0,0.0,0.0,0.0,0.8,6.0500568678659305e-05,0.0,4.7795449256140846e-05,3.132644399377694e-08,0.3,10184194.96,-16.619701877025456
68.45,0,aGDL,-16.619680647476287,47.50333750745458,0.0,2.0878488807796853e-08,2.0878488807796853e-08,0.0,0.0,0.0,0.0,0.8,6.050057049128378e-05,0.0,4.779545068811418e-05,3.1326449774728064e-08,0.3,10184194.96,-16.619697484881073
68.55,0,aGDL,-16.619676411033083,47.50331123218716,0.0,2.0908987791734866e-08,2.0908987791734866e-08,0.0,0.0,0.0,0.0,0.8,6.050057223976193e-05,0.0,4.779545206941192e-05,3.132645535109969e-08,0.3,10184194.96,-16.61969324815875
68.65,0,aGDL,-16.61967233000962,47.50328495691257,0.0,2.0939486774868135e-08,2.0939486774868135e-08,0.0,0.0,0.0,0.0,0.8,6.050057392409476e-05,0.0,4.7795453400034855e-05,3.132646072289501e-08,0.3,10184194.96,-16.61968916685592
68.74999999999999,0,aGDL,-16.619668404403228,47.50325868163081,0.0,2.096998575722908e-08,2.096998575722908e-08,0.0,0.0,0.0,0.0,0.8,6.0500575544283395e-05,0.0,4.779545467998388e-05,3.132646589011747e-08,0.3,10184194.96,-16.619685240969993
68.85,0,aGDL,-16.619664634211347,47.50323240634182,0.0,2.100048473885013e-08,2.100048473885013e-08,0.0,0.0,0.0,0.0,0.8,6.050057710032889e-05,0.0,4.779545590925982e-05,3.132647085277037e-08,0.3,10184194.96,-16.619681470498396
68.94999999999999,0,aGDL,-16.61966101943142,47.5032061310456,0.0,2.1030983719763705e-08,2.1030983719763705e-08,0.0,0.0,0.0,0.0,0.8,6.050057859223228e-05,0.0,4.7795457087863496e-05,3.132647561085709e-08,0.3,10184194.96,-16.619677855438546
69.05,0,aGDL,-16.61965756006083,47.503179855742104,0.0,2.1061482700002233e-08,2.1061482700002233e-08,0.0,0.0,0.0,0.0,0.8,6.0500580019994646e-05,0.0,4.779545821579577e-05,3.1326480164380924e-08,0.3,10184194.96,-16.619674395787854
69.15,0,aGDL,-16.61965425609702,47.50315358043131,0.0,2.109198167959813e-08,2.109198167959813e-08,0.0,0.0,0.0,0.0,0.8,6.050058138361706e-05,0.0,4.779545929305748e-05,3.132648451334527e-08,0.3,10184194.96,-16.619671091543736
69.25,0,aGDL,-16.61965110753738,47.50312730511319,0.0,2.112248065858382e-08,2.112248065858382e-08,0.0,0.0,0.0,0.0,0.8,6.050058268310058e-05,0.0,4.779546031964946e-05,3.1326488657753425e-08,0.3,10184194.96,-16.619667942703614
69.35,0,aGDL,-16.619648114379345,47.503101029787715,0.0,2.1152979636991723e-08,2.1152979636991723e-08,0.0,0.0,0.0,0.0,0.8,6.0500583918446276e-05,0.0,4.7795461295572554e-05,3.1326492597608826e-08,0.3,10184194.96,-16.619664949264884
69.44999999999999,0,aGDL,-16.619645276620304,47.503074754454865,0.0,2.1183478614854263e-08,2.1183478614854263e-08,0.0,0.0,0.0,0.0,0.8,6.0500585089655206e-05,0.0,4.7795462220827604e-05,3.1326496332914764e-08,0.3,10184194.96,-16.61966211122497
69.55,0,aGDL,-16.61964259425764,47.5030484791146,0.0,2.1213977592203856e-08,2.1213977592203856e-08,0.0,0.0,0.0,0.0,0.8,6.050058619672845e-05,0.0,4.7795463095415475e-05,3.132649986367469e-08,0.3,10184194.96,-16.61965942858127
69.65,0,aGDL,-16.619640067288856,47.503022203766896,0.0,2.1244476569072922e-08,2.1244476569072922e-08,0.0,0.0,0.0,0.0,0.8,6.0500587239667064e-05,0.0,4.779546391933698e-05,3.132650318989182e-08,0.3,10184194.96,-16.61965690133119
69.75,0,aGDL,-16.61963769571122,47.50299592841173,0.0,2.1274975545493882e-08,2.1274975545493882e-08,0.0,0.0,0.0,0.0,0.8,6.0500588218472134e-05,0.0,4.7795464692592984e-05,3.132650631156976e-08,0.3,10184194.96,-16.619654529472136
69.85,0,aGDL,-16.619635479522287,47.50296965304907,0.0,2.130547452149915e-08,2.130547452149915e-08,0.0,0.0,0.0,0.0,0.8,6.050058913314471e-05,0.0,4.7795465415184317e-05,3.132650922871165e-08,0.3,10184194.96,-16.61965231300151
69.94999999999999,0,aGDL,-16.619633418719275,47.502943377678896,0.0,2.1335973497121147e-08,2.1335973497121147e-08,0.0,0.0,0.0,0.0,0.8,6.050058998368591e-05,0.0,4.7795466087111864e-05,3.132651194132113e-08,0.3,10184194.96,-16.619650251916713
70.05,0,aGDL,-16.619631513299737,47.50291710230117,0.0,2.1366472472392292e-08,2.1366472472392292e-08,0.0,0.0,0.0,0.0,0.8,6.0500590770096756e-05,0.0,4.779546670837643e-05,3.1326514449401394e-08,0.3,10184194.96,-16.61964834621514
70.14999999999999,0,aGDL,-16.619629763261003,47.502890826915866,0.0,2.1396971447344996e-08,2.1396971447344996e-08,0.0,0.0,0.0,0.0,0.8,6.050059149237834e-05,0.0,4.779546727897889e-05,3.132651675295594e-08,0.3,10184194.96,-16.619646595894192
70.25,0,aGDL,-16.619628168600514,47.502864551522954,0.0,2.1427470422011685e-08,2.1427470422011685e-08,0.0,0.0,0.0,0.0,0.8,6.050059215053171e-05,0.0,4.7795467798920056e-05,3.132651885198806e-08,0.3,10184194.96,-16.619645000951255
70.35000000000001,0,aGDL,-16.6196267293156,47.50283827612242,0.0,2.1457969396424763e-08,2.1457969396424763e-08,0.0,0.0,0.0,0.0,0.8,6.050059274455799e-05,0.0,4.779546826820081e-05,3.1326520746501286e-08,0.3,10184194.96,-16.619643561383732
70.45,0,aGDL,-16.6196254454037,47.50281200071422,0.0,2.148846837061665e-08,2.148846837061665e-08,0.0,0.0,0.0,0.0,0.8,6.050059327445823e-05,0.0,4.7795468686822e-05,3.132652243649899e-08,0.3,10184194.96,-16.619642277189016
70.55,0,aGDL,-16.619624316862144,47.50278572529834,0.0,2.1518967344619757e-08,2.1518967344619757e-08,0.0,0.0,0.0,0.0,0.8,6.050059374023352e-05,0.0,4.7795469054784473e-05,3.13265239219846e-08,0.3,10184194.96,-16.619641148364487
70.64999999999999,0,aGDL,-16.619623343688374,47.50275944987474,0.0,2.1549466318466507e-08,2.1549466318466507e-08,0.0,0.0,0.0,0.0,0.8,6.050059414188492e-05,0.0,4.779546937208908e-05,3.1326525202961526e-08,0.3,10184194.96,-16.619640174907534
70.75,0,aGDL,-16.619622525879777,47.5027331744434,0.0,2.1579965292189307e-08,2.1579965292189307e-08,0.0,0.0,0.0,0.0,0.8,6.05005944794135e-05,0.0,4.779546963873666e-05,3.132652627943315e-08,0.3,10184194.96,-16.61963935681555
70.85,0,aGDL,-16.61962186343368,47.50270689900429,0.0,2.161046426582057e-08,2.161046426582057e-08,0.0,0.0,0.0,0.0,0.8,6.0500594752820385e-05,0.0,4.77954698547281e-05,3.132652715140303e-08,0.3,10184194.96,-16.619638694085918
70.94999999999999,0,aGDL,-16.61962135634758,47.502680623557374,0.0,2.164096323939271e-08,2.164096323939271e-08,0.0,0.0,0.0,0.0,0.8,6.050059496210657e-05,0.0,4.7795470020064196e-05,3.1326527818874414e-08,0.3,10184194.96,-16.619638186716013
71.05,0,aGDL,-16.619621004618693,47.50265434810264,0.0,2.1671462212938135e-08,2.1671462212938135e-08,0.0,0.0,0.0,0.0,0.8,6.0500595107273254e-05,0.0,4.779547013474587e-05,3.1326528281850936e-08,0.3,10184194.96,-16.619637834703223
71.14999999999999,0,aGDL,-16.619620808244576,47.50262807264005,0.0,2.170196118648926e-08,2.170196118648926e-08,0.0,0.0,0.0,0.0,0.8,6.050059518832141e-05,0.0,4.779547019877392e-05,3.1326528540335825e-08,0.3,10184194.96,-16.619637638044928
71.25,0,aGDL,-16.619620767222443,47.502601797169575,0.0,2.1732460160078497e-08,2.1732460160078497e-08,0.0,0.0,0.0,0.0,0.8,6.05005952052522e-05,0.0,4.779547021214924e-05,3.132652859433277e-08,0.3,10184194.96,-16.619637596738496
71.35,0,aGDL,-16.619620881549793,47.5025755216912,0.0,2.176295913373825e-08,2.176295913373825e-08,0.0,0.0,0.0,0.0,0.8,6.050059515806665e-05,0.0,4.779547017487265e-05,3.132652844384503e-08,0.3,10184194.96,-16.619637710781312
71.45,0,aGDL,-16.619621151223953,47.50254924620488,0.0,2.1793458107500937e-08,2.1793458107500937e-08,0.0,0.0,0.0,0.0,0.8,6.0500595046765856e-05,0.0,4.779547008694503e-05,3.132652808887617e-08,0.3,10184194.96,-16.619637980170744
71.55000000000001,0,aGDL,-16.61962157624231,47.502522970710594,0.0,2.182395708139896e-08,2.182395708139896e-08,0.0,0.0,0.0,0.0,0.8,6.0500594871350936e-05,0.0,4.779546994836723e-05,3.132652752942958e-08,0.3,10184194.96,-16.61963840490417
71.64999999999999,0,aGDL,-16.61962215660219,47.50249669520832,0.0,2.1854456055464728e-08,2.1854456055464728e-08,0.0,0.0,0.0,0.0,0.8,6.050059463182294e-05,0.0,4.7795469759140115e-05,3.132652676550884e-08,0.3,10184194.96,-16.61963898497895
71.75,0,aGDL,-16.61962289230098,47.50247041969803,0.0,2.188495502973065e-08,2.188495502973065e-08,0.0,0.0,0.0,0.0,0.8,6.050059432818297e-05,0.0,4.7795469519264545e-05,3.132652579711731e-08,0.3,10184194.96,-16.61963972039246
71.85,0,aGDL,-16.619623783336067,47.502444144179684,0.0,2.191545400422914e-08,2.191545400422914e-08,0.0,0.0,0.0,0.0,0.8,6.050059396043212e-05,0.0,4.779546922874137e-05,3.132652462425855e-08,0.3,10184194.96,-16.61964061114206
71.95,0,aGDL,-16.619624829704833,47.50241786865326,0.0,2.1945952978992595e-08,2.1945952978992595e-08,0.0,0.0,0.0,0.0,0.8,6.050059352857143e-05,0.0,4.779546888757143e-05,3.1326523246935955e-08,0.3,10184194.96,-16.61964165722512
72.04999999999998,0,aGDL,-16.61962603140455,47.50239159311874,0.0,2.1976451954053425e-08,2.1976451954053425e-08,0.0,0.0,0.0,0.0,0.8,6.050059303260208e-05,0.0,4.779546849575564e-05,3.132652166515314e-08,0.3,10184194.96,-16.619642858639008
72.14999999999999,0,aGDL,-16.61962738843272,47.502365317576086,0.0,2.2006950929444036e-08,2.2006950929444036e-08,0.0,0.0,0.0,0.0,0.8,6.050059247252507e-05,0.0,4.779546805329481e-05,3.132651987891342e-08,0.3,10184194.96,-16.61964421538108
72.25,0,aGDL,-16.61962890078655,47.50233904202527,0.0,2.2037449905196832e-08,2.2037449905196832e-08,0.0,0.0,0.0,0.0,0.8,6.050059184834155e-05,0.0,4.779546756018982e-05,3.1326517888220495e-08,0.3,10184194.96,-16.619645727448688
72.35,0,aGDL,-16.61963056846355,47.502312766466275,0.0,2.2067948881344223e-08,2.2067948881344223e-08,0.0,0.0,0.0,0.0,0.8,6.0500591160052564e-05,0.0,4.779546701644152e-05,3.132651569307769e-08,0.3,10184194.96,-16.6196473948392
72.45,0,aGDL,-16.619632391460925,47.50228649089906,0.0,2.2098447857918605e-08,2.2098447857918605e-08,0.0,0.0,0.0,0.0,0.8,6.050059040765926e-05,0.0,4.7795466422050816e-05,3.1326513293488625e-08,0.3,10184194.96,-16.619649217549966
72.55,0,aGDL,-16.61963436977618,47.502260215323595,0.0,2.212894683495239e-08,2.212894683495239e-08,0.0,0.0,0.0,0.0,0.8,6.050058959116267e-05,0.0,4.779546577701851e-05,3.1326510689456704e-08,0.3,10184194.96,-16.619651195578346
72.65,0,aGDL,-16.619636503406525,47.502233939739874,0.0,2.215944581247797e-08,2.215944581247797e-08,0.0,0.0,0.0,0.0,0.8,6.0500588710563934e-05,0.0,4.7795465081345505e-05,3.132650788098554e-08,0.3,10184194.96,-16.61965332892169
72.75,0,aGDL,-16.619638792349406,47.502207664147846,0.0,2.2189944790527757e-08,2.2189944790527757e-08,0.0,0.0,0.0,0.0,0.8,6.050058776586413e-05,0.0,4.779546433503267e-05,3.1326504868078626e-08,0.3,10184194.96,-16.61965561757734
72.85,0,aGDL,-16.619641236602092,47.50218138854749,0.0,2.222044376913415e-08,2.222044376913415e-08,0.0,0.0,0.0,0.0,0.8,6.050058675706438e-05,0.0,4.779546353808086e-05,3.132650165073952e-08,0.3,10184194.96,-16.619658061542662
72.95,0,aGDL,-16.619643836162027,47.50215511293879,0.0,2.225094274832955e-08,2.225094274832955e-08,0.0,0.0,0.0,0.0,0.8,6.0500585684165724e-05,0.0,4.779546269049092e-05,3.132649822897168e-08,0.3,10184194.96,-16.619660660814986
73.05,0,aGDL,-16.61964659102648,47.5021288373217,0.0,2.228144172814636e-08,2.228144172814636e-08,0.0,0.0,0.0,0.0,0.8,6.050058454716931e-05,0.0,4.779546179226375e-05,3.132649460277868e-08,0.3,10184194.96,-16.619663415391667
73.14999999999999,0,aGDL,-16.61964950119284,47.502102561696205,0.0,2.2311940708616976e-08,2.2311940708616976e-08,0.0,0.0,0.0,0.0,0.8,6.05005833460762e-05,0.0,4.7795460843400196e-05,3.132649077216403e-08,0.3,10184194.96,-16.619666325270046
73.24999999999999,0,aGDL,-16.61965256665843,47.50207628606227,0.0,2.2342439689773796e-08,2.2342439689773796e-08,0.0,0.0,0.0,0.0,0.8,6.0500582080887505e-05,0.0,4.779545984390112e-05,3.132648673713131e-08,0.3,10184194.96,-16.619669390447466
73.35,0,aGDL,-16.61965578742064,47.50205001041987,0.0,2.2372938671649228e-08,2.2372938671649228e-08,0.0,0.0,0.0,0.0,0.8,6.050058075160433e-05,0.0,4.7795458793767414e-05,3.132648249768396e-08,0.3,10184194.96,-16.61967261092126
73.45,0,aGDL,-16.619659163476683,47.50202373476898,0.0,2.2403437654275667e-08,2.2403437654275667e-08,0.0,0.0,0.0,0.0,0.8,6.050057935822778e-05,0.0,4.779545769299994e-05,3.132647805382576e-08,0.3,10184194.96,-16.61967598668878
73.55,0,aGDL,-16.619662694824,47.501997459109575,0.0,2.243393663768551e-08,2.243393663768551e-08,0.0,0.0,0.0,0.0,0.8,6.0500577900758945e-05,0.0,4.779545654159957e-05,3.132647340556008e-08,0.3,10184194.96,-16.61967951774735
73.65,0,aGDL,-16.619666381459922,47.50197118344161,0.0,2.246443562191115e-08,2.246443562191115e-08,0.0,0.0,0.0,0.0,0.8,6.050057637919893e-05,0.0,4.779545533956716e-05,3.132646855289051e-08,0.3,10184194.96,-16.619683204094308
73.75,0,aGDL,-16.619670223381718,47.50194490776508,0.0,2.249493460698499e-08,2.249493460698499e-08,0.0,0.0,0.0,0.0,0.8,6.0500574793548865e-05,0.0,4.7795454086903596e-05,3.1326463495820686e-08,0.3,10184194.96,-16.61968704572699
73.85,0,aGDL,-16.619674220586774,47.50191863207994,0.0,2.2525433592939422e-08,2.2525433592939422e-08,0.0,0.0,0.0,0.0,0.8,6.050057314380982e-05,0.0,4.779545278360976e-05,3.132645823435409e-08,0.3,10184194.96,-16.619691042642728
73.94999999999999,0,aGDL,-16.619678373072418,47.50189235638617,0.0,2.255593257980685e-08,2.255593257980685e-08,0.0,0.0,0.0,0.0,0.8,6.050057142998288e-05,0.0,4.779545142968647e-05,3.132645276849436e-08,0.3,10184194.96,-16.619695194838844
74.05,0,aGDL,-16.619682680835922,47.50186608068375,0.0,2.2586431567619657e-08,2.2586431567619657e-08,0.0,0.0,0.0,0.0,0.8,6.0500569652069215e-05,0.0,4.7795450025134676e-05,3.132644709824511e-08,0.3,10184194.96,-16.619699502312674
74.15,0,aGDL,-16.61968714387467,47.50183980497263,0.0,2.261693055641025e-08,2.261693055641025e-08,0.0,0.0,0.0,0.0,0.8,6.050056781006987e-05,0.0,4.77954485699552e-05,3.1326441223609846e-08,0.3,10184194.96,-16.619703965061536
74.24999999999999,0,aGDL,-16.619691762185994,47.5018135292528,0.0,2.2647429546211015e-08,2.2647429546211015e-08,0.0,0.0,0.0,0.0,0.8,6.0500565903985985e-05,0.0,4.7795447064148924e-05,3.132643514459214e-08,0.3,10184194.96,-16.61970858308276
74.35,0,aGDL,-16.61969653576716,47.50178725352423,0.0,2.2677928537054348e-08,2.2677928537054348e-08,0.0,0.0,0.0,0.0,0.8,6.0500563933818656e-05,0.0,4.7795445507716735e-05,3.132642886119571e-08,0.3,10184194.96,-16.619713356373666
74.44999999999999,0,aGDL,-16.61970146461556,47.50176097778689,0.0,2.2708427528972642e-08,2.2708427528972642e-08,0.0,0.0,0.0,0.0,0.8,6.0500561899568995e-05,0.0,4.77954439006595e-05,3.132642237342398e-08,0.3,10184194.96,-16.619718284931576
74.55,0,aGDL,-16.61970654872846,47.50173470204075,0.0,2.2738926521998293e-08,2.2738926521998293e-08,0.0,0.0,0.0,0.0,0.8,6.050055980123811e-05,0.0,4.779544224297811e-05,3.1326415681280725e-08,0.3,10184194.96,-16.619723368753803
74.64999999999999,0,aGDL,-16.61971178810313,47.50170842628578,0.0,2.2769425516163687e-08,2.2769425516163687e-08,0.0,0.0,0.0,0.0,0.8,6.050055763882713e-05,0.0,4.779544053467344e-05,3.132640878476953e-08,0.3,10184194.96,-16.619728607837676
74.75,0,aGDL,-16.61971718273702,47.501682150521965,0.0,2.2799924511501218e-08,2.2799924511501218e-08,0.0,0.0,0.0,0.0,0.8,6.050055541233714e-05,0.0,4.779543877574634e-05,3.132640168389388e-08,0.3,10184194.96,-16.619734002180497
74.85000000000001,0,aGDL,-16.619722732627338,47.50165587474927,0.0,2.2830423508043277e-08,2.2830423508043277e-08,0.0,0.0,0.0,0.0,0.8,6.050055312176925e-05,0.0,4.779543696619771e-05,3.1326394378657535e-08,0.3,10184194.96,-16.61973955177959
74.94999999999999,0,aGDL,-16.619728437771414,47.50162959896766,0.0,2.2860922505822255e-08,2.2860922505822255e-08,0.0,0.0,0.0,0.0,0.8,6.0500550767124596e-05,0.0,4.779543510602842e-05,3.132638686906402e-08,0.3,10184194.96,-16.619745256632257
75.05,0,aGDL,-16.619734298166634,47.501603323177115,0.0,2.2891421504870542e-08,2.2891421504870542e-08,0.0,0.0,0.0,0.0,0.8,6.050054834840424e-05,0.0,4.779543319523935e-05,3.132637915511696e-08,0.3,10184194.96,-16.61975111673582
75.14999999999999,0,aGDL,-16.619740313810155,47.5015770473776,0.0,2.2921920505220527e-08,2.2921920505220527e-08,0.0,0.0,0.0,0.0,0.8,6.050054586560939e-05,0.0,4.7795431233831405e-05,3.132637123682014e-08,0.3,10184194.96,-16.61975713208757
75.25,0,aGDL,-16.61974648469942,47.5015507715691,0.0,2.2952419506904598e-08,2.2952419506904598e-08,0.0,0.0,0.0,0.0,0.8,6.050054331874108e-05,0.0,4.779542922180544e-05,3.132636311417704e-08,0.3,10184194.96,-16.61976330268483
75.35000000000001,0,aGDL,-16.6197528108317,47.50152449575158,0.0,2.2982918509955142e-08,2.2982918509955142e-08,0.0,0.0,0.0,0.0,0.8,6.050054070780043e-05,0.0,4.7795427159162336e-05,3.1326354787191286e-08,0.3,10184194.96,-16.6197696285249
75.44999999999999,0,aGDL,-16.619759292204265,47.50149821992501,0.0,2.3013417514404544e-08,2.3013417514404544e-08,0.0,0.0,0.0,0.0,0.8,6.05005380327886e-05,0.0,4.7795425045902994e-05,3.132634625586663e-08,0.3,10184194.96,-16.61977610960508
75.55,0,aGDL,-16.619765928814388,47.50147194408937,0.0,2.3043916520285198e-08,2.3043916520285198e-08,0.0,0.0,0.0,0.0,0.8,6.05005352937067e-05,0.0,4.7795422882028296e-05,3.1326337520206744e-08,0.3,10184194.96,-16.619782745922677
75.64999999999999,0,aGDL,-16.619772720659455,47.50144566824462,0.0,2.3074415527629487e-08,2.3074415527629487e-08,0.0,0.0,0.0,0.0,0.8,6.050053249055581e-05,0.0,4.77954206675391e-05,3.132632858021518e-08,0.3,10184194.96,-16.61978953747498
75.75,0,aGDL,-16.619779667736736,47.501419392390744,0.0,2.31049145364698e-08,2.31049145364698e-08,0.0,0.0,0.0,0.0,0.8,6.050052962333709e-05,0.0,4.77954184024363e-05,3.1326319435895587e-08,0.3,10184194.96,-16.619796484259297
75.85,0,aGDL,-16.619786770043504,47.5013931165277,0.0,2.3135413546838516e-08,2.3135413546838516e-08,0.0,0.0,0.0,0.0,0.8,6.050052669205163e-05,0.0,4.779541608672079e-05,3.132631008725172e-08,0.3,10184194.96,-16.61980358627292
75.95,0,aGDL,-16.61979402757703,47.50136684065548,0.0,2.3165912558768023e-08,2.3165912558768023e-08,0.0,0.0,0.0,0.0,0.8,6.050052369670058e-05,0.0,4.779541372039346e-05,3.132630053428726e-08,0.3,10184194.96,-16.619810843513136
76.05,0,aGDL,-16.61980144033464,47.50134056477404,0.0,2.3196411572290704e-08,2.3196411572290704e-08,0.0,0.0,0.0,0.0,0.8,6.050052063728505e-05,0.0,4.779541130345519e-05,3.132629077700582e-08,0.3,10184194.96,-16.61981825597725
76.14999999999999,0,aGDL,-16.619809008313666,47.501314288883364,0.0,2.3226910587438946e-08,2.3226910587438946e-08,0.0,0.0,0.0,0.0,0.8,6.050051751380614e-05,0.0,4.7795408835906846e-05,3.132628081541106e-08,0.3,10184194.96,-16.61982582366255
76.25,0,aGDL,-16.61981673151132,47.501288012983416,0.0,2.325740960424513e-08,2.325740960424513e-08,0.0,0.0,0.0,0.0,0.8,6.0500514326265e-05,0.0,4.779540631774934e-05,3.1326270649506696e-08,0.3,10184194.96,-16.619833546566316
76.35,0,aGDL,-16.619824609924933,47.50126173707417,0.0,2.328790862274164e-08,2.328790862274164e-08,0.0,0.0,0.0,0.0,0.8,6.050051107466274e-05,0.0,4.779540374898356e-05,3.132626027929642e-08,0.3,10184194.96,-16.61984142468584
76.45,0,aGDL,-16.619832643551774,47.501235461155595,0.0,2.3318407642960854e-08,2.3318407642960854e-08,0.0,0.0,0.0,0.0,0.8,6.0500507759000495e-05,0.0,4.779540112961039e-05,3.1326249704783924e-08,0.3,10184194.96,-16.619849458018415
76.55,0,aGDL,-16.619840832389173,47.50120918522767,0.0,2.3348906664935157e-08,2.3348906664935157e-08,0.0,0.0,0.0,0.0,0.8,6.050050437927937e-05,0.0,4.77953984596307e-05,3.1326238925972866e-08,0.3,10184194.96,-16.619857646561307
76.64999999999999,0,aGDL,-16.619849176434343,47.501182909290364,0.0,2.3379405688696927e-08,2.3379405688696927e-08,0.0,0.0,0.0,0.0,0.8,6.0500500935500525e-05,0.0,4.779539573904542e-05,3.132622794286704e-08,0.3,10184194.96,-16.61986599031182
76.75,0,aGDL,-16.619857675684557,47.50115663334365,0.0,2.3409904714278547e-08,2.3409904714278547e-08,0.0,0.0,0.0,0.0,0.8,6.050049742766507e-05,0.0,4.779539296785541e-05,3.132621675547013e-08,0.3,10184194.96,-16.619874489267218
76.85,0,aGDL,-16.6198663301372,47.5011303573875,0.0,2.34404037417124e-08,2.34404037417124e-08,0.0,0.0,0.0,0.0,0.8,6.050049385577411e-05,0.0,4.779539014606154e-05,3.132620536378572e-08,0.3,10184194.96,-16.619883143424783
76.95,0,aGDL,-16.61987513978943,47.501104081421886,0.0,2.347090277103086e-08,2.347090277103086e-08,0.0,0.0,0.0,0.0,0.8,6.0500490219828835e-05,0.0,4.7795387273664776e-05,3.132619376781771e-08,0.3,10184194.96,-16.619891952781792
77.05,0,aGDL,-16.619884104638572,47.50107780544678,0.0,2.3501401802266302e-08,2.3501401802266302e-08,0.0,0.0,0.0,0.0,0.8,6.050048651983031e-05,0.0,4.7795384350665944e-05,3.132618196756972e-08,0.3,10184194.96,-16.619900917335528
77.14999999999999,0,aGDL,-16.619893224681903,47.50105152946215,0.0,2.3531900835451108e-08,2.3531900835451108e-08,0.0,0.0,0.0,0.0,0.8,6.0500482755779694e-05,0.0,4.779538137706596e-05,3.132616996304548e-08,0.3,10184194.96,-16.619910037083248
77.25,0,aGDL,-16.61990249991669,47.501025253467986,0.0,2.356239987061766e-08,2.356239987061766e-08,0.0,0.0,0.0,0.0,0.8,6.050047892767813e-05,0.0,4.779537835286572e-05,3.1326157754248706e-08,0.3,10184194.96,-16.619919312022233
77.35,0,aGDL,-16.61991193034021,47.500998977464235,0.0,2.3592898907798332e-08,2.3592898907798332e-08,0.0,0.0,0.0,0.0,0.8,6.050047503552672e-05,0.0,4.779537527806611e-05,3.1326145341183206e-08,0.3,10184194.96,-16.619928742149757
77.45,0,aGDL,-16.619921515949727,47.500972701450884,0.0,2.36233979470255e-08,2.36233979470255e-08,0.0,0.0,0.0,0.0,0.8,6.050047107932661e-05,0.0,4.7795372152668016e-05,3.1326132723852606e-08,0.3,10184194.96,-16.61993832746308
77.55,0,aGDL,-16.61993125674246,47.500946425427905,0.0,2.365389698833154e-08,2.365389698833154e-08,0.0,0.0,0.0,0.0,0.8,6.050046705907897e-05,0.0,4.779536897667238e-05,3.132611990226082e-08,0.3,10184194.96,-16.61994806795947
77.64999999999999,0,aGDL,-16.61994115271574,47.50092014939527,0.0,2.3684396031748822e-08,2.3684396031748822e-08,0.0,0.0,0.0,0.0,0.8,6.0500462974784866e-05,0.0,4.779536575008004e-05,3.132610687641144e-08,0.3,10184194.96,-16.619957963636192
77.74999999999999,0,aGDL,-16.619951203866776,47.50089387335294,0.0,2.371489507730973e-08,2.371489507730973e-08,0.0,0.0,0.0,0.0,0.8,6.0500458826445486e-05,0.0,4.779536247289194e-05,3.1326093646308326e-08,0.3,10184194.96,-16.61996801449051
77.85,0,aGDL,-16.6199614101929,47.5008675973009,0.0,2.3745394125046632e-08,2.3745394125046632e-08,0.0,0.0,0.0,0.0,0.8,6.0500454614061945e-05,0.0,4.779535914510893e-05,3.132608021195513e-08,0.3,10184194.96,-16.619978220519684
77.95,0,aGDL,-16.619971771691326,47.50084132123912,0.0,2.3775893174991904e-08,2.3775893174991904e-08,0.0,0.0,0.0,0.0,0.8,6.0500450337635374e-05,0.0,4.779535576673195e-05,3.1326066573355656e-08,0.3,10184194.96,-16.619988581720968
78.05,0,aGDL,-16.619982288359267,47.50081504516758,0.0,2.380639222717792e-08,2.380639222717792e-08,0.0,0.0,0.0,0.0,0.8,6.0500445997166946e-05,0.0,4.7795352337761884e-05,3.1326052730513754e-08,0.3,10184194.96,-16.619999098091625
78.15,0,aGDL,-16.619992960194054,47.50078876908623,0.0,2.3836891281637047e-08,2.3836891281637047e-08,0.0,0.0,0.0,0.0,0.8,6.0500441592657765e-05,0.0,4.779534885819963e-05,3.132603868343309e-08,0.3,10184194.96,-16.62000976962891
78.24999999999999,0,aGDL,-16.620003787192957,47.50076249299506,0.0,2.3867390338401663e-08,2.3867390338401663e-08,0.0,0.0,0.0,0.0,0.8,6.0500437124108943e-05,0.0,4.7795345328046065e-05,3.132602443211743e-08,0.3,10184194.96,-16.62002059633008
78.35,0,aGDL,-16.620014769353133,47.50073621689404,0.0,2.389788939750414e-08,2.389788939750414e-08,0.0,0.0,0.0,0.0,0.8,6.0500432591521686e-05,0.0,4.7795341747302134e-05,3.132600997657068e-08,0.3,10184194.96,-16.62003157819238
78.45,0,aGDL,-16.620025906671856,47.50070994078313,0.0,2.3928388458976842e-08,2.3928388458976842e-08,0.0,0.0,0.0,0.0,0.8,6.050042799489712e-05,0.0,4.7795338115968714e-05,3.132599531679659e-08,0.3,10184194.96,-16.620042715213064
78.55,0,aGDL,-16.620037199146452,47.500683664662326,0.0,2.3958887522852147e-08,2.3958887522852147e-08,0.0,0.0,0.0,0.0,0.8,6.050042333423635e-05,0.0,4.779533443404671e-05,3.132598045279885e-08,0.3,10184194.96,-16.62005400738938
78.65,0,aGDL,-16.62004864677408,47.50065738853158,0.0,2.398938658916242e-08,2.398938658916242e-08,0.0,0.0,0.0,0.0,0.8,6.050041860954057e-05,0.0,4.779533070153704e-05,3.132596538458135e-08,0.3,10184194.96,-16.620065454718578
78.74999999999999,0,aGDL,-16.62006024955207,47.50063111239087,0.0,2.4019885657940027e-08,2.4019885657940027e-08,0.0,0.0,0.0,0.0,0.8,6.050041382081086e-05,0.0,4.779532691844057e-05,3.132595011214781e-08,0.3,10184194.96,-16.620077057197896
78.85,0,aGDL,-16.620072007477575,47.50060483624017,0.0,2.405038472921734e-08,2.405038472921734e-08,0.0,0.0,0.0,0.0,0.8,6.0500408968048425e-05,0.0,4.779532308475825e-05,3.132593463550212e-08,0.3,10184194.96,-16.620088814824587
78.94999999999999,0,aGDL,-16.62008392054787,47.50057856007945,0.0,2.4080883803026735e-08,2.4080883803026735e-08,0.0,0.0,0.0,0.0,0.8,6.050040405125438e-05,0.0,4.779531920049096e-05,3.132591895464809e-08,0.3,10184194.96,-16.620100727595887
79.05,0,aGDL,-16.620095988760227,47.50055228390868,0.0,2.4111382879400567e-08,2.4111382879400567e-08,0.0,0.0,0.0,0.0,0.8,6.050039907042986e-05,0.0,4.779531526563959e-05,3.132590306958949e-08,0.3,10184194.96,-16.620112795509037
79.15,0,aGDL,-16.62010821211186,47.50052600772784,0.0,2.414188195837121e-08,2.414188195837121e-08,0.0,0.0,0.0,0.0,0.8,6.0500394025576036e-05,0.0,4.779531128020507e-05,3.1325886980330134e-08,0.3,10184194.96,-16.62012501856127
79.25,0,aGDL,-16.62012059059998,47.5004997315369,0.0,2.4172381039971027e-08,2.4172381039971027e-08,0.0,0.0,0.0,0.0,0.8,6.050038891669405e-05,0.0,4.779530724418831e-05,3.132587068687389e-08,0.3,10184194.96,-16.620137396749833
79.35000000000001,0,aGDL,-16.620133124221866,47.50047345533583,0.0,2.4202880124232387e-08,2.4202880124232387e-08,0.0,0.0,0.0,0.0,0.8,6.050038374378506e-05,0.0,4.7795303157590196e-05,3.132585418922454e-08,0.3,10184194.96,-16.620149930071957
79.44999999999999,0,aGDL,-16.620145812974727,47.5004471791246,0.0,2.423337921118765e-08,2.423337921118765e-08,0.0,0.0,0.0,0.0,0.8,6.050037850685017e-05,0.0,4.7795299020411634e-05,3.132583748738593e-08,0.3,10184194.96,-16.620162618524866
79.55,0,aGDL,-16.620158656855835,47.50042090290319,0.0,2.4263878300869186e-08,2.4263878300869186e-08,0.0,0.0,0.0,0.0,0.8,6.050037320589059e-05,0.0,4.779529483265356e-05,3.132582058136187e-08,0.3,10184194.96,-16.6201754621058
79.64999999999999,0,aGDL,-16.62017165586235,47.50039462667156,0.0,2.4294377393309356e-08,2.4294377393309356e-08,0.0,0.0,0.0,0.0,0.8,6.0500367840907426e-05,0.0,4.7795290594316865e-05,3.13258034711563e-08,0.3,10184194.96,-16.620188460811992
79.75,0,aGDL,-16.620184809991486,47.50036835042969,0.0,2.4324876488540524e-08,2.4324876488540524e-08,0.0,0.0,0.0,0.0,0.8,6.050036241190187e-05,0.0,4.779528630540247e-05,3.132578615677303e-08,0.3,10184194.96,-16.62020161464066
79.85,0,aGDL,-16.62019811924057,47.50034207417755,0.0,2.4355375586595054e-08,2.4355375586595054e-08,0.0,0.0,0.0,0.0,0.8,6.050035691887502e-05,0.0,4.779528196591127e-05,3.1325768638215845e-08,0.3,10184194.96,-16.620214923589035
79.94999999999999,0,aGDL,-16.620211583606817,47.50031579791512,0.0,2.4385874687505307e-08,2.4385874687505307e-08,0.0,0.0,0.0,0.0,0.8,6.0500351361828054e-05,0.0,4.7795277575844165e-05,3.132575091548859e-08,0.3,10184194.96,-16.62022838765434
80.05,0,aGDL,-16.62022520308733,47.500289521642365,0.0,2.4416373791303647e-08,2.4416373791303647e-08,0.0,0.0,0.0,0.0,0.8,6.0500345740762165e-05,0.0,4.7795273135202104e-05,3.132573298859523e-08,0.3,10184194.96,-16.620242006833802
80.14999999999999,0,aGDL,-16.620238977679435,47.50026324535926,0.0,2.4446872898022434e-08,2.4446872898022434e-08,0.0,0.0,0.0,0.0,0.8,6.0500340055678454e-05,0.0,4.779526864398597e-05,3.132571485753956e-08,0.3,10184194.96,-16.620255781124634
80.25,0,aGDL,-16.62025290738029,47.50023696906577,0.0,2.4477372007694028e-08,2.4477372007694028e-08,0.0,0.0,0.0,0.0,0.8,6.05003343065781e-05,0.0,4.77952641021967e-05,3.132569652232553e-08,0.3,10184194.96,-16.62026971052406
80.35000000000001,0,aGDL,-16.620266992187226,47.500210692761875,0.0,2.450787112035079e-08,2.450787112035079e-08,0.0,0.0,0.0,0.0,0.8,6.050032849346223e-05,0.0,4.779525950983516e-05,3.132567798295682e-08,0.3,10184194.96,-16.6202837950293
80.45,0,aGDL,-16.620281232097284,47.500184416447546,0.0,2.4538370236025076e-08,2.4538370236025076e-08,0.0,0.0,0.0,0.0,0.8,6.050032261633207e-05,0.0,4.7795254866902335e-05,3.132565923943757e-08,0.3,10184194.96,-16.620298034637564
80.55,0,aGDL,-16.620295627107794,47.50015814012275,0.0,2.456886935474925e-08,2.456886935474925e-08,0.0,0.0,0.0,0.0,0.8,6.050031667518871e-05,0.0,4.779525017339908e-05,3.132564029177152e-08,0.3,10184194.96,-16.620312429346072
80.64999999999999,0,aGDL,-16.62031017721597,47.500131863787466,0.0,2.459936847655567e-08,2.459936847655567e-08,0.0,0.0,0.0,0.0,0.8,6.050031067003334e-05,0.0,4.779524542932633e-05,3.132562113996252e-08,0.3,10184194.96,-16.620326979152033
80.75,0,aGDL,-16.62032488241897,47.500105587441666,0.0,2.462986760147669e-08,2.462986760147669e-08,0.0,0.0,0.0,0.0,0.8,6.050030460086712e-05,0.0,4.779524063468502e-05,3.132560178401457e-08,0.3,10184194.96,-16.620341684052654
80.85,0,aGDL,-16.620339742714066,47.50007931108532,0.0,2.4660366729544675e-08,2.4660366729544675e-08,0.0,0.0,0.0,0.0,0.8,6.0500298467691175e-05,0.0,4.7795235789476024e-05,3.132558222393144e-08,0.3,10184194.96,-16.620356544045148
80.94999999999999,0,aGDL,-16.620354758098415,47.500053034718405,0.0,2.4690865860791968e-08,2.4690865860791968e-08,0.0,0.0,0.0,0.0,0.8,6.050029227050671e-05,0.0,4.77952308937003e-05,3.1325562459717144e-08,0.3,10184194.96,-16.620371559126724
81.05,0,aGDL,-16.620369928569232,47.50002675834088,0.0,2.472136499525094e-08,2.472136499525094e-08,0.0,0.0,0.0,0.0,0.8,6.050028600931487e-05,0.0,4.779522594735874e-05,3.132554249137559e-08,0.3,10184194.96,-16.62038672929458
81.14999999999999,0,aGDL,-16.620385254123676,47.50000048195273,0.0,2.4751864132953936e-08,2.4751864132953936e-08,0.0,0.0,0.0,0.0,0.8,6.0500279684116836e-05,0.0,4.77952209504523e-05,3.132552231891067e-08,0.3,10184194.96,-16.620402054545924
81.25,0,aGDL,-16.620400734759073,47.499974205553926,0.0,2.4782363273933317e-08,2.4782363273933317e-08,0.0,0.0,0.0,0.0,0.8,6.050027329491373e-05,0.0,4.7795215902981846e-05,3.13255019423262e-08,0.3,10184194.96,-16.620417534877962
81.35,0,aGDL,-16.62041637047247,47.49994792914443,0.0,2.4812862418221437e-08,2.4812862418221437e-08,0.0,0.0,0.0,0.0,0.8,6.0500266841706765e-05,0.0,4.779521080494834e-05,3.132548136162628e-08,0.3,10184194.96,-16.620433170287885
81.45,0,aGDL,-16.620432161261192,47.49992165272423,0.0,2.4843361565850648e-08,2.4843361565850648e-08,0.0,0.0,0.0,0.0,0.8,6.0500260324497066e-05,0.0,4.7795205656352685e-05,3.132546057681468e-08,0.3,10184194.96,-16.6204489607729
81.55,0,aGDL,-16.6204481071224,47.49989537629329,0.0,2.4873860716853304e-08,2.4873860716853304e-08,0.0,0.0,0.0,0.0,0.8,6.050025374328581e-05,0.0,4.779520045719579e-05,3.1325439587895395e-08,0.3,10184194.96,-16.6204649063302
81.64999999999999,0,aGDL,-16.62046420805325,47.49986909985158,0.0,2.4904359871261753e-08,2.4904359871261753e-08,0.0,0.0,0.0,0.0,0.8,6.050024709807417e-05,0.0,4.779519520747859e-05,3.132541839487235e-08,0.3,10184194.96,-16.620481006956975
81.75,0,aGDL,-16.620480464050956,47.49984282339907,0.0,2.4934859029108356e-08,2.4934859029108356e-08,0.0,0.0,0.0,0.0,0.8,6.050024038886331e-05,0.0,4.779518990720201e-05,3.132539699774953e-08,0.3,10184194.96,-16.620497262650428
81.85,0,aGDL,-16.62049687511268,47.49981654693574,0.0,2.496535819042546e-08,2.496535819042546e-08,0.0,0.0,0.0,0.0,0.8,6.050023361565442e-05,0.0,4.7795184556366994e-05,3.132537539653086e-08,0.3,10184194.96,-16.620513673407743
81.95,0,aGDL,-16.620513441235687,47.49979027046156,0.0,2.4995857355245418e-08,2.4995857355245418e-08,0.0,0.0,0.0,0.0,0.8,6.050022677844863e-05,0.0,4.779517915497442e-05,3.132535359122023e-08,0.3,10184194.96,-16.620530239226117
82.04999999999998,0,aGDL,-16.62053016241714,47.49976399397651,0.0,2.5026356523600576e-08,2.5026356523600576e-08,0.0,0.0,0.0,0.0,0.8,6.0500219877247133e-05,0.0,4.779517370302523e-05,3.13253315818216e-08,0.3,10184194.96,-16.620546960102732
82.14999999999999,0,aGDL,-16.620547038654195,47.49973771748054,0.0,2.5056855695523288e-08,2.5056855695523288e-08,0.0,0.0,0.0,0.0,0.8,6.0500212912051095e-05,0.0,4.7795168200520365e-05,3.1325309368338974e-08,0.3,10184194.96,-16.620563836034776
82.25,0,aGDL,-16.62056406994401,47.49971144097364,0.0,2.5087354871045903e-08,2.5087354871045903e-08,0.0,0.0,0.0,0.0,0.8,6.050020588286169e-05,0.0,4.779516264746073e-05,3.132528695077637e-08,0.3,10184194.96,-16.620580867019438
82.35,0,aGDL,-16.620581256283856,47.499685164455784,0.0,2.5117854050200768e-08,2.5117854050200768e-08,0.0,0.0,0.0,0.0,0.8,6.0500198789680084e-05,0.0,4.7795157043847265e-05,3.132526432913761e-08,0.3,10184194.96,-16.620598053053893
82.45,0,aGDL,-16.620598597670835,47.499658887926934,0.0,2.5148353233020234e-08,2.5148353233020234e-08,0.0,0.0,0.0,0.0,0.8,6.050019163250746e-05,0.0,4.7795151389680894e-05,3.132524150342679e-08,0.3,10184194.96,-16.620615394135328
82.55,0,aGDL,-16.62061609410216,47.49963261138707,0.0,2.5178852419536645e-08,2.5178852419536645e-08,0.0,0.0,0.0,0.0,0.8,6.050018441134498e-05,0.0,4.779514568496253e-05,3.132521847364784e-08,0.3,10184194.96,-16.62063289026092
82.65,0,aGDL,-16.62063374557499,47.49960633483616,0.0,2.520935160978235e-08,2.520935160978235e-08,0.0,0.0,0.0,0.0,0.8,6.050017712619385e-05,0.0,4.779513992969314e-05,3.1325195239804725e-08,0.3,10184194.96,-16.620650541427846
82.74999999999999,0,aGDL,-16.620651552086542,47.49958005827418,0.0,2.5239850803789693e-08,2.5239850803789693e-08,0.0,0.0,0.0,0.0,0.8,6.0500169777055194e-05,0.0,4.77951341238736e-05,3.132517180190146e-08,0.3,10184194.96,-16.620668347633284
82.85,0,aGDL,-16.62066951363397,47.49955378170109,0.0,2.527035000159103e-08,2.527035000159103e-08,0.0,0.0,0.0,0.0,0.8,6.050016236393021e-05,0.0,4.779512826750486e-05,3.132514815994199e-08,0.3,10184194.96,-16.620686308874415
82.95,0,aGDL,-16.620687630214434,47.49952750511688,0.0,2.5300849203218693e-08,2.5300849203218693e-08,0.0,0.0,0.0,0.0,0.8,6.05001548868201e-05,0.0,4.7795122360587875e-05,3.132512431393036e-08,0.3,10184194.96,-16.620704425148396
83.05,0,aGDL,-16.620705901825147,47.49950122852151,0.0,2.5331348408705033e-08,2.5331348408705033e-08,0.0,0.0,0.0,0.0,0.8,6.050014734572599e-05,0.0,4.7795116403123535e-05,3.1325100263870506e-08,0.3,10184194.96,-16.620722696452415
83.14999999999999,0,aGDL,-16.62072432846321,47.49947495191496,0.0,2.5361847618082393e-08,2.5361847618082393e-08,0.0,0.0,0.0,0.0,0.8,6.0500139740649106e-05,0.0,4.77951103951128e-05,3.132507600976653e-08,0.3,10184194.96,-16.62074112278363
83.24999999999999,0,aGDL,-16.620742910125784,47.4994486752972,0.0,2.5392346831383118e-08,2.5392346831383118e-08,0.0,0.0,0.0,0.0,0.8,6.0500132071590636e-05,0.0,4.7795104336556605e-05,3.132505155162243e-08,0.3,10184194.96,-16.620759704139214
83.35,0,aGDL,-16.620761646810138,47.4994223986682,0.0,2.5422846048639553e-08,2.5422846048639553e-08,0.0,0.0,0.0,0.0,0.8,6.0500124338551716e-05,0.0,4.779509822745585e-05,3.132502688944208e-08,0.3,10184194.96,-16.620778440516332
83.44999999999999,0,aGDL,-16.620780538513372,47.49939612202793,0.0,2.5453345269884037e-08,2.5453345269884037e-08,0.0,0.0,0.0,0.0,0.8,6.0500116541533524e-05,0.0,4.779509206781148e-05,3.1325002023229625e-08,0.3,10184194.96,-16.620797331912144
83.55,0,aGDL,-16.62079958523259,47.49936984537637,0.0,2.548384449514891e-08,2.548384449514891e-08,0.0,0.0,0.0,0.0,0.8,6.050010868053731e-05,0.0,4.779508585762447e-05,3.132497695298911e-08,0.3,10184194.96,-16.620816378323816
83.65,0,aGDL,-16.62081878696506,47.499343568713485,0.0,2.551434372446652e-08,2.551434372446652e-08,0.0,0.0,0.0,0.0,0.8,6.0500100755564164e-05,0.0,4.779507959689568e-05,3.132495167872445e-08,0.3,10184194.96,-16.62083557974851
83.75,0,aGDL,-16.620838143707886,47.49931729203926,0.0,2.55448429578692e-08,2.55448429578692e-08,0.0,0.0,0.0,0.0,0.8,6.050009276661533e-05,0.0,4.7795073285626115e-05,3.132492620043975e-08,0.3,10184194.96,-16.62085493618338
83.85,0,aGDL,-16.620857655458224,47.49929101535365,0.0,2.5575342195389298e-08,2.5575342195389298e-08,0.0,0.0,0.0,0.0,0.8,6.0500084713692e-05,0.0,4.779506692381667e-05,3.132490051813905e-08,0.3,10184194.96,-16.620874447625592
83.94999999999999,0,aGDL,-16.62087732221329,47.49926473865663,0.0,2.560584143705915e-08,2.560584143705915e-08,0.0,0.0,0.0,0.0,0.8,6.05000765967953e-05,0.0,4.7795060511468285e-05,3.132487463182629e-08,0.3,10184194.96,-16.620894114072296
84.05,0,aGDL,-16.620897143970126,47.49923846194818,0.0,2.5636340682911094e-08,2.5636340682911094e-08,0.0,0.0,0.0,0.0,0.8,6.0500068415926475e-05,0.0,4.7795054048581914e-05,3.132484854150568e-08,0.3,10184194.96,-16.620913935520647
84.15,0,aGDL,-16.62091712072595,47.499212185228274,0.0,2.5666839932977472e-08,2.5666839932977472e-08,0.0,0.0,0.0,0.0,0.8,6.0500060171086694e-05,0.0,4.779504753515848e-05,3.132482224718118e-08,0.3,10184194.96,-16.620933911967796
84.25,0,aGDL,-16.620937252477916,47.49918590849688,0.0,2.569733918729062e-08,2.569733918729062e-08,0.0,0.0,0.0,0.0,0.8,6.0500051862277134e-05,0.0,4.779504097119894e-05,3.1324795748856854e-08,0.3,10184194.96,-16.620954043410897
84.35,0,aGDL,-16.620957539223184,47.49915963175396,0.0,2.5727838445882867e-08,2.5727838445882867e-08,0.0,0.0,0.0,0.0,0.8,6.0500043489498976e-05,0.0,4.779503435670419e-05,3.132476904653672e-08,0.3,10184194.96,-16.620974329847094
84.44999999999999,0,aGDL,-16.620977980958855,47.49913335499951,0.0,2.5758337708786562e-08,2.5758337708786562e-08,0.0,0.0,0.0,0.0,0.8,6.0500035052753445e-05,0.0,4.779502769167522e-05,3.132474214022491e-08,0.3,10184194.96,-16.620994771273544
84.55,0,aGDL,-16.620998577682144,47.49910707823348,0.0,2.578883697603404e-08,2.578883697603404e-08,0.0,0.0,0.0,0.0,0.8,6.0500026552041666e-05,0.0,4.7795020976112915e-05,3.1324715029925405e-08,0.3,10184194.96,-16.621015367687377
84.64999999999999,0,aGDL,-16.621019329390094,47.499080801455854,0.0,2.5819336247657633e-08,2.5819336247657633e-08,0.0,0.0,0.0,0.0,0.8,6.050001798736491e-05,0.0,4.779501421001827e-05,3.132468771564244e-08,0.3,10184194.96,-16.62103611908575
84.75,0,aGDL,-16.62104023607992,47.4990545246666,0.0,2.5849835523689674e-08,2.5849835523689674e-08,0.0,0.0,0.0,0.0,0.8,6.050000935872431e-05,0.0,4.7795007393392206e-05,3.132466019737993e-08,0.3,10184194.96,-16.621057025465806
84.85000000000001,0,aGDL,-16.62106129774878,47.499028247865695,0.0,2.58803348041625e-08,2.58803348041625e-08,0.0,0.0,0.0,0.0,0.8,6.0500000666121076e-05,0.0,4.779500052623564e-05,3.132463247514199e-08,0.3,10184194.96,-16.621078086824674
84.94999999999999,0,aGDL,-16.62108251439372,47.499001971053104,0.0,2.5910834089108448e-08,2.5910834089108448e-08,0.0,0.0,0.0,0.0,0.8,6.049999190955642e-05,0.0,4.779499360854957e-05,3.13246045489328e-08,0.3,10184194.96,-16.621099303159504
85.05,0,aGDL,-16.62110388601201,47.498975694228804,0.0,2.5941333378559847e-08,2.5941333378559847e-08,0.0,0.0,0.0,0.0,0.8,6.04999830890315e-05,0.0,4.779498664033487e-05,3.132457641875632e-08,0.3,10184194.96,-16.621120674467424
85.14999999999999,0,aGDL,-16.621125412600634,47.498949417392765,0.0,2.5971832672549032e-08,2.5971832672549032e-08,0.0,0.0,0.0,0.0,0.8,6.049997420454753e-05,0.0,4.779497962159255e-05,3.1324548084616764e-08,0.3,10184194.96,-16.621142200745577
85.25,0,aGDL,-16.621147094156868,47.49892314054496,0.0,2.6002331971108335e-08,2.6002331971108335e-08,0.0,0.0,0.0,0.0,0.8,6.049996525610569e-05,0.0,4.779497255232349e-05,3.132451954651814e-08,0.3,10184194.96,-16.621163881991095
85.35,0,aGDL,-16.621168930677754,47.49889686368537,0.0,2.6032831274270087e-08,2.6032831274270087e-08,0.0,0.0,0.0,0.0,0.8,6.04999562437072e-05,0.0,4.779496543252869e-05,3.132449080446457e-08,0.3,10184194.96,-16.621185718201104
85.44999999999999,0,aGDL,-16.62119092216045,47.49887058681395,0.0,2.6063330582066614e-08,2.6063330582066614e-08,0.0,0.0,0.0,0.0,0.8,6.049994716735325e-05,0.0,4.779495826220906e-05,3.132446185846021e-08,0.3,10184194.96,-16.621207709372744
85.55,0,aGDL,-16.621213068602117,47.49884430993068,0.0,2.6093829894530257e-08,2.6093829894530257e-08,0.0,0.0,0.0,0.0,0.8,6.0499938027045e-05,0.0,4.779495104136554e-05,3.132443270850909e-08,0.3,10184194.96,-16.62122985550314
85.64999999999999,0,aGDL,-16.621235369999795,47.49881803303554,0.0,2.612432921169334e-08,2.612432921169334e-08,0.0,0.0,0.0,0.0,0.8,6.0499928822783705e-05,0.0,4.7794943769999126e-05,3.1324403354615474e-08,0.3,10184194.96,-16.621252156589417
85.75,0,aGDL,-16.6212578263507,47.4987917561285,0.0,2.6154828533588193e-08,2.6154828533588193e-08,0.0,0.0,0.0,0.0,0.8,6.049991955457053e-05,0.0,4.7794936448110716e-05,3.132437379678333e-08,0.3,10184194.96,-16.621274612628703
85.85,0,aGDL,-16.621280437651876,47.49876547920952,0.0,2.6185327860247145e-08,2.6185327860247145e-08,0.0,0.0,0.0,0.0,0.8,6.049991022240671e-05,0.0,4.779492907570129e-05,3.1324344035016905e-08,0.3,10184194.96,-16.62129722361812
85.95,0,aGDL,-16.62130320390054,47.498739202278585,0.0,2.621582719170252e-08,2.621582719170252e-08,0.0,0.0,0.0,0.0,0.8,6.049990082629338e-05,0.0,4.7794921652771765e-05,3.132431406932023e-08,0.3,10184194.96,-16.62131998955479
86.05,0,aGDL,-16.62132612509373,47.49871292533566,0.0,2.6246326527986652e-08,2.6246326527986652e-08,0.0,0.0,0.0,0.0,0.8,6.049989136623178e-05,0.0,4.7794914179323106e-05,3.1324283899697496e-08,0.3,10184194.96,-16.62134291043584
86.14999999999999,0,aGDL,-16.621349201228554,47.498686648380726,0.0,2.6276825869131866e-08,2.6276825869131866e-08,0.0,0.0,0.0,0.0,0.8,6.049988184222315e-05,0.0,4.7794906655356285e-05,3.132425352615288e-08,0.3,10184194.96,-16.62136598625838
86.25,0,aGDL,-16.621372432302223,47.49866037141374,0.0,2.630732521517049e-08,2.630732521517049e-08,0.0,0.0,0.0,0.0,0.8,6.0499872254268635e-05,0.0,4.7794899080872215e-05,3.1324222948690435e-08,0.3,10184194.96,-16.621389217019527
86.35,0,aGDL,-16.621395818311782,47.49863409443469,0.0,2.6337824566134846e-08,2.6337824566134846e-08,0.0,0.0,0.0,0.0,0.8,6.0499862602369455e-05,0.0,4.7794891455871866e-05,3.132419216731438e-08,0.3,10184194.96,-16.6214126027164
86.45,0,aGDL,-16.62141935925439,47.49860781744355,0.0,2.636832392205726e-08,2.636832392205726e-08,0.0,0.0,0.0,0.0,0.8,6.049985288652681e-05,0.0,4.779488378035618e-05,3.1324161182028815e-08,0.3,10184194.96,-16.621436143346116
86.54999999999998,0,aGDL,-16.621443055127088,47.49858154044027,0.0,2.639882328297006e-08,2.639882328297006e-08,0.0,0.0,0.0,0.0,0.8,6.049984310674192e-05,0.0,4.779487605432611e-05,3.1324129992837984e-08,0.3,10184194.96,-16.621459838905782
86.64999999999999,0,aGDL,-16.621466905927036,47.49855526342485,0.0,2.6429322648905566e-08,2.6429322648905566e-08,0.0,0.0,0.0,0.0,0.8,6.0499833263016005e-05,0.0,4.779486827778264e-05,3.132409859974598e-08,0.3,10184194.96,-16.62148368939251
86.75,0,aGDL,-16.621490911651335,47.49852898639724,0.0,2.6459822019896105e-08,2.6459822019896105e-08,0.0,0.0,0.0,0.0,0.8,6.0499823355350226e-05,0.0,4.779486045072668e-05,3.1324067002757034e-08,0.3,10184194.96,-16.62150769480341
86.85,0,aGDL,-16.621515072297086,47.498502709357425,0.0,2.6490321395973997e-08,2.6490321395973997e-08,0.0,0.0,0.0,0.0,0.8,6.049981338374584e-05,0.0,4.7794852573159203e-05,3.132403520187522e-08,0.3,10184194.96,-16.621531855135586
86.95,0,aGDL,-16.621539387861446,47.498476432305374,0.0,2.6520820777171568e-08,2.6520820777171568e-08,0.0,0.0,0.0,0.0,0.8,6.049980334820398e-05,0.0,4.779484464508114e-05,3.1324003197104766e-08,0.3,10184194.96,-16.621556170386146
87.05,0,aGDL,-16.621563858341403,47.49845015524106,0.0,2.6551320163521137e-08,2.6551320163521137e-08,0.0,0.0,0.0,0.0,0.8,6.049979324872596e-05,0.0,4.77948366664935e-05,3.132397098844993e-08,0.3,10184194.96,-16.621580640552192
87.14999999999999,0,aGDL,-16.621588483734172,47.49842387816445,0.0,2.6581819555055024e-08,2.6581819555055024e-08,0.0,0.0,0.0,0.0,0.8,6.04997830853129e-05,0.0,4.779482863739719e-05,3.1323938575914764e-08,0.3,10184194.96,-16.62160526563083
87.25,0,aGDL,-16.621613264036796,47.498397601075524,0.0,2.6612318951805555e-08,2.6612318951805555e-08,0.0,0.0,0.0,0.0,0.8,6.049977285796607e-05,0.0,4.779482055779319e-05,3.1323905959503546e-08,0.3,10184194.96,-16.621630045619156
87.35,0,aGDL,-16.621638199246377,47.49837132397425,0.0,2.6642818353805047e-08,2.6642818353805047e-08,0.0,0.0,0.0,0.0,0.8,6.049976256668664e-05,0.0,4.7794812427682444e-05,3.13238731392205e-08,0.3,10184194.96,-16.621654980514272
87.45,0,aGDL,-16.62166328936007,47.4983450468606,0.0,2.667331776108582e-08,2.667331776108582e-08,0.0,0.0,0.0,0.0,0.8,6.049975221147584e-05,0.0,4.779480424706591e-05,3.1323840115069656e-08,0.3,10184194.96,-16.62168007031327
87.55,0,aGDL,-16.62168853437487,47.49831876973455,0.0,2.670381717368019e-08,2.670381717368019e-08,0.0,0.0,0.0,0.0,0.8,6.0499741792334905e-05,0.0,4.779479601594457e-05,3.132380688705546e-08,0.3,10184194.96,-16.621705315013255
87.64999999999999,0,aGDL,-16.621713934287925,47.49829249259607,0.0,2.673431659162048e-08,2.673431659162048e-08,0.0,0.0,0.0,0.0,0.8,6.0499731309265e-05,0.0,4.779478773431935e-05,3.1323773455181973e-08,0.3,10184194.96,-16.621730714611314
87.74999999999999,0,aGDL,-16.621739489096342,47.498266215445135,0.0,2.6764816014939e-08,2.6764816014939e-08,0.0,0.0,0.0,0.0,0.8,6.049972076226738e-05,0.0,4.7794779402191234e-05,3.13237398194534e-08,0.3,10184194.96,-16.621756269104544
87.85,0,aGDL,-16.62176519879722,47.498239938281706,0.0,2.679531544366808e-08,2.679531544366808e-08,0.0,0.0,0.0,0.0,0.8,6.049971015134324e-05,0.0,4.7794771019561154e-05,3.1323705979873976e-08,0.3,10184194.96,-16.621781978490027
87.95,0,aGDL,-16.621791063387604,47.49821366110577,0.0,2.6825814877840027e-08,2.6825814877840027e-08,0.0,0.0,0.0,0.0,0.8,6.049969947649379e-05,0.0,4.779476258643009e-05,3.1323671936447996e-08,0.3,10184194.96,-16.62180784276486
88.05,0,aGDL,-16.621817082864595,47.49818738391729,0.0,2.685631431748716e-08,2.685631431748716e-08,0.0,0.0,0.0,0.0,0.8,6.049968873772027e-05,0.0,4.779475410279901e-05,3.132363768917959e-08,0.3,10184194.96,-16.621833861926127
88.15,0,aGDL,-16.621843257225294,47.498161106716246,0.0,2.6886813762641792e-08,2.6886813762641792e-08,0.0,0.0,0.0,0.0,0.8,6.049967793502389e-05,0.0,4.779474556866887e-05,3.132360323807304e-08,0.3,10184194.96,-16.62186003597091
88.25,0,aGDL,-16.621869586466744,47.498134829502604,0.0,2.6917313213336242e-08,2.6917313213336242e-08,0.0,0.0,0.0,0.0,0.8,6.049966706840586e-05,0.0,4.7794736984040625e-05,3.132356858313264e-08,0.3,10184194.96,-16.621886364896305
88.35,0,aGDL,-16.621896070586104,47.498108552276335,0.0,2.694781266960282e-08,2.694781266960282e-08,0.0,0.0,0.0,0.0,0.8,6.0499656137867385e-05,0.0,4.779472834891523e-05,3.132353372436247e-08,0.3,10184194.96,-16.621912848699385
88.44999999999999,0,aGDL,-16.62192270958036,47.49808227503742,0.0,2.6978312131473842e-08,2.6978312131473842e-08,0.0,0.0,0.0,0.0,0.8,6.049964514340973e-05,0.0,4.779471966329368e-05,3.132349866176695e-08,0.3,10184194.96,-16.621939487377233
88.55,0,aGDL,-16.62194950344667,47.49805599778582,0.0,2.7008811598981625e-08,2.7008811598981625e-08,0.0,0.0,0.0,0.0,0.8,6.0499634085034063e-05,0.0,4.77947109271769e-05,3.132346339535021e-08,0.3,10184194.96,-16.621966280926927
88.65,0,aGDL,-16.621976452182082,47.498029720521515,0.0,2.7039311072158473e-08,2.7039311072158473e-08,0.0,0.0,0.0,0.0,0.8,6.049962296274165e-05,0.0,4.779470214056591e-05,3.132342792511652e-08,0.3,10184194.96,-16.621993229345545
88.74999999999999,0,aGDL,-16.622003555783692,47.49800344324448,0.0,2.7069810551036704e-08,2.7069810551036704e-08,0.0,0.0,0.0,0.0,0.8,6.049961177653366e-05,0.0,4.779469330346159e-05,3.132339225107017e-08,0.3,10184194.96,-16.622020332630164
88.85,0,aGDL,-16.622030814248546,47.49797716595468,0.0,2.7100310035648626e-08,2.7100310035648626e-08,0.0,0.0,0.0,0.0,0.8,6.049960052641137e-05,0.0,4.7794684415864976e-05,3.1323356373215385e-08,0.3,10184194.96,-16.622047590777857
88.94999999999999,0,aGDL,-16.62205822757369,47.497950888652085,0.0,2.7130809526026557e-08,2.7130809526026557e-08,0.0,0.0,0.0,0.0,0.8,6.049958921237599e-05,0.0,4.779467547777703e-05,3.132332029155654e-08,0.3,10184194.96,-16.6220750037857
89.05,0,aGDL,-16.62208579575622,47.49792461133668,0.0,2.71613090222028e-08,2.71613090222028e-08,0.0,0.0,0.0,0.0,0.8,6.049957783442875e-05,0.0,4.779466648919871e-05,3.1323284006097836e-08,0.3,10184194.96,-16.62210257165076
89.14999999999999,0,aGDL,-16.622113518793242,47.49789833400842,0.0,2.719180852420967e-08,2.719180852420967e-08,0.0,0.0,0.0,0.0,0.8,6.049956639257082e-05,0.0,4.779465745013095e-05,3.1323247516843495e-08,0.3,10184194.96,-16.622130294370105
89.25,0,aGDL,-16.622141396681798,47.49787205666729,0.0,2.722230803207947e-08,2.722230803207947e-08,0.0,0.0,0.0,0.0,0.8,6.04995548868035e-05,0.0,4.7794648360574766e-05,3.1323210823797863e-08,0.3,10184194.96,-16.62215817194081
89.35000000000001,0,aGDL,-16.622169429418932,47.497845779313266,0.0,2.725280754584451e-08,2.725280754584451e-08,0.0,0.0,0.0,0.0,0.8,6.049954331712797e-05,0.0,4.779463922053109e-05,3.132317392696523e-08,0.3,10184194.96,-16.62218620435994
89.44999999999999,0,aGDL,-16.622197617001746,47.49781950194631,0.0,2.72833070655371e-08,2.72833070655371e-08,0.0,0.0,0.0,0.0,0.8,6.0499531683545475e-05,0.0,4.7794630030000925e-05,3.132313682634982e-08,0.3,10184194.96,-16.622214391624553
89.55,0,aGDL,-16.622225959427283,47.497793224566394,0.0,2.7313806591189547e-08,2.7313806591189547e-08,0.0,0.0,0.0,0.0,0.8,6.049951998605724e-05,0.0,4.7794620788985216e-05,3.1323099521955986e-08,0.3,10184194.96,-16.62224273373171
89.64999999999999,0,aGDL,-16.622254456692588,47.497766947173496,0.0,2.734430612283416e-08,2.734430612283416e-08,0.0,0.0,0.0,0.0,0.8,6.04995082246645e-05,0.0,4.779461149748495e-05,3.132306201378804e-08,0.3,10184194.96,-16.622271230678486
89.75,0,aGDL,-16.62228310879476,47.49774066976759,0.0,2.7374805660503242e-08,2.7374805660503242e-08,0.0,0.0,0.0,0.0,0.8,6.049949639936846e-05,0.0,4.7794602155501084e-05,3.132302430185021e-08,0.3,10184194.96,-16.62229988246193
89.85,0,aGDL,-16.622311915730847,47.49771439234864,0.0,2.7405305204229094e-08,2.7405305204229094e-08,0.0,0.0,0.0,0.0,0.8,6.0499484510170365e-05,0.0,4.779459276303459e-05,3.132298638614686e-08,0.3,10184194.96,-16.622328689079104
89.94999999999999,0,aGDL,-16.622340877497834,47.49768811491663,0.0,2.743580475404403e-08,2.743580475404403e-08,0.0,0.0,0.0,0.0,0.8,6.049947255707148e-05,0.0,4.7794583320086465e-05,3.132294826668237e-08,0.3,10184194.96,-16.622357650527057
90.05,0,aGDL,-16.622369994092878,47.49766183747152,0.0,2.7466304309980353e-08,2.7466304309980353e-08,0.0,0.0,0.0,0.0,0.8,6.0499460540072994e-05,0.0,4.7794573826657655e-05,3.132290994346093e-08,0.3,10184194.96,-16.622386766802858
90.14999999999999,0,aGDL,-16.622399265512968,47.497635560013286,0.0,2.7496803872070362e-08,2.7496803872070362e-08,0.0,0.0,0.0,0.0,0.8,6.049944845917614e-05,0.0,4.7794564282749145e-05,3.1322871416486944e-08,0.3,10184194.96,-16.622416037903545
90.25,0,aGDL,-16.622428691755204,47.49760928254191,0.0,2.7527303440346366e-08,2.7527303440346366e-08,0.0,0.0,0.0,0.0,0.8,6.049943631438215e-05,0.0,4.7794554688361896e-05,3.132283268576463e-08,0.3,10184194.96,-16.622445463826182
90.35,0,aGDL,-16.62245827281663,47.49758300505735,0.0,2.7557803014840664e-08,2.7557803014840664e-08,0.0,0.0,0.0,0.0,0.8,6.0499424105692274e-05,0.0,4.77945450434969e-05,3.1322793751298404e-08,0.3,10184194.96,-16.622475044567814
90.45,0,aGDL,-16.622488008694233,47.497556727559584,0.0,2.7588302595585555e-08,2.7588302595585555e-08,0.0,0.0,0.0,0.0,0.8,6.049941183310777e-05,0.0,4.779453534815514e-05,3.132275461309262e-08,0.3,10184194.96,-16.62250478012549
90.55,0,aGDL,-16.62251789938506,47.497530450048586,0.0,2.7618802182613346e-08,2.7618802182613346e-08,0.0,0.0,0.0,0.0,0.8,6.049939949662986e-05,0.0,4.779452560233759e-05,3.132271527115166e-08,0.3,10184194.96,-16.622534670496258
90.64999999999999,0,aGDL,-16.622547944886264,47.49750417252433,0.0,2.7649301775956336e-08,2.7649301775956336e-08,0.0,0.0,0.0,0.0,0.8,6.049938709625973e-05,0.0,4.779451580604518e-05,3.132267572547969e-08,0.3,10184194.96,-16.622564715677157
90.75,0,aGDL,-16.62257814519478,47.49747789498679,0.0,2.7679801375646827e-08,2.7679801375646827e-08,0.0,0.0,0.0,0.0,0.8,6.049937463199867e-05,0.0,4.7794505959278946e-05,3.132263597608124e-08,0.3,10184194.96,-16.62259491566524
90.85,0,aGDL,-16.622608500307706,47.49745161743593,0.0,2.7710300981717116e-08,2.7710300981717116e-08,0.0,0.0,0.0,0.0,0.8,6.0499362103847894e-05,0.0,4.779449606203983e-05,3.132259602296053e-08,0.3,10184194.96,-16.62262527045754
90.94999999999999,0,aGDL,-16.622639010222088,47.49742533987172,0.0,2.77408005941995e-08,2.77408005941995e-08,0.0,0.0,0.0,0.0,0.8,6.049934951180865e-05,0.0,4.7794486114328834e-05,3.132255586612196e-08,0.3,10184194.96,-16.622655780051108
91.05,0,aGDL,-16.62266967493491,47.49739906229414,0.0,2.7771300213126285e-08,2.7771300213126285e-08,0.0,0.0,0.0,0.0,0.8,6.049933685588218e-05,0.0,4.7794476116146925e-05,3.132251550556995e-08,0.3,10184194.96,-16.622686444442973
91.14999999999999,0,aGDL,-16.62270049444328,47.49737278470317,0.0,2.7801799838529764e-08,2.7801799838529764e-08,0.0,0.0,0.0,0.0,0.8,6.049932413606971e-05,0.0,4.779446606749507e-05,3.132247494130878e-08,0.3,10184194.96,-16.62271726363018
91.25,0,aGDL,-16.622731468744178,47.49734650709877,0.0,2.7832299470442238e-08,2.7832299470442238e-08,0.0,0.0,0.0,0.0,0.8,6.04993113523725e-05,0.0,4.7794455968374274e-05,3.132243417334286e-08,0.3,10184194.96,-16.62274823760976
91.35,0,aGDL,-16.62276259783465,47.49732022948091,0.0,2.7862799108896e-08,2.7862799108896e-08,0.0,0.0,0.0,0.0,0.8,6.049929850479179e-05,0.0,4.779444581878551e-05,3.132239320167659e-08,0.3,10184194.96,-16.622779366378747
91.45,0,aGDL,-16.622793881711686,47.49729395184957,0.0,2.789329875392335e-08,2.789329875392335e-08,0.0,0.0,0.0,0.0,0.8,6.049928559332881e-05,0.0,4.779443561872976e-05,3.1322352026314356e-08,0.3,10184194.96,-16.622810649934173
91.55,0,aGDL,-16.622825320372442,47.49726767420472,0.0,2.7923798405556574e-08,2.7923798405556574e-08,0.0,0.0,0.0,0.0,0.8,6.0499272617984805e-05,0.0,4.779442536820799e-05,3.1322310647260426e-08,0.3,10184194.96,-16.622842088273078
91.64999999999999,0,aGDL,-16.622856913813848,47.497241396546336,0.0,2.7954298063827978e-08,2.7954298063827978e-08,0.0,0.0,0.0,0.0,0.8,6.049925957876101e-05,0.0,4.779441506722119e-05,3.132226906451929e-08,0.3,10184194.96,-16.62287368139248
91.75,0,aGDL,-16.62288866203295,47.49721511887439,0.0,2.7984797728769853e-08,2.7984797728769853e-08,0.0,0.0,0.0,0.0,0.8,6.049924647565868e-05,0.0,4.7794404715770354e-05,3.132222727809533e-08,0.3,10184194.96,-16.622905429289414
91.85,0,aGDL,-16.62292056502673,47.497188841188844,0.0,2.8015297400414495e-08,2.8015297400414495e-08,0.0,0.0,0.0,0.0,0.8,6.0499233308679096e-05,0.0,4.779439431385648e-05,3.1322185287992986e-08,0.3,10184194.96,-16.6229373319609
91.95,0,aGDL,-16.622952622792354,47.49716256348968,0.0,2.8045797078794194e-08,2.8045797078794194e-08,0.0,0.0,0.0,0.0,0.8,6.049922007782342e-05,0.0,4.77943838614805e-05,3.13221430942165e-08,0.3,10184194.96,-16.62296938940397
92.05,0,aGDL,-16.62298483532669,47.497136285776875,0.0,2.8076296763941243e-08,2.8076296763941243e-08,0.0,0.0,0.0,0.0,0.8,6.0499206783092986e-05,0.0,4.779437335864345e-05,3.1322100696770453e-08,0.3,10184194.96,-16.62300160161564
92.14999999999999,0,aGDL,-16.62301720262684,47.497110008050385,0.0,2.8106796455887935e-08,2.8106796455887935e-08,0.0,0.0,0.0,0.0,0.8,6.0499193424488975e-05,0.0,4.779436280534628e-05,3.1322058095659136e-08,0.3,10184194.96,-16.623033968592942
92.24999999999999,0,aGDL,-16.623049724689793,47.497083730310194,0.0,2.813729615466656e-08,2.813729615466656e-08,0.0,0.0,0.0,0.0,0.8,6.0499180002012676e-05,0.0,4.779435220159001e-05,3.132201529088706e-08,0.3,10184194.96,-16.623066490332885
92.35,0,aGDL,-16.62308240151259,47.49705745255628,0.0,2.8167795860309413e-08,2.8167795860309413e-08,0.0,0.0,0.0,0.0,0.8,6.049916651566532e-05,0.0,4.779434154737561e-05,3.132197228245856e-08,0.3,10184194.96,-16.62309916683249
92.45,0,aGDL,-16.62311523309222,47.497031174788596,0.0,2.8198295572848783e-08,2.8198295572848783e-08,0.0,0.0,0.0,0.0,0.8,6.0499152965448174e-05,0.0,4.779433084270406e-05,3.1321929070378116e-08,0.3,10184194.96,-16.623131998088777
92.55,0,aGDL,-16.62314821942573,47.49700489700713,0.0,2.8228795292316955e-08,2.8228795292316955e-08,0.0,0.0,0.0,0.0,0.8,6.049913935136247e-05,0.0,4.7794320087576355e-05,3.132188565465013e-08,0.3,10184194.96,-16.623164984098764
92.65,0,aGDL,-16.623181360510102,47.49697861921185,0.0,2.8259295018746222e-08,2.8259295018746222e-08,0.0,0.0,0.0,0.0,0.8,6.0499125673409455e-05,0.0,4.7794309281993466e-05,3.132184203527904e-08,0.3,10184194.96,-16.62319812485946
92.74999999999999,0,aGDL,-16.623214656342384,47.49695234140273,0.0,2.8289794752168875e-08,2.8289794752168875e-08,0.0,0.0,0.0,0.0,0.8,6.04991119315904e-05,0.0,4.7794298425956415e-05,3.132179821226924e-08,0.3,10184194.96,-16.623231420367876
92.85,0,aGDL,-16.62324810691956,47.496926063579735,0.0,2.83202944926172e-08,2.83202944926172e-08,0.0,0.0,0.0,0.0,0.8,6.049909812590654e-05,0.0,4.779428751946616e-05,3.132175418562525e-08,0.3,10184194.96,-16.623264870621025
92.95,0,aGDL,-16.623281712238622,47.49689978574285,0.0,2.8350794240123482e-08,2.8350794240123482e-08,0.0,0.0,0.0,0.0,0.8,6.049908425635915e-05,0.0,4.779427656252373e-05,3.132170995535147e-08,0.3,10184194.96,-16.62329847561592
93.05,0,aGDL,-16.623315472296667,47.49687350789204,0.0,2.8381293994720012e-08,2.8381293994720012e-08,0.0,0.0,0.0,0.0,0.8,6.049907032294945e-05,0.0,4.779426555513006e-05,3.13216655214523e-08,0.3,10184194.96,-16.62333223534956
93.15,0,aGDL,-16.62334938709057,47.49684723002727,0.0,2.8411793756439074e-08,2.8411793756439074e-08,0.0,0.0,0.0,0.0,0.8,6.049905632567873e-05,0.0,4.779425449728619e-05,3.132162088393231e-08,0.3,10184194.96,-16.62336614981896
93.24999999999999,0,aGDL,-16.623383456617432,47.49682095214853,0.0,2.844229352531295e-08,2.844229352531295e-08,0.0,0.0,0.0,0.0,0.8,6.049904226454822e-05,0.0,4.77942433889931e-05,3.132157604279584e-08,0.3,10184194.96,-16.623400219021118
93.35,0,aGDL,-16.623417680874184,47.496794674255774,0.0,2.8472793301373932e-08,2.8472793301373932e-08,0.0,0.0,0.0,0.0,0.8,6.0499028139559196e-05,0.0,4.779423223025176e-05,3.132153099804748e-08,0.3,10184194.96,-16.623434442953037
93.44999999999999,0,aGDL,-16.623452059857925,47.49676839634899,0.0,2.85032930846543e-08,2.85032930846543e-08,0.0,0.0,0.0,0.0,0.8,6.049901395071288e-05,0.0,4.7794221021063176e-05,3.1321485749691556e-08,0.3,10184194.96,-16.623468821611723
93.55,0,aGDL,-16.623486593565588,47.49674211842814,0.0,2.8533792875186343e-08,2.8533792875186343e-08,0.0,0.0,0.0,0.0,0.8,6.049899969801059e-05,0.0,4.7794209761428364e-05,3.1321440297732605e-08,0.3,10184194.96,-16.623503354994178
93.65,0,aGDL,-16.623521281994158,47.4967158404932,0.0,2.856429267300234e-08,2.856429267300234e-08,0.0,0.0,0.0,0.0,0.8,6.049898538145353e-05,0.0,4.779419845134828e-05,3.132139464217512e-08,0.3,10184194.96,-16.62353804309739
93.75,0,aGDL,-16.623556125140624,47.49668956254414,0.0,2.8594792478134573e-08,2.8594792478134573e-08,0.0,0.0,0.0,0.0,0.8,6.0498971001042994e-05,0.0,4.779418709082396e-05,3.1321348783023605e-08,0.3,10184194.96,-16.623572885918364
93.85,0,aGDL,-16.623591123002086,47.49666328458093,0.0,2.8625292290615324e-08,2.8625292290615324e-08,0.0,0.0,0.0,0.0,0.8,6.049895655678019e-05,0.0,4.7794175679856354e-05,3.132130272028242e-08,0.3,10184194.96,-16.623607883454095
93.94999999999999,0,aGDL,-16.62362627557542,47.49663700660356,0.0,2.8655792110476878e-08,2.8655792110476878e-08,0.0,0.0,0.0,0.0,0.8,6.049894204866643e-05,0.0,4.779416421844648e-05,3.132125645395619e-08,0.3,10184194.96,-16.623643035701573
94.05,0,aGDL,-16.623661582857665,47.49661072861198,0.0,2.8686291937751516e-08,2.8686291937751516e-08,0.0,0.0,0.0,0.0,0.8,6.049892747670296e-05,0.0,4.779415270659533e-05,3.132120998404932e-08,0.3,10184194.96,-16.62367834265779
94.14999999999999,0,aGDL,-16.623697044845755,47.49658445060617,0.0,2.8716791772471517e-08,2.8716791772471517e-08,0.0,0.0,0.0,0.0,0.8,6.049891284089106e-05,0.0,4.779414114430394e-05,3.1321163310566445e-08,0.3,10184194.96,-16.623713804319742
94.25,0,aGDL,-16.623732661536792,47.496558172586106,0.0,2.874729161466916e-08,2.874729161466916e-08,0.0,0.0,0.0,0.0,0.8,6.049889814123196e-05,0.0,4.779412953157325e-05,3.1321116433511856e-08,0.3,10184194.96,-16.623749420684415
94.35,0,aGDL,-16.623768432927704,47.49653189455176,0.0,2.8777791464376722e-08,2.8777791464376722e-08,0.0,0.0,0.0,0.0,0.8,6.0498883377726934e-05,0.0,4.779411786840427e-05,3.132106935289017e-08,0.3,10184194.96,-16.623785191748798
94.44999999999999,0,aGDL,-16.62380435901548,47.49650561650309,0.0,2.8808291321626486e-08,2.8808291321626486e-08,0.0,0.0,0.0,0.0,0.8,6.049886855037724e-05,0.0,4.7794106154798016e-05,3.1321022068705906e-08,0.3,10184194.96,-16.623821117509877
94.55,0,aGDL,-16.62384043979705,47.496479338440096,0.0,2.8838791186450726e-08,2.8838791186450726e-08,0.0,0.0,0.0,0.0,0.8,6.049885365918417e-05,0.0,4.779409439075549e-05,3.1320974580963585e-08,0.3,10184194.96,-16.623857197964636
94.64999999999999,0,aGDL,-16.623876675269457,47.496453060362725,0.0,2.8869291058881726e-08,2.8869291058881726e-08,0.0,0.0,0.0,0.0,0.8,6.0498838704148973e-05,0.0,4.779408257627769e-05,3.132092688966772e-08,0.3,10184194.96,-16.623893433110055
94.75,0,aGDL,-16.62391306542969,47.496426782270966,0.0,2.8899790938951758e-08,2.8899790938951758e-08,0.0,0.0,0.0,0.0,0.8,6.049882368527289e-05,0.0,4.779407071136558e-05,3.132087899482279e-08,0.3,10184194.96,-16.62392982294312
94.85000000000001,0,aGDL,-16.623949610274735,47.49640050416478,0.0,2.8930290826693097e-08,2.8930290826693097e-08,0.0,0.0,0.0,0.0,0.8,6.049880860255722e-05,0.0,4.77940587960202e-05,3.132083089643334e-08,0.3,10184194.96,-16.62396636746081
94.94999999999999,0,aGDL,-16.623986309801523,47.496374226044146,0.0,2.8960790722138018e-08,2.8960790722138018e-08,0.0,0.0,0.0,0.0,0.8,6.049879345600323e-05,0.0,4.779404683024255e-05,3.1320782594503934e-08,0.3,10184194.96,-16.624003066660105
95.05,0,aGDL,-16.624023164007042,47.49634794790903,0.0,2.8991290625318802e-08,2.8991290625318802e-08,0.0,0.0,0.0,0.0,0.8,6.0498778245612176e-05,0.0,4.779403481403361e-05,3.132073408903911e-08,0.3,10184194.96,-16.62403992053798
95.14999999999999,0,aGDL,-16.624060172888335,47.49632166975942,0.0,2.9021790536267722e-08,2.9021790536267722e-08,0.0,0.0,0.0,0.0,0.8,6.0498762971385306e-05,0.0,4.779402274739439e-05,3.132068538004328e-08,0.3,10184194.96,-16.624076929091412
95.25,0,aGDL,-16.624097336442276,47.49629539159526,0.0,2.9052290455017047e-08,2.9052290455017047e-08,0.0,0.0,0.0,0.0,0.8,6.049874763332393e-05,0.0,4.779401063032591e-05,3.132063646752118e-08,0.3,10184194.96,-16.624114092317377
95.35,0,aGDL,-16.624134654665852,47.49626911341655,0.0,2.9082790381599055e-08,2.9082790381599055e-08,0.0,0.0,0.0,0.0,0.8,6.049873223142933e-05,0.0,4.779399846282917e-05,3.132058735147732e-08,0.3,10184194.96,-16.62415141021284
95.44999999999999,0,aGDL,-16.624172127556108,47.496242835223256,0.0,2.9113290316046016e-08,2.9113290316046016e-08,0.0,0.0,0.0,0.0,0.8,6.0498716765702715e-05,0.0,4.779398624490515e-05,3.132053803191614e-08,0.3,10184194.96,-16.624188882774778
95.55,0,aGDL,-16.624209755109973,47.49621655701534,0.0,2.9143790258390202e-08,2.9143790258390202e-08,0.0,0.0,0.0,0.0,0.8,6.0498701236145406e-05,0.0,4.7793973976554866e-05,3.132048850884225e-08,0.3,10184194.96,-16.624226510000163
95.64999999999999,0,aGDL,-16.62424753732438,47.49619027879278,0.0,2.9174290208663887e-08,2.9174290208663887e-08,0.0,0.0,0.0,0.0,0.8,6.049868564275866e-05,0.0,4.779396165777934e-05,3.132043878226028e-08,0.3,10184194.96,-16.624264291885957
95.75,0,aGDL,-16.624285474196313,47.496164000555545,0.0,2.920479016689934e-08,2.920479016689934e-08,0.0,0.0,0.0,0.0,0.8,6.049866998554376e-05,0.0,4.779394928857957e-05,3.1320388852174745e-08,0.3,10184194.96,-16.624302228429134
95.85,0,aGDL,-16.62432356572282,47.49613772230362,0.0,2.9235290133128837e-08,2.9235290133128837e-08,0.0,0.0,0.0,0.0,0.8,6.049865426450194e-05,0.0,4.779393686895653e-05,3.1320338718590116e-08,0.3,10184194.96,-16.624340319626654
95.95,0,aGDL,-16.624361811900712,47.49611144403696,0.0,2.9265790107384638e-08,2.9265790107384638e-08,0.0,0.0,0.0,0.0,0.8,6.0498638479634556e-05,0.0,4.7793924398911294e-05,3.132028838151121e-08,0.3,10184194.96,-16.62437856547548
96.05,0,aGDL,-16.624400212727096,47.49608516575555,0.0,2.9296290089699015e-08,2.9296290089699015e-08,0.0,0.0,0.0,0.0,0.8,6.0498622630942785e-05,0.0,4.779391187844479e-05,3.1320237840942335e-08,0.3,10184194.96,-16.624416965972582
96.14999999999999,0,aGDL,-16.624438768198843,47.49605888745936,0.0,2.932679008010424e-08,2.932679008010424e-08,0.0,0.0,0.0,0.0,0.8,6.049860671842798e-05,0.0,4.77938993075581e-05,3.1320187096888256e-08,0.3,10184194.96,-16.62445552111491
96.25,0,aGDL,-16.62447747831294,47.49603260914836,0.0,2.9357290078632582e-08,2.9357290078632582e-08,0.0,0.0,0.0,0.0,0.8,6.049859074209136e-05,0.0,4.7793886686252174e-05,3.13201361493535e-08,0.3,10184194.96,-16.624494230899426
96.35,0,aGDL,-16.624516343066375,47.496006330822524,0.0,2.9387790085316302e-08,2.9387790085316302e-08,0.0,0.0,0.0,0.0,0.8,6.049857470193424e-05,0.0,4.779387401452805e-05,3.1320084998342624e-08,0.3,10184194.96,-16.624533095323095
96.45,0,aGDL,-16.62455536245602,47.49598005248182,0.0,2.9418290100187675e-08,2.9418290100187675e-08,0.0,0.0,0.0,0.0,0.8,6.0498558597957904e-05,0.0,4.7793861292386744e-05,3.132003364386033e-08,0.3,10184194.96,-16.62457211438287
96.54999999999998,0,aGDL,-16.624594536478924,47.49595377412623,0.0,2.944879012327896e-08,2.944879012327896e-08,0.0,0.0,0.0,0.0,0.8,6.04985424301636e-05,0.0,4.779384851982924e-05,3.13199820859111e-08,0.3,10184194.96,-16.624611288075705
96.64999999999999,0,aGDL,-16.62463386513201,47.49592749575571,0.0,2.9479290154622422e-08,2.9479290154622422e-08,0.0,0.0,0.0,0.0,0.8,6.049852619855262e-05,0.0,4.7793835696856566e-05,3.131993032449958e-08,0.3,10184194.96,-16.62465061639855
96.75,0,aGDL,-16.62467334841216,47.495901217370246,0.0,2.9509790194250334e-08,2.9509790194250334e-08,0.0,0.0,0.0,0.0,0.8,6.049850990312626e-05,0.0,4.779382282346974e-05,3.131987835963048e-08,0.3,10184194.96,-16.624690099348364
96.85,0,aGDL,-16.624712986316467,47.49587493896981,0.0,2.9540290242194958e-08,2.9540290242194958e-08,0.0,0.0,0.0,0.0,0.8,6.049849354388576e-05,0.0,4.779380989966976e-05,3.131982619130817e-08,0.3,10184194.96,-16.62472973692209
96.95,0,aGDL,-16.624752778841696,47.495848660554365,0.0,2.957079029848855e-08,2.957079029848855e-08,0.0,0.0,0.0,0.0,0.8,6.0498477120832476e-05,0.0,4.779379692545766e-05,3.1319773819537565e-08,0.3,10184194.96,-16.62476952911668
97.05,0,aGDL,-16.624792725985003,47.4958223821239,0.0,2.9601290363163382e-08,2.9601290363163382e-08,0.0,0.0,0.0,0.0,0.8,6.049846063396759e-05,0.0,4.7793783900834396e-05,3.1319721244323026e-08,0.3,10184194.96,-16.624809475929087
97.15,0,aGDL,-16.62483282774315,47.495796103678366,0.0,2.9631790436251713e-08,2.9631790436251713e-08,0.0,0.0,0.0,0.0,0.8,6.0498444083292474e-05,0.0,4.779377082580105e-05,3.131966846566936e-08,0.3,10184194.96,-16.624849577356255
97.24999999999999,0,aGDL,-16.624873084113176,47.49576982521775,0.0,2.9662290517785805e-08,2.9662290517785805e-08,0.0,0.0,0.0,0.0,0.8,6.0498427468808366e-05,0.0,4.779375770035861e-05,3.131961548358111e-08,0.3,10184194.96,-16.624889833395127
97.35,0,aGDL,-16.624913495092017,47.49574354674202,0.0,2.969279060779792e-08,2.969279060779792e-08,0.0,0.0,0.0,0.0,0.8,6.0498410790516555e-05,0.0,4.779374452450807e-05,3.131956229806293e-08,0.3,10184194.96,-16.624930244042645
97.45,0,aGDL,-16.6249540606766,47.495717268251155,0.0,2.972329070632032e-08,2.972329070632032e-08,0.0,0.0,0.0,0.0,0.8,6.049839404841833e-05,0.0,4.779373129825048e-05,3.131950890911945e-08,0.3,10184194.96,-16.62497080929575
97.55,0,aGDL,-16.624994780863858,47.495690989745114,0.0,2.9753790813385264e-08,2.9753790813385264e-08,0.0,0.0,0.0,0.0,0.8,6.0498377242514986e-05,0.0,4.779371802158683e-05,3.1319455316755316e-08,0.3,10184194.96,-16.625011529151383
97.64999999999999,0,aGDL,-16.62503565565072,47.49566471122388,0.0,2.978429092902501e-08,2.978429092902501e-08,0.0,0.0,0.0,0.0,0.8,6.04983603728078e-05,0.0,4.779370469451816e-05,3.1319401520975234e-08,0.3,10184194.96,-16.62505240360649
97.74999999999999,0,aGDL,-16.625076685034173,47.49563843268742,0.0,2.9814791053271817e-08,2.9814791053271817e-08,0.0,0.0,0.0,0.0,0.8,6.0498343439298053e-05,0.0,4.7793691317045454e-05,3.131934752178374e-08,0.3,10184194.96,-16.625093432658
97.85,0,aGDL,-16.625117869011092,47.495612154135706,0.0,2.984529118615795e-08,2.984529118615795e-08,0.0,0.0,0.0,0.0,0.8,6.049832644198704e-05,0.0,4.779367788916975e-05,3.1319293319185614e-08,0.3,10184194.96,-16.62513461630286
97.94999999999999,0,aGDL,-16.625159207578463,47.49558587556872,0.0,2.987579132771566e-08,2.987579132771566e-08,0.0,0.0,0.0,0.0,0.8,6.049830938087605e-05,0.0,4.779366441089208e-05,3.131923891318541e-08,0.3,10184194.96,-16.625175954537987
98.05,0,aGDL,-16.625200700733217,47.495559596986425,0.0,2.9906291477977205e-08,2.9906291477977205e-08,0.0,0.0,0.0,0.0,0.8,6.0498292255966365e-05,0.0,4.779365088221342e-05,3.1319184303787794e-08,0.3,10184194.96,-16.625217447360328
98.15,0,aGDL,-16.625242348472227,47.495533318388794,0.0,2.9936791636974846e-08,2.9936791636974846e-08,0.0,0.0,0.0,0.0,0.8,6.049827506725928e-05,0.0,4.779363730313483e-05,3.131912949099754e-08,0.3,10184194.96,-16.625259094766815
98.25,0,aGDL,-16.62528415079248,47.4955070397758,0.0,2.9967291804740833e-08,2.9967291804740833e-08,0.0,0.0,0.0,0.0,0.8,6.04982578147561e-05,0.0,4.779362367365731e-05,3.131907447481923e-08,0.3,10184194.96,-16.62530089675437
98.35,0,aGDL,-16.62532610769091,47.49548076114742,0.0,2.999779198130743e-08,2.999779198130743e-08,0.0,0.0,0.0,0.0,0.8,6.049824049845807e-05,0.0,4.7793609993781873e-05,3.131901925525754e-08,0.3,10184194.96,-16.625342853319932
98.44999999999999,0,aGDL,-16.625368219164443,47.49545448250362,0.0,3.002829216670688e-08,3.002829216670688e-08,0.0,0.0,0.0,0.0,0.8,6.049822311836651e-05,0.0,4.779359626350954e-05,3.1318963832317135e-08,0.3,10184194.96,-16.625384964460427
98.55,0,aGDL,-16.625410485209954,47.49542820384437,0.0,3.0058792360971446e-08,3.0058792360971446e-08,0.0,0.0,0.0,0.0,0.8,6.049820567448273e-05,0.0,4.779358248284135e-05,3.131890820600278e-08,0.3,10184194.96,-16.62542723017277
98.65,0,aGDL,-16.625452905824375,47.49540192516965,0.0,3.0089292564133385e-08,3.0089292564133385e-08,0.0,0.0,0.0,0.0,0.8,6.049818816680801e-05,0.0,4.779356865177832e-05,3.131885237631915e-08,0.3,10184194.96,-16.625469650453905
98.74999999999999,0,aGDL,-16.625495481004634,47.49537564647943,0.0,3.011979277622494e-08,3.011979277622494e-08,0.0,0.0,0.0,0.0,0.8,6.049817059534367e-05,0.0,4.7793554770321486e-05,3.131879634327092e-08,0.3,10184194.96,-16.62551222530074
98.85,0,aGDL,-16.62553821074772,47.49534936777369,0.0,3.0150292997278363e-08,3.0150292997278363e-08,0.0,0.0,0.0,0.0,0.8,6.0498152960090926e-05,0.0,4.779354083847182e-05,3.1318740106862736e-08,0.3,10184194.96,-16.6255549547102
98.94999999999999,0,aGDL,-16.625581095050507,47.495323089052384,0.0,3.0180793227325916e-08,3.0180793227325916e-08,0.0,0.0,0.0,0.0,0.8,6.0498135261051135e-05,0.0,4.77935268562304e-05,3.131868366709936e-08,0.3,10184194.96,-16.625597838679212
99.05,0,aGDL,-16.625624133909923,47.4952968103155,0.0,3.021129346639985e-08,3.021129346639985e-08,0.0,0.0,0.0,0.0,0.8,6.049811749822557e-05,0.0,4.779351282359819e-05,3.13186270239854e-08,0.3,10184194.96,-16.62564087720469
99.14999999999999,0,aGDL,-16.625667327322844,47.49527053156301,0.0,3.02417937145324e-08,3.02417937145324e-08,0.0,0.0,0.0,0.0,0.8,6.049809967161555e-05,0.0,4.7793498740576285e-05,3.131857017752574e-08,0.3,10184194.96,-16.625684070283555
99.25,0,aGDL,-16.6257106752862,47.495244252794876,0.0,3.027229397175584e-08,3.027229397175584e-08,0.0,0.0,0.0,0.0,0.8,6.049808178122237e-05,0.0,4.779348460716566e-05,3.1318513127724976e-08,0.3,10184194.96,-16.625727417912717
99.35000000000001,0,aGDL,-16.62575417779692,47.49521797401108,0.0,3.0302794238102395e-08,3.0302794238102395e-08,0.0,0.0,0.0,0.0,0.8,6.04980638270473e-05,0.0,4.779347042336737e-05,3.131845587458786e-08,0.3,10184194.96,-16.6257709200891
99.44999999999999,0,aGDL,-16.625797834851937,47.49519169521158,0.0,3.0333294513604336e-08,3.0333294513604336e-08,0.0,0.0,0.0,0.0,0.8,6.0498045809091664e-05,0.0,4.779345618918242e-05,3.131839841811909e-08,0.3,10184194.96,-16.625814576809613
99.55,0,aGDL,-16.62584164644818,47.49516541639637,0.0,3.036379479829389e-08,3.036379479829389e-08,0.0,0.0,0.0,0.0,0.8,6.049802772735675e-05,0.0,4.779344190461182e-05,3.131834075832335e-08,0.3,10184194.96,-16.625858388071165
99.64999999999999,0,aGDL,-16.625885612582522,47.4951391375654,0.0,3.039429509220333e-08,3.039429509220333e-08,0.0,0.0,0.0,0.0,0.8,6.049800958184384e-05,0.0,4.779342756965663e-05,3.1318282895205425e-08,0.3,10184194.96,-16.62590235387068
99.75,0,aGDL,-16.625929733251837,47.49511285871866,0.0,3.042479539536488e-08,3.042479539536488e-08,0.0,0.0,0.0,0.0,0.8,6.0497991372554267e-05,0.0,4.779341318431787e-05,3.1318224828770104e-08,0.3,10184194.96,-16.625946474205055
99.85,0,aGDL,-16.625974008453056,47.49508657985612,0.0,3.0455295707810796e-08,3.0455295707810796e-08,0.0,0.0,0.0,0.0,0.8,6.0497973099489334e-05,0.0,4.779339874859657e-05,3.1318166559022074e-08,0.3,10184194.96,-16.625990749071203
99.94999999999999,0,aGDL,-16.626018438183166,47.49506030097774,0.0,3.048579602957332e-08,3.048579602957332e-08,0.0,0.0,0.0,0.0,0.8,6.0497954762650295e-05,0.0,4.7793384262493727e-05,3.1318108085966027e-08,0.3,10184194.96,-16.626035178466026
100.05,0,aGDL,-16.626063022438984,47.49503402208351,0.0,3.05162963606847e-08,3.05162963606847e-08,0.0,0.0,0.0,0.0,0.8,6.0497936362038484e-05,0.0,4.7793369726010395e-05,3.131804940960675e-08,0.3,10184194.96,-16.626079762386443
100.14999999999999,0,aGDL,-16.626107761217384,47.49500774317339,0.0,3.054679670117719e-08,3.054679670117719e-08,0.0,0.0,0.0,0.0,0.8,6.049791789765523e-05,0.0,4.7793355139147624e-05,3.131799052994907e-08,0.3,10184194.96,-16.62612450082934
100.25,0,aGDL,-16.62615265451541,47.49498146424735,0.0,3.0577297051083024e-08,3.0577297051083024e-08,0.0,0.0,0.0,0.0,0.8,6.049789936950179e-05,0.0,4.779334050190641e-05,3.131793144699758e-08,0.3,10184194.96,-16.626169393791635
100.35,0,aGDL,-16.62619770232982,47.49495518530537,0.0,3.0607797410434443e-08,3.0607797410434443e-08,0.0,0.0,0.0,0.0,0.8,6.0497880777579486e-05,0.0,4.7793325814287796e-05,3.131787216075719e-08,0.3,10184194.96,-16.626214441270225
100.45,0,aGDL,-16.626242904657545,47.494928906347425,0.0,3.063829777926369e-08,3.063829777926369e-08,0.0,0.0,0.0,0.0,0.8,6.0497862121889645e-05,0.0,4.779331107629281e-05,3.131781267123262e-08,0.3,10184194.96,-16.626259643262006
100.55,0,aGDL,-16.626288261495574,47.49490262737348,0.0,3.066879815760302e-08,3.066879815760302e-08,0.0,0.0,0.0,0.0,0.8,6.0497843402433525e-05,0.0,4.779329628792248e-05,3.131775297842856e-08,0.3,10184194.96,-16.62630499976388
100.64999999999999,0,aGDL,-16.626333772840724,47.49487634838351,0.0,3.0699298545484663e-08,3.0699298545484663e-08,0.0,0.0,0.0,0.0,0.8,6.049782461921246e-05,0.0,4.779328144917784e-05,3.131769308234985e-08,0.3,10184194.96,-16.62635051077275
100.75,0,aGDL,-16.626379438689867,47.494850069377485,0.0,3.0729798942940866e-08,3.0729798942940866e-08,0.0,0.0,0.0,0.0,0.8,6.0497805772227784e-05,0.0,4.779326656005994e-05,3.131763298300128e-08,0.3,10184194.96,-16.6263961762855
100.85,0,aGDL,-16.62642525903999,47.49482379035538,0.0,3.0760299350003865e-08,3.0760299350003865e-08,0.0,0.0,0.0,0.0,0.8,6.049778686148074e-05,0.0,4.779325162056977e-05,3.1317572680387565e-08,0.3,10184194.96,-16.62644199629904
100.95,0,aGDL,-16.626471233887855,47.49479751131717,0.0,3.07907997667059e-08,3.07907997667059e-08,0.0,0.0,0.0,0.0,0.8,6.04977678869727e-05,0.0,4.7793236630708424e-05,3.131751217451364e-08,0.3,10184194.96,-16.62648797081025
101.04999999999998,0,aGDL,-16.626517363230505,47.49477123226282,0.0,3.082130019307921e-08,3.082130019307921e-08,0.0,0.0,0.0,0.0,0.8,6.049774884870492e-05,0.0,4.7793221590476885e-05,3.131745146538407e-08,0.3,10184194.96,-16.626534099816027
101.14999999999999,0,aGDL,-16.6265636470647,47.49474495319231,0.0,3.085180062915604e-08,3.085180062915604e-08,0.0,0.0,0.0,0.0,0.8,6.0497729746678755e-05,0.0,4.7793206499876214e-05,3.1317390553003823e-08,0.3,10184194.96,-16.626580383313264
101.25,0,aGDL,-16.626610085387426,47.49471867410561,0.0,3.088230107496863e-08,3.088230107496863e-08,0.0,0.0,0.0,0.0,0.8,6.049771058089547e-05,0.0,4.779319135890741e-05,3.131732943737759e-08,0.3,10184194.96,-16.62662682129885
101.35,0,aGDL,-16.626656678195502,47.494692395002694,0.0,3.0912801530549204e-08,3.0912801530549204e-08,0.0,0.0,0.0,0.0,0.8,6.0497691351356406e-05,0.0,4.779317616757156e-05,3.131726811851024e-08,0.3,10184194.96,-16.62667341376967
101.45,0,aGDL,-16.626703425485914,47.494666115883525,0.0,3.0943301995930005e-08,3.0943301995930005e-08,0.0,0.0,0.0,0.0,0.8,6.049767205806285e-05,0.0,4.779316092586965e-05,3.131720659640646e-08,0.3,10184194.96,-16.626720160722616
101.55,0,aGDL,-16.626750327255422,47.49463983674809,0.0,3.097380247114327e-08,3.097380247114327e-08,0.0,0.0,0.0,0.0,0.8,6.049765270101613e-05,0.0,4.779314563380275e-05,3.1317144871071234e-08,0.3,10184194.96,-16.626767062154574
101.64999999999999,0,aGDL,-16.626797383500957,47.49461355759635,0.0,3.100430295622124e-08,3.100430295622124e-08,0.0,0.0,0.0,0.0,0.8,6.049763328021759e-05,0.0,4.779313029137189e-05,3.1317082942509265e-08,0.3,10184194.96,-16.62681411806242
101.75,0,aGDL,-16.626844594219392,47.494587278428284,0.0,3.103480345119615e-08,3.103480345119615e-08,0.0,0.0,0.0,0.0,0.8,6.049761379566849e-05,0.0,4.77931148985781e-05,3.131702081072544e-08,0.3,10184194.96,-16.626861328443045
101.85,0,aGDL,-16.626891959407658,47.49456099924386,0.0,3.1065303956100226e-08,3.1065303956100226e-08,0.0,0.0,0.0,0.0,0.8,6.049759424737017e-05,0.0,4.779309945542243e-05,3.1316958475724496e-08,0.3,10184194.96,-16.62690869329333
101.95,0,aGDL,-16.62693947906257,47.49453472004305,0.0,3.1095804470965704e-08,3.1095804470965704e-08,0.0,0.0,0.0,0.0,0.8,6.0497574635323924e-05,0.0,4.7793083961905904e-05,3.131689593751131e-08,0.3,10184194.96,-16.626956212610153
102.05,0,aGDL,-16.62698715318112,47.49450844082583,0.0,3.112630499582482e-08,3.112630499582482e-08,0.0,0.0,0.0,0.0,0.8,6.049755495953108e-05,0.0,4.779306841802955e-05,3.13168331960906e-08,0.3,10184194.96,-16.627003886390398
102.14999999999999,0,aGDL,-16.627034981760005,47.494482161592174,0.0,3.115680553070981e-08,3.115680553070981e-08,0.0,0.0,0.0,0.0,0.8,6.049753521999297e-05,0.0,4.779305282379445e-05,3.13167702514674e-08,0.3,10184194.96,-16.627051714630937
102.24999999999999,0,aGDL,-16.627082964796273,47.49445588234205,0.0,3.11873060756529e-08,3.11873060756529e-08,0.0,0.0,0.0,0.0,0.8,6.049751541671089e-05,0.0,4.77930371792016e-05,3.1316707103646364e-08,0.3,10184194.96,-16.627099697328646
102.35,0,aGDL,-16.627131102286683,47.49442960307543,0.0,3.1217806630686326e-08,3.1217806630686326e-08,0.0,0.0,0.0,0.0,0.8,6.049749554968615e-05,0.0,4.7793021484252055e-05,3.131664375263242e-08,0.3,10184194.96,-16.627147834480407
102.45,0,aGDL,-16.627179394228165,47.49440332379229,0.0,3.1248307195842314e-08,3.1248307195842314e-08,0.0,0.0,0.0,0.0,0.8,6.0497475618920096e-05,0.0,4.7793005738946876e-05,3.1316580198430425e-08,0.3,10184194.96,-16.62719612608309
102.55,0,aGDL,-16.627227840617593,47.4943770444926,0.0,3.12788077711531e-08,3.12788077711531e-08,0.0,0.0,0.0,0.0,0.8,6.0497455624414005e-05,0.0,4.779298994328706e-05,3.1316516441045165e-08,0.3,10184194.96,-16.627244572133566
102.65,0,aGDL,-16.62727644145184,47.49435076517633,0.0,3.130930835665091e-08,3.130930835665091e-08,0.0,0.0,0.0,0.0,0.8,6.0497435566169226e-05,0.0,4.779297409727368e-05,3.13164524804815e-08,0.3,10184194.96,-16.62729317262871
102.74999999999999,0,aGDL,-16.627325196727725,47.49432448584346,0.0,3.133980895236797e-08,3.133980895236797e-08,0.0,0.0,0.0,0.0,0.8,6.049741544418706e-05,0.0,4.7792958200907785e-05,3.1316388316744336e-08,0.3,10184194.96,-16.627341927565393
102.85,0,aGDL,-16.627374106442176,47.49429820649395,0.0,3.137030955833652e-08,3.137030955833652e-08,0.0,0.0,0.0,0.0,0.8,6.049739525846885e-05,0.0,4.779294225419039e-05,3.131632394983851e-08,0.3,10184194.96,-16.627390836940478
102.94999999999999,0,aGDL,-16.62742317059201,47.49427192712779,0.0,3.140081017458879e-08,3.140081017458879e-08,0.0,0.0,0.0,0.0,0.8,6.049737500901589e-05,0.0,4.779292625712256e-05,3.131625937976891e-08,0.3,10184194.96,-16.62743990075084
103.05,0,aGDL,-16.62747238917416,47.49424564774494,0.0,3.143131080115698e-08,3.143131080115698e-08,0.0,0.0,0.0,0.0,0.8,6.0497354695829525e-05,0.0,4.779291020970533e-05,3.1316194606540325e-08,0.3,10184194.96,-16.627489118993342
103.15,0,aGDL,-16.62752176218538,47.49421936834537,0.0,3.146181143807335e-08,3.146181143807335e-08,0.0,0.0,0.0,0.0,0.8,6.049733431891108e-05,0.0,4.779289411193975e-05,3.131612963015776e-08,0.3,10184194.96,-16.62753849166485
103.24999999999999,0,aGDL,-16.627571289622665,47.49419308892906,0.0,3.14923120853701e-08,3.14923120853701e-08,0.0,0.0,0.0,0.0,0.8,6.049731387826184e-05,0.0,4.7792877963826856e-05,3.1316064450625916e-08,0.3,10184194.96,-16.627588018762225
103.35,0,aGDL,-16.627620971482827,47.49416680949598,0.0,3.152281274307947e-08,3.152281274307947e-08,0.0,0.0,0.0,0.0,0.8,6.049729337388315e-05,0.0,4.779286176536769e-05,3.131599906794976e-08,0.3,10184194.96,-16.62763770028234
103.44999999999999,0,aGDL,-16.627670807762684,47.4941405300461,0.0,3.155331341123368e-08,3.155331341123368e-08,0.0,0.0,0.0,0.0,0.8,6.049727280577634e-05,0.0,4.779284551656331e-05,3.131593348213427e-08,0.3,10184194.96,-16.627687536222044
103.55,0,aGDL,-16.62772079845911,47.4941142505794,0.0,3.1583814089864955e-08,3.1583814089864955e-08,0.0,0.0,0.0,0.0,0.8,6.0497252173942725e-05,0.0,4.779282921741476e-05,3.1315867693184223e-08,0.3,10184194.96,-16.6277375265782
103.65,0,aGDL,-16.627770943569033,47.494087971095844,0.0,3.161431477900552e-08,3.161431477900552e-08,0.0,0.0,0.0,0.0,0.8,6.049723147838362e-05,0.0,4.779281286792305e-05,3.1315801701104497e-08,0.3,10184194.96,-16.627787671347676
103.75,0,aGDL,-16.627821243089215,47.494061691595405,0.0,3.16448154786876e-08,3.16448154786876e-08,0.0,0.0,0.0,0.0,0.8,6.049721071910039e-05,0.0,4.77927964680893e-05,3.1315735505900055e-08,0.3,10184194.96,-16.627837970527324
103.85,0,aGDL,-16.627871697016587,47.49403541207806,0.0,3.1675316188943417e-08,3.1675316188943417e-08,0.0,0.0,0.0,0.0,0.8,6.04971898960943e-05,0.0,4.77927800179145e-05,3.131566910757575e-08,0.3,10184194.96,-16.627888424113998
103.94999999999999,0,aGDL,-16.627922305347965,47.49400913254378,0.0,3.170581690980519e-08,3.170581690980519e-08,0.0,0.0,0.0,0.0,0.8,6.0497169009366717e-05,0.0,4.77927635173997e-05,3.131560250613648e-08,0.3,10184194.96,-16.627939032104557
104.05,0,aGDL,-16.627973068080223,47.49398285299254,0.0,3.173631764130515e-08,3.173631764130515e-08,0.0,0.0,0.0,0.0,0.8,6.049714805891896e-05,0.0,4.7792746966545976e-05,3.13155357015872e-08,0.3,10184194.96,-16.627989794495853
104.14999999999999,0,aGDL,-16.628023985210177,47.4939565734243,0.0,3.1766818383475496e-08,3.1766818383475496e-08,0.0,0.0,0.0,0.0,0.8,6.049712704475236e-05,0.0,4.7792730365354356e-05,3.1315468693932784e-08,0.3,10184194.96,-16.62804071128474
104.25,0,aGDL,-16.628075056734758,47.49393029383904,0.0,3.1797319136348464e-08,3.1797319136348464e-08,0.0,0.0,0.0,0.0,0.8,6.0497105966868215e-05,0.0,4.779271371382589e-05,3.131540148317812e-08,0.3,10184194.96,-16.62809178246807
104.35,0,aGDL,-16.628126282650726,47.49390401423675,0.0,3.182781989995627e-08,3.182781989995627e-08,0.0,0.0,0.0,0.0,0.8,6.04970848252679e-05,0.0,4.779269701196163e-05,3.13153340693282e-08,0.3,10184194.96,-16.628143008042695
104.44999999999999,0,aGDL,-16.628177662954954,47.49387773461737,0.0,3.185832067433114e-08,3.185832067433114e-08,0.0,0.0,0.0,0.0,0.8,6.049706361995271e-05,0.0,4.7792680259762636e-05,3.131526645238795e-08,0.3,10184194.96,-16.62819438800546
104.55,0,aGDL,-16.628229197644316,47.4938514549809,0.0,3.1888821459505283e-08,3.1888821459505283e-08,0.0,0.0,0.0,0.0,0.8,6.0497042350924004e-05,0.0,4.7792663457229956e-05,3.131519863236224e-08,0.3,10184194.96,-16.628245922353223
104.64999999999999,0,aGDL,-16.62828088671563,47.493825175327295,0.0,3.191932225551092e-08,3.191932225551092e-08,0.0,0.0,0.0,0.0,0.8,6.049702101818309e-05,0.0,4.779264660436464e-05,3.1315130609256004e-08,0.3,10184194.96,-16.628297611082818
104.75,0,aGDL,-16.628332730165766,47.49379889565653,0.0,3.194982306238027e-08,3.194982306238027e-08,0.0,0.0,0.0,0.0,0.8,6.04969996217313e-05,0.0,4.779262970116773e-05,3.131506238307421e-08,0.3,10184194.96,-16.628349454191103
104.85,0,aGDL,-16.628384727991545,47.49377261596859,0.0,3.198032388014555e-08,3.198032388014555e-08,0.0,0.0,0.0,0.0,0.8,6.049697816156996e-05,0.0,4.779261274764027e-05,3.131499395382179e-08,0.3,10184194.96,-16.628401451674915
104.95,0,aGDL,-16.628436880189838,47.493746336263435,0.0,3.2010824708838964e-08,3.2010824708838964e-08,0.0,0.0,0.0,0.0,0.8,6.0496956637700437e-05,0.0,4.779259574378334e-05,3.131492532150365e-08,0.3,10184194.96,-16.6284536035311
105.05,0,aGDL,-16.62848918675752,47.49372005654104,0.0,3.204132554849274e-08,3.204132554849274e-08,0.0,0.0,0.0,0.0,0.8,6.0496935050124004e-05,0.0,4.7792578689597956e-05,3.1314856486124695e-08,0.3,10184194.96,-16.628505909756495
105.14999999999999,0,aGDL,-16.628541647691293,47.49369377680137,0.0,3.207182639913909e-08,3.207182639913909e-08,0.0,0.0,0.0,0.0,0.8,6.049691339884207e-05,0.0,4.7792561585085224e-05,3.131478744769006e-08,0.3,10184194.96,-16.628558370347957
105.25,0,aGDL,-16.628594262988145,47.49366749704442,0.0,3.210232726081023e-08,3.210232726081023e-08,0.0,0.0,0.0,0.0,0.8,6.049689168385589e-05,0.0,4.7792544430246144e-05,3.131471820620451e-08,0.3,10184194.96,-16.628610985302306
105.35,0,aGDL,-16.628647032644835,47.49364121727014,0.0,3.2132828133538376e-08,3.2132828133538376e-08,0.0,0.0,0.0,0.0,0.8,6.0496869905166847e-05,0.0,4.77925272250818e-05,3.1314648761673096e-08,0.3,10184194.96,-16.628663754616394
105.44999999999999,0,aGDL,-16.628699956658238,47.49361493747851,0.0,3.216332901735572e-08,3.216332901735572e-08,0.0,0.0,0.0,0.0,0.8,6.049684806277626e-05,0.0,4.779250996959324e-05,3.1314579114100765e-08,0.3,10184194.96,-16.628716678287056
105.55,0,aGDL,-16.62875303502517,47.493588657669505,0.0,3.2193829912294505e-08,3.2193829912294505e-08,0.0,0.0,0.0,0.0,0.8,6.049682615668547e-05,0.0,4.7792492663781515e-05,3.1314509263492453e-08,0.3,10184194.96,-16.628769756311126
105.64999999999999,0,aGDL,-16.628806267742505,47.4935623778431,0.0,3.222433081838692e-08,3.222433081838692e-08,0.0,0.0,0.0,0.0,0.8,6.04968041868958e-05,0.0,4.779247530764767e-05,3.131443920985311e-08,0.3,10184194.96,-16.62882298868544
105.75,0,aGDL,-16.628859654807002,47.493536097999254,0.0,3.225483173566519e-08,3.225483173566519e-08,0.0,0.0,0.0,0.0,0.8,6.04967821534086e-05,0.0,4.77924579011928e-05,3.131436895318779e-08,0.3,10184194.96,-16.628876375406836
105.85,0,aGDL,-16.628913196215535,47.49350981813795,0.0,3.228533266416151e-08,3.228533266416151e-08,0.0,0.0,0.0,0.0,0.8,6.049676005622521e-05,0.0,4.7792440444417916e-05,3.131429849350144e-08,0.3,10184194.96,-16.628929916472146
105.95,0,aGDL,-16.62896689196492,47.49348353825916,0.0,3.2315833603908114e-08,3.2315833603908114e-08,0.0,0.0,0.0,0.0,0.8,6.049673789534698e-05,0.0,4.779242293732411e-05,3.131422783079907e-08,0.3,10184194.96,-16.628983611878198
106.05,0,aGDL,-16.629020742052035,47.49345725836286,0.0,3.234633455493718e-08,3.234633455493718e-08,0.0,0.0,0.0,0.0,0.8,6.0496715670775204e-05,0.0,4.779240537991242e-05,3.131415696508556e-08,0.3,10184194.96,-16.629037461621827
106.14999999999999,0,aGDL,-16.62907474647369,47.49343097844901,0.0,3.237683551728094e-08,3.237683551728094e-08,0.0,0.0,0.0,0.0,0.8,6.049669338251124e-05,0.0,4.779238777218388e-05,3.131408589636594e-08,0.3,10184194.96,-16.629091465699865
106.25,0,aGDL,-16.62912890522665,47.493404698517594,0.0,3.24073364909716e-08,3.24073364909716e-08,0.0,0.0,0.0,0.0,0.8,6.049667103055646e-05,0.0,4.779237011413961e-05,3.13140146246453e-08,0.3,10184194.96,-16.62914562410913
106.35,0,aGDL,-16.629183218307844,47.49337841856858,0.0,3.243783747604136e-08,3.243783747604136e-08,0.0,0.0,0.0,0.0,0.8,6.0496648614912165e-05,0.0,4.77923524057806e-05,3.131394314992847e-08,0.3,10184194.96,-16.62919993684646
106.45,0,aGDL,-16.629237685713974,47.49335213860194,0.0,3.2468338472522424e-08,3.2468338472522424e-08,0.0,0.0,0.0,0.0,0.8,6.0496626135579716e-05,0.0,4.779233464710797e-05,3.1313871472220657e-08,0.3,10184194.96,-16.62925440390868
106.54999999999998,0,aGDL,-16.629292307441972,47.49332585861765,0.0,3.249883948044701e-08,3.249883948044701e-08,0.0,0.0,0.0,0.0,0.8,6.049660359256044e-05,0.0,4.779231683812274e-05,3.1313799591526707e-08,0.3,10184194.96,-16.629309025292613
106.64999999999999,0,aGDL,-16.629347083488653,47.49329957861568,0.0,3.252934049984731e-08,3.252934049984731e-08,0.0,0.0,0.0,0.0,0.8,6.049658098585568e-05,0.0,4.779229897882598e-05,3.131372750785161e-08,0.3,10184194.96,-16.629363800995083
106.74999999999999,0,aGDL,-16.62940201385078,47.493273298595994,0.0,3.2559841530755544e-08,3.2559841530755544e-08,0.0,0.0,0.0,0.0,0.8,6.0496558315466794e-05,0.0,4.779228106921877e-05,3.131365522120051e-08,0.3,10184194.96,-16.629418731012915
106.85,0,aGDL,-16.629457098525222,47.49324701855858,0.0,3.2590342573203904e-08,3.2590342573203904e-08,0.0,0.0,0.0,0.0,0.8,6.0496535581395095e-05,0.0,4.779226310930212e-05,3.13135827315783e-08,0.3,10184194.96,-16.62947381534293
106.95,0,aGDL,-16.6295123375088,47.493220738503396,0.0,3.2620843627224606e-08,3.2620843627224606e-08,0.0,0.0,0.0,0.0,0.8,6.0496512783641956e-05,0.0,4.779224509907715e-05,3.1313510038990026e-08,0.3,10184194.96,-16.629529053981948
107.05,0,aGDL,-16.62956773079833,47.49319445843043,0.0,3.265134469284984e-08,3.265134469284984e-08,0.0,0.0,0.0,0.0,0.8,6.049648992220868e-05,0.0,4.779222703854486e-05,3.131343714344072e-08,0.3,10184194.96,-16.62958444692679
107.15,0,aGDL,-16.629623278390568,47.49316817833964,0.0,3.2681845770111815e-08,3.2681845770111815e-08,0.0,0.0,0.0,0.0,0.8,6.049646699709668e-05,0.0,4.7792208927706366e-05,3.1313364044935496e-08,0.3,10184194.96,-16.629639994174276
107.24999999999999,0,aGDL,-16.62967898028245,47.493141898231,0.0,3.271234685904273e-08,3.271234685904273e-08,0.0,0.0,0.0,0.0,0.8,6.0496444008307224e-05,0.0,4.77921907665627e-05,3.1313290743479176e-08,0.3,10184194.96,-16.62969569572122
107.35,0,aGDL,-16.629734836470675,47.4931156181045,0.0,3.274284795967479e-08,3.274284795967479e-08,0.0,0.0,0.0,0.0,0.8,6.049642095584171e-05,0.0,4.779217255511495e-05,3.131321723907703e-08,0.3,10184194.96,-16.629751551564443
107.45,0,aGDL,-16.62979084695212,47.493089337960086,0.0,3.27733490720402e-08,3.27733490720402e-08,0.0,0.0,0.0,0.0,0.8,6.0496397839701454e-05,0.0,4.779215429336415e-05,3.131314353173395e-08,0.3,10184194.96,-16.629807561700762
107.55,0,aGDL,-16.62984701172354,47.49306305779775,0.0,3.280385019617115e-08,3.280385019617115e-08,0.0,0.0,0.0,0.0,0.8,6.049637465988786e-05,0.0,4.77921359813114e-05,3.131306962145507e-08,0.3,10184194.96,-16.629863726126988
107.64999999999999,0,aGDL,-16.62990333078187,47.493036777617455,0.0,3.2834351332099845e-08,3.2834351332099845e-08,0.0,0.0,0.0,0.0,0.8,6.0496351416402174e-05,0.0,4.779211761895771e-05,3.131299550824528e-08,0.3,10184194.96,-16.629920044839935
107.74999999999999,0,aGDL,-16.629959804123814,47.49301049741918,0.0,3.286485247985848e-08,3.286485247985848e-08,0.0,0.0,0.0,0.0,0.8,6.0496328109245826e-05,0.0,4.7792099206304195e-05,3.131292119210979e-08,0.3,10184194.96,-16.629976517836415
107.85,0,aGDL,-16.630016431746185,47.49298421720289,0.0,3.289535363947926e-08,3.289535363947926e-08,0.0,0.0,0.0,0.0,0.8,6.049630473842013e-05,0.0,4.779208074335191e-05,3.131284667305359e-08,0.3,10184194.96,-16.630033145113238
107.94999999999999,0,aGDL,-16.630073213645858,47.492957936968565,0.0,3.292585481099438e-08,3.292585481099438e-08,0.0,0.0,0.0,0.0,0.8,6.049628130392644e-05,0.0,4.779206223010189e-05,3.1312771951081734e-08,0.3,10184194.96,-16.63008992666722
108.05,0,aGDL,-16.63013014981965,47.49293165671617,0.0,3.2956355994436034e-08,3.2956355994436034e-08,0.0,0.0,0.0,0.0,0.8,6.049625780576609e-05,0.0,4.7792043666555214e-05,3.131269702619918e-08,0.3,10184194.96,-16.630146862495167
108.15,0,aGDL,-16.630187240264263,47.492905376445684,0.0,3.298685718983643e-08,3.298685718983643e-08,0.0,0.0,0.0,0.0,0.8,6.049623424394047e-05,0.0,4.779202505271297e-05,3.13126218984112e-08,0.3,10184194.96,-16.630203952593885
108.25,0,aGDL,-16.630244484976572,47.492879096157075,0.0,3.3017358397227746e-08,3.3017358397227746e-08,0.0,0.0,0.0,0.0,0.8,6.04962106184509e-05,0.0,4.779200638857621e-05,3.1312546567722726e-08,0.3,10184194.96,-16.630261196960184
108.35,0,aGDL,-16.630301883953393,47.49285281585032,0.0,3.3047859616642186e-08,3.3047859616642186e-08,0.0,0.0,0.0,0.0,0.8,6.049618692929871e-05,0.0,4.7791987674145984e-05,3.1312471034138846e-08,0.3,10184194.96,-16.63031859559087
108.44999999999999,0,aGDL,-16.630359437191544,47.49282653552538,0.0,3.307836084811195e-08,3.307836084811195e-08,0.0,0.0,0.0,0.0,0.8,6.049616317648529e-05,0.0,4.779196890942338e-05,3.13123952976646e-08,0.3,10184194.96,-16.63037614848275
108.55,0,aGDL,-16.630417144687726,47.492800255182246,0.0,3.3108862091669225e-08,3.3108862091669225e-08,0.0,0.0,0.0,0.0,0.8,6.049613936001199e-05,0.0,4.779195009440947e-05,3.131231935830522e-08,0.3,10184194.96,-16.630433855632624
108.64999999999999,0,aGDL,-16.63047500643887,47.49277397482087,0.0,3.313936334734621e-08,3.313936334734621e-08,0.0,0.0,0.0,0.0,0.8,6.0496115479880126e-05,0.0,4.779193122910529e-05,3.131224321606558e-08,0.3,10184194.96,-16.630491717037298
108.74999999999999,0,aGDL,-16.63053302244174,47.49274769444124,0.0,3.316986461517509e-08,3.316986461517509e-08,0.0,0.0,0.0,0.0,0.8,6.0496091536091076e-05,0.0,4.7791912313511944e-05,3.1312166870950844e-08,0.3,10184194.96,-16.630549732693577
108.85,0,aGDL,-16.63059119269309,47.49272141404333,0.0,3.320036589518807e-08,3.320036589518807e-08,0.0,0.0,0.0,0.0,0.8,6.0496067528646186e-05,0.0,4.779189334763049e-05,3.131209032296617e-08,0.3,10184194.96,-16.630607902598257
108.94999999999999,0,aGDL,-16.630649517189738,47.4926951336271,0.0,3.3230867187417325e-08,3.3230867187417325e-08,0.0,0.0,0.0,0.0,0.8,6.049604345754683e-05,0.0,4.7791874331462e-05,3.131201357211657e-08,0.3,10184194.96,-16.630666226748144
109.05,0,aGDL,-16.630707995928503,47.49266885319253,0.0,3.326136849189506e-08,3.326136849189506e-08,0.0,0.0,0.0,0.0,0.8,6.0496019322794346e-05,0.0,4.7791855265007535e-05,3.1311936618407196e-08,0.3,10184194.96,-16.630724705140032
109.14999999999999,0,aGDL,-16.6307666289062,47.492642572739584,0.0,3.329186980865346e-08,3.329186980865346e-08,0.0,0.0,0.0,0.0,0.8,6.049599512439006e-05,0.0,4.779183614826814e-05,3.131185946184306e-08,0.3,10184194.96,-16.630783337770723
109.25,0,aGDL,-16.630825416119592,47.492616292268245,0.0,3.332237113772471e-08,3.332237113772471e-08,0.0,0.0,0.0,0.0,0.8,6.049597086233535e-05,0.0,4.779181698124493e-05,3.131178210242934e-08,0.3,10184194.96,-16.63084212463701
109.35000000000001,0,aGDL,-16.630884357565492,47.49259001177848,0.0,3.3352872479141015e-08,3.3352872479141015e-08,0.0,0.0,0.0,0.0,0.8,6.049594653663159e-05,0.0,4.779179776393895e-05,3.13117045401711e-08,0.3,10184194.96,-16.630901065735696
109.44999999999999,0,aGDL,-16.63094345324066,47.49256373127027,0.0,3.3383373832934545e-08,3.3383373832934545e-08,0.0,0.0,0.0,0.0,0.8,6.049592214728012e-05,0.0,4.77917784963513e-05,3.131162677507353e-08,0.3,10184194.96,-16.630960161063573
109.55,0,aGDL,-16.631002703141917,47.492537450743576,0.0,3.34138751991375e-08,3.34138751991375e-08,0.0,0.0,0.0,0.0,0.8,6.049589769428231e-05,0.0,4.779175917848302e-05,3.1311548807141664e-08,0.3,10184194.96,-16.631019410617434
109.64999999999999,0,aGDL,-16.631062107266075,47.49251117019838,0.0,3.3444376577782064e-08,3.3444376577782064e-08,0.0,0.0,0.0,0.0,0.8,6.049587317763949e-05,0.0,4.779173981033519e-05,3.131147063638064e-08,0.3,10184194.96,-16.631078814394076
109.75,0,aGDL,-16.631121665609896,47.49248488963464,0.0,3.3474877968900425e-08,3.3474877968900425e-08,0.0,0.0,0.0,0.0,0.8,6.049584859735302e-05,0.0,4.779172039190888e-05,3.131139226279556e-08,0.3,10184194.96,-16.631138372390282
109.85,0,aGDL,-16.631181378170197,47.49245860905234,0.0,3.3505379372524766e-08,3.3505379372524766e-08,0.0,0.0,0.0,0.0,0.8,6.0495823953424264e-05,0.0,4.779170092320516e-05,3.1311313686391566e-08,0.3,10184194.96,-16.631198084602858
109.94999999999999,0,aGDL,-16.631241244943737,47.49243232845145,0.0,3.353588078868727e-08,3.353588078868727e-08,0.0,0.0,0.0,0.0,0.8,6.0495799245854594e-05,0.0,4.7791681404225135e-05,3.13112349071738e-08,0.3,10184194.96,-16.631257951028587
110.05,0,aGDL,-16.631301265927334,47.49240604783195,0.0,3.3566382217420136e-08,3.3566382217420136e-08,0.0,0.0,0.0,0.0,0.8,6.0495774474645354e-05,0.0,4.779166183496983e-05,3.131115592514738e-08,0.3,10184194.96,-16.631317971664256
110.14999999999999,0,aGDL,-16.631361441117747,47.492379767193796,0.0,3.3596883658755535e-08,3.3596883658755535e-08,0.0,0.0,0.0,0.0,0.8,6.0495749639797905e-05,0.0,4.779164221544034e-05,3.1311076740317436e-08,0.3,10184194.96,-16.631378146506663
110.25,0,aGDL,-16.631421770511793,47.49235348653697,0.0,3.3627385112725654e-08,3.3627385112725654e-08,0.0,0.0,0.0,0.0,0.8,6.0495724741313616e-05,0.0,4.779162254563775e-05,3.131099735268912e-08,0.3,10184194.96,-16.631438475552585
110.35,0,aGDL,-16.63148225410623,47.49232720586145,0.0,3.3657886579362674e-08,3.3657886579362674e-08,0.0,0.0,0.0,0.0,0.8,6.049569977919385e-05,0.0,4.779160282556313e-05,3.1310917762267566e-08,0.3,10184194.96,-16.63149895879882
110.45,0,aGDL,-16.63154289189788,47.4923009251672,0.0,3.368838805869879e-08,3.368838805869879e-08,0.0,0.0,0.0,0.0,0.8,6.049567475343993e-05,0.0,4.779158305521755e-05,3.13108379690579e-08,0.3,10184194.96,-16.63155959624215
110.55,0,aGDL,-16.631603683883498,47.49227464445419,0.0,3.371888955076617e-08,3.371888955076617e-08,0.0,0.0,0.0,0.0,0.8,6.049564966405326e-05,0.0,4.7791563234602075e-05,3.13107579730653e-08,0.3,10184194.96,-16.63162038787935
110.64999999999999,0,aGDL,-16.631664630059845,47.49224836372241,0.0,3.3749391055596995e-08,3.3749391055596995e-08,0.0,0.0,0.0,0.0,0.8,6.0495624511035194e-05,0.0,4.77915433637178e-05,3.1310677774294934e-08,0.3,10184194.96,-16.631681333707224
110.75,0,aGDL,-16.63172573042374,47.49222208297181,0.0,3.377989257322345e-08,3.377989257322345e-08,0.0,0.0,0.0,0.0,0.8,6.049559929438708e-05,0.0,4.7791523442565785e-05,3.131059737275191e-08,0.3,10184194.96,-16.63174243372254
110.85,0,aGDL,-16.631786984971995,47.492195802202374,0.0,3.381039410367773e-08,3.381039410367773e-08,0.0,0.0,0.0,0.0,0.8,6.049557401411027e-05,0.0,4.779150347114711e-05,3.131051676844139e-08,0.3,10184194.96,-16.631803687922087
110.95,0,aGDL,-16.631848393701375,47.49216952141407,0.0,3.384089564699199e-08,3.384089564699199e-08,0.0,0.0,0.0,0.0,0.8,6.0495548670206134e-05,0.0,4.779148344946284e-05,3.131043596136855e-08,0.3,10184194.96,-16.631865096302644
111.04999999999998,0,aGDL,-16.63190995660858,47.49214324060688,0.0,3.387139720319842e-08,3.387139720319842e-08,0.0,0.0,0.0,0.0,0.8,6.049552326267606e-05,0.0,4.779146337751408e-05,3.13103549515386e-08,0.3,10184194.96,-16.631926658860994
111.14999999999999,0,aGDL,-16.631971673690487,47.492116959780766,0.0,3.39018987723292e-08,3.39018987723292e-08,0.0,0.0,0.0,0.0,0.8,6.04954977915214e-05,0.0,4.77914432553019e-05,3.1310273738956624e-08,0.3,10184194.96,-16.631988375593913
111.25,0,aGDL,-16.63203354494385,47.4920906789357,0.0,3.393240035441651e-08,3.393240035441651e-08,0.0,0.0,0.0,0.0,0.8,6.0495472256743486e-05,0.0,4.779142308282735e-05,3.131019232362786e-08,0.3,10184194.96,-16.632050246498185
111.35,0,aGDL,-16.63209557036538,47.49206439807167,0.0,3.396290194949252e-08,3.396290194949252e-08,0.0,0.0,0.0,0.0,0.8,6.0495446658343744e-05,0.0,4.7791402860091556e-05,3.13101107055575e-08,0.3,10184194.96,-16.632112271570588
111.45,0,aGDL,-16.632157749951944,47.49203811718863,0.0,3.3993403557589406e-08,3.3993403557589406e-08,0.0,0.0,0.0,0.0,0.8,6.0495420996323485e-05,0.0,4.7791382587095546e-05,3.131002888475066e-08,0.3,10184194.96,-16.6321744508079
111.55,0,aGDL,-16.632220083700304,47.49201183628656,0.0,3.402390517873935e-08,3.402390517873935e-08,0.0,0.0,0.0,0.0,0.8,6.049539527068407e-05,0.0,4.7791362263840416e-05,3.1309946861212533e-08,0.3,10184194.96,-16.63223678420689
111.64999999999999,0,aGDL,-16.632282571607163,47.49198555536543,0.0,3.4054406812974525e-08,3.4054406812974525e-08,0.0,0.0,0.0,0.0,0.8,6.049536948142692e-05,0.0,4.779134189032727e-05,3.130986463494838e-08,0.3,10184194.96,-16.63229927176434
111.74999999999999,0,aGDL,-16.632345213669396,47.49195927442522,0.0,3.408490846032711e-08,3.408490846032711e-08,0.0,0.0,0.0,0.0,0.8,6.0495343628553356e-05,0.0,4.779132146655715e-05,3.1309782205963285e-08,0.3,10184194.96,-16.632361913477023
111.85,0,aGDL,-16.632408009883704,47.491932993465895,0.0,3.411541012082927e-08,3.411541012082927e-08,0.0,0.0,0.0,0.0,0.8,6.049531771206476e-05,0.0,4.7791300992531155e-05,3.130969957426252e-08,0.3,10184194.96,-16.632424709341716
111.95,0,aGDL,-16.632470960246906,47.49190671248743,0.0,3.414591179451319e-08,3.414591179451319e-08,0.0,0.0,0.0,0.0,0.8,6.04952917319625e-05,0.0,4.779128046825037e-05,3.13096167398512e-08,0.3,10184194.96,-16.63248765935519
112.05,0,aGDL,-16.632534064755703,47.49188043148979,0.0,3.417641348141103e-08,3.417641348141103e-08,0.0,0.0,0.0,0.0,0.8,6.049526568824792e-05,0.0,4.779125989371586e-05,3.130953370273467e-08,0.3,10184194.96,-16.632550763514214
112.14999999999999,0,aGDL,-16.632597323406912,47.49185415047296,0.0,3.420691518155497e-08,3.420691518155497e-08,0.0,0.0,0.0,0.0,0.8,6.0495239580922425e-05,0.0,4.7791239268928716e-05,3.130945046291803e-08,0.3,10184194.96,-16.632614021815566
112.24999999999999,0,aGDL,-16.63266073619735,47.49182786943691,0.0,3.4237416894977174e-08,3.4237416894977174e-08,0.0,0.0,0.0,0.0,0.8,6.049521340998737e-05,0.0,4.779121859389002e-05,3.1309367020406434e-08,0.3,10184194.96,-16.632677434256014
112.35,0,aGDL,-16.632724303123723,47.491801588381605,0.0,3.426791862170982e-08,3.426791862170982e-08,0.0,0.0,0.0,0.0,0.8,6.049518717544412e-05,0.0,4.779119786860085e-05,3.130928337520521e-08,0.3,10184194.96,-16.63274100083233
112.44999999999999,0,aGDL,-16.632788024182787,47.49177530730702,0.0,3.4298420361785085e-08,3.4298420361785085e-08,0.0,0.0,0.0,0.0,0.8,6.0495160877294026e-05,0.0,4.7791177093062285e-05,3.130919952731954e-08,0.3,10184194.96,-16.632804721541277
112.55,0,aGDL,-16.63285189937136,47.491749026213135,0.0,3.432892211523513e-08,3.432892211523513e-08,0.0,0.0,0.0,0.0,0.8,6.0495134515538495e-05,0.0,4.779115626727541e-05,3.130911547675458e-08,0.3,10184194.96,-16.632868596379623
112.65,0,aGDL,-16.632915928686202,47.49172274509991,0.0,3.4359423882092127e-08,3.4359423882092127e-08,0.0,0.0,0.0,0.0,0.8,6.0495108090178866e-05,0.0,4.77911353912413e-05,3.130903122351561e-08,0.3,10184194.96,-16.632932625344147
112.74999999999999,0,aGDL,-16.632980112124073,47.49169646396734,0.0,3.438992566238824e-08,3.438992566238824e-08,0.0,0.0,0.0,0.0,0.8,6.0495081601216496e-05,0.0,4.779111446496104e-05,3.1308946767607815e-08,0.3,10184194.96,-16.632996808431606
112.85,0,aGDL,-16.633044449681677,47.49167018281536,0.0,3.4420427456155644e-08,3.4420427456155644e-08,0.0,0.0,0.0,0.0,0.8,6.049505504865284e-05,0.0,4.779109348843573e-05,3.13088621090365e-08,0.3,10184194.96,-16.63306114563877
112.94999999999999,0,aGDL,-16.633108941355886,47.49164390164398,0.0,3.44509292634265e-08,3.44509292634265e-08,0.0,0.0,0.0,0.0,0.8,6.049502843248916e-05,0.0,4.779107246166644e-05,3.1308777247806785e-08,0.3,10184194.96,-16.633125636962404
113.05,0,aGDL,-16.633173587143403,47.491617620453155,0.0,3.448143108423298e-08,3.448143108423298e-08,0.0,0.0,0.0,0.0,0.8,6.049500175272689e-05,0.0,4.7791051384654246e-05,3.130869218392395e-08,0.3,10184194.96,-16.633190282399273
113.15,0,aGDL,-16.63323838704099,47.49159133924285,0.0,3.451193291860725e-08,3.451193291860725e-08,0.0,0.0,0.0,0.0,0.8,6.049497500936739e-05,0.0,4.779103025740023e-05,3.130860691739325e-08,0.3,10184194.96,-16.63325508194614
113.24999999999999,0,aGDL,-16.633303341045405,47.49156505801306,0.0,3.4542434766581465e-08,3.4542434766581465e-08,0.0,0.0,0.0,0.0,0.8,6.0494948202412035e-05,0.0,4.7791009079905505e-05,3.130852144821995e-08,0.3,10184194.96,-16.633320035599763
113.35,0,aGDL,-16.63336844915341,47.49153877676373,0.0,3.4572936628187805e-08,3.4572936628187805e-08,0.0,0.0,0.0,0.0,0.8,6.04949213318622e-05,0.0,4.779098785217114e-05,3.1308435776409293e-08,0.3,10184194.96,-16.63338514335691
113.44999999999999,0,aGDL,-16.633433711361818,47.49151249549486,0.0,3.460343850345843e-08,3.460343850345843e-08,0.0,0.0,0.0,0.0,0.8,6.049489439771923e-05,0.0,4.77909665741982e-05,3.1308349901966416e-08,0.3,10184194.96,-16.633450405214344
113.55,0,aGDL,-16.633499127667335,47.4914862142064,0.0,3.46339403924255e-08,3.46339403924255e-08,0.0,0.0,0.0,0.0,0.8,6.049486739998453e-05,0.0,4.779094524598778e-05,3.130826382489666e-08,0.3,10184194.96,-16.63351582116882
113.64999999999999,0,aGDL,-16.63356469806672,47.49145993289834,0.0,3.466444229512118e-08,3.466444229512118e-08,0.0,0.0,0.0,0.0,0.8,6.049484033865948e-05,0.0,4.779092386754098e-05,3.130817754520528e-08,0.3,10184194.96,-16.63358139121711
113.75,0,aGDL,-16.63363042255679,47.49143365157063,0.0,3.4694944211577636e-08,3.4694944211577636e-08,0.0,0.0,0.0,0.0,0.8,6.0494813213745415e-05,0.0,4.779090243885887e-05,3.130809106289748e-08,0.3,10184194.96,-16.63364711535596
113.85000000000001,0,aGDL,-16.633696301134194,47.49140737022327,0.0,3.472544614182702e-08,3.472544614182702e-08,0.0,0.0,0.0,0.0,0.8,6.049478602524375e-05,0.0,4.7790880959942556e-05,3.130800437797862e-08,0.3,10184194.96,-16.633712993582133
113.94999999999999,0,aGDL,-16.6337623337958,47.491381088856215,0.0,3.47559480859015e-08,3.47559480859015e-08,0.0,0.0,0.0,0.0,0.8,6.049475877315584e-05,0.0,4.779085943079311e-05,3.1307917490453836e-08,0.3,10184194.96,-16.633779025892387
114.05,0,aGDL,-16.633828520538316,47.49135480746944,0.0,3.478645004383324e-08,3.478645004383324e-08,0.0,0.0,0.0,0.0,0.8,6.049473145748304e-05,0.0,4.77908378514116e-05,3.130783040032848e-08,0.3,10184194.96,-16.633845212283482
114.14999999999999,0,aGDL,-16.6338948613585,47.49132852606292,0.0,3.4816952015654404e-08,3.4816952015654404e-08,0.0,0.0,0.0,0.0,0.8,6.049470407822678e-05,0.0,4.779081622179916e-05,3.130774310760782e-08,0.3,10184194.96,-16.633911552752174
114.25,0,aGDL,-16.63396135625311,47.49130224463663,0.0,3.484745400139714e-08,3.484745400139714e-08,0.0,0.0,0.0,0.0,0.8,6.049467663538839e-05,0.0,4.779079454195682e-05,3.1307655612297066e-08,0.3,10184194.96,-16.633978047295216
114.35,0,aGDL,-16.63402800521891,47.49127596319053,0.0,3.487795600109361e-08,3.487795600109361e-08,0.0,0.0,0.0,0.0,0.8,6.049464912896926e-05,0.0,4.779077281188571e-05,3.1307567914401556e-08,0.3,10184194.96,-16.634044695909363
114.44999999999999,0,aGDL,-16.6340948082526,47.49124968172461,0.0,3.490845801477597e-08,3.490845801477597e-08,0.0,0.0,0.0,0.0,0.8,6.049462155897079e-05,0.0,4.779075103158692e-05,3.13074800139266e-08,0.3,10184194.96,-16.63411149859138
114.55,0,aGDL,-16.634161765350996,47.49122340023883,0.0,3.4938960042476386e-08,3.4938960042476386e-08,0.0,0.0,0.0,0.0,0.8,6.0494593925394326e-05,0.0,4.779072920106152e-05,3.130739191087738e-08,0.3,10184194.96,-16.634178455338006
114.64999999999999,0,aGDL,-16.63422887651086,47.49119711873317,0.0,3.496946208422701e-08,3.496946208422701e-08,0.0,0.0,0.0,0.0,0.8,6.049456622824124e-05,0.0,4.779070732031058e-05,3.130730360525919e-08,0.3,10184194.96,-16.634245566146006
114.75,0,aGDL,-16.634296141728896,47.4911708372076,0.0,3.4999964140060006e-08,3.4999964140060006e-08,0.0,0.0,0.0,0.0,0.8,6.049453846751294e-05,0.0,4.779068538933523e-05,3.130721509707741e-08,0.3,10184194.96,-16.634312831012124
114.85,0,aGDL,-16.634363561001862,47.49114455566209,0.0,3.503046621000751e-08,3.503046621000751e-08,0.0,0.0,0.0,0.0,0.8,6.04945106432108e-05,0.0,4.7790663408136526e-05,3.130712638633728e-08,0.3,10184194.96,-16.634380249933116
114.95,0,aGDL,-16.63443113432652,47.49111827409661,0.0,3.50609682941017e-08,3.50609682941017e-08,0.0,0.0,0.0,0.0,0.8,6.049448275533618e-05,0.0,4.7790641376715574e-05,3.130703747304411e-08,0.3,10184194.96,-16.634447822905734
115.05,0,aGDL,-16.634498861699626,47.49109199251114,0.0,3.5091470392374716e-08,3.5091470392374716e-08,0.0,0.0,0.0,0.0,0.8,6.049445480389045e-05,0.0,4.7790619295073456e-05,3.130694835720316e-08,0.3,10184194.96,-16.63451554992673
115.14999999999999,0,aGDL,-16.634566743117944,47.49106571090565,0.0,3.512197250485872e-08,3.512197250485872e-08,0.0,0.0,0.0,0.0,0.8,6.049442678887502e-05,0.0,4.779059716321126e-05,3.1306859038819753e-08,0.3,10184194.96,-16.63458343099285
115.25,0,aGDL,-16.63463477857823,47.49103942928011,0.0,3.515247463158587e-08,3.515247463158587e-08,0.0,0.0,0.0,0.0,0.8,6.049439871029125e-05,0.0,4.7790574981130086e-05,3.1306769517899144e-08,0.3,10184194.96,-16.63465146610085
115.35,0,aGDL,-16.634702968077136,47.49101314763449,0.0,3.5182976772588304e-08,3.5182976772588304e-08,0.0,0.0,0.0,0.0,0.8,6.049437056814054e-05,0.0,4.779055274883103e-05,3.13066797944468e-08,0.3,10184194.96,-16.63471965524747
115.44999999999999,0,aGDL,-16.63477131161153,47.49098686596877,0.0,3.521347892789818e-08,3.521347892789818e-08,0.0,0.0,0.0,0.0,0.8,6.049434236242424e-05,0.0,4.779053046631515e-05,3.130658986846783e-08,0.3,10184194.96,-16.634787998429463
115.54999999999998,0,aGDL,-16.634839809178118,47.490960584282924,0.0,3.5243981097547654e-08,3.5243981097547654e-08,0.0,0.0,0.0,0.0,0.8,6.049431409314376e-05,0.0,4.7790508133583565e-05,3.1306499739967625e-08,0.3,10184194.96,-16.63485649564358
115.64999999999999,0,aGDL,-16.6349084607736,47.49093430257692,0.0,3.527448328156888e-08,3.527448328156888e-08,0.0,0.0,0.0,0.0,0.8,6.049428576030045e-05,0.0,4.779048575063736e-05,3.130640940895159e-08,0.3,10184194.96,-16.63492514688656
115.75,0,aGDL,-16.634977266394742,47.490908020850725,0.0,3.5304985479994e-08,3.5304985479994e-08,0.0,0.0,0.0,0.0,0.8,6.049425736389573e-05,0.0,4.7790463317477627e-05,3.1306318875424974e-08,0.3,10184194.96,-16.63499395215516
115.85,0,aGDL,-16.635046226038355,47.49088173910432,0.0,3.533548769285516e-08,3.533548769285516e-08,0.0,0.0,0.0,0.0,0.8,6.049422890393096e-05,0.0,4.779044083410545e-05,3.130622813939304e-08,0.3,10184194.96,-16.63506291144612
115.95,0,aGDL,-16.635115339701088,47.490855457337666,0.0,3.5365989920184526e-08,3.5365989920184526e-08,0.0,0.0,0.0,0.0,0.8,6.049420038040753e-05,0.0,4.779041830052194e-05,3.130613720086125e-08,0.3,10184194.96,-16.63513202475618
116.05,0,aGDL,-16.635184607379756,47.49082917555075,0.0,3.5396492162014235e-08,3.5396492162014235e-08,0.0,0.0,0.0,0.0,0.8,6.049417179332679e-05,0.0,4.779039571672816e-05,3.1306046059834775e-08,0.3,10184194.96,-16.635201292082098
116.14999999999999,0,aGDL,-16.63525402907112,47.490802893743535,0.0,3.542699441837643e-08,3.542699441837643e-08,0.0,0.0,0.0,0.0,0.8,6.0494143142690145e-05,0.0,4.779037308272522e-05,3.130595471631899e-08,0.3,10184194.96,-16.63527071342061
116.25,0,aGDL,-16.635323604771827,47.490776611916004,0.0,3.545749668930327e-08,3.545749668930327e-08,0.0,0.0,0.0,0.0,0.8,6.0494114428499e-05,0.0,4.779035039851421e-05,3.130586317031935e-08,0.3,10184194.96,-16.63534028876846
116.35,0,aGDL,-16.635393334478692,47.49075033006812,0.0,3.54879989748269e-08,3.54879989748269e-08,0.0,0.0,0.0,0.0,0.8,6.049408565075472e-05,0.0,4.7790327664096236e-05,3.1305771421841075e-08,0.3,10184194.96,-16.63541001812239
116.45,0,aGDL,-16.63546321818842,47.49072404819985,0.0,3.5518501274979464e-08,3.5518501274979464e-08,0.0,0.0,0.0,0.0,0.8,6.049405680945869e-05,0.0,4.779030487947236e-05,3.130567947088957e-08,0.3,10184194.96,-16.63547990147915
116.54999999999998,0,aGDL,-16.635533255897826,47.49069776631118,0.0,3.55490035897931e-08,3.55490035897931e-08,0.0,0.0,0.0,0.0,0.8,6.0494027904612256e-05,0.0,4.779028204464368e-05,3.130558731747006e-08,0.3,10184194.96,-16.635549938835474
116.64999999999999,0,aGDL,-16.635603447603557,47.49067148440207,0.0,3.557950591929996e-08,3.557950591929996e-08,0.0,0.0,0.0,0.0,0.8,6.049399893621687e-05,0.0,4.779025915961133e-05,3.130549496158806e-08,0.3,10184194.96,-16.63562013018811
116.74999999999999,0,aGDL,-16.635673793302374,47.49064520247251,0.0,3.5610008263532194e-08,3.5610008263532194e-08,0.0,0.0,0.0,0.0,0.8,6.0493969904273884e-05,0.0,4.7790236224376365e-05,3.130540240324883e-08,0.3,10184194.96,-16.635690475533792
116.85,0,aGDL,-16.635744292991035,47.49061892052246,0.0,3.564051062252194e-08,3.564051062252194e-08,0.0,0.0,0.0,0.0,0.8,6.049394080878468e-05,0.0,4.7790213238939894e-05,3.130530964245775e-08,0.3,10184194.96,-16.635760974869267
116.95,0,aGDL,-16.6358149466663,47.49059263855189,0.0,3.567101299630134e-08,3.567101299630134e-08,0.0,0.0,0.0,0.0,0.8,6.049391164975065e-05,0.0,4.7790190203303006e-05,3.130521667922012e-08,0.3,10184194.96,-16.635831628191273
117.05,0,aGDL,-16.63588575432493,47.49056635656078,0.0,3.570151538490254e-08,3.570151538490254e-08,0.0,0.0,0.0,0.0,0.8,6.049388242717313e-05,0.0,4.779016711746678e-05,3.1305123513541284e-08,0.3,10184194.96,-16.63590243549655
117.15,0,aGDL,-16.635956715963573,47.49054007454909,0.0,3.573201778835768e-08,3.573201778835768e-08,0.0,0.0,0.0,0.0,0.8,6.0493853141053596e-05,0.0,4.7790143981432335e-05,3.130503014542671e-08,0.3,10184194.96,-16.635973396781836
117.24999999999999,0,aGDL,-16.636027831578986,47.49051379251681,0.0,3.5762520206698896e-08,3.5762520206698896e-08,0.0,0.0,0.0,0.0,0.8,6.0493823791393396e-05,0.0,4.779012079520078e-05,3.130493657488176e-08,0.3,10184194.96,-16.63604451204387
117.35,0,aGDL,-16.636099101167986,47.4904875104639,0.0,3.579302263995834e-08,3.579302263995834e-08,0.0,0.0,0.0,0.0,0.8,6.049379437819388e-05,0.0,4.7790097558773155e-05,3.130484280191168e-08,0.3,10184194.96,-16.63611578127939
117.44999999999999,0,aGDL,-16.636170524727277,47.490461228390345,0.0,3.5823525088168144e-08,3.5823525088168144e-08,0.0,0.0,0.0,0.0,0.8,6.0493764901456456e-05,0.0,4.77900742721506e-05,3.13047488265219e-08,0.3,10184194.96,-16.636187204485136
117.55,0,aGDL,-16.636242102253505,47.4904349462961,0.0,3.585402755136045e-08,3.585402755136045e-08,0.0,0.0,0.0,0.0,0.8,6.049373536118255e-05,0.0,4.7790050935334206e-05,3.130465464871786e-08,0.3,10184194.96,-16.63625878165785
117.65,0,aGDL,-16.636313833743543,47.49040866418115,0.0,3.5884530029567395e-08,3.5884530029567395e-08,0.0,0.0,0.0,0.0,0.8,6.049370575737348e-05,0.0,4.779002754832505e-05,3.130456026850484e-08,0.3,10184194.96,-16.636330512794256
117.74999999999999,0,aGDL,-16.63638571919404,47.49038238204547,0.0,3.591503252282112e-08,3.591503252282112e-08,0.0,0.0,0.0,0.0,0.8,6.049367609003069e-05,0.0,4.779000411112425e-05,3.130446568588826e-08,0.3,10184194.96,-16.636402397891104
117.85,0,aGDL,-16.63645775860175,47.49035609988902,0.0,3.594553503115376e-08,3.594553503115376e-08,0.0,0.0,0.0,0.0,0.8,6.049364635915554e-05,0.0,4.778998062373287e-05,3.1304370900873484e-08,0.3,10184194.96,-16.636474436945118
117.94999999999999,0,aGDL,-16.63652995196344,47.49032981771178,0.0,3.597603755459746e-08,3.597603755459746e-08,0.0,0.0,0.0,0.0,0.8,6.049361656474942e-05,0.0,4.7789957086152043e-05,3.1304275913465905e-08,0.3,10184194.96,-16.636546629953042
118.05,0,aGDL,-16.63660229927575,47.490303535513725,0.0,3.600654009318434e-08,3.600654009318434e-08,0.0,0.0,0.0,0.0,0.8,6.0493586706813746e-05,0.0,4.7789933498382854e-05,3.1304180723671e-08,0.3,10184194.96,-16.636618976911606
118.15,0,aGDL,-16.63667480053556,47.49027725329482,0.0,3.603704264694656e-08,3.603704264694656e-08,0.0,0.0,0.0,0.0,0.8,6.049355678534986e-05,0.0,4.778990986042639e-05,3.1304085331493965e-08,0.3,10184194.96,-16.63669147781755
118.25,0,aGDL,-16.636747455739453,47.49025097105505,0.0,3.6067545215916235e-08,3.6067545215916235e-08,0.0,0.0,0.0,0.0,0.8,6.049352680035918e-05,0.0,4.7789886172283747e-05,3.130398973694042e-08,0.3,10184194.96,-16.636764132667604
118.35,0,aGDL,-16.636820264884307,47.49022468879437,0.0,3.60980478001255e-08,3.60980478001255e-08,0.0,0.0,0.0,0.0,0.8,6.049349675184307e-05,0.0,4.778986243395602e-05,3.1303893940015535e-08,0.3,10184194.96,-16.636836941458505
118.44999999999999,0,aGDL,-16.63689322796671,47.49019840651277,0.0,3.612855039960651e-08,3.612855039960651e-08,0.0,0.0,0.0,0.0,0.8,6.049346663980297e-05,0.0,4.7789838645444335e-05,3.130379794072491e-08,0.3,10184194.96,-16.636909904186986
118.55,0,aGDL,-16.636966344983534,47.49017212421021,0.0,3.6159053014391374e-08,3.6159053014391374e-08,0.0,0.0,0.0,0.0,0.8,6.04934364642402e-05,0.0,4.7789814806749754e-05,3.1303701739073775e-08,0.3,10184194.96,-16.63698302084978
118.64999999999999,0,aGDL,-16.63703961593137,47.49014584188667,0.0,3.6189555644512236e-08,3.6189555644512236e-08,0.0,0.0,0.0,0.0,0.8,6.049340622515622e-05,0.0,4.778979091787341e-05,3.130360533506769e-08,0.3,10184194.96,-16.63705629144362
118.75,0,aGDL,-16.637113040807094,47.490119559542116,0.0,3.6220058290001226e-08,3.6220058290001226e-08,0.0,0.0,0.0,0.0,0.8,6.049337592255235e-05,0.0,4.7789766978816354e-05,3.13035087287119e-08,0.3,10184194.96,-16.637129715965237
118.85,0,aGDL,-16.63718661960735,47.49009327717653,0.0,3.625056095089048e-08,3.625056095089048e-08,0.0,0.0,0.0,0.0,0.8,6.0493345556430026e-05,0.0,4.778974298957972e-05,3.130341192001191e-08,0.3,10184194.96,-16.637203294411364
118.94999999999999,0,aGDL,-16.637260352328838,47.49006699478987,0.0,3.6281063627212124e-08,3.6281063627212124e-08,0.0,0.0,0.0,0.0,0.8,6.0493315126790634e-05,0.0,4.77897189501646e-05,3.1303314908973224e-08,0.3,10184194.96,-16.637277026778737
119.05,0,aGDL,-16.63733423896838,47.490040712382125,0.0,3.631156631899829e-08,3.631156631899829e-08,0.0,0.0,0.0,0.0,0.8,6.0493284633635555e-05,0.0,4.778969486057208e-05,3.1303217695601084e-08,0.3,10184194.96,-16.637350913064083
119.14999999999999,0,aGDL,-16.637408279522617,47.490014429953256,0.0,3.634206902628111e-08,3.634206902628111e-08,0.0,0.0,0.0,0.0,0.8,6.049325407696619e-05,0.0,4.7789670720803285e-05,3.130312027990102e-08,0.3,10184194.96,-16.63742495326413
119.25,0,aGDL,-16.63748247398837,47.48998814750324,0.0,3.637257174909271e-08,3.637257174909271e-08,0.0,0.0,0.0,0.0,0.8,6.0493223456783904e-05,0.0,4.778964653085928e-05,3.130302266187838e-08,0.3,10184194.96,-16.637499147375618
119.35,0,aGDL,-16.637556822362342,47.48996186503205,0.0,3.640307448746522e-08,3.640307448746522e-08,0.0,0.0,0.0,0.0,0.8,6.049319277309009e-05,0.0,4.778962229074117e-05,3.1302924841538564e-08,0.3,10184194.96,-16.637573495395273
119.44999999999999,0,aGDL,-16.637631324641177,47.48993558253966,0.0,3.643357724143077e-08,3.643357724143077e-08,0.0,0.0,0.0,0.0,0.8,6.0493162025886196e-05,0.0,4.778959800045008e-05,3.130282681888719e-08,0.3,10184194.96,-16.637647997319824
119.55,0,aGDL,-16.637705980821693,47.489909300026035,0.0,3.646408001102148e-08,3.646408001102148e-08,0.0,0.0,0.0,0.0,0.8,6.049313121517355e-05,0.0,4.778957365998711e-05,3.1302728593929476e-08,0.3,10184194.96,-16.637722653146
119.64999999999999,0,aGDL,-16.637780790900592,47.48988301749115,0.0,3.649458279626949e-08,3.649458279626949e-08,0.0,0.0,0.0,0.0,0.8,6.049310034095359e-05,0.0,4.7789549269353334e-05,3.130263016667097e-08,0.3,10184194.96,-16.637797462870537
119.75,0,aGDL,-16.637855754874636,47.48985673493499,0.0,3.652508559720692e-08,3.652508559720692e-08,0.0,0.0,0.0,0.0,0.8,6.049306940322765e-05,0.0,4.778952482854984e-05,3.130253153711701e-08,0.3,10184194.96,-16.637872426490155
119.85,0,aGDL,-16.637930872740526,47.48983045235751,0.0,3.655558841386589e-08,3.655558841386589e-08,0.0,0.0,0.0,0.0,0.8,6.0493038401997163e-05,0.0,4.778950033757775e-05,3.130243270527309e-08,0.3,10184194.96,-16.63794754400159
119.94999999999999,0,aGDL,-16.638006144494966,47.48980416975869,0.0,3.658609124627853e-08,3.658609124627853e-08,0.0,0.0,0.0,0.0,0.8,6.0493007337263506e-05,0.0,4.7789475796438164e-05,3.1302333671144704e-08,0.3,10184194.96,-16.638022815401573
120.05,0,aGDL,-16.638081570134716,47.4897778871385,0.0,3.661659409447696e-08,3.661659409447696e-08,0.0,0.0,0.0,0.0,0.8,6.049297620902809e-05,0.0,4.7789451205132196e-05,3.1302234434737185e-08,0.3,10184194.96,-16.638098240686826
120.14999999999999,0,aGDL,-16.63815714965648,47.489751604496924,0.0,3.664709695849331e-08,3.664709695849331e-08,0.0,0.0,0.0,0.0,0.8,6.049294501729231e-05,0.0,4.778942656366092e-05,3.130213499605606e-08,0.3,10184194.96,-16.638173819854085
120.25,0,aGDL,-16.638232883057015,47.48972532183392,0.0,3.667759983835971e-08,3.667759983835971e-08,0.0,0.0,0.0,0.0,0.8,6.049291376205752e-05,0.0,4.7789401872025443e-05,3.130203535510675e-08,0.3,10184194.96,-16.638249552900067
120.35,0,aGDL,-16.638308770333026,47.48969903914947,0.0,3.670810273410826e-08,3.670810273410826e-08,0.0,0.0,0.0,0.0,0.8,6.049288244332516e-05,0.0,4.7789377130226874e-05,3.1301935511894694e-08,0.3,10184194.96,-16.63832543982151
120.45,0,aGDL,-16.638384811481217,47.48967275644354,0.0,3.673860564577111e-08,3.673860564577111e-08,0.0,0.0,0.0,0.0,0.8,6.049285106109659e-05,0.0,4.77893523382663e-05,3.1301835466425384e-08,0.3,10184194.96,-16.63840148061514
120.54999999999998,0,aGDL,-16.638461006498403,47.48964647371611,0.0,3.6769108573380357e-08,3.6769108573380357e-08,0.0,0.0,0.0,0.0,0.8,6.0492819615373214e-05,0.0,4.778932749614483e-05,3.1301735218704175e-08,0.3,10184194.96,-16.63847767527768
120.64999999999999,0,aGDL,-16.638537355381175,47.48962019096714,0.0,3.6799611516968133e-08,3.6799611516968133e-08,0.0,0.0,0.0,0.0,0.8,6.049278810615642e-05,0.0,4.778930260386357e-05,3.13016347687367e-08,0.3,10184194.96,-16.638554023805863
120.75,0,aGDL,-16.638613858126405,47.48959390819661,0.0,3.683011447656656e-08,3.683011447656656e-08,0.0,0.0,0.0,0.0,0.8,6.049275653344761e-05,0.0,4.778927766142361e-05,3.1301534116528184e-08,0.3,10184194.96,-16.63863052619641
120.85,0,aGDL,-16.638690514730683,47.4895676254045,0.0,3.686061745220775e-08,3.686061745220775e-08,0.0,0.0,0.0,0.0,0.8,6.0492724897248194e-05,0.0,4.7789252668826074e-05,3.130143326208436e-08,0.3,10184194.96,-16.638707182446055
120.95,0,aGDL,-16.638767325190884,47.489541342590776,0.0,3.689112044392383e-08,3.689112044392383e-08,0.0,0.0,0.0,0.0,0.8,6.049269319755952e-05,0.0,4.7789227626072016e-05,3.130133220541041e-08,0.3,10184194.96,-16.638783992551517
121.04999999999998,0,aGDL,-16.638844289503595,47.489515059755405,0.0,3.692162345174692e-08,3.692162345174692e-08,0.0,0.0,0.0,0.0,0.8,6.0492661434383016e-05,0.0,4.778920253316258e-05,3.1301230946512014e-08,0.3,10184194.96,-16.638860956509532
121.14999999999999,0,aGDL,-16.638921407665578,47.48948877689836,0.0,3.695212647570912e-08,3.695212647570912e-08,0.0,0.0,0.0,0.0,0.8,6.049262960772009e-05,0.0,4.778917739009887e-05,3.1301129485394594e-08,0.3,10184194.96,-16.63893807431682
121.24999999999999,0,aGDL,-16.63899867967359,47.489462494019634,0.0,3.698262951584257e-08,3.698262951584257e-08,0.0,0.0,0.0,0.0,0.8,6.0492597717572095e-05,0.0,4.7789152196881955e-05,3.1301027822063596e-08,0.3,10184194.96,-16.639015345970105
121.35,0,aGDL,-16.639076105524396,47.48943621111917,0.0,3.7013132572179376e-08,3.7013132572179376e-08,0.0,0.0,0.0,0.0,0.8,6.0492565763940453e-05,0.0,4.7789126953512955e-05,3.130092595652444e-08,0.3,10184194.96,-16.63909277146612
121.45,0,aGDL,-16.63915368521458,47.48940992819696,0.0,3.704363564475165e-08,3.704363564475165e-08,0.0,0.0,0.0,0.0,0.8,6.049253374682657e-05,0.0,4.7789101659992984e-05,3.130082388878279e-08,0.3,10184194.96,-16.639170350801585
121.55,0,aGDL,-16.63923141874102,47.48938364525297,0.0,3.7074138733591515e-08,3.7074138733591515e-08,0.0,0.0,0.0,0.0,0.8,6.04925016662318e-05,0.0,4.778907631632312e-05,3.1300721618843863e-08,0.3,10184194.96,-16.63924808397323
121.65,0,aGDL,-16.63930930610036,47.48935736228717,0.0,3.7104641838731086e-08,3.7104641838731086e-08,0.0,0.0,0.0,0.0,0.8,6.0492469522157566e-05,0.0,4.778905092250448e-05,3.1300619146713344e-08,0.3,10184194.96,-16.639325970977776
121.74999999999999,0,aGDL,-16.639387347289357,47.489331079299546,0.0,3.7135144960202466e-08,3.7135144960202466e-08,0.0,0.0,0.0,0.0,0.8,6.049243731460525e-05,0.0,4.7789025478538136e-05,3.130051647239662e-08,0.3,10184194.96,-16.639404011811955
121.85,0,aGDL,-16.63946554230472,47.48930479629005,0.0,3.716564809803779e-08,3.716564809803779e-08,0.0,0.0,0.0,0.0,0.8,6.0492405043576265e-05,0.0,4.7788999984425245e-05,3.130041359589919e-08,0.3,10184194.96,-16.639482206472493
121.95,0,aGDL,-16.63954389114315,47.48927851325867,0.0,3.7196151252269145e-08,3.7196151252269145e-08,0.0,0.0,0.0,0.0,0.8,6.0492372709071996e-05,0.0,4.778897444016687e-05,3.1300310517226636e-08,0.3,10184194.96,-16.639560554956105
122.04999999999998,0,aGDL,-16.639622393801403,47.48925223020537,0.0,3.722665442292866e-08,3.722665442292866e-08,0.0,0.0,0.0,0.0,0.8,6.0492340311093836e-05,0.0,4.778894884576413e-05,3.130020723638433e-08,0.3,10184194.96,-16.63963905725953
122.14999999999999,0,aGDL,-16.639701050276187,47.48922594713013,0.0,3.725715761004844e-08,3.725715761004844e-08,0.0,0.0,0.0,0.0,0.8,6.04923078496432e-05,0.0,4.778892320121813e-05,3.130010375337784e-08,0.3,10184194.96,-16.639717713379483
122.24999999999999,0,aGDL,-16.639779860564204,47.489199664032924,0.0,3.7287660813660604e-08,3.7287660813660604e-08,0.0,0.0,0.0,0.0,0.8,6.049227532472146e-05,0.0,4.7788897506529956e-05,3.1300000068212704e-08,0.3,10184194.96,-16.639796523312697
122.35,0,aGDL,-16.63985882466227,47.48917338091371,0.0,3.731816403379726e-08,3.731816403379726e-08,0.0,0.0,0.0,0.0,0.8,6.049224273633001e-05,0.0,4.77888717617007e-05,3.129989618089425e-08,0.3,10184194.96,-16.63987548705589
122.44999999999999,0,aGDL,-16.63993794256703,47.489147097772474,0.0,3.734866727049051e-08,3.734866727049051e-08,0.0,0.0,0.0,0.0,0.8,6.049221008447026e-05,0.0,4.77888459667315e-05,3.129979209142811e-08,0.3,10184194.96,-16.63995460460579
122.55,0,aGDL,-16.64001721427519,47.48912081460919,0.0,3.737917052377247e-08,3.737917052377247e-08,0.0,0.0,0.0,0.0,0.8,6.04921773691436e-05,0.0,4.778882012162344e-05,3.1299687799819826e-08,0.3,10184194.96,-16.640033875959123
122.65,0,aGDL,-16.640096639783565,47.48909453142382,0.0,3.740967379367525e-08,3.740967379367525e-08,0.0,0.0,0.0,0.0,0.8,6.0492144590351414e-05,0.0,4.778879422637762e-05,3.1299583306074745e-08,0.3,10184194.96,-16.640113301112617
122.75,0,aGDL,-16.6401762190888,47.489068248216334,0.0,3.744017708023096e-08,3.744017708023096e-08,0.0,0.0,0.0,0.0,0.8,6.049211174809513e-05,0.0,4.778876828099515e-05,3.1299478610198526e-08,0.3,10184194.96,-16.64019288006299
122.85000000000001,0,aGDL,-16.6402559521876,47.48904196498672,0.0,3.7470680383471696e-08,3.7470680383471696e-08,0.0,0.0,0.0,0.0,0.8,6.0492078842376126e-05,0.0,4.7788742285477134e-05,3.129937371219667e-08,0.3,10184194.96,-16.640272612806974
122.94999999999997,0,aGDL,-16.640335839076783,47.48901568173494,0.0,3.750118370342957e-08,3.750118370342957e-08,0.0,0.0,0.0,0.0,0.8,6.049204587319579e-05,0.0,4.7788716239824676e-05,3.1299268612074585e-08,0.3,10184194.96,-16.640352499341294
123.04999999999998,0,aGDL,-16.64041587975305,47.48898939846097,0.0,3.7531687040136694e-08,3.7531687040136694e-08,0.0,0.0,0.0,0.0,0.8,6.0492012840555506e-05,0.0,4.778869014403885e-05,3.129916330983782e-08,0.3,10184194.96,-16.640432539662665
123.14999999999999,0,aGDL,-16.640496074213047,47.488963115164786,0.0,3.7562190393625174e-08,3.7562190393625174e-08,0.0,0.0,0.0,0.0,0.8,6.0491979744456714e-05,0.0,4.77886639981208e-05,3.129905780549197e-08,0.3,10184194.96,-16.640512733767828
123.24999999999999,0,aGDL,-16.640576422453535,47.48893683184635,0.0,3.7592693763927106e-08,3.7592693763927106e-08,0.0,0.0,0.0,0.0,0.8,6.04919465849008e-05,0.0,4.778863780207163e-05,3.129895209904254e-08,0.3,10184194.96,-16.640593081653492
123.35,0,aGDL,-16.640656924471273,47.48891054850565,0.0,3.7623197151074605e-08,3.7623197151074605e-08,0.0,0.0,0.0,0.0,0.8,6.049191336188914e-05,0.0,4.7788611555892424e-05,3.129884619049499e-08,0.3,10184194.96,-16.640673583316392
123.44999999999999,0,aGDL,-16.640737580262964,47.488884265142644,0.0,3.765370055509977e-08,3.765370055509977e-08,0.0,0.0,0.0,0.0,0.8,6.0491880075423115e-05,0.0,4.778858525958427e-05,3.129874007985486e-08,0.3,10184194.96,-16.640754238753253
123.55,0,aGDL,-16.64081838982537,47.48885798175731,0.0,3.7684203976034706e-08,3.7684203976034706e-08,0.0,0.0,0.0,0.0,0.8,6.049184672550416e-05,0.0,4.778855891314828e-05,3.129863376712767e-08,0.3,10184194.96,-16.640835047960795
123.64999999999999,0,aGDL,-16.640899353155135,47.48883169834963,0.0,3.771470741391152e-08,3.771470741391152e-08,0.0,0.0,0.0,0.0,0.8,6.049181331213366e-05,0.0,4.778853251658559e-05,3.1298527252319004e-08,0.3,10184194.96,-16.64091601093575
123.75,0,aGDL,-16.64098047024902,47.488805414919554,0.0,3.77452108687623e-08,3.77452108687623e-08,0.0,0.0,0.0,0.0,0.8,6.0491779835313025e-05,0.0,4.778850606989729e-05,3.129842053543437e-08,0.3,10184194.96,-16.64099712767484
123.85000000000001,0,aGDL,-16.641061741103783,47.488779131467076,0.0,3.777571434061916e-08,3.777571434061916e-08,0.0,0.0,0.0,0.0,0.8,6.049174629504361e-05,0.0,4.778847957308445e-05,3.129831361647925e-08,0.3,10184194.96,-16.64107839817479
123.95,0,aGDL,-16.641143165716073,47.48875284799215,0.0,3.7806217829514196e-08,3.7806217829514196e-08,0.0,0.0,0.0,0.0,0.8,6.049171269132687e-05,0.0,4.778845302614823e-05,3.129820649545928e-08,0.3,10184194.96,-16.64115982243233
124.05000000000001,0,aGDL,-16.641224744082706,47.488726564494776,0.0,3.783672133547951e-08,3.783672133547951e-08,0.0,0.0,0.0,0.0,0.8,6.049167902416415e-05,0.0,4.778842642908967e-05,3.1298099172379895e-08,0.3,10184194.96,-16.641241400444176
124.15,0,aGDL,-16.641306476200384,47.488700280974896,0.0,3.78672248585472e-08,3.78672248585472e-08,0.0,0.0,0.0,0.0,0.8,6.049164529355684e-05,0.0,4.77883997819099e-05,3.1297991647246655e-08,0.3,10184194.96,-16.64132313220707
124.24999999999999,0,aGDL,-16.641388362065754,47.48867399743251,0.0,3.789772839874937e-08,3.789772839874937e-08,0.0,0.0,0.0,0.0,0.8,6.04916114995064e-05,0.0,4.778837308461006e-05,3.129788392006518e-08,0.3,10184194.96,-16.64140501771772
124.34999999999998,0,aGDL,-16.641470401675633,47.488647713867564,0.0,3.792823195611811e-08,3.792823195611811e-08,0.0,0.0,0.0,0.0,0.8,6.0491577642014185e-05,0.0,4.77883463371912e-05,3.129777599084094e-08,0.3,10184194.96,-16.641487056972863
124.44999999999999,0,aGDL,-16.641552595026724,47.48862143028005,0.0,3.795873553068553e-08,3.795873553068553e-08,0.0,0.0,0.0,0.0,0.8,6.049154372108157e-05,0.0,4.7788319539654445e-05,3.1297667859579454e-08,0.3,10184194.96,-16.641569249969223
124.55,0,aGDL,-16.64163494211573,47.48859514666993,0.0,3.798923912248372e-08,3.798923912248372e-08,0.0,0.0,0.0,0.0,0.8,6.0491509736710016e-05,0.0,4.778829269200091e-05,3.129755952628635e-08,0.3,10184194.96,-16.641651596703525
124.64999999999999,0,aGDL,-16.641717442939353,47.48856886303718,0.0,3.801974273154478e-08,3.801974273154478e-08,0.0,0.0,0.0,0.0,0.8,6.049147568890088e-05,0.0,4.7788265794231694e-05,3.129745099096717e-08,0.3,10184194.96,-16.641734097172503
124.75,0,aGDL,-16.64180009749441,47.48854257938178,0.0,3.8050246357900794e-08,3.8050246357900794e-08,0.0,0.0,0.0,0.0,0.8,6.049144157765556e-05,0.0,4.778823884634789e-05,3.1297342253627355e-08,0.3,10184194.96,-16.64181675137287
124.85,0,aGDL,-16.64188290577755,47.48851629570369,0.0,3.808075000158388e-08,3.808075000158388e-08,0.0,0.0,0.0,0.0,0.8,6.049140740297545e-05,0.0,4.77882118483506e-05,3.1297233314272593e-08,0.3,10184194.96,-16.641899559301365
124.95,0,aGDL,-16.641965867785473,47.48849001200289,0.0,3.811125366262611e-08,3.811125366262611e-08,0.0,0.0,0.0,0.0,0.8,6.049137316486198e-05,0.0,4.7788184800240964e-05,3.129712417290847e-08,0.3,10184194.96,-16.64198252095471
125.05,0,aGDL,-16.642048983514997,47.48846372827935,0.0,3.81417573410596e-08,3.81417573410596e-08,0.0,0.0,0.0,0.0,0.8,6.0491338863316483e-05,0.0,4.778815770202002e-05,3.1297014829540364e-08,0.3,10184194.96,-16.642065636329633
125.15,0,aGDL,-16.642132252962824,47.48843744453305,0.0,3.817226103691642e-08,3.817226103691642e-08,0.0,0.0,0.0,0.0,0.8,6.049130449834041e-05,0.0,4.778813055368892e-05,3.129690528417395e-08,0.3,10184194.96,-16.642148905422864
125.24999999999999,0,aGDL,-16.642215676125602,47.488411160763945,0.0,3.820276475022868e-08,3.820276475022868e-08,0.0,0.0,0.0,0.0,0.8,6.049127006993516e-05,0.0,4.7788103355248775e-05,3.129679553681481e-08,0.3,10184194.96,-16.642232328231124
125.34999999999998,0,aGDL,-16.642299253000147,47.48838487697203,0.0,3.823326848102847e-08,3.823326848102847e-08,0.0,0.0,0.0,0.0,0.8,6.0491235578102104e-05,0.0,4.778807610670066e-05,3.1296685587468457e-08,0.3,10184194.96,-16.64231590475115
125.44999999999999,0,aGDL,-16.64238298358316,47.48835859315726,0.0,3.8263772229347886e-08,3.8263772229347886e-08,0.0,0.0,0.0,0.0,0.8,6.049120102284263e-05,0.0,4.7788048808045676e-05,3.1296575436140467e-08,0.3,10184194.96,-16.642399634979665
125.54999999999998,0,aGDL,-16.64246686787135,47.48833230931962,0.0,3.829427599521901e-08,3.829427599521901e-08,0.0,0.0,0.0,0.0,0.8,6.049116640415816e-05,0.0,4.7788021459284955e-05,3.129646508283643e-08,0.3,10184194.96,-16.6424835189134
125.64999999999999,0,aGDL,-16.64255090586147,47.48830602545907,0.0,3.8324779778673934e-08,3.8324779778673934e-08,0.0,0.0,0.0,0.0,0.8,6.0491131722050104e-05,0.0,4.778799406041958e-05,3.129635452756188e-08,0.3,10184194.96,-16.64256755654908
125.75,0,aGDL,-16.642635097550226,47.48827974157559,0.0,3.8355283579744755e-08,3.8355283579744755e-08,0.0,0.0,0.0,0.0,0.8,6.049109697651982e-05,0.0,4.778796661145065e-05,3.129624377032245e-08,0.3,10184194.96,-16.642651747883438
125.85,0,aGDL,-16.64271944293432,47.48825345766915,0.0,3.838578739846356e-08,3.838578739846356e-08,0.0,0.0,0.0,0.0,0.8,6.049106216756874e-05,0.0,4.778793911237931e-05,3.129613281112372e-08,0.3,10184194.96,-16.642736092913204
125.95,0,aGDL,-16.642803942010573,47.48822717373973,0.0,3.841629123486244e-08,3.841629123486244e-08,0.0,0.0,0.0,0.0,0.8,6.049102729519825e-05,0.0,4.778791156320661e-05,3.129602164997112e-08,0.3,10184194.96,-16.6428205916351
126.05,0,aGDL,-16.642888594775627,47.4882008897873,0.0,3.8446795088973477e-08,3.8446795088973477e-08,0.0,0.0,0.0,0.0,0.8,6.049099235940973e-05,0.0,4.778788396393369e-05,3.1295910286870394e-08,0.3,10184194.96,-16.64290524404587
126.15,0,aGDL,-16.642973401226243,47.48817460581182,0.0,3.847729896082876e-08,3.847729896082876e-08,0.0,0.0,0.0,0.0,0.8,6.04909573602046e-05,0.0,4.778785631456163e-05,3.1295798721827064e-08,0.3,10184194.96,-16.642990050142235
126.25,0,aGDL,-16.64305836135918,47.488148321813284,0.0,3.850780285046038e-08,3.850780285046038e-08,0.0,0.0,0.0,0.0,0.8,6.0490922297584224e-05,0.0,4.7787828615091535e-05,3.129568695484665e-08,0.3,10184194.96,-16.643075009920928
126.35000000000001,0,aGDL,-16.643143475171087,47.48812203779164,0.0,3.853830675790042e-08,3.853830675790042e-08,0.0,0.0,0.0,0.0,0.8,6.049088717155005e-05,0.0,4.7787800865524534e-05,3.129557498593485e-08,0.3,10184194.96,-16.643160123378674
126.44999999999999,0,aGDL,-16.643228742658778,47.48809575374688,0.0,3.856881068318097e-08,3.856881068318097e-08,0.0,0.0,0.0,0.0,0.8,6.0490851982103436e-05,0.0,4.7787773065861714e-05,3.129546281509718e-08,0.3,10184194.96,-16.64324539051221
126.54999999999998,0,aGDL,-16.643314163818957,47.48806946967897,0.0,3.8599314626334113e-08,3.8599314626334113e-08,0.0,0.0,0.0,0.0,0.8,6.0490816729245776e-05,0.0,4.7787745216104166e-05,3.129535044233921e-08,0.3,10184194.96,-16.643330811318275
126.64999999999999,0,aGDL,-16.643399738648327,47.488043185587884,0.0,3.862981858739194e-08,3.862981858739194e-08,0.0,0.0,0.0,0.0,0.8,6.049078141297849e-05,0.0,4.7787717316253e-05,3.1295237867666573e-08,0.3,10184194.96,-16.643416385793586
126.74999999999999,0,aGDL,-16.64348546714365,47.48801690147359,0.0,3.8660322566386533e-08,3.8660322566386533e-08,0.0,0.0,0.0,0.0,0.8,6.0490746033302977e-05,0.0,4.7787689366309345e-05,3.129512509108481e-08,0.3,10184194.96,-16.643502113934886
126.85,0,aGDL,-16.64357134930168,47.48799061733607,0.0,3.869082656334997e-08,3.869082656334997e-08,0.0,0.0,0.0,0.0,0.8,6.049071059022059e-05,0.0,4.778766136627426e-05,3.129501211259954e-08,0.3,10184194.96,-16.643587995738905
126.95,0,aGDL,-16.64365738511907,47.487964333175285,0.0,3.872133057831433e-08,3.872133057831433e-08,0.0,0.0,0.0,0.0,0.8,6.0490675083732776e-05,0.0,4.778763331614889e-05,3.1294898932216434e-08,0.3,10184194.96,-16.643674031202377
127.05,0,aGDL,-16.643743574592634,47.48793804899121,0.0,3.8751834611311713e-08,3.8751834611311713e-08,0.0,0.0,0.0,0.0,0.8,6.04906395138409e-05,0.0,4.778760521593431e-05,3.129478554994095e-08,0.3,10184194.96,-16.643760220322033
127.15,0,aGDL,-16.643829917719017,47.48791176478383,0.0,3.8782338662374184e-08,3.8782338662374184e-08,0.0,0.0,0.0,0.0,0.8,6.0490603880546404e-05,0.0,4.778757706563165e-05,3.12946719657788e-08,0.3,10184194.96,-16.64384656309461
127.25,0,aGDL,-16.64391641449504,47.4878854805531,0.0,3.881284273153384e-08,3.881284273153384e-08,0.0,0.0,0.0,0.0,0.8,6.049056818385062e-05,0.0,4.778754886524199e-05,3.129455817973552e-08,0.3,10184194.96,-16.64393305951684
127.35000000000001,0,aGDL,-16.6440030649174,47.487859196299006,0.0,3.8843346818822744e-08,3.8843346818822744e-08,0.0,0.0,0.0,0.0,0.8,6.0490532423754965e-05,0.0,4.778752061476642e-05,3.1294444191816743e-08,0.3,10184194.96,-16.64401970958546
127.44999999999997,0,aGDL,-16.64408986898286,47.48783291202152,0.0,3.887385092427298e-08,3.887385092427298e-08,0.0,0.0,0.0,0.0,0.8,6.049049660026086e-05,0.0,4.7787492314206066e-05,3.1294330002028e-08,0.3,10184194.96,-16.64410651329721
127.54999999999998,0,aGDL,-16.644176826688124,47.4878066277206,0.0,3.890435504791664e-08,3.890435504791664e-08,0.0,0.0,0.0,0.0,0.8,6.049046071336966e-05,0.0,4.7787463963562036e-05,3.129421561037496e-08,0.3,10184194.96,-16.64419347064882
127.64999999999999,0,aGDL,-16.644263938029894,47.48778034339623,0.0,3.8934859189785794e-08,3.8934859189785794e-08,0.0,0.0,0.0,0.0,0.8,6.0490424763082826e-05,0.0,4.7787435562835435e-05,3.129410101686326e-08,0.3,10184194.96,-16.644280581637023
127.74999999999999,0,aGDL,-16.644351203004987,47.48775405904839,0.0,3.8965363349912525e-08,3.8965363349912525e-08,0.0,0.0,0.0,0.0,0.8,6.049038874940168e-05,0.0,4.7787407112027326e-05,3.129398622149843e-08,0.3,10184194.96,-16.644367846258564
127.85,0,aGDL,-16.64443862161005,47.48772777467704,0.0,3.899586752832891e-08,3.899586752832891e-08,0.0,0.0,0.0,0.0,0.8,6.0490352672327674e-05,0.0,4.7787378611138855e-05,3.129387122428617e-08,0.3,10184194.96,-16.644455264510178
127.94999999999999,0,aGDL,-16.644526193841898,47.487701490282156,0.0,3.9026371725067016e-08,3.9026371725067016e-08,0.0,0.0,0.0,0.0,0.8,6.049031653186217e-05,0.0,4.778735006017111e-05,3.1293756025232e-08,0.3,10184194.96,-16.644542836388602
128.04999999999998,0,aGDL,-16.644613919697235,47.48767520586371,0.0,3.905687594015894e-08,3.905687594015894e-08,0.0,0.0,0.0,0.0,0.8,6.049028032800657e-05,0.0,4.7787321459125196e-05,3.129364062434156e-08,0.3,10184194.96,-16.644630561890576
128.15,0,aGDL,-16.644701799172765,47.48764892142167,0.0,3.908738017363674e-08,3.908738017363674e-08,0.0,0.0,0.0,0.0,0.8,6.049024406076229e-05,0.0,4.77872928080022e-05,3.1293525021620535e-08,0.3,10184194.96,-16.644718441012838
128.25,0,aGDL,-16.644789832265303,47.487622636956026,0.0,3.9117884425532494e-08,3.9117884425532494e-08,0.0,0.0,0.0,0.0,0.8,6.0490207730130676e-05,0.0,4.7787264106803235e-05,3.129340921707439e-08,0.3,10184194.96,-16.644806473752123
128.35,0,aGDL,-16.644878018971554,47.48759635246674,0.0,3.914838869587828e-08,3.914838869587828e-08,0.0,0.0,0.0,0.0,0.8,6.049017133611316e-05,0.0,4.778723535552939e-05,3.129329321070887e-08,0.3,10184194.96,-16.644894660105184
128.45000000000002,0,aGDL,-16.64496635928822,47.487570067953776,0.0,3.917889298470618e-08,3.917889298470618e-08,0.0,0.0,0.0,0.0,0.8,6.049013487871114e-05,0.0,4.77872065541818e-05,3.1293177002529566e-08,0.3,10184194.96,-16.64498300006875
128.55,0,aGDL,-16.645054853212116,47.48754378341712,0.0,3.920939729204825e-08,3.920939729204825e-08,0.0,0.0,0.0,0.0,0.8,6.0490098357925996e-05,0.0,4.7787177702761524e-05,3.1293060592542004e-08,0.3,10184194.96,-16.645071493639566
128.64999999999998,0,aGDL,-16.64514350073989,47.48751749885673,0.0,3.923990161793658e-08,3.923990161793658e-08,0.0,0.0,0.0,0.0,0.8,6.049006177375913e-05,0.0,4.7787148801269715e-05,3.129294398075199e-08,0.3,10184194.96,-16.645160140814372
128.74999999999997,0,aGDL,-16.64523230186836,47.487491214272595,0.0,3.927040596240323e-08,3.927040596240323e-08,0.0,0.0,0.0,0.0,0.8,6.049002512621193e-05,0.0,4.778711984970742e-05,3.129282716716498e-08,0.3,10184194.96,-16.645248941589912
128.85,0,aGDL,-16.64532125659423,47.48746492966468,0.0,3.9300910325480285e-08,3.9300910325480285e-08,0.0,0.0,0.0,0.0,0.8,6.04899884152858e-05,0.0,4.778709084807578e-05,3.12927101517867e-08,0.3,10184194.96,-16.645337895962935
128.95,0,aGDL,-16.645410364914255,47.48743864503296,0.0,3.933141470719981e-08,3.933141470719981e-08,0.0,0.0,0.0,0.0,0.8,6.048995164098211e-05,0.0,4.7787061796375866e-05,3.129259293462271e-08,0.3,10184194.96,-16.645427003930173
129.04999999999998,0,aGDL,-16.645499626825142,47.487412360377405,0.0,3.936191910759387e-08,3.936191910759387e-08,0.0,0.0,0.0,0.0,0.8,6.04899148033023e-05,0.0,4.7787032694608815e-05,3.129247551567873e-08,0.3,10184194.96,-16.645516265488386
129.15,0,aGDL,-16.645589042323707,47.487386075697984,0.0,3.939242352669454e-08,3.939242352669454e-08,0.0,0.0,0.0,0.0,0.8,6.0489877902247714e-05,0.0,4.77870035427757e-05,3.1292357894960266e-08,0.3,10184194.96,-16.645605680634304
129.25,0,aGDL,-16.64567861140665,47.48735979099468,0.0,3.9422927964533895e-08,3.9422927964533895e-08,0.0,0.0,0.0,0.0,0.8,6.0489840937819755e-05,0.0,4.7786974340877605e-05,3.1292240072473e-08,0.3,10184194.96,-16.645695249364678
129.35,0,aGDL,-16.64576833407068,47.487333506267454,0.0,3.9453432421144e-08,3.9453432421144e-08,0.0,0.0,0.0,0.0,0.8,6.048980391001985e-05,0.0,4.7786945088915676e-05,3.129212204822263e-08,0.3,10184194.96,-16.64578497167626
129.45,0,aGDL,-16.645858210312667,47.48730722151629,0.0,3.9483936896556916e-08,3.9483936896556916e-08,0.0,0.0,0.0,0.0,0.8,6.048976681884935e-05,0.0,4.778691578689099e-05,3.129200382221465e-08,0.3,10184194.96,-16.64587484756579
129.55,0,aGDL,-16.6459482401292,47.48728093674115,0.0,3.951444139080472e-08,3.951444139080472e-08,0.0,0.0,0.0,0.0,0.8,6.048972966430968e-05,0.0,4.778688643480464e-05,3.129188539445486e-08,0.3,10184194.96,-16.64596487703002
129.64999999999998,0,aGDL,-16.646038423517155,47.48725465194201,0.0,3.9544945903919475e-08,3.9544945903919475e-08,0.0,0.0,0.0,0.0,0.8,6.0489692446402195e-05,0.0,4.778685703265773e-05,3.129176676494873e-08,0.3,10184194.96,-16.646055060065695
129.74999999999997,0,aGDL,-16.646128760473175,47.487228367118846,0.0,3.957545043593325e-08,3.957545043593325e-08,0.0,0.0,0.0,0.0,0.8,6.048965516512832e-05,0.0,4.778682758045138e-05,3.129164793370203e-08,0.3,10184194.96,-16.64614539666957
129.85,0,aGDL,-16.64621925099408,47.48720208227163,0.0,3.960595498687811e-08,3.960595498687811e-08,0.0,0.0,0.0,0.0,0.8,6.048961782048946e-05,0.0,4.7786798078186666e-05,3.1291528900720346e-08,0.3,10184194.96,-16.64623588683839
129.95,0,aGDL,-16.646309895076627,47.48717579740033,0.0,3.963645955678612e-08,3.963645955678612e-08,0.0,0.0,0.0,0.0,0.8,6.048958041248695e-05,0.0,4.7786768525864685e-05,3.129140966600927e-08,0.3,10184194.96,-16.646326530568906
130.04999999999998,0,aGDL,-16.64640069271752,47.487149512504935,0.0,3.966696414568935e-08,3.966696414568935e-08,0.0,0.0,0.0,0.0,0.8,6.0489542941122233e-05,0.0,4.778673892348656e-05,3.129129022957451e-08,0.3,10184194.96,-16.646417327857872
130.15,0,aGDL,-16.64649164391352,47.48712322758539,0.0,3.9697468753619856e-08,3.9697468753619856e-08,0.0,0.0,0.0,0.0,0.8,6.048950540639669e-05,0.0,4.778670927105338e-05,3.129117059142172e-08,0.3,10184194.96,-16.64650827870204
130.25,0,aGDL,-16.646582748661388,47.48709694264169,0.0,3.972797338060971e-08,3.972797338060971e-08,0.0,0.0,0.0,0.0,0.8,6.048946780831169e-05,0.0,4.778667956856623e-05,3.1291050751556493e-08,0.3,10184194.96,-16.646599383098163
130.35,0,aGDL,-16.646674006957937,47.4870706576738,0.0,3.9758478026690966e-08,3.9758478026690966e-08,0.0,0.0,0.0,0.0,0.8,6.048943014686862e-05,0.0,4.778664981602621e-05,3.1290930709984416e-08,0.3,10184194.96,-16.646690641042994
130.45,0,aGDL,-16.64676541879976,47.48704437268169,0.0,3.9788982691895694e-08,3.9788982691895694e-08,0.0,0.0,0.0,0.0,0.8,6.048939242206893e-05,0.0,4.7786620013434446e-05,3.1290810466711333e-08,0.3,10184194.96,-16.646782052533286
130.55,0,aGDL,-16.646856984183785,47.487018087665334,0.0,3.981948737625595e-08,3.981948737625595e-08,0.0,0.0,0.0,0.0,0.8,6.048935463391393e-05,0.0,4.778659016079201e-05,3.129069002174268e-08,0.3,10184194.96,-16.646873617565806
130.65,0,aGDL,-16.64694870310666,47.48699180262471,0.0,3.9849992079803805e-08,3.9849992079803805e-08,0.0,0.0,0.0,0.0,0.8,6.048931678240507e-05,0.0,4.77865602581e-05,3.129056937508424e-08,0.3,10184194.96,-16.646965336137292
130.75,0,aGDL,-16.6470405755652,47.48696551755978,0.0,3.988049680257131e-08,3.988049680257131e-08,0.0,0.0,0.0,0.0,0.8,6.048927886754371e-05,0.0,4.7786530305359534e-05,3.1290448526741575e-08,0.3,10184194.96,-16.647057208244515
130.85,0,aGDL,-16.64713260155611,47.48693923247053,0.0,3.9911001544590525e-08,3.9911001544590525e-08,0.0,0.0,0.0,0.0,0.8,6.048924088933127e-05,0.0,4.778650030257171e-05,3.12903274767204e-08,0.3,10184194.96,-16.647149233884228
130.95,0,aGDL,-16.647224781076204,47.48691294735692,0.0,3.9941506305893524e-08,3.9941506305893524e-08,0.0,0.0,0.0,0.0,0.8,6.048920284776909e-05,0.0,4.778647024973759e-05,3.1290206225026304e-08,0.3,10184194.96,-16.64724141305319
131.04999999999998,0,aGDL,-16.64731711412219,47.486886662218936,0.0,3.997201108651235e-08,3.997201108651235e-08,0.0,0.0,0.0,0.0,0.8,6.048916474285861e-05,0.0,4.7786440146858305e-05,3.1290084771665e-08,0.3,10184194.96,-16.647333745748163
131.14999999999998,0,aGDL,-16.64740960069082,47.48686037705654,0.0,4.0002515886479065e-08,4.0002515886479065e-08,0.0,0.0,0.0,0.0,0.8,6.048912657460118e-05,0.0,4.778640999393493e-05,3.128996311664218e-08,0.3,10184194.96,-16.64742623196591
131.25,0,aGDL,-16.64750224077892,47.48683409186971,0.0,4.003302070582574e-08,4.003302070582574e-08,0.0,0.0,0.0,0.0,0.8,6.048908834299822e-05,0.0,4.7786379790968585e-05,3.128984125996336e-08,0.3,10184194.96,-16.647518871703188
131.35,0,aGDL,-16.647595034383187,47.48680780665841,0.0,4.006352554458441e-08,4.006352554458441e-08,0.0,0.0,0.0,0.0,0.8,6.0489050048051095e-05,0.0,4.7786349537960356e-05,3.128971920163433e-08,0.3,10184194.96,-16.647611664956756
131.45,0,aGDL,-16.64768798150044,47.48678152142263,0.0,4.009403040278715e-08,4.009403040278715e-08,0.0,0.0,0.0,0.0,0.8,6.048901168976119e-05,0.0,4.7786319234911346e-05,3.128959694166068e-08,0.3,10184194.96,-16.64770461172339
131.55,0,aGDL,-16.64778108212738,47.486755236162324,0.0,4.0124535280466013e-08,4.0124535280466013e-08,0.0,0.0,0.0,0.0,0.8,6.048897326812992e-05,0.0,4.778628888182264e-05,3.128947448004806e-08,0.3,10184194.96,-16.647797711999846
131.65,0,aGDL,-16.647874336260827,47.48672895087747,0.0,4.015504017765304e-08,4.015504017765304e-08,0.0,0.0,0.0,0.0,0.8,6.048893478315864e-05,0.0,4.778625847869533e-05,3.128935181680215e-08,0.3,10184194.96,-16.64789096578289
131.75,0,aGDL,-16.64796774389754,47.486702665568046,0.0,4.018554509438031e-08,4.018554509438031e-08,0.0,0.0,0.0,0.0,0.8,6.0488896234848747e-05,0.0,4.778622802553051e-05,3.1289228951928584e-08,0.3,10184194.96,-16.64798437306929
131.84999999999997,0,aGDL,-16.64806130503422,47.48667638023403,0.0,4.0216050030679855e-08,4.0216050030679855e-08,0.0,0.0,0.0,0.0,0.8,6.048885762320165e-05,0.0,4.7786197522329296e-05,3.1289105885433107e-08,0.3,10184194.96,-16.648077933855813
131.95,0,aGDL,-16.64815501966774,47.48665009487538,0.0,4.024655498658374e-08,4.024655498658374e-08,0.0,0.0,0.0,0.0,0.8,6.048881894821869e-05,0.0,4.7786166969092753e-05,3.128898261732122e-08,0.3,10184194.96,-16.648171648139225
132.04999999999998,0,aGDL,-16.64824888779475,47.48662380949207,0.0,4.0277059962124025e-08,4.0277059962124025e-08,0.0,0.0,0.0,0.0,0.8,6.0488780209901305e-05,0.0,4.778613636582203e-05,3.12888591475988e-08,0.3,10184194.96,-16.648265515916307
132.14999999999998,0,aGDL,-16.648342909412122,47.48659752408408,0.0,4.030756495733275e-08,4.030756495733275e-08,0.0,0.0,0.0,0.0,0.8,6.048874140825083e-05,0.0,4.7786105712518145e-05,3.128873547627134e-08,0.3,10184194.96,-16.648359537183815
132.25,0,aGDL,-16.64843708451656,47.48657123865139,0.0,4.033806997224197e-08,4.033806997224197e-08,0.0,0.0,0.0,0.0,0.8,6.048870254326869e-05,0.0,4.778607500918227e-05,3.1288611603344574e-08,0.3,10184194.96,-16.648453711938526
132.35,0,aGDL,-16.648531413104877,47.486544953193956,0.0,4.0368575006883747e-08,4.0368575006883747e-08,0.0,0.0,0.0,0.0,0.8,6.048866361495625e-05,0.0,4.778604425581543e-05,3.128848752882413e-08,0.3,10184194.96,-16.648548040177218
132.45,0,aGDL,-16.64862589517378,47.48651866771176,0.0,4.039908006129012e-08,4.039908006129012e-08,0.0,0.0,0.0,0.0,0.8,6.048862462331491e-05,0.0,4.778601345241878e-05,3.1288363252715776e-08,0.3,10184194.96,-16.648642521896658
132.54999999999998,0,aGDL,-16.64872053072014,47.48649238220477,0.0,4.042958513549314e-08,4.042958513549314e-08,0.0,0.0,0.0,0.0,0.8,6.048858556834604e-05,0.0,4.778598259899336e-05,3.128823877502504e-08,0.3,10184194.96,-16.648737157093624
132.65,0,aGDL,-16.648815319740663,47.48646609667296,0.0,4.046009022952487e-08,4.046009022952487e-08,0.0,0.0,0.0,0.0,0.8,6.0488546450051015e-05,0.0,4.77859516955403e-05,3.1288114095757636e-08,0.3,10184194.96,-16.64883194576489
132.75,0,aGDL,-16.648910262232164,47.48643981111631,0.0,4.049059534341734e-08,4.049059534341734e-08,0.0,0.0,0.0,0.0,0.8,6.048850726843123e-05,0.0,4.778592074206067e-05,3.128798921491928e-08,0.3,10184194.96,-16.648926887907233
132.85,0,aGDL,-16.649005358191346,47.486413525534786,0.0,4.052110047720261e-08,4.052110047720261e-08,0.0,0.0,0.0,0.0,0.8,6.048846802348809e-05,0.0,4.778588973855558e-05,3.128786413251563e-08,0.3,10184194.96,-16.649021983517432
132.95000000000002,0,aGDL,-16.649100607615082,47.48638723992836,0.0,4.055160563091273e-08,4.055160563091273e-08,0.0,0.0,0.0,0.0,0.8,6.0488428715222943e-05,0.0,4.778585868502611e-05,3.1287738848552304e-08,0.3,10184194.96,-16.64911723259227
133.05,0,aGDL,-16.649196010500077,47.486360954297005,0.0,4.0582110804579736e-08,4.0582110804579736e-08,0.0,0.0,0.0,0.0,0.8,6.048838934363717e-05,0.0,4.7785827581473366e-05,3.1287613363035033e-08,0.3,10184194.96,-16.649212635128524
133.14999999999998,0,aGDL,-16.649291566843203,47.486334668640694,0.0,4.061261599823569e-08,4.061261599823569e-08,0.0,0.0,0.0,0.0,0.8,6.048834990873217e-05,0.0,4.778579642789841e-05,3.128748767596943e-08,0.3,10184194.96,-16.649308191122973
133.25,0,aGDL,-16.649387276641107,47.48630838295941,0.0,4.0643121211912626e-08,4.0643121211912626e-08,0.0,0.0,0.0,0.0,0.8,6.048831041050935e-05,0.0,4.7785765224302385e-05,3.1287361787361236e-08,0.3,10184194.96,-16.64940390057241
133.35,0,aGDL,-16.64948313989072,47.4862820972531,0.0,4.06736264456426e-08,4.06736264456426e-08,0.0,0.0,0.0,0.0,0.8,6.048827084897002e-05,0.0,4.7785733970686316e-05,3.128723569721604e-08,0.3,10184194.96,-16.649499763473603
133.45,0,aGDL,-16.649579156588686,47.486255811521765,0.0,4.070413169945765e-08,4.070413169945765e-08,0.0,0.0,0.0,0.0,0.8,6.048823122411565e-05,0.0,4.778570266705135e-05,3.1287109405539634e-08,0.3,10184194.96,-16.649595779823354
133.54999999999998,0,aGDL,-16.64967532673188,47.48622952576536,0.0,4.0734636973389825e-08,4.0734636973389825e-08,0.0,0.0,0.0,0.0,0.8,6.048819153594754e-05,0.0,4.778567131339855e-05,3.128698291233756e-08,0.3,10184194.96,-16.649691949618436
133.65,0,aGDL,-16.649771650317064,47.486203239983865,0.0,4.0765142267471174e-08,4.0765142267471174e-08,0.0,0.0,0.0,0.0,0.8,6.048815178446711e-05,0.0,4.778563990972901e-05,3.128685621761557e-08,0.3,10184194.96,-16.649788272855645
133.75,0,aGDL,-16.649868127340994,47.48617695417725,0.0,4.0795647581733725e-08,4.0795647581733725e-08,0.0,0.0,0.0,0.0,0.8,6.048811196967575e-05,0.0,4.7785608456043834e-05,3.128672932137938e-08,0.3,10184194.96,-16.64988474953177
133.85,0,aGDL,-16.649964757800547,47.48615066834549,0.0,4.082615291620954e-08,4.082615291620954e-08,0.0,0.0,0.0,0.0,0.8,6.048807209157478e-05,0.0,4.778557695234407e-05,3.1286602223634545e-08,0.3,10184194.96,-16.649981379643595
133.95000000000002,0,aGDL,-16.650061541692423,47.486124382488555,0.0,4.0856658270930645e-08,4.0856658270930645e-08,0.0,0.0,0.0,0.0,0.8,6.0488032150165635e-05,0.0,4.778554539863085e-05,3.128647492438683e-08,0.3,10184194.96,-16.650078163187917
134.05,0,aGDL,-16.65015847901344,47.48609809660642,0.0,4.0887163645929084e-08,4.0887163645929084e-08,0.0,0.0,0.0,0.0,0.8,6.0487992145449685e-05,0.0,4.7785513794905246e-05,3.128634742364192e-08,0.3,10184194.96,-16.650175100161526
134.14999999999998,0,aGDL,-16.650255569760418,47.48607181069905,0.0,4.0917669041236906e-08,4.0917669041236906e-08,0.0,0.0,0.0,0.0,0.8,6.04879520774283e-05,0.0,4.778548214116835e-05,3.128621972140544e-08,0.3,10184194.96,-16.650272190561225
134.24999999999997,0,aGDL,-16.650352813930112,47.48604552476643,0.0,4.094817445688615e-08,4.094817445688615e-08,0.0,0.0,0.0,0.0,0.8,6.048791194610287e-05,0.0,4.778545043742125e-05,3.128609181768312e-08,0.3,10184194.96,-16.650369434383794
134.35,0,aGDL,-16.650450211519342,47.48601923880853,0.0,4.0978679892908853e-08,4.0978679892908853e-08,0.0,0.0,0.0,0.0,0.8,6.048787175147473e-05,0.0,4.778541868366503e-05,3.1285963712480584e-08,0.3,10184194.96,-16.65046683162604
134.45,0,aGDL,-16.650547762524923,47.48599295282532,0.0,4.100918534933706e-08,4.100918534933706e-08,0.0,0.0,0.0,0.0,0.8,6.048783149354528e-05,0.0,4.778538687990077e-05,3.128583540580351e-08,0.3,10184194.96,-16.650564382284756
134.54999999999998,0,aGDL,-16.65064546694356,47.485966666816765,0.0,4.103969082620281e-08,4.103969082620281e-08,0.0,0.0,0.0,0.0,0.8,6.048779117231593e-05,0.0,4.7785355026129586e-05,3.128570689765772e-08,0.3,10184194.96,-16.65066208635675
134.65,0,aGDL,-16.65074332477218,47.48594038078285,0.0,4.107019632353813e-08,4.107019632353813e-08,0.0,0.0,0.0,0.0,0.8,6.048775078778801e-05,0.0,4.778532312235253e-05,3.128557818804869e-08,0.3,10184194.96,-16.650759943838818
134.75,0,aGDL,-16.65084133600749,47.48591409472355,0.0,4.110070184137507e-08,4.110070184137507e-08,0.0,0.0,0.0,0.0,0.8,6.048771033996291e-05,0.0,4.77852911685707e-05,3.1285449276982255e-08,0.3,10184194.96,-16.650857954727755
134.85,0,aGDL,-16.65093950064636,47.485887808638815,0.0,4.1131207379745665e-08,4.1131207379745665e-08,0.0,0.0,0.0,0.0,0.8,6.0487669828841995e-05,0.0,4.778525916478517e-05,3.128532016446397e-08,0.3,10184194.96,-16.65095611902038
134.95,0,aGDL,-16.651037818685552,47.485861522528644,0.0,4.116171293868195e-08,4.116171293868195e-08,0.0,0.0,0.0,0.0,0.8,6.0487629254426654e-05,0.0,4.778522711099705e-05,3.1285190850499614e-08,0.3,10184194.96,-16.651054436713483
135.05,0,aGDL,-16.651136290121826,47.485835236392994,0.0,4.1192218518215954e-08,4.1192218518215954e-08,0.0,0.0,0.0,0.0,0.8,6.0487588616718266e-05,0.0,4.7785195007207435e-05,3.12850613350949e-08,0.3,10184194.96,-16.65115290780388
135.15,0,aGDL,-16.651234914952113,47.48580895023185,0.0,4.1222724118379726e-08,4.1222724118379726e-08,0.0,0.0,0.0,0.0,0.8,6.048754791571817e-05,0.0,4.778516285341735e-05,3.128493161825537e-08,0.3,10184194.96,-16.651251532288377
135.25,0,aGDL,-16.651333693173115,47.48578266404517,0.0,4.125322973920529e-08,4.125322973920529e-08,0.0,0.0,0.0,0.0,0.8,6.0487507151427765e-05,0.0,4.7785130649627934e-05,3.128480169998682e-08,0.3,10184194.96,-16.65135031016378
135.35,0,aGDL,-16.65143262478165,47.485756377832935,0.0,4.1283735380724686e-08,4.1283735380724686e-08,0.0,0.0,0.0,0.0,0.8,6.0487466323848424e-05,0.0,4.7785098395840254e-05,3.128467158029495e-08,0.3,10184194.96,-16.651449241426906
135.45,0,aGDL,-16.651531709774588,47.48573009159512,0.0,4.131424104296995e-08,4.131424104296995e-08,0.0,0.0,0.0,0.0,0.8,6.0487425432981506e-05,0.0,4.778506609205539e-05,3.1284541259185346e-08,0.3,10184194.96,-16.65154832607457
135.54999999999998,0,aGDL,-16.651630948148693,47.485703805331696,0.0,4.134474672597312e-08,4.134474672597312e-08,0.0,0.0,0.0,0.0,0.8,6.048738447882838e-05,0.0,4.778503373827442e-05,3.128441073666373e-08,0.3,10184194.96,-16.65164756410357
135.64999999999998,0,aGDL,-16.65173033990078,47.485677519042625,0.0,4.137525242976621e-08,4.137525242976621e-08,0.0,0.0,0.0,0.0,0.8,6.0487343461390444e-05,0.0,4.778500133449845e-05,3.128428001273586e-08,0.3,10184194.96,-16.651746955510735
135.75,0,aGDL,-16.651829885027723,47.485651232727896,0.0,4.140575815438127e-08,4.140575815438127e-08,0.0,0.0,0.0,0.0,0.8,6.048730238066902e-05,0.0,4.778496888072852e-05,3.128414908740728e-08,0.3,10184194.96,-16.651846500292883
135.85,0,aGDL,-16.651929583526226,47.485624946387475,0.0,4.143626389985033e-08,4.143626389985033e-08,0.0,0.0,0.0,0.0,0.8,6.048726123666553e-05,0.0,4.778493637696576e-05,3.1284017960683824e-08,0.3,10184194.96,-16.651946198446826
135.95,0,aGDL,-16.652029435393217,47.48559866002133,0.0,4.1466769666205415e-08,4.1466769666205415e-08,0.0,0.0,0.0,0.0,0.8,6.048722002938128e-05,0.0,4.778490382321121e-05,3.128388663257108e-08,0.3,10184194.96,-16.652046049969385
136.05,0,aGDL,-16.652129440625515,47.485572373629445,0.0,4.149727545347856e-08,4.149727545347856e-08,0.0,0.0,0.0,0.0,0.8,6.048717875881768e-05,0.0,4.7784871219465963e-05,3.1283755103074674e-08,0.3,10184194.96,-16.65214605485739
136.15,0,aGDL,-16.652229599219822,47.48554608721178,0.0,4.152778126170179e-08,4.152778126170179e-08,0.0,0.0,0.0,0.0,0.8,6.048713742497611e-05,0.0,4.778483856573112e-05,3.1283623372200524e-08,0.3,10184194.96,-16.652246213107656
136.25,0,aGDL,-16.65232991117307,47.485519800768316,0.0,4.155828709090713e-08,4.155828709090713e-08,0.0,0.0,0.0,0.0,0.8,6.0487096027857905e-05,0.0,4.778480586200775e-05,3.128349143995409e-08,0.3,10184194.96,-16.652346524717007
136.35,0,aGDL,-16.652430376482073,47.48549351429902,0.0,4.1588792941126624e-08,4.1588792941126624e-08,0.0,0.0,0.0,0.0,0.8,6.0487054567464444e-05,0.0,4.7784773108296906e-05,3.128335930634114e-08,0.3,10184194.96,-16.65244698968228
136.45,0,aGDL,-16.65253099514365,47.48546722780387,0.0,4.1619298812392284e-08,4.1619298812392284e-08,0.0,0.0,0.0,0.0,0.8,6.0487013043797066e-05,0.0,4.778474030459968e-05,3.1283226971367314e-08,0.3,10184194.96,-16.65254760800029
136.54999999999998,0,aGDL,-16.652631767154617,47.485440941282846,0.0,4.164980470473615e-08,4.164980470473615e-08,0.0,0.0,0.0,0.0,0.8,6.0486971456857174e-05,0.0,4.778470745091717e-05,3.128309443503836e-08,0.3,10184194.96,-16.652648379667877
136.64999999999998,0,aGDL,-16.652732692511734,47.4854146547359,0.0,4.1680310618190254e-08,4.1680310618190254e-08,0.0,0.0,0.0,0.0,0.8,6.048692980664615e-05,0.0,4.7784674547250456e-05,3.128296169736006e-08,0.3,10184194.96,-16.652749304681866
136.75,0,aGDL,-16.652833771211988,47.48538836816302,0.0,4.171081655278661e-08,4.171081655278661e-08,0.0,0.0,0.0,0.0,0.8,6.0486888093165275e-05,0.0,4.778464159360056e-05,3.128282875833783e-08,0.3,10184194.96,-16.652850383039095
136.85,0,aGDL,-16.652935003252082,47.485362081564176,0.0,4.1741322508557245e-08,4.1741322508557245e-08,0.0,0.0,0.0,0.0,0.8,6.048684631641599e-05,0.0,4.778460858996863e-05,3.128269561797758e-08,0.3,10184194.96,-16.6529516147364
136.95,0,aGDL,-16.65303638862889,47.48533579493934,0.0,4.177182848553419e-08,4.177182848553419e-08,0.0,0.0,0.0,0.0,0.8,6.0486804476399643e-05,0.0,4.778457553635572e-05,3.128256227628495e-08,0.3,10184194.96,-16.653052999770612
137.05,0,aGDL,-16.653137927339287,47.48530950828848,0.0,4.180233448374947e-08,4.180233448374947e-08,0.0,0.0,0.0,0.0,0.8,6.048676257311756e-05,0.0,4.7784542432762866e-05,3.128242873326555e-08,0.3,10184194.96,-16.653154538138576
137.15,0,aGDL,-16.653239619380088,47.485283221611574,0.0,4.18328405032351e-08,4.18328405032351e-08,0.0,0.0,0.0,0.0,0.8,6.048672060657113e-05,0.0,4.778450927919118e-05,3.128229498892513e-08,0.3,10184194.96,-16.65325622983713
137.25,0,aGDL,-16.65334146474811,47.4852569349086,0.0,4.186334654402312e-08,4.186334654402312e-08,0.0,0.0,0.0,0.0,0.8,6.0486678576761706e-05,0.0,4.778447607564175e-05,3.128216104326936e-08,0.3,10184194.96,-16.65335807486311
137.35,0,aGDL,-16.653443463440226,47.48523064817952,0.0,4.189385260614554e-08,4.189385260614554e-08,0.0,0.0,0.0,0.0,0.8,6.048663648369066e-05,0.0,4.7784442822115614e-05,3.12820268963039e-08,0.3,10184194.96,-16.65346007321337
137.45000000000002,0,aGDL,-16.653545615453254,47.48520436142431,0.0,4.192435868963439e-08,4.192435868963439e-08,0.0,0.0,0.0,0.0,0.8,6.048659432735932e-05,0.0,4.778440951861386e-05,3.128189254803449e-08,0.3,10184194.96,-16.65356222488475
137.54999999999998,0,aGDL,-16.653647920784067,47.485178074642945,0.0,4.1954864794521686e-08,4.1954864794521686e-08,0.0,0.0,0.0,0.0,0.8,6.048655210776908e-05,0.0,4.778437616513757e-05,3.1281757998466775e-08,0.3,10184194.96,-16.6536645298741
137.64999999999998,0,aGDL,-16.653750379429482,47.4851517878354,0.0,4.1985370920839455e-08,4.1985370920839455e-08,0.0,0.0,0.0,0.0,0.8,6.0486509824921276e-05,0.0,4.77843427616878e-05,3.128162324760649e-08,0.3,10184194.96,-16.65376698817827
137.75,0,aGDL,-16.653852991386316,47.48512550100164,0.0,4.201587706861972e-08,4.201587706861972e-08,0.0,0.0,0.0,0.0,0.8,6.048646747881729e-05,0.0,4.7784309308265654e-05,3.128148829545932e-08,0.3,10184194.96,-16.653869599794106
137.85,0,aGDL,-16.653955756651555,47.48509921414164,0.0,4.20463832378945e-08,4.20463832378945e-08,0.0,0.0,0.0,0.0,0.8,6.0486425069458436e-05,0.0,4.778427580487216e-05,3.128135314203078e-08,0.3,10184194.96,-16.653972364718467
137.95,0,aGDL,-16.654058675221904,47.48507292725538,0.0,4.207688942869581e-08,4.207688942869581e-08,0.0,0.0,0.0,0.0,0.8,6.048638259684611e-05,0.0,4.7784242251508426e-05,3.128121778732681e-08,0.3,10184194.96,-16.654075282948202
138.04999999999998,0,aGDL,-16.654161747094292,47.48504664034283,0.0,4.2107395641055675e-08,4.2107395641055675e-08,0.0,0.0,0.0,0.0,0.8,6.048634006098164e-05,0.0,4.7784208648175494e-05,3.128108223135294e-08,0.3,10184194.96,-16.654178354480177
138.15,0,aGDL,-16.654264972265594,47.485020353403954,0.0,4.213790187500611e-08,4.213790187500611e-08,0.0,0.0,0.0,0.0,0.8,6.0486297461866394e-05,0.0,4.778417499487444e-05,3.1280946474114844e-08,0.3,10184194.96,-16.654281579311238
138.25,0,aGDL,-16.654368350732625,47.48499406643874,0.0,4.2168408130579144e-08,4.2168408130579144e-08,0.0,0.0,0.0,0.0,0.8,6.0486254799501725e-05,0.0,4.778414129160636e-05,3.128081051561826e-08,0.3,10184194.96,-16.65438495743826
138.35,0,aGDL,-16.65447188249226,47.484967779447146,0.0,4.219891440780678e-08,4.219891440780678e-08,0.0,0.0,0.0,0.0,0.8,6.048621207388898e-05,0.0,4.7784107538372286e-05,3.128067435586889e-08,0.3,10184194.96,-16.6544884888581
138.45000000000002,0,aGDL,-16.65457556754137,47.48494149242915,0.0,4.222942070672104e-08,4.222942070672104e-08,0.0,0.0,0.0,0.0,0.8,6.048616928502949e-05,0.0,4.77840737351733e-05,3.128053799487236e-08,0.3,10184194.96,-16.654592173567618
138.54999999999998,0,aGDL,-16.654679405876777,47.48491520538472,0.0,4.2259927027353945e-08,4.2259927027353945e-08,0.0,0.0,0.0,0.0,0.8,6.0486126432924666e-05,0.0,4.7784039882010484e-05,3.128040143263439e-08,0.3,10184194.96,-16.654696011563686
138.64999999999998,0,aGDL,-16.654783397495407,47.48488891831385,0.0,4.2290433369737504e-08,4.2290433369737504e-08,0.0,0.0,0.0,0.0,0.8,6.0486083517575807e-05,0.0,4.778400597888489e-05,3.128026466916066e-08,0.3,10184194.96,-16.65480000284317
138.74999999999997,0,aGDL,-16.65488754239408,47.48486263121649,0.0,4.232093973390374e-08,4.232093973390374e-08,0.0,0.0,0.0,0.0,0.8,6.04860405389843e-05,0.0,4.778397202579759e-05,3.128012770445689e-08,0.3,10184194.96,-16.65490414740294
138.85,0,aGDL,-16.65499184056972,47.484836344092614,0.0,4.2351446119884666e-08,4.2351446119884666e-08,0.0,0.0,0.0,0.0,0.8,6.0485997497151455e-05,0.0,4.778393802274965e-05,3.127999053852866e-08,0.3,10184194.96,-16.655008445239876
138.95,0,aGDL,-16.655096292019152,47.48481005694221,0.0,4.23819525277123e-08,4.23819525277123e-08,0.0,0.0,0.0,0.0,0.8,6.048595439207865e-05,0.0,4.778390396974212e-05,3.1279853171381714e-08,0.3,10184194.96,-16.655112896350843
139.04999999999998,0,aGDL,-16.655200896739302,47.48478376976523,0.0,4.241245895741865e-08,4.241245895741865e-08,0.0,0.0,0.0,0.0,0.8,6.048591122376719e-05,0.0,4.778386986677608e-05,3.127971560302172e-08,0.3,10184194.96,-16.655217500732725
139.15,0,aGDL,-16.655305654726988,47.48475748256167,0.0,4.2442965409035734e-08,4.2442965409035734e-08,0.0,0.0,0.0,0.0,0.8,6.048586799221849e-05,0.0,4.7783835713852606e-05,3.1279577833454394e-08,0.3,10184194.96,-16.655322258382398
139.25,0,aGDL,-16.65541056597914,47.484731195331484,0.0,4.247347188259556e-08,4.247347188259556e-08,0.0,0.0,0.0,0.0,0.8,6.048582469743384e-05,0.0,4.778380151097273e-05,3.1279439862685325e-08,0.3,10184194.96,-16.655427169296743
139.35,0,aGDL,-16.655515630492573,47.48470490807465,0.0,4.2503978378130146e-08,4.2503978378130146e-08,0.0,0.0,0.0,0.0,0.8,6.048578133941461e-05,0.0,4.778376725813754e-05,3.127930169072035e-08,0.3,10184194.96,-16.655532233472645
139.45,0,aGDL,-16.65562084826422,47.48467862079114,0.0,4.2534484895671496e-08,4.2534484895671496e-08,0.0,0.0,0.0,0.0,0.8,6.048573791816214e-05,0.0,4.7783732955348094e-05,3.127916331756504e-08,0.3,10184194.96,-16.655637450906987
139.55,0,aGDL,-16.65572621929101,47.48465233348094,0.0,4.256499143525163e-08,4.256499143525163e-08,0.0,0.0,0.0,0.0,0.8,6.0485694433677745e-05,0.0,4.778369860260541e-05,3.1279024743224996e-08,0.3,10184194.96,-16.655742821596657
139.65,0,aGDL,-16.655831743569763,47.48462604614401,0.0,4.259549799690255e-08,4.259549799690255e-08,0.0,0.0,0.0,0.0,0.8,6.048565088596282e-05,0.0,4.7783664199910614e-05,3.127888596770605e-08,0.3,10184194.96,-16.655848345538548
139.74999999999997,0,aGDL,-16.65593742109735,47.48459975878032,0.0,4.2626004580656274e-08,4.2626004580656274e-08,0.0,0.0,0.0,0.0,0.8,6.048560727501869e-05,0.0,4.778362974726476e-05,3.127874699101382e-08,0.3,10184194.96,-16.65595402272955
139.85,0,aGDL,-16.656043251870756,47.484573471389844,0.0,4.2656511186544815e-08,4.2656511186544815e-08,0.0,0.0,0.0,0.0,0.8,6.048556360084666e-05,0.0,4.7783595244668856e-05,3.127860781315394e-08,0.3,10184194.96,-16.656059853166553
139.95,0,aGDL,-16.656149235886744,47.484547183972566,0.0,4.2687017814600174e-08,4.2687017814600174e-08,0.0,0.0,0.0,0.0,0.8,6.048551986344812e-05,0.0,4.778356069212401e-05,3.127846843413219e-08,0.3,10184194.96,-16.656165836846462
140.04999999999998,0,aGDL,-16.656255373142358,47.484520896528444,0.0,4.271752446485436e-08,4.271752446485436e-08,0.0,0.0,0.0,0.0,0.8,6.048547606282438e-05,0.0,4.7783526089631256e-05,3.127832885395411e-08,0.3,10184194.96,-16.656271973766167
140.14999999999998,0,aGDL,-16.656361663634414,47.484494609057464,0.0,4.274803113733939e-08,4.274803113733939e-08,0.0,0.0,0.0,0.0,0.8,6.048543219897678e-05,0.0,4.7783491437191654e-05,3.127818907262542e-08,0.3,10184194.96,-16.656378263922573
140.25,0,aGDL,-16.656468107359785,47.48446832155959,0.0,4.277853783208726e-08,4.277853783208726e-08,0.0,0.0,0.0,0.0,0.8,6.048538827190668e-05,0.0,4.778345673480628e-05,3.127804909015191e-08,0.3,10184194.96,-16.65648470731258
140.35,0,aGDL,-16.65657470431546,47.4844420340348,0.0,4.280904454912998e-08,4.280904454912998e-08,0.0,0.0,0.0,0.0,0.8,6.0485344281615384e-05,0.0,4.7783421982476156e-05,3.1277908906539084e-08,0.3,10184194.96,-16.6565913039331
140.45,0,aGDL,-16.656681454498255,47.48441574648306,0.0,4.2839551288499565e-08,4.2839551288499565e-08,0.0,0.0,0.0,0.0,0.8,6.048530022810427e-05,0.0,4.778338718020237e-05,3.127776852179273e-08,0.3,10184194.96,-16.65669805378103
140.55,0,aGDL,-16.656788357905157,47.484389458904346,0.0,4.287005805022801e-08,4.287005805022801e-08,0.0,0.0,0.0,0.0,0.8,6.048525611137463e-05,0.0,4.778335232798595e-05,3.1277627935918435e-08,0.3,10184194.96,-16.656804956853296
140.65,0,aGDL,-16.65689541453304,47.48436317129863,0.0,4.2900564834347327e-08,4.2900564834347327e-08,0.0,0.0,0.0,0.0,0.8,6.0485211931427805e-05,0.0,4.7783317425827966e-05,3.127748714892194e-08,0.3,10184194.96,-16.656912013146798
140.75,0,aGDL,-16.657002624378833,47.4843368836659,0.0,4.2931071640889515e-08,4.2931071640889515e-08,0.0,0.0,0.0,0.0,0.8,6.048516768826515e-05,0.0,4.778328247372946e-05,3.127734616080885e-08,0.3,10184194.96,-16.657019222658455
140.85,0,aGDL,-16.657109987439412,47.4843105960061,0.0,4.2961578469886587e-08,4.2961578469886587e-08,0.0,0.0,0.0,0.0,0.8,6.0485123381887993e-05,0.0,4.77832474716915e-05,3.127720497158492e-08,0.3,10184194.96,-16.657126585385182
140.95,0,aGDL,-16.657217503711706,47.484284308319225,0.0,4.2992085321370537e-08,4.2992085321370537e-08,0.0,0.0,0.0,0.0,0.8,6.048507901229765e-05,0.0,4.778321241971514e-05,3.1277063581255786e-08,0.3,10184194.96,-16.657234101323898
141.04999999999998,0,aGDL,-16.657325173192646,47.48425802060524,0.0,4.3022592195373374e-08,4.3022592195373374e-08,0.0,0.0,0.0,0.0,0.8,6.048503457949548e-05,0.0,4.7783177317801426e-05,3.127692198982708e-08,0.3,10184194.96,-16.65734177047153
141.14999999999998,0,aGDL,-16.65743299587922,47.48423173286412,0.0,4.3053099091927106e-08,4.3053099091927106e-08,0.0,0.0,0.0,0.0,0.8,6.0484990083482755e-05,0.0,4.778314216595138e-05,3.127678019730442e-08,0.3,10184194.96,-16.657449592824996
141.25,0,aGDL,-16.657540971768242,47.48420544509583,0.0,4.3083606011063723e-08,4.3083606011063723e-08,0.0,0.0,0.0,0.0,0.8,6.048494552426088e-05,0.0,4.7783106964166094e-05,3.127663820369356e-08,0.3,10184194.96,-16.657557568381236
141.35,0,aGDL,-16.657649100856702,47.48417915730035,0.0,4.311411295281524e-08,4.311411295281524e-08,0.0,0.0,0.0,0.0,0.8,6.0484900901831135e-05,0.0,4.7783071712446595e-05,3.127649600900015e-08,0.3,10184194.96,-16.657665697137162
141.45,0,aGDL,-16.657757383141472,47.48415286947766,0.0,4.314461991721365e-08,4.314461991721365e-08,0.0,0.0,0.0,0.0,0.8,6.048485621619486e-05,0.0,4.7783036410793935e-05,3.127635361322992e-08,0.3,10184194.96,-16.657773979089715
141.55,0,aGDL,-16.657865818619598,47.48412658162772,0.0,4.3175126904290953e-08,4.3175126904290953e-08,0.0,0.0,0.0,0.0,0.8,6.048481146735337e-05,0.0,4.778300105920916e-05,3.1276211016388327e-08,0.3,10184194.96,-16.65788241423583
141.65,0,aGDL,-16.657974407287895,47.48410029375051,0.0,4.3205633914079154e-08,4.3205633914079154e-08,0.0,0.0,0.0,0.0,0.8,6.048476665530798e-05,0.0,4.778296565769331e-05,3.1276068218481247e-08,0.3,10184194.96,-16.657991002572444
141.75,0,aGDL,-16.65808314914335,47.484074005846,0.0,4.323614094661025e-08,4.323614094661025e-08,0.0,0.0,0.0,0.0,0.8,6.0484721780060076e-05,0.0,4.778293020624746e-05,3.1275925219514274e-08,0.3,10184194.96,-16.658099744096493
141.85,0,aGDL,-16.658192044182954,47.48404771791416,0.0,4.326664800191624e-08,4.326664800191624e-08,0.0,0.0,0.0,0.0,0.8,6.0484676841610894e-05,0.0,4.77828947048726e-05,3.127578201949296e-08,0.3,10184194.96,-16.658208638804922
141.95000000000002,0,aGDL,-16.658301092403576,47.484021429954964,0.0,4.3297155080029116e-08,4.3297155080029116e-08,0.0,0.0,0.0,0.0,0.8,6.048463183996182e-05,0.0,4.778285915356984e-05,3.127563861842307e-08,0.3,10184194.96,-16.658317686694673
142.04999999999998,0,aGDL,-16.65841029380215,47.48399514196839,0.0,4.3327662180980885e-08,4.3327662180980885e-08,0.0,0.0,0.0,0.0,0.8,6.0484586775114173e-05,0.0,4.778282355234019e-05,3.1275495016310264e-08,0.3,10184194.96,-16.658426887762698
142.14999999999998,0,aGDL,-16.65851964837566,47.48396885395441,0.0,4.335816930480354e-08,4.335816930480354e-08,0.0,0.0,0.0,0.0,0.8,6.048454164706926e-05,0.0,4.778278790118471e-05,3.127535121316021e-08,0.3,10184194.96,-16.658536242005944
142.25,0,aGDL,-16.658629156121094,47.48394256591299,0.0,4.338867645152909e-08,4.338867645152909e-08,0.0,0.0,0.0,0.0,0.8,6.0484496455828364e-05,0.0,4.77827522001044e-05,3.1275207208978444e-08,0.3,10184194.96,-16.658645749421368
142.35,0,aGDL,-16.658738817035385,47.48391627784411,0.0,4.341918362118952e-08,4.341918362118952e-08,0.0,0.0,0.0,0.0,0.8,6.0484451201392816e-05,0.0,4.778271644910032e-05,3.1275063003770684e-08,0.3,10184194.96,-16.658755410005913
142.45,0,aGDL,-16.658848631115404,47.48388998974774,0.0,4.3449690813816824e-08,4.3449690813816824e-08,0.0,0.0,0.0,0.0,0.8,6.048440588376399e-05,0.0,4.778268064817355e-05,3.1274918597542696e-08,0.3,10184194.96,-16.658865223756546
142.54999999999998,0,aGDL,-16.658958598358197,47.48386370162385,0.0,4.3480198029443004e-08,4.3480198029443004e-08,0.0,0.0,0.0,0.0,0.8,6.048436050294316e-05,0.0,4.7782644797325096e-05,3.127477399029998e-08,0.3,10184194.96,-16.658975190670233
142.65,0,aGDL,-16.65906871876075,47.483837413472415,0.0,4.351070526810005e-08,4.351070526810005e-08,0.0,0.0,0.0,0.0,0.8,6.048431505893162e-05,0.0,4.778260889655598e-05,3.1274629182048184e-08,0.3,10184194.96,-16.659085310743926
142.75,0,aGDL,-16.659178992319937,47.483811125293414,0.0,4.354121252981996e-08,4.354121252981996e-08,0.0,0.0,0.0,0.0,0.8,6.048426955173073e-05,0.0,4.7782572945867275e-05,3.127448417279307e-08,0.3,10184194.96,-16.659195583974597
142.85,0,aGDL,-16.659289419032802,47.48378483708681,0.0,4.357171981463473e-08,4.357171981463473e-08,0.0,0.0,0.0,0.0,0.8,6.048422398134176e-05,0.0,4.778253694525999e-05,3.127433896254017e-08,0.3,10184194.96,-16.659306010359217
142.95000000000002,0,aGDL,-16.65939999889622,47.48375854885258,0.0,4.3602227122576347e-08,4.3602227122576347e-08,0.0,0.0,0.0,0.0,0.8,6.0484178347766066e-05,0.0,4.778250089473519e-05,3.127419355129524e-08,0.3,10184194.96,-16.659416589894754
143.04999999999998,0,aGDL,-16.65951073190729,47.4837322605907,0.0,4.36327344536768e-08,4.36327344536768e-08,0.0,0.0,0.0,0.0,0.8,6.048413265100492e-05,0.0,4.7782464794293884e-05,3.127404793906379e-08,0.3,10184194.96,-16.659527322578185
143.14999999999998,0,aGDL,-16.659621618062886,47.48370597230114,0.0,4.366324180796809e-08,4.366324180796809e-08,0.0,0.0,0.0,0.0,0.8,6.048408689105967e-05,0.0,4.7782428643937135e-05,3.127390212585159e-08,0.3,10184194.96,-16.659638208406488
143.24999999999997,0,aGDL,-16.659732657360053,47.483679683983866,0.0,4.369374918548221e-08,4.369374918548221e-08,0.0,0.0,0.0,0.0,0.8,6.048404106793155e-05,0.0,4.778239244366593e-05,3.1273756111664176e-08,0.3,10184194.96,-16.659749247376634
143.35,0,aGDL,-16.65984384979572,47.48365339563886,0.0,4.372425658625115e-08,4.372425658625115e-08,0.0,0.0,0.0,0.0,0.8,6.048399518162196e-05,0.0,4.778235619348135e-05,3.1273609896507245e-08,0.3,10184194.96,-16.659860439485616
143.45,0,aGDL,-16.659955195366877,47.483627107266095,0.0,4.3754764010306897e-08,4.3754764010306897e-08,0.0,0.0,0.0,0.0,0.8,6.0483949232132164e-05,0.0,4.778231989338441e-05,3.1273463480386494e-08,0.3,10184194.96,-16.659971784730416
143.54999999999998,0,aGDL,-16.660066694070565,47.48360081886554,0.0,4.3785271457681443e-08,4.3785271457681443e-08,0.0,0.0,0.0,0.0,0.8,6.048390321946346e-05,0.0,4.778228354337613e-05,3.127331686330738e-08,0.3,10184194.96,-16.660083283108026
143.65,0,aGDL,-16.660178345903716,47.48357453043717,0.0,4.381577892840678e-08,4.381577892840678e-08,0.0,0.0,0.0,0.0,0.8,6.0483857143617155e-05,0.0,4.7782247143457545e-05,3.127317004527572e-08,0.3,10184194.96,-16.660194934615436
143.75,0,aGDL,-16.660290150863318,47.483548241980955,0.0,4.3846286422514896e-08,4.3846286422514896e-08,0.0,0.0,0.0,0.0,0.8,6.048381100459458e-05,0.0,4.778221069362972e-05,3.127302302629706e-08,0.3,10184194.96,-16.66030673924964
143.85,0,aGDL,-16.660402108946414,47.48352195349687,0.0,4.3876793940037774e-08,4.3876793940037774e-08,0.0,0.0,0.0,0.0,0.8,6.0483764802396994e-05,0.0,4.778217419389362e-05,3.1272875806377035e-08,0.3,10184194.96,-16.660418697007636
143.95,0,aGDL,-16.66051422014999,47.483495664984886,0.0,4.390730148100741e-08,4.390730148100741e-08,0.0,0.0,0.0,0.0,0.8,6.048371853702572e-05,0.0,4.778213764425032e-05,3.127272838552127e-08,0.3,10184194.96,-16.660530807886424
144.05,0,aGDL,-16.660626484471038,47.48346937644497,0.0,4.393780904545579e-08,4.393780904545579e-08,0.0,0.0,0.0,0.0,0.8,6.048367220848206e-05,0.0,4.778210104470082e-05,3.1272580763735386e-08,0.3,10184194.96,-16.66064307188301
144.15,0,aGDL,-16.66073890190654,47.48344308787711,0.0,4.39683166334149e-08,4.39683166334149e-08,0.0,0.0,0.0,0.0,0.8,6.0483625816767294e-05,0.0,4.7782064395246166e-05,3.127243294102505e-08,0.3,10184194.96,-16.660755488994393
144.24999999999997,0,aGDL,-16.660851472453487,47.48341679928127,0.0,4.399882424491672e-08,4.399882424491672e-08,0.0,0.0,0.0,0.0,0.8,6.0483579361882766e-05,0.0,4.778202769588738e-05,3.127228491739594e-08,0.3,10184194.96,-16.660868059217595
144.35,0,aGDL,-16.660964196108978,47.48339051065743,0.0,4.402933187999325e-08,4.402933187999325e-08,0.0,0.0,0.0,0.0,0.8,6.0483532843829705e-05,0.0,4.7781990946625465e-05,3.127213669285351e-08,0.3,10184194.96,-16.66098078254962
144.45,0,aGDL,-16.66107707287,47.48336422200555,0.0,4.405983953867646e-08,4.405983953867646e-08,0.0,0.0,0.0,0.0,0.8,6.0483486262609446e-05,0.0,4.778195414746146e-05,3.127198826740346e-08,0.3,10184194.96,-16.661093658987486
144.54999999999998,0,aGDL,-16.661190102733485,47.48333793332561,0.0,4.4090347220998355e-08,4.4090347220998355e-08,0.0,0.0,0.0,0.0,0.8,6.048343961822329e-05,0.0,4.7781917298396396e-05,3.127183964105149e-08,0.3,10184194.96,-16.661206688528214
144.65,0,aGDL,-16.661303285696533,47.48331164461758,0.0,4.412085492699091e-08,4.412085492699091e-08,0.0,0.0,0.0,0.0,0.8,6.048339291067252e-05,0.0,4.7781880399431284e-05,3.1271690813803114e-08,0.3,10184194.96,-16.66131987116882
144.75,0,aGDL,-16.661416621756132,47.483285355881435,0.0,4.41513626566861e-08,4.41513626566861e-08,0.0,0.0,0.0,0.0,0.8,6.0483346139958415e-05,0.0,4.778184345056715e-05,3.127154178566399e-08,0.3,10184194.96,-16.661433206906338
144.85,0,aGDL,-16.661530110909325,47.48325906711715,0.0,4.418187041011592e-08,4.418187041011592e-08,0.0,0.0,0.0,0.0,0.8,6.048329930608228e-05,0.0,4.7781806451804996e-05,3.1271392556639734e-08,0.3,10184194.96,-16.661546695737787
144.95,0,aGDL,-16.661643753153157,47.4832327783247,0.0,4.421237818731235e-08,4.421237818731235e-08,0.0,0.0,0.0,0.0,0.8,6.048325240904539e-05,0.0,4.778176940314586e-05,3.127124312673595e-08,0.3,10184194.96,-16.66166033766021
145.05,0,aGDL,-16.661757548484616,47.48320648950404,0.0,4.4242885988307376e-08,4.4242885988307376e-08,0.0,0.0,0.0,0.0,0.8,6.048320544884903e-05,0.0,4.778173230459074e-05,3.1271093495958254e-08,0.3,10184194.96,-16.66177413267063
145.15,0,aGDL,-16.6618714969008,47.48318020065517,0.0,4.427339381313297e-08,4.427339381313297e-08,0.0,0.0,0.0,0.0,0.8,6.048315842549452e-05,0.0,4.778169515614067e-05,3.127094366431217e-08,0.3,10184194.96,-16.661888080766094
145.24999999999997,0,aGDL,-16.6619855983987,47.48315391177804,0.0,4.4303901661821116e-08,4.4303901661821116e-08,0.0,0.0,0.0,0.0,0.8,6.0483111338983114e-05,0.0,4.778165795779666e-05,3.127079363180343e-08,0.3,10184194.96,-16.662002181943638
145.35,0,aGDL,-16.66209985297536,47.48312762287264,0.0,4.4334409534403807e-08,4.4334409534403807e-08,0.0,0.0,0.0,0.0,0.8,6.0483064189316084e-05,0.0,4.77816207095597e-05,3.127064339843759e-08,0.3,10184194.96,-16.662116436200304
145.45,0,aGDL,-16.66221426062782,47.483101333938926,0.0,4.4364917430913014e-08,4.4364917430913014e-08,0.0,0.0,0.0,0.0,0.8,6.0483016976494765e-05,0.0,4.778158341143086e-05,3.127049296422027e-08,0.3,10184194.96,-16.662230843533152
145.54999999999998,0,aGDL,-16.662328821353185,47.483075044976886,0.0,4.439542535138072e-08,4.439542535138072e-08,0.0,0.0,0.0,0.0,0.8,6.048296970052039e-05,0.0,4.7781546063411105e-05,3.127034232915697e-08,0.3,10184194.96,-16.662345403939216
145.64999999999998,0,aGDL,-16.66244353514844,47.48304875598649,0.0,4.44259332958389e-08,4.44259332958389e-08,0.0,0.0,0.0,0.0,0.8,6.048292236139424e-05,0.0,4.7781508665501445e-05,3.12701914932534e-08,0.3,10184194.96,-16.662460117415563
145.75,0,aGDL,-16.66255840201069,47.4830224669677,0.0,4.4456441264319546e-08,4.4456441264319546e-08,0.0,0.0,0.0,0.0,0.8,6.048287495911762e-05,0.0,4.778147121770292e-05,3.127004045651512e-08,0.3,10184194.96,-16.66257498395925
145.85,0,aGDL,-16.662673421936915,47.4829961779205,0.0,4.448694925685462e-08,4.448694925685462e-08,0.0,0.0,0.0,0.0,0.8,6.048282749369181e-05,0.0,4.778143372001653e-05,3.126988921894775e-08,0.3,10184194.96,-16.66269000356733
145.95,0,aGDL,-16.66278859492428,47.482969888844856,0.0,4.451745727347611e-08,4.451745727347611e-08,0.0,0.0,0.0,0.0,0.8,6.048277996511803e-05,0.0,4.778139617244325e-05,3.1269737780556796e-08,0.3,10184194.96,-16.66280517623688
146.05,0,aGDL,-16.662903920969825,47.48294359974074,0.0,4.4547965314216e-08,4.4547965314216e-08,0.0,0.0,0.0,0.0,0.8,6.048273237339761e-05,0.0,4.778135857498412e-05,3.126958614134788e-08,0.3,10184194.96,-16.662920501964955
146.15,0,aGDL,-16.66301940007054,47.48291731060814,0.0,4.457847337910625e-08,4.457847337910625e-08,0.0,0.0,0.0,0.0,0.8,6.0482684718531855e-05,0.0,4.778132092764017e-05,3.12694343013267e-08,0.3,10184194.96,-16.663035980748635
146.25,0,aGDL,-16.66313503222358,47.48289102144701,0.0,4.460898146817884e-08,4.460898146817884e-08,0.0,0.0,0.0,0.0,0.8,6.048263700052195e-05,0.0,4.778128323041234e-05,3.1269282260498694e-08,0.3,10184194.96,-16.66315161258499
146.35,0,aGDL,-16.66325081742599,47.48286473225733,0.0,4.463948958146576e-08,4.463948958146576e-08,0.0,0.0,0.0,0.0,0.8,6.048258921936922e-05,0.0,4.778124548330168e-05,3.126913001886953e-08,0.3,10184194.96,-16.663267397471106
146.45,0,aGDL,-16.663366755674872,47.482838443039086,0.0,4.466999771899897e-08,4.466999771899897e-08,0.0,0.0,0.0,0.0,0.8,6.0482541375074925e-05,0.0,4.778120768630918e-05,3.1268977576444695e-08,0.3,10184194.96,-16.663383335404053
146.54999999999998,0,aGDL,-16.66348284696727,47.482812153792224,0.0,4.470050588081046e-08,4.470050588081046e-08,0.0,0.0,0.0,0.0,0.8,6.048249346764033e-05,0.0,4.778116983943586e-05,3.1268824933229896e-08,0.3,10184194.96,-16.66349942638093
146.64999999999998,0,aGDL,-16.66359909130034,47.482785864516735,0.0,4.4731014066932196e-08,4.4731014066932196e-08,0.0,0.0,0.0,0.0,0.8,6.048244549706667e-05,0.0,4.7781131942682666e-05,3.1268672089230575e-08,0.3,10184194.96,-16.663615670398816
146.75,0,aGDL,-16.663715488671073,47.48275957521259,0.0,4.476152227739616e-08,4.476152227739616e-08,0.0,0.0,0.0,0.0,0.8,6.048239746335527e-05,0.0,4.7781093996050664e-05,3.126851904445241e-08,0.3,10184194.96,-16.663732067454802
146.85,0,aGDL,-16.66383203907668,47.48273328587976,0.0,4.479203051223431e-08,4.479203051223431e-08,0.0,0.0,0.0,0.0,0.8,6.048234936650736e-05,0.0,4.778105599954081e-05,3.1268365798900836e-08,0.3,10184194.96,-16.663848617545998
146.95,0,aGDL,-16.66394874251415,47.48270699651822,0.0,4.4822538771478636e-08,4.4822538771478636e-08,0.0,0.0,0.0,0.0,0.8,6.04823012065242e-05,0.0,4.7781017953154116e-05,3.1268212352581574e-08,0.3,10184194.96,-16.663965320669487
147.04999999999998,0,aGDL,-16.664065598980585,47.48268070712793,0.0,4.4853047055161105e-08,4.4853047055161105e-08,0.0,0.0,0.0,0.0,0.8,6.0482252983407085e-05,0.0,4.7780979856891596e-05,3.1268058705500185e-08,0.3,10184194.96,-16.664082176822383
147.15,0,aGDL,-16.664182608473197,47.482654417708886,0.0,4.488355536331368e-08,4.488355536331368e-08,0.0,0.0,0.0,0.0,0.8,6.048220469715722e-05,0.0,4.7780941710754197e-05,3.126790485766208e-08,0.3,10184194.96,-16.66419918600179
147.25,0,aGDL,-16.664299770989032,47.48262812826104,0.0,4.4914063695968345e-08,4.4914063695968345e-08,0.0,0.0,0.0,0.0,0.8,6.0482156347775893e-05,0.0,4.778090351474295e-05,3.126775080907291e-08,0.3,10184194.96,-16.66431634820482
147.35,0,aGDL,-16.664417086525134,47.48260183878438,0.0,4.4944572053157074e-08,4.4944572053157074e-08,0.0,0.0,0.0,0.0,0.8,6.048210793526438e-05,0.0,4.7780865268858855e-05,3.126759655973834e-08,0.3,10184194.96,-16.664433663428586
147.45,0,aGDL,-16.664534555078774,47.48257554927887,0.0,4.4975080434911816e-08,4.4975080434911816e-08,0.0,0.0,0.0,0.0,0.8,6.048205945962388e-05,0.0,4.7780826973102864e-05,3.1267442109663675e-08,0.3,10184194.96,-16.664551131670205
147.54999999999998,0,aGDL,-16.66465217664694,47.48254925974449,0.0,4.500558884126456e-08,4.500558884126456e-08,0.0,0.0,0.0,0.0,0.8,6.048201092085571e-05,0.0,4.7780788627476006e-05,3.1267287458854655e-08,0.3,10184194.96,-16.664609279240548
147.64999999999998,0,aGDL,-16.664769951226788,47.4825229701812,0.0,4.503609727224728e-08,4.503609727224728e-08,0.0,0.0,0.0,0.0,0.8,6.048196231896108e-05,0.0,4.778075023197925e-05,3.1267132607316794e-08,0.3,10184194.96,-16.664667477827404
147.75,0,aGDL,-16.66488787881542,47.48249668058898,0.0,4.506660572789194e-08,4.506660572789194e-08,0.0,0.0,0.0,0.0,0.8,6.0481913653941294e-05,0.0,4.778071178661362e-05,3.1266977555055655e-08,0.3,10184194.96,-16.664725727430042
147.85,0,aGDL,-16.665005959410053,47.482470390967805,0.0,4.5097114208230503e-08,4.5097114208230503e-08,0.0,0.0,0.0,0.0,0.8,6.0481864925797514e-05,0.0,4.778067329138003e-05,3.126682230207671e-08,0.3,10184194.96,-16.66478402804773
147.95,0,aGDL,-16.665124193007784,47.482444101317654,0.0,4.512762271329494e-08,4.512762271329494e-08,0.0,0.0,0.0,0.0,0.8,6.048181613453105e-05,0.0,4.7780634746279524e-05,3.126666684838551e-08,0.3,10184194.96,-16.664842379679737
148.04999999999998,0,aGDL,-16.665242579605717,47.482417811638484,0.0,4.515813124311723e-08,4.515813124311723e-08,0.0,0.0,0.0,0.0,0.8,6.048176728014314e-05,0.0,4.7780596151313075e-05,3.126651119398765e-08,0.3,10184194.96,-16.664900782325336
148.15,0,aGDL,-16.66536111920101,47.48239152193028,0.0,4.518863979772932e-08,4.518863979772932e-08,0.0,0.0,0.0,0.0,0.8,6.0481718362635015e-05,0.0,4.7780557506481654e-05,3.126635533888862e-08,0.3,10184194.96,-16.664959235983794
148.25,0,aGDL,-16.665479811790817,47.48236523219301,0.0,4.5219148377163195e-08,4.5219148377163195e-08,0.0,0.0,0.0,0.0,0.8,6.048166938200793e-05,0.0,4.778051881178626e-05,3.126619928309398e-08,0.3,10184194.96,-16.665017740654385
148.35,0,aGDL,-16.6655986573723,47.48233894242665,0.0,4.524965698145081e-08,4.524965698145081e-08,0.0,0.0,0.0,0.0,0.8,6.0481620338263124e-05,0.0,4.7780480067227866e-05,3.1266043026609236e-08,0.3,10184194.96,-16.665076296336377
148.45000000000002,0,aGDL,-16.665717655942558,47.48231265263117,0.0,4.528016561062414e-08,4.528016561062414e-08,0.0,0.0,0.0,0.0,0.8,6.048157123140184e-05,0.0,4.778044127280745e-05,3.126588656943996e-08,0.3,10184194.96,-16.665134903029045
148.55,0,aGDL,-16.665836807498806,47.48228636280655,0.0,4.531067426471514e-08,4.531067426471514e-08,0.0,0.0,0.0,0.0,0.8,6.0481522061425325e-05,0.0,4.778040242852601e-05,3.1265729911591615e-08,0.3,10184194.96,-16.665193560731666
148.64999999999998,0,aGDL,-16.665956112038202,47.48226007295275,0.0,4.5341182943755786e-08,4.5341182943755786e-08,0.0,0.0,0.0,0.0,0.8,6.048147282833479e-05,0.0,4.778036353438448e-05,3.126557305306976e-08,0.3,10184194.96,-16.665252269443506
148.74999999999997,0,aGDL,-16.666075569557904,47.48223378306975,0.0,4.537169164777804e-08,4.537169164777804e-08,0.0,0.0,0.0,0.0,0.8,6.0481423532131484e-05,0.0,4.778032459038387e-05,3.126541599387988e-08,0.3,10184194.96,-16.66531102916385
148.85,0,aGDL,-16.66619518005507,47.482207493157524,0.0,4.540220037681386e-08,4.540220037681386e-08,0.0,0.0,0.0,0.0,0.8,6.048137417281664e-05,0.0,4.778028559652514e-05,3.126525873402749e-08,0.3,10184194.96,-16.665369839891962
148.95,0,aGDL,-16.666314943526913,47.482181203216044,0.0,4.543270913089522e-08,4.543270913089522e-08,0.0,0.0,0.0,0.0,0.8,6.048132475039148e-05,0.0,4.778024655280927e-05,3.12651012735181e-08,0.3,10184194.96,-16.665428701627132
149.04999999999998,0,aGDL,-16.666434859970536,47.48215491324528,0.0,4.546321791005408e-08,4.546321791005408e-08,0.0,0.0,0.0,0.0,0.8,6.048127526485728e-05,0.0,4.778020745923724e-05,3.12649436123573e-08,0.3,10184194.96,-16.665487614368622
149.15,0,aGDL,-16.66655492938321,47.48212862324521,0.0,4.5493726714322395e-08,4.5493726714322395e-08,0.0,0.0,0.0,0.0,0.8,6.04812257162152e-05,0.0,4.778016831581001e-05,3.126478575055047e-08,0.3,10184194.96,-16.665546578115723
149.25,0,aGDL,-16.666675151762036,47.482102333215806,0.0,4.552423554373214e-08,4.552423554373214e-08,0.0,0.0,0.0,0.0,0.8,6.048117610446651e-05,0.0,4.778012912252854e-05,3.1264627688103215e-08,0.3,10184194.96,-16.665605592867703
149.35,0,aGDL,-16.666795527104284,47.482076043157036,0.0,4.555474439831527e-08,4.555474439831527e-08,0.0,0.0,0.0,0.0,0.8,6.048112642961245e-05,0.0,4.778008987939383e-05,3.126446942502095e-08,0.3,10184194.96,-16.665664658623847
149.45,0,aGDL,-16.666916055407057,47.48204975306888,0.0,4.558525327810374e-08,4.558525327810374e-08,0.0,0.0,0.0,0.0,0.8,6.048107669165423e-05,0.0,4.7780050586406835e-05,3.1264310961309267e-08,0.3,10184194.96,-16.665723775383434
149.55,0,aGDL,-16.667036736667683,47.482023462951304,0.0,4.561576218312952e-08,4.561576218312952e-08,0.0,0.0,0.0,0.0,0.8,6.048102689059302e-05,0.0,4.778001124356848e-05,3.1264152296973513e-08,0.3,10184194.96,-16.665782943145743
149.65,0,aGDL,-16.667157570883262,47.481997172804284,0.0,4.5646271113424575e-08,4.5646271113424575e-08,0.0,0.0,0.0,0.0,0.8,6.048097702643011e-05,0.0,4.7779971850879785e-05,3.126399343201931e-08,0.3,10184194.96,-16.665842161910057
149.74999999999997,0,aGDL,-16.66727855805101,47.48197088262779,0.0,4.5676780069020846e-08,4.5676780069020846e-08,0.0,0.0,0.0,0.0,0.8,6.048092709916671e-05,0.0,4.7779932408341696e-05,3.126383436645209e-08,0.3,10184194.96,-16.66590143167566
149.85,0,aGDL,-16.667399698168197,47.481944592421804,0.0,4.570728904995031e-08,4.570728904995031e-08,0.0,0.0,0.0,0.0,0.8,6.048087710880401e-05,0.0,4.777989291595516e-05,3.1263675100277326e-08,0.3,10184194.96,-16.66596075244183
149.95,0,aGDL,-16.66752099123198,47.481918302186294,0.0,4.5737798056244924e-08,4.5737798056244924e-08,0.0,0.0,0.0,0.0,0.8,6.048082705534322e-05,0.0,4.7779853373721146e-05,3.126351563350052e-08,0.3,10184194.96,-16.666020124207858
150.04999999999998,1,aCL,-16.66764918424002,47.48186677430581,0.0,4.5797594552490376e-08,4.5797594552490376e-08,0.0,0.0,0.0,0.0,0.3916,2.0713161230055443e-05,0.0,1.63633973717438e-05,9.111331015167787e-09,0.27,23329779.68292,-16.66933700077356
150.14999999999998,1,aCL,-16.667784133773296,47.48179226657341,0.0,4.588667856732944e-08,4.588667856732944e-08,0.0,0.0,0.0,0.0,0.3916,2.0713142157967082e-05,0.0,1.6363382304793995e-05,9.111279308182258e-09,0.27,23329779.68292,-16.669404554289972
150.25,1,aCL,-16.66791909282358,47.48172001658409,0.0,4.597576266458468e-08,4.597576266458468e-08,0.0,0.0,0.0,0.0,0.3916,2.0713123084541247e-05,0.0,1.6363367236787586e-05,9.111227597723848e-09,0.27,23329779.68292,-16.669472110933274
150.35,1,aCL,-16.66805406138309,47.48165002434205,0.0,4.6064846844262746e-08,4.6064846844262746e-08,0.0,0.0,0.0,0.0,0.3916,2.0713104009779017e-05,0.0,1.6363352167725424e-05,9.111175883795591e-09,0.27,23329779.68292,-16.669539670701774
150.45,1,aCL,-16.668189039444144,47.48158228985147,0.0,4.6153931106370284e-08,4.6153931106370284e-08,0.0,0.0,0.0,0.0,0.3916,2.0713084933681483e-05,0.0,1.636333709760837e-05,9.111124166400467e-09,0.27,23329779.68292,-16.6696072335938
150.55,1,aCL,-16.668324026999073,47.481516813116514,0.0,4.6243015450913934e-08,4.6243015450913934e-08,0.0,0.0,0.0,0.0,0.3916,2.0713065856249734e-05,0.0,1.636332202643729e-05,9.111072445541454e-09,0.27,23329779.68292,-16.66967479960769
150.65,1,aCL,-16.668459024040317,47.48145359414139,0.0,4.633209987790033e-08,4.633209987790033e-08,0.0,0.0,0.0,0.0,0.3916,2.0713046777484853e-05,0.0,1.636330695421303e-05,9.111020721221464e-09,0.27,23329779.68292,-16.66974236874179
150.75,1,aCL,-16.668594030560257,47.48139263293029,0.0,4.642118438733611e-08,4.642118438733611e-08,0.0,0.0,0.0,0.0,0.3916,2.0713027697387898e-05,0.0,1.6363291880936435e-05,9.110968993443473e-09,0.27,23329779.68292,-16.66980994099446
150.85,1,aCL,-16.668729046551448,47.48133392948738,0.0,4.651026897922789e-08,4.651026897922789e-08,0.0,0.0,0.0,0.0,0.3916,2.0713008615959925e-05,0.0,1.636327680660834e-05,9.110917262210373e-09,0.27,23329779.68292,-16.669877516364064
150.95,1,aCL,-16.668864072006386,47.48127748381685,0.0,4.65993536535823e-08,4.65993536535823e-08,0.0,0.0,0.0,0.0,0.3916,2.0712989533202015e-05,0.0,1.636326173122959e-05,9.110865527525053e-09,0.27,23329779.68292,-16.669877516364064
151.04999999999998,1,aCL,-16.66899910691768,47.48122329592289,0.0,4.668843841040597e-08,4.668843841040597e-08,0.0,0.0,0.0,0.0,0.3916,2.0712970449115186e-05,0.0,1.6363246654800997e-05,9.110813789390408e-09,0.27,23329779.68292,-16.669877516364064
151.14999999999998,1,aCL,-16.669134151278,47.481171365809686,0.0,4.67775232497055e-08,4.67775232497055e-08,0.0,0.0,0.0,0.0,0.3916,2.0712951363700503e-05,0.0,1.6363231577323394e-05,9.11076204780926e-09,0.27,23329779.68292,-16.669877516364064
151.25,1,aCL,-16.669269205080013,47.48112169348143,0.0,4.68666081714875e-08,4.68666081714875e-08,0.0,0.0,0.0,0.0,0.3916,2.0712932276958985e-05,0.0,1.6363216498797597e-05,9.110710302784472e-09,0.27,23329779.68292,-16.669877516364064
151.35,1,aCL,-16.669404268316498,47.481074278942295,0.0,4.695569317575858e-08,4.695569317575858e-08,0.0,0.0,0.0,0.0,0.3916,2.0712913188891666e-05,0.0,1.6363201419224414e-05,9.110658554318835e-09,0.27,23329779.68292,-16.669877516364064
151.45,1,aCL,-16.66953934098018,47.48102912219648,0.0,4.7044778262525346e-08,4.7044778262525346e-08,0.0,0.0,0.0,0.0,0.3916,2.0712894099499568e-05,0.0,1.6363186338604658e-05,9.110606802415184e-09,0.27,23329779.68292,-16.669877516364064
151.55,1,aCL,-16.669674423063952,47.48098622324817,0.0,4.713386343179438e-08,4.713386343179438e-08,0.0,0.0,0.0,0.0,0.3916,2.0712875008783692e-05,0.0,1.6363171256939113e-05,9.110555047076268e-09,0.27,23329779.68292,-16.669877516364064
151.65,1,aCL,-16.66980951456071,47.480945582101555,0.0,4.722294868357228e-08,4.722294868357228e-08,0.0,0.0,0.0,0.0,0.3916,2.071285591674506e-05,0.0,1.6363156174228598e-05,9.110503288304849e-09,0.27,23329779.68292,-16.669877516364064
151.75,1,aCL,-16.669944615463464,47.48090719876081,0.0,4.731203401786564e-08,4.731203401786564e-08,0.0,0.0,0.0,0.0,0.3916,2.0712836823384646e-05,0.0,1.6363141090473867e-05,9.110451526103648e-09,0.27,23329779.68292,-16.669877516364064
151.85,1,aCL,-16.67007972576505,47.48087107323014,0.0,4.7401119434681027e-08,4.7401119434681027e-08,0.0,0.0,0.0,0.0,0.3916,2.071281772870347e-05,0.0,1.636312600567574e-05,9.11039976047544e-09,0.27,23329779.68292,-16.669877516364064
151.95,1,aCL,-16.670214845458702,47.480837205513716,0.0,4.749020493402503e-08,4.749020493402503e-08,0.0,0.0,0.0,0.0,0.3916,2.0712798632702495e-05,0.0,1.636311091983497e-05,9.11034799142285e-09,0.27,23329779.68292,-16.669877516364064
152.04999999999998,1,aCL,-16.670349974537373,47.480805595615735,0.0,4.7579290515904215e-08,4.7579290515904215e-08,0.0,0.0,0.0,0.0,0.3916,2.0712779535382714e-05,0.0,1.636309583295234e-05,9.11029621894862e-09,0.27,23329779.68292,-16.669877516364064
152.14999999999998,1,aCL,-16.670485112994356,47.48077624354038,0.0,4.7668376180325176e-08,4.7668376180325176e-08,0.0,0.0,0.0,0.0,0.3916,2.071276043674507e-05,0.0,1.6363080745028606e-05,9.110244443055355e-09,0.27,23329779.68292,-16.669877516364064
152.25,1,aCL,-16.670620260822716,47.48074914929185,0.0,4.7757461927294474e-08,4.7757461927294474e-08,0.0,0.0,0.0,0.0,0.3916,2.0712741336790557e-05,0.0,1.636306565606454e-05,9.110192663745745e-09,0.27,23329779.68292,-16.669877516364064
152.35,1,aCL,-16.6707554180158,47.48072431287432,0.0,4.784654775681866e-08,4.784654775681866e-08,0.0,0.0,0.0,0.0,0.3916,2.0712722235520106e-05,0.0,1.6363050566060883e-05,9.110140881022376e-09,0.27,23329779.68292,-16.669877516364064
152.45,1,aCL,-16.670890584566962,47.48070173429199,0.0,4.793563366890429e-08,4.793563366890429e-08,0.0,0.0,0.0,0.0,0.3916,2.0712703132934663e-05,0.0,1.6363035475018382e-05,9.11008909488783e-09,0.27,23329779.68292,-16.669877516364064
152.54999999999998,1,aCL,-16.671025760469433,47.480681413549036,0.0,4.8024719663557936e-08,4.8024719663557936e-08,0.0,0.0,0.0,0.0,0.3916,2.0712684029035187e-05,0.0,1.6363020382937795e-05,9.110037305344747e-09,0.27,23329779.68292,-16.669877516364064
152.65,1,aCL,-16.671160945716792,47.48066335064966,0.0,4.8113805740786134e-08,4.8113805740786134e-08,0.0,0.0,0.0,0.0,0.3916,2.071266492382258e-05,0.0,1.6363005289819837e-05,9.109985512395605e-09,0.27,23329779.68292,-16.669945041579943
152.75,1,aCL,-16.67129614030239,47.48064754559804,0.0,4.820289190059543e-08,4.820289190059543e-08,0.0,0.0,0.0,0.0,0.3916,2.0712645817297803e-05,0.0,1.636299019566526e-05,9.109933716042998e-09,0.27,23329779.68292,-16.670012569948902
152.85,1,aCL,-16.671431344219798,47.48063399839837,0.0,4.829197814299238e-08,4.829197814299238e-08,0.0,0.0,0.0,0.0,0.3916,2.071262670946174e-05,0.0,1.636297510047477e-05,9.109881916289429e-09,0.27,23329779.68292,-16.670080101469075
152.95000000000002,1,aCL,-16.67156655746254,47.480622709054835,0.0,4.838106446798351e-08,4.838106446798351e-08,0.0,0.0,0.0,0.0,0.3916,2.0712607600315317e-05,0.0,1.63629600042491e-05,9.109830113137414e-09,0.27,23329779.68292,-16.670147636138605
153.05,1,aCL,-16.671701780024364,47.480613677571625,0.0,4.847015087557535e-08,4.847015087557535e-08,0.0,0.0,0.0,0.0,0.3916,2.071258848985943e-05,0.0,1.636294490698895e-05,9.109778306589368e-09,0.27,23329779.68292,-16.670215173955658
153.14999999999998,1,aCL,-16.6718370118989,47.48060690395294,0.0,4.8559237365774434e-08,4.8559237365774434e-08,0.0,0.0,0.0,0.0,0.3916,2.071256937809497e-05,0.0,1.6362929808695028e-05,9.10972649664779e-09,0.27,23329779.68292,-16.670282714918393
153.24999999999997,1,aCL,-16.671972253079844,47.48060238820296,0.0,4.864832393858731e-08,4.864832393858731e-08,0.0,0.0,0.0,0.0,0.3916,2.071255026502283e-05,0.0,1.6362914709368034e-05,9.109674683315114e-09,0.27,23329779.68292,-16.67035025902499
153.35,1,aCL,-16.67210750356105,47.480600130325875,0.0,4.873741059402049e-08,4.873741059402049e-08,0.0,0.0,0.0,0.0,0.3916,2.0712531150643885e-05,0.0,1.636289960900867e-05,9.109622866593744e-09,0.27,23329779.68292,-16.67041780627363
153.45,2,PEM,-16.6722512170723,0.0,0.0,147.789845922645,0.0,0.0,0.0,0.0,0.0,0.0,0.0,0.0,3.8703456650769694e-11,0.0,0.24,225750000.0,-16.67384158938486
153.54999999999998,2,PEM,-16.672400613656635,0.0,0.0,148.42941910018376,0.0,0.0,0.0,0.0,0.0,0.0,0.0,0.0,3.8642238434330427e-11,0.0,0.24,225750000.0,-16.673893197818753
153.65,2,PEM,-16.672547239511744,0.0,0.0,149.07352540848586,0.0,0.0,0.0,0.0,0.0,0.0,0.0,0.0,3.85808342496509e-11,0.0,0.24,225750000.0,-16.673943882829743
153.75,2,PEM,-16.67269109457942,0.0,0.0,149.7221956554517,0.0,0.0,0.0,0.0,0.0,0.0,0.0,0.0,3.851924585554049e-11,0.0,0.24,225750000.0,-16.67399364444757
153.85,2,PEM,-16.672832178809756,0.0,0.0,150.37546121853694,0.0,0.0,0.0,0.0,0.0,0.0,0.0,0.0,3.845747502143164e-11,0.0,0.24,225750000.0,-16.674042482703907
153.95,2,PEM,-16.672970492161312,0.0,0.0,151.0333540488925,0.0,0.0,0.0,0.0,0.0,0.0,0.0,0.0,3.8395523528361544e-11,0.0,0.24,225750000.0,-16.67409039763239
154.05,2,PEM,-16.673106034600778,0.0,0.0,151.69590667506833,0.0,0.0,0.0,0.0,0.0,0.0,0.0,0.0,3.833339317001656e-11,0.0,0.24,225750000.0,-16.674137389268616
154.14999999999998,2,PEM,-16.673238806103484,0.0,0.0,152.3631522063204,0.0,0.0,0.0,0.0,0.0,0.0,0.0,0.0,3.827108575383163e-11,0.0,0.24,225750000.0,-16.674183457650177
154.24999999999997,2,PEM,-16.67336880665306,0.0,0.0,153.03512433556014,0.0,0.0,0.0,0.0,0.0,0.0,0.0,0.0,3.820860310214307e-11,0.0,0.24,225750000.0,-16.67422860281667
154.35,2,PEM,-16.673496036241716,0.0,0.0,153.71185734198005,0.0,0.0,0.0,0.0,0.0,0.0,0.0,0.0,3.814594705338846e-11,0.0,0.24,225750000.0,-16.67427282480971
154.45,2,PEM,-16.673620494870136,0.0,0.0,154.39338609338816,0.0,0.0,0.0,0.0,0.0,0.0,0.0,0.0,3.8083119463350846e-11,0.0,0.24,225750000.0,-16.674316123672966
154.54999999999998,2,PEM,-16.673742182547812,0.0,0.0,155.0797460482823,0.0,0.0,0.0,0.0,0.0,0.0,0.0,0.0,3.8020122206442937e-11,0.0,0.24,225750000.0,-16.67435849945217
154.64999999999998,2,PEM,-16.673861099292708,0.0,0.0,155.7709732576901,0.0,0.0,0.0,0.0,0.0,0.0,0.0,0.0,3.7956957177029406e-11,0.0,0.24,225750000.0,-16.674399952195113
154.75,2,PEM,-16.673977245131596,0.0,0.0,156.46710436680087,0.0,0.0,0.0,0.0,0.0,0.0,0.0,0.0,3.7893626290782346e-11,0.0,0.24,225750000.0,-16.674440481951716
154.85,2,PEM,-16.67409062010006,0.0,0.0,157.16817661641235,0.0,0.0,0.0,0.0,0.0,0.0,0.0,0.0,3.783013148606862e-11,0.0,0.24,225750000.0,-16.67448008877401
154.95,2,PEM,-16.67420122424255,0.0,0.0,157.87422784421355,0.0,0.0,0.0,0.0,0.0,0.0,0.0,0.0,3.776647472536615e-11,0.0,0.24,225750000.0,-16.674518772716162
155.05,2,PEM,-16.67430905761239,0.0,0.0,158.58529648592253,0.0,0.0,0.0,0.0,0.0,0.0,0.0,0.0,3.770265799670693e-11,0.0,0.24,225750000.0,-16.674556533834515
155.15,2,PEM,-16.674414120272047,0.0,0.0,159.30142157629743,0.0,0.0,0.0,0.0,0.0,0.0,0.0,0.0,3.763868331514402e-11,0.0,0.24,225750000.0,-16.674593372187587
155.25,2,PEM,-16.674516412292917,0.0,0.0,160.02264275003586,0.0,0.0,0.0,0.0,0.0,0.0,0.0,0.0,3.7574552724242163e-11,0.0,0.24,225750000.0,-16.67462928783611
155.35,2,PEM,-16.67461593375566,0.0,0.0,160.74900024257744,0.0,0.0,0.0,0.0,0.0,0.0,0.0,0.0,3.7510268297588075e-11,0.0,0.24,225750000.0,-16.674664280843047
155.45,2,PEM,-16.67471268475009,0.0,0.0,161.4805348908217,0.0,0.0,0.0,0.0,0.0,0.0,0.0,0.0,3.744583214032134e-11,0.0,0.24,225750000.0,-16.67469835127361
155.54999999999998,2,PEM,-16.6748066653754,0.0,0.0,162.21728813377274,0.0,0.0,0.0,0.0,0.0,0.0,0.0,0.0,3.738124639068229e-11,0.0,0.24,225750000.0,-16.674731499195293
155.64999999999998,2,PEM,-16.674897875740157,0.0,0.0,162.95930201312146,0.0,0.0,0.0,0.0,0.0,0.0,0.0,0.0,3.7316513221577055e-11,0.0,0.24,225750000.0,-16.674763724677888
155.75,2,PEM,-16.674986315962485,0.0,0.0,163.70661917377294,0.0,0.0,0.0,0.0,0.0,0.0,0.0,0.0,3.725163484215795e-11,0.0,0.24,225750000.0,-16.674795027793515
155.85,2,PEM,-16.675071986170053,0.0,0.0,164.45928286432672,0.0,0.0,0.0,0.0,0.0,0.0,0.0,0.0,3.718661349941852e-11,0.0,0.24,225750000.0,-16.674825408616638
155.95,2,PEM,-16.675154886500138,0.0,0.0,165.2173369375169,0.0,0.0,0.0,0.0,0.0,0.0,0.0,0.0,3.712145147980226e-11,0.0,0.24,225750000.0,-16.67485486722411
156.05,2,PEM,-16.675235017099965,0.0,0.0,165.98082585061633,0.0,0.0,0.0,0.0,0.0,0.0,0.0,0.0,3.705615111082368e-11,0.0,0.24,225750000.0,-16.674935015197576
156.15,2,PEM,-16.675312378126478,0.0,0.0,166.74979466580976,0.0,0.0,0.0,0.0,0.0,0.0,0.0,0.0,3.6990714762702186e-11,0.0,0.24,225750000.0,-16.67501239468981
156.25,2,PEM,-16.675386969746683,0.0,0.0,167.52428905053853,0.0,0.0,0.0,0.0,0.0,0.0,0.0,0.0,3.692514485000687e-11,0.0,0.24,225750000.0,-16.675087005879394
156.34999999999997,2,PEM,-16.675458792137704,0.0,0.0,168.3043552778195,0.0,0.0,0.0,0.0,0.0,0.0,0.0,0.0,3.6859443833312183e-11,0.0,0.24,225750000.0,-16.675158848955338
156.45,2,PEM,-16.67552784548684,0.0,0.0,169.09004022653906,0.0,0.0,0.0,0.0,0.0,0.0,0.0,0.0,3.67936142208646e-11,0.0,0.24,225750000.0,-16.675227924117177
156.54999999999998,2,PEM,-16.675594129991623,0.0,0.0,169.88139138172275,0.0,0.0,0.0,0.0,0.0,0.0,0.0,0.0,3.672765857025872e-11,0.0,0.24,225750000.0,-16.675294231575087
156.64999999999998,2,PEM,-16.6756576458601,0.0,0.0,170.6784568347792,0.0,0.0,0.0,0.0,0.0,0.0,0.0,0.0,3.666157949012318e-11,0.0,0.24,225750000.0,-16.675357771550008
156.75,2,PEM,-16.675718393310888,0.0,0.0,171.48128528371902,0.0,0.0,0.0,0.0,0.0,0.0,0.0,0.0,3.659537964181601e-11,0.0,0.24,225750000.0,-16.67541854427376
156.85,2,PEM,-16.675776372573182,0.0,0.0,172.289926033344,0.0,0.0,0.0,0.0,0.0,0.0,0.0,0.0,3.6529061741128965e-11,0.0,0.24,225750000.0,-16.67547654998916
156.95,2,PEM,-16.675831583886975,0.0,0.0,173.1044289954056,0.0,0.0,0.0,0.0,0.0,0.0,0.0,0.0,3.646262856000067e-11,0.0,0.24,225750000.0,-16.67553178895017
157.04999999999998,2,PEM,-16.675884027503344,0.0,0.0,173.92484468872823,0.0,0.0,0.0,0.0,0.0,0.0,0.0,0.0,3.639608292823813e-11,0.0,0.24,225750000.0,-16.675584261422006
157.15,2,PEM,-16.675933703684166,0.0,0.0,174.75122423929255,0.0,0.0,0.0,0.0,0.0,0.0,0.0,0.0,3.63294277352475e-11,0.0,0.24,225750000.0,-16.675633967681282
157.25,2,PEM,-16.675980612702688,0.0,0.0,175.5836193802748,0.0,0.0,0.0,0.0,0.0,0.0,0.0,0.0,3.626266593177202e-11,0.0,0.24,225750000.0,-16.67568090801615
157.35,2,PEM,-16.67602475484341,0.0,0.0,176.42208245203503,0.0,0.0,0.0,0.0,0.0,0.0,0.0,0.0,3.619580053163888e-11,0.0,0.24,225750000.0,-16.67572508272643
157.45000000000002,2,PEM,-16.676066130402262,0.0,0.0,177.26666640204851,0.0,0.0,0.0,0.0,0.0,0.0,0.0,0.0,3.612883461351419e-11,0.0,0.24,225750000.0,-16.675766492123753
157.54999999999998,2,PEM,-16.676104739686934,0.0,0.0,178.11742478477316,0.0,0.0,0.0,0.0,0.0,0.0,0.0,0.0,3.606177132266481e-11,0.0,0.24,225750000.0,-16.675805136531732
157.64999999999998,2,PEM,-16.676140583016604,0.0,0.0,178.97441176144406,0.0,0.0,0.0,0.0,0.0,0.0,0.0,0.0,3.5994613872729775e-11,0.0,0.24,225750000.0,-16.67584101628607
157.74999999999997,2,PEM,-16.676173660722668,0.0,0.0,179.83768209978743,0.0,0.0,0.0,0.0,0.0,0.0,0.0,0.0,3.5927365547497364e-11,0.0,0.24,225750000.0,-16.675874131734755
157.85,2,PEM,-16.676203973148233,0.0,0.0,180.7072911736449,0.0,0.0,0.0,0.0,0.0,0.0,0.0,0.0,3.5860029702691536e-11,0.0,0.24,225750000.0,-16.67590448323818
157.95,2,PEM,-16.67623152064897,0.0,0.0,181.58329496249743,0.0,0.0,0.0,0.0,0.0,0.0,0.0,0.0,3.579260976776416e-11,0.0,0.24,225750000.0,-16.675932071169346
158.04999999999998,2,PEM,-16.67625630359271,0.0,0.0,182.4657500508786,0.0,0.0,0.0,0.0,0.0,0.0,0.0,0.0,3.572510924769604e-11,0.0,0.24,225750000.0,-16.675956895913973
158.15,2,PEM,-16.67627832235985,0.0,0.0,183.3547136276663,0.0,0.0,0.0,0.0,0.0,0.0,0.0,0.0,3.5657531724803925e-11,0.0,0.24,225750000.0,-16.675978957870715
158.25,2,PEM,-16.67629757734352,0.0,0.0,184.25024348524042,0.0,0.0,0.0,0.0,0.0,0.0,0.0,0.0,3.558988086055501e-11,0.0,0.24,225750000.0,-16.6759982574513
158.35,2,PEM,-16.67631406894975,0.0,0.0,185.15239801849407,0.0,0.0,0.0,0.0,0.0,0.0,0.0,0.0,3.552216039738763e-11,0.0,0.24,225750000.0,-16.67601479508072
158.45,2,PEM,-16.676327797597537,0.0,0.0,186.06123622368526,0.0,0.0,0.0,0.0,0.0,0.0,0.0,0.0,3.545437416053914e-11,0.0,0.24,225750000.0,-16.676028571197406
158.55,2,PEM,-16.67633876371923,0.0,0.0,186.9768176971148,0.0,0.0,0.0,0.0,0.0,0.0,0.0,0.0,3.538652605987919e-11,0.0,0.24,225750000.0,-16.676039586253392
158.64999999999998,2,PEM,-16.67634696776048,0.0,0.0,187.89920263361546,0.0,0.0,0.0,0.0,0.0,0.0,0.0,0.0,3.531862009174932e-11,0.0,0.24,225750000.0,-16.676047840714528
158.74999999999997,2,PEM,-16.676352410180584,0.0,0.0,188.8284518248381,0.0,0.0,0.0,0.0,0.0,0.0,0.0,0.0,3.525066034080776e-11,0.0,0.24,225750000.0,-16.676053335060658
158.85,2,PEM,-16.676355091452592,0.0,0.0,189.764626657317,0.0,0.0,0.0,0.0,0.0,0.0,0.0,0.0,3.518265098187952e-11,0.0,0.24,225750000.0,-16.676056069785794
158.95,2,PEM,-16.676355012063595,0.0,0.0,190.70778911029836,0.0,0.0,0.0,0.0,0.0,0.0,0.0,0.0,3.511459628181078e-11,0.0,0.24,225750000.0,-16.67605604539834
159.04999999999998,2,PEM,-16.676352172514783,0.0,0.0,191.65800175331506,0.0,0.0,0.0,0.0,0.0,0.0,0.0,0.0,3.504650060132756e-11,0.0,0.24,225750000.0,-16.676053262421274
159.15,2,PEM,-16.67634657332178,0.0,0.0,192.61532774348797,0.0,0.0,0.0,0.0,0.0,0.0,0.0,0.0,3.497836839689784e-11,0.0,0.24,225750000.0,-16.676047721392358
159.25,2,PEM,-16.67633821501471,0.0,0.0,193.5798308225354,0.0,0.0,0.0,0.0,0.0,0.0,0.0,0.0,3.491020422259638e-11,0.0,0.24,225750000.0,-16.676039422864346
159.35,2,PEM,-16.67632709813853,0.0,0.0,194.55157531347066,0.0,0.0,0.0,0.0,0.0,0.0,0.0,0.0,3.484201273197172e-11,0.0,0.24,225750000.0,-16.676028367405188
159.45,2,PEM,-16.676313223253146,0.0,0.0,195.53062611696674,0.0,0.0,0.0,0.0,0.0,0.0,0.0,0.0,3.4773798679914477e-11,0.0,0.24,225750000.0,-16.676014555598258
159.55,2,PEM,-16.67629659093376,0.0,0.0,196.51704870736665,0.0,0.0,0.0,0.0,0.0,0.0,0.0,0.0,3.470556692452617e-11,0.0,0.24,225750000.0,-16.675997988042553
159.65,2,PEM,-16.676277201770972,0.0,0.0,197.51090912831702,0.0,0.0,0.0,0.0,0.0,0.0,0.0,0.0,3.463732242898738e-11,0.0,0.24,225750000.0,-16.675978665352954
159.75,2,PEM,-16.676255056370906,0.0,0.0,198.5122739880012,0.0,0.0,0.0,0.0,0.0,0.0,0.0,0.0,3.4569070263424735e-11,0.0,0.24,225750000.0,-16.6759565881604
159.85,2,PEM,-16.676230155355768,0.0,0.0,199.5212104539488,0.0,0.0,0.0,0.0,0.0,0.0,0.0,0.0,3.450081560677434e-11,0.0,0.24,225750000.0,-16.675931757112167
159.95,2,PEM,-16.67620249936374,0.0,0.0,200.5377862473948,0.0,0.0,0.0,0.0,0.0,0.0,0.0,0.0,3.4432563748642454e-11,0.0,0.24,225750000.0,-16.675904172872077
160.04999999999998,2,PEM,-16.676172089049317,0.0,0.0,201.56206963716315,0.0,0.0,0.0,0.0,0.0,0.0,0.0,0.0,3.436432009116014e-11,0.0,0.24,225750000.0,-16.67587383612074
160.14999999999998,2,PEM,-16.676138925083706,0.0,0.0,202.59412943304855,0.0,0.0,0.0,0.0,0.0,0.0,0.0,0.0,3.429609015083113e-11,0.0,0.24,225750000.0,-16.675840747555814
160.25,2,PEM,-16.676103008154882,0.0,0.0,203.63403497866702,0.0,0.0,0.0,0.0,0.0,0.0,0.0,0.0,3.422787956037202e-11,0.0,0.24,225750000.0,-16.67580490789223
160.35,2,PEM,-16.67606433896782,0.0,0.0,204.681856143747,0.0,0.0,0.0,0.0,0.0,0.0,0.0,0.0,3.415969407054205e-11,0.0,0.24,225750000.0,-16.67576631786246
160.45,2,PEM,-16.67602291824494,0.0,0.0,205.73766331583116,0.0,0.0,0.0,0.0,0.0,0.0,0.0,0.0,3.409153955196125e-11,0.0,0.24,225750000.0,-16.67572497821678
160.55,2,PEM,-16.675978746726116,0.0,0.0,206.80152739135735,0.0,0.0,0.0,0.0,0.0,0.0,0.0,0.0,3.402342199691498e-11,0.0,0.24,225750000.0,-16.675680889723502
160.65,2,PEM,-16.675931825169187,0.0,0.0,207.87351976608736,0.0,0.0,0.0,0.0,0.0,0.0,0.0,0.0,3.395534752114244e-11,0.0,0.24,225750000.0,-16.67563405316927
160.75,2,PEM,-16.675882154350063,0.0,0.0,208.95371232484956,0.0,0.0,0.0,0.0,0.0,0.0,0.0,0.0,3.388732236560763e-11,0.0,0.24,225750000.0,-16.675584469359315
160.84999999999997,2,PEM,-16.675829735062962,0.0,0.0,210.04217743056188,0.0,0.0,0.0,0.0,0.0,0.0,0.0,0.0,3.3819352898249554e-11,0.0,0.24,225750000.0,-16.67553213911773
160.95,2,PEM,-16.675774568120858,0.0,0.0,211.13898791249997,0.0,0.0,0.0,0.0,0.0,0.0,0.0,0.0,3.375144561570965e-11,0.0,0.24,225750000.0,-16.67547706328775
161.04999999999998,2,PEM,-16.675716654355483,0.0,0.0,212.24421705377307,0.0,0.0,0.0,0.0,0.0,0.0,0.0,0.0,3.3683607145033844e-11,0.0,0.24,225750000.0,-16.67541924273205
161.14999999999998,2,PEM,-16.675655994618012,0.0,0.0,213.35793857797086,0.0,0.0,0.0,0.0,0.0,0.0,0.0,0.0,3.3615844245345635e-11,0.0,0.24,225750000.0,-16.675358678332998
161.25,2,PEM,-16.675592589778944,0.0,0.0,214.48022663494345,0.0,0.0,0.0,0.0,0.0,0.0,0.0,0.0,3.354816380948842e-11,0.0,0.24,225750000.0,-16.675295370992988
161.35,2,PEM,-16.675526440728675,0.0,0.0,215.611155785673,0.0,0.0,0.0,0.0,0.0,0.0,0.0,0.0,3.348057286563228e-11,0.0,0.24,225750000.0,-16.675229321634713
161.45,2,PEM,-16.67545754837755,0.0,0.0,216.75080098619748,0.0,0.0,0.0,0.0,0.0,0.0,0.0,0.0,3.341307857884366e-11,0.0,0.24,225750000.0,-16.675160531201474
161.54999999999998,2,PEM,-16.6753859136565,0.0,0.0,217.89923757054376,0.0,0.0,0.0,0.0,0.0,0.0,0.0,0.0,3.334568825261194e-11,0.0,0.24,225750000.0,-16.67508900065749
161.65,2,PEM,-16.675311537516905,0.0,0.0,219.05654123262747,0.0,0.0,0.0,0.0,0.0,0.0,0.0,0.0,3.3278409330331986e-11,0.0,0.24,225750000.0,-16.675014730988202
161.75,2,PEM,-16.675234420931417,0.0,0.0,220.22278800707477,0.0,0.0,0.0,0.0,0.0,0.0,0.0,0.0,3.321124939673557e-11,0.0,0.24,225750000.0,-16.674937723200607
161.85,2,PEM,-16.67515456489383,0.0,0.0,221.39805424892128,0.0,0.0,0.0,0.0,0.0,0.0,0.0,0.0,3.3144216179270265e-11,0.0,0.24,225750000.0,-16.674857978323562
161.95000000000002,2,PEM,-16.67507197041965,0.0,0.0,222.58241661214095,0.0,0.0,0.0,0.0,0.0,0.0,0.0,0.0,3.30773175494189e-11,0.0,0.24,225750000.0,-16.674775497408113
162.04999999999998,2,PEM,-16.67498663854633,0.0,0.0,223.77595202695886,0.0,0.0,0.0,0.0,0.0,0.0,0.0,0.0,3.301056152395674e-11,0.0,0.24,225750000.0,-16.674690281527848
162.14999999999998,2,PEM,-16.674898570333653,0.0,0.0,224.97873767589732,0.0,0.0,0.0,0.0,0.0,0.0,0.0,0.0,3.2943956266140025e-11,0.0,0.24,225750000.0,-16.674602331779216
162.25,2,PEM,-16.674807766863978,0.0,0.0,226.19085096850696,0.0,0.0,0.0,0.0,0.0,0.0,0.0,0.0,3.287751008682173e-11,0.0,0.24,225750000.0,-16.674511649281865
162.35,2,PEM,-16.674714229242795,0.0,0.0,227.41236951473337,0.0,0.0,0.0,0.0,0.0,0.0,0.0,0.0,3.281123144548805e-11,0.0,0.24,225750000.0,-16.674418235179004
162.45,2,PEM,-16.674617958598674,0.0,0.0,228.6433710968658,0.0,0.0,0.0,0.0,0.0,0.0,0.0,0.0,3.274512895121122e-11,0.0,0.24,225750000.0,-16.674322090637762
162.54999999999998,2,PEM,-16.67451895608417,0.0,0.0,229.8839336400176,0.0,0.0,0.0,0.0,0.0,0.0,0.0,0.0,3.26792113635106e-11,0.0,0.24,225750000.0,-16.674223216849526
162.65,2,PEM,-16.674417222875604,0.0,0.0,231.13413518108467,0.0,0.0,0.0,0.0,0.0,0.0,0.0,0.0,3.261348759311851e-11,0.0,0.24,225750000.0,-16.67412161503032
162.75,2,PEM,-16.674312760173848,0.0,0.0,232.3940538361287,0.0,0.0,0.0,0.0,0.0,0.0,0.0,0.0,3.2547966702641264e-11,0.0,0.24,225750000.0,-16.674017286421176
162.85,2,PEM,-16.67420556920456,0.0,0.0,233.66376776613134,0.0,0.0,0.0,0.0,0.0,0.0,0.0,0.0,3.248265790711104e-11,0.0,0.24,225750000.0,-16.673910232288495
162.95000000000002,2,PEM,-16.674095651218465,0.0,0.0,234.94335514106464,0.0,0.0,0.0,0.0,0.0,0.0,0.0,0.0,3.241757057441973e-11,0.0,0.24,225750000.0,-16.673867150154905
163.04999999999998,2,PEM,-16.673983007491813,0.0,0.0,236.2328941022233,0.0,0.0,0.0,0.0,0.0,0.0,0.0,0.0,3.23527142256285e-11,0.0,0.24,225750000.0,-16.673823154887764
163.14999999999998,2,PEM,-16.673867639326886,0.0,0.0,237.5324627227641,0.0,0.0,0.0,0.0,0.0,0.0,0.0,0.0,3.228809853514391e-11,0.0,0.24,225750000.0,-16.673778246724464
163.24999999999997,2,PEM,-16.673749548052058,0.0,0.0,238.84213896639733,0.0,0.0,0.0,0.0,0.0,0.0,0.0,0.0,3.222373333075449e-11,0.0,0.24,225750000.0,-16.673732425906493
163.35,2,PEM,-16.673628735022646,0.0,0.0,240.16200064417512,0.0,0.0,0.0,0.0,0.0,0.0,0.0,0.0,3.215962859351712e-11,0.0,0.24,225750000.0,-16.673685692679456
163.45,2,PEM,-16.673505201620912,0.0,0.0,241.4921253693249,0.0,0.0,0.0,0.0,0.0,0.0,0.0,0.0,3.2095794457486493e-11,0.0,0.24,225750000.0,-16.673638047293156
163.54999999999998,2,PEM,-16.673378949256687,0.0,0.0,242.832590510072,0.0,0.0,0.0,0.0,0.0,0.0,0.0,0.0,3.2032241209277476e-11,0.0,0.24,225750000.0,-16.673589490001618
163.65,2,PEM,-16.673249979367654,0.0,0.0,244.18347314040054,0.0,0.0,0.0,0.0,0.0,0.0,0.0,0.0,3.196897928745142e-11,0.0,0.24,225750000.0,-16.673540021063157
163.75,2,PEM,-16.673118293419975,0.0,0.0,245.54484998870078,0.0,0.0,0.0,0.0,0.0,0.0,0.0,0.0,3.1906019281716383e-11,0.0,0.24,225750000.0,-16.67348964074042
163.85,2,PEM,-16.672983892908576,0.0,0.0,246.9167973842535,0.0,0.0,0.0,0.0,0.0,0.0,0.0,0.0,3.1843371931932566e-11,0.0,0.24,225750000.0,-16.673438349300458
163.95,2,PEM,-16.672846779357428,0.0,0.0,248.29939120150405,0.0,0.0,0.0,0.0,0.0,0.0,0.0,0.0,3.178104812691115e-11,0.0,0.24,225750000.0,-16.673386147014753
164.05,2,PEM,-16.672706954320404,0.0,0.0,249.6927068020799,0.0,0.0,0.0,0.0,0.0,0.0,0.0,0.0,3.171905890299656e-11,0.0,0.24,225750000.0,-16.673333034159295
164.15,2,PEM,-16.672564419381217,0.0,0.0,251.0968189745097,0.0,0.0,0.0,0.0,0.0,0.0,0.0,0.0,3.165741544242226e-11,0.0,0.24,225750000.0,-16.673279011014632
164.24999999999997,2,PEM,-16.672419176154392,0.0,0.0,252.51180187160483,0.0,0.0,0.0,0.0,0.0,0.0,0.0,0.0,3.159612907142706e-11,0.0,0.24,225750000.0,-16.673224077865925
164.35,2,PEM,-16.67227122628526,0.0,0.0,253.93772894546623,0.0,0.0,0.0,0.0,0.0,0.0,0.0,0.0,3.153521125812267e-11,0.0,0.24,225750000.0,-16.67316823500299
164.45,2,PEM,-16.672120571450762,0.0,0.0,255.37467288008577,0.0,0.0,0.0,0.0,0.0,0.0,0.0,0.0,3.14746736100991e-11,0.0,0.24,225750000.0,-16.673111482720397
164.54999999999998,2,PEM,-16.67196721335972,0.0,0.0,256.822705521517,0.0,0.0,0.0,0.0,0.0,0.0,0.0,0.0,3.141452787175722e-11,0.0,0.24,225750000.0,-16.67305382131748
164.64999999999998,2,PEM,-16.671811153753367,0.0,0.0,258.2818978055921,0.0,0.0,0.0,0.0,0.0,0.0,0.0,0.0,3.135478592135582e-11,0.0,0.24,225750000.0,-16.67299525109842
164.75,2,PEM,-16.67165239440601,0.0,0.0,259.7523196831716,0.0,0.0,0.0,0.0,0.0,0.0,0.0,0.0,3.129545976776088e-11,0.0,0.24,225750000.0,-16.67293577237232
164.85,2,PEM,-16.671490937125157,0.0,0.0,261.23404004291876,0.0,0.0,0.0,0.0,0.0,0.0,0.0,0.0,3.123656154688523e-11,0.0,0.24,225750000.0,-16.672875385453235
164.95,2,PEM,-16.671326783752363,0.0,0.0,262.72712663159933,0.0,0.0,0.0,0.0,0.0,0.0,0.0,0.0,3.1178103517805104e-11,0.0,0.24,225750000.0,-16.67281409066025
165.05,2,PEM,-16.671159936163633,0.0,0.0,264.2316459719153,0.0,0.0,0.0,0.0,0.0,0.0,0.0,0.0,3.1120098058541656e-11,0.0,0.24,225750000.0,-16.672751888317546
165.15,2,PEM,-16.670990396269815,0.0,0.0,265.7476632778924,0.0,0.0,0.0,0.0,0.0,0.0,0.0,0.0,3.106255766149465e-11,0.0,0.24,225750000.0,-16.672688778754452
165.24999999999997,2,PEM,-16.670818166017227,0.0,0.0,267.27524236784984,0.0,0.0,0.0,0.0,0.0,0.0,0.0,0.0,3.1005494928515034e-11,0.0,0.24,225750000.0,-16.67262476230552
165.35,2,PEM,-16.670643247388227,0.0,0.0,268.81444557499765,0.0,0.0,0.0,0.0,0.0,0.0,0.0,0.0,3.094892256560424e-11,0.0,0.24,225750000.0,-16.672559839310587
165.45,3,cCL,-16.661323222409692,0.0,9.8729074962693,24.726136274968102,0.0004711367117812282,0.9757719924701854,23.749893145786135,0.0009856282752224094,0.025815101245419712,0.3938992704793579,0.0,4.179351190659372e-06,4.7112686149251116e-06,8.731394282234788e-09,0.3293300992321679,28611409.01284191,-16.658808700021194
165.54999999999998,3,cCL,-16.660252457703166,0.0,9.872909179021306,24.740012241587916,0.0004711638844778765,0.9760523892424853,23.763488688460953,0.0009859115042853387,0.02582987900919669,0.393884209486518,0.0,4.1791420241931145e-06,4.711032827272238e-06,8.731769769669253e-09,0.32936390061247506,28614311.272854418,-16.658744353996067
165.64999999999998,3,cCL,-16.66012116576536,0.0,9.872912544709365,24.753147411103726,0.00047115237001549293,0.9763073993553623,23.776368859378348,0.0009861690902579416,0.025843879194976466,0.3938699517147656,0.0,4.178918855579857e-06,4.7107812553809295e-06,8.731801930935903e-09,0.32939591723884853,28617056.376320116,-16.65868021412535
165.75,3,cCL,-16.65999022011306,0.0,9.87291759350219,24.765541807307976,0.0004711418014499147,0.9765369836504635,23.788533681856062,0.0009864009935863268,0.025857101828104415,0.3938564971783093,0.0,4.178708463945504e-06,4.710544086629478e-06,8.731835564605483e-09,0.3294261491461876,28619644.311645098,-16.658616270187675
165.85,3,cCL,-16.659859614549532,0.0,9.872924325553154,24.777195453195944,0.00047113217904726223,0.9767411425776588,23.799983178439238,0.0009866072147249078,0.02586954693308613,0.39384384585218896,0.0,4.178510848450317e-06,4.710321320071266e-06,8.731870672945895e-09,0.32945459639053537,28622075.08363578,-16.658552513538627
165.95,3,cCL,-16.659729348927215,0.0,9.87293274100028,24.788108370965595,0.00047112350281997006,0.9769198765629415,23.810717370899834,0.0009867877541039813,0.025881214533586775,0.39383199771230926,0.0,4.178326008134755e-06,4.710112954624633e-06,8.731907256005997e-09,0.32948125902600817,28624348.69693023,-16.658488936631564
166.05,3,cCL,-16.65959942398291,0.0,9.872942839966244,24.798280582018364,0.0004711157727432802,0.9770731860080526,23.82073628023757,0.0009869426121293461,0.02589210465243214,0.39382095273543855,0.0,4.178153942066744e-06,4.709918989238875e-06,8.731945313511822e-09,0.3295061371047975,28626465.15599818,-16.65842553277784
166.15,3,cCL,-16.65946983543671,0.0,9.87295462255837,24.807712106957823,0.0004711089890054865,0.9772010712900627,23.830039926678754,0.0009870717891818815,0.025902217311607342,0.39381071089921077,0.0,4.177994649509912e-06,4.709739423083901e-06,8.73198484703331e-09,0.32952923067716666,28628424.465140607,-16.65836229612864
166.25,3,cCL,-16.659340591318596,0.0,9.872968088868623,24.816402965591077,0.0004711031512761865,0.9773035327625416,23.83862832967726,0.0009871752856187288,0.02591155253225789,0.3938012721821234,0.0,4.177848129429642e-06,4.709574254993414e-06,8.732025853622594e-09,0.32955053979145466,28630226.62849045,-16.65829922146883
166.35,3,cCL,-16.659211677302153,0.0,9.872983238973612,24.82435317692817,0.0004710982601690006,0.9773805707533878,23.846501507914613,0.0009872531017710987,0.025920110334689796,0.39379263656353913,0.0,4.177714381481283e-06,4.709423484578901e-06,8.732068338542107e-09,0.32957006449407406,28631871.650011662,-16.65823630427025
166.45,3,cCL,-16.659083108376024,0.0,9.873000072934579,24.831562759182475,0.00047109431506164867,0.9774321855678867,23.853659479299527,0.0009873052379473603,0.025927890738369052,0.3937848040236836,0.0,4.177593404537217e-06,4.7092871105692265e-06,8.732112296292894e-09,0.3295878048295125,28633359.533500485,-16.658173540319076
166.54999999999998,3,cCL,-16.658954870998002,0.0,9.873018590797406,24.838031729770638,0.0004710913165366648,0.9774583774854912,23.86010226096861,0.0009873316944297892,0.0259348937619224,0.3937777745436478,0.0,4.177485198335758e-06,4.709165132669401e-06,8.732157731853318e-09,0.32960376084033205,28634690.282584157,-16.658110926007122
166.64999999999998,3,cCL,-16.65882697070498,0.0,9.873038792592608,24.843760105312267,0.0004710892643720044,0.9774591467622864,23.86582986928561,0.0009873324714770569,0.02594111942313653,0.39377154810538645,0.0,4.17738976212406e-06,4.709057550030757e-06,8.732204643198565e-09,0.3296179325671692,28635863.900721837,-16.65804845803142
166.75,3,cCL,-16.658699407693575,0.0,9.873060678335332,24.848747901630265,0.0004710881585721083,0.977434493629791,23.870842319841902,0.0009873075693230212,0.02594656773895859,0.3937661246917184,0.0,4.177307095354155e-06,4.7089643620355934e-06,8.732253030266497e-09,0.3296303200487349,28636880.3912042,-16.657986133421154
166.85,3,cCL,-16.658572179146176,0.0,9.873084248025355,24.852995133751616,0.00047108799926964817,0.9773844182951589,23.875139627457187,0.0009872569881769282,0.025951238725496942,0.39376150428632617,0.0,4.177237197616651e-06,4.708885568222407e-06,8.732302894103606e-09,0.3296409233218166,28637739.757153653,-16.65792394950096
166.95,3,cCL,-16.658445283119818,0.0,9.87310950164709,24.85650181590622,0.00047108878656076936,0.9773089209411948,23.878721806178465,0.000987180728223429,0.02595513239802007,0.39375768687375656,0.0,4.177180068529885e-06,4.70882116816096e-06,8.732354235437172e-09,0.32964974242127604,28638442.001524135,-16.65786190380382
167.04999999999998,3,cCL,-16.658318724056414,0.0,9.873136439169572,24.859267961527713,0.00047109052027338727,0.9772080017266285,23.88158886928081,0.000987078789622857,0.025958248770957405,0.39375467243941975,0.0,4.177135707582872e-06,4.708771161275237e-06,8.732407052652113e-09,0.3296567773800508,28638987.127101403,-16.657799994140813
167.15,3,cCL,-16.658192497249615,0.0,9.873165060546476,24.86129358325362,0.00047109320062233007,0.9770816607857437,23.883740829267254,0.0009869511725108522,0.02596058785789919,0.39375246096959,0.0,4.1771041145780234e-06,4.708735547342499e-06,8.732461347494155e-09,0.3296620282291541,28639375.13650282,-16.657738218509316
167.25,3,cCL,-16.658066600002655,0.0,9.873195365716098,24.86257869292429,0.00047109682773816,0.9769298982283698,23.885177697868183,0.0009867978769983535,0.025962149671595852,0.39375105245140585,0.0,4.177085289313133e-06,4.7087143261348044e-06,8.732517120973172e-09,0.3296654949976733,28639606.032177277,-16.657676575078945
167.35,3,cCL,-16.65794103984939,0.0,9.873227354601374,24.863123301585077,0.00047110140132100575,0.9767527141405872,23.88589948604317,0.0009866189031723102,0.025962934223959965,0.39375044687286775,0.0,4.177079231347054e-06,4.708707497154861e-06,8.73257437034453e-09,0.3296671777127747,28639679.816405807,-16.657615062142224
167.45000000000002,3,cCL,-16.657815808050827,0.0,9.873261027109864,24.86292741948436,0.00047110692175833524,0.9765501085834204,23.885906203979182,0.000986414251094364,0.025962941526064327,0.39375064422284134,0.0,4.177085940755081e-06,4.708715060487546e-06,8.732633098840478e-09,0.3296670763996985,28639596.49130072,-16.657553678193928
167.54999999999998,3,cCL,-16.65769090918758,0.0,9.873296383133768,24.8619910560743,0.00047111338887639853,0.9763220815942899,23.885197861091132,0.000986183920802313,0.025962171588142534,0.3937516444910552,0.0,4.177105417285547e-06,4.708737015849161e-06,8.732693304804574e-09,0.32966519108176084,28639356.058806308,-16.657492421730844
167.64999999999998,3,cCL,-16.657566340353867,0.0,9.873333422549921,24.860314220012032,0.0004711208028183034,0.9760686331858779,23.883774466023336,0.0009859279123089675,0.025960624419590583,0.3937534476681005,0.0,4.177137660952777e-06,4.708773363255858e-06,8.73275498933112e-09,0.329661521780357,28638958.52069864,-16.657431291491452
167.74999999999997,3,cCL,-16.657442098346678,0.0,9.873372145219793,24.85789691915762,0.0004711291637405912,0.9757897633466982,23.881636026647183,0.0009856462256027255,0.025958300028964328,0.393756053745433,0.0,4.17718267183223e-06,4.708824102792697e-06,8.732818153625488e-09,0.3296560685149557,28638403.878585372,-16.657370286329613
167.85,3,cCL,-16.657318193593312,0.0,9.873412550989494,24.85473916057585,0.0004711384712253741,0.9754854720414782,23.878782550063146,0.0009853388606479577,0.025955198423981682,0.3937594627153704,0.0,4.177240449663521e-06,4.708889234166151e-06,8.732882793890227e-09,0.3296488313031045,28637692.13390628,-16.65730940502868
167.95,3,cCL,-16.65719461231373,0.0,9.873454639689783,24.85084095053564,0.00047114872587705747,0.9751557592096649,23.8752140426001,0.0009850058173834998,0.025951319611521848,0.3937636745710947,0.0,4.177310994928831e-06,4.708968757919774e-06,8.732948915218227e-09,0.3296398101604269,28636823.287932523,-16.657248646559463
168.04999999999998,3,cCL,-16.657071357342716,0.0,9.873498411136056,24.84620229451032,0.0004711599276001621,0.9748006247671084,23.87093050981561,0.0009846470957243518,0.025946663597625666,0.39376868930665,0.0,4.177394307689446e-06,4.709062674122648e-06,8.733016516603723e-09,0.3296290051006247,28635797.34176738,-16.6571069274398
168.15,3,cCL,-16.65694843761611,0.0,9.873543865128369,24.84082319717708,0.00047117207604219224,0.9744200686057856,23.865931956495253,0.0009842626955613996,0.02594123038749484,0.39377450691694377,0.0,4.177490387885386e-06,4.709170982707162e-06,8.733085594802586e-09,0.3296164161354754,28634614.296346,-16.656983951530215
168.25,3,cCL,-16.656825839932765,0.0,9.873591001451423,24.834703662417784,0.0004711851717859039,0.9740140905922209,23.860218386653777,0.0009838526167598191,0.025935019985493236,0.39378112739774696,0.0,4.177599236140256e-06,4.709293684376288e-06,8.733156154701042e-09,0.32960204327483456,28633274.152435023,-16.656861304005798
168.35,3,cCL,-16.65670357071616,0.0,9.873639819874583,24.82784369331897,0.000471199214586826,0.973582690569803,23.853789803534582,0.0009834168591614171,0.025928032395146284,0.3937885507456923,0.0,4.177720852570937e-06,4.709430779261783e-06,8.733228193981311e-09,0.32958588652663595,28631776.910633367,-16.65673898435395
168.45,3,cCL,-16.656581629419748,0.0,9.873690320151876,24.820243292172115,0.00047121420449536267,0.9731258683571935,23.846646209610427,0.0009829554225830237,0.02592026761914177,0.3937967769582752,0.0,4.177855237545592e-06,4.709582267778667e-06,8.733301712886862e-09,0.3295679458968922,28630122.571371775,-16.656616992113303
168.55,3,cCL,-16.65646001331237,0.0,9.873742502021997,24.81190246047247,0.0004712301416549547,0.9726436237487246,23.83878760658209,0.0009824683068168935,0.02591172565932836,0.39380580603385473,0.0,4.178002391547298e-06,4.709748150471499e-06,8.733376712465283e-09,0.3295482213896915,28628311.134912662,-16.656495326802677
168.65,3,cCL,-16.656338723354224,0.0,9.873796365208312,24.80282119892037,0.00047124702605449986,0.9721359565146285,23.830213995379687,0.0009819555116309378,0.02590240651671705,0.39381563797165203,0.0,4.178162315006522e-06,4.709928427825534e-06,8.733453192410616e-09,0.32952671300720143,28626342.60135051,-16.65637398799278
168.74999999999997,3,cCL,-16.656217757695174,0.0,9.873851909418866,24.792999507421204,0.00047126485780146776,0.9716028664008994,23.820925376162503,0.0009814170367685852,0.025892310191480982,0.3938262727717505,0.0,4.178335008486465e-06,4.710123100475651e-06,8.733531153450792e-09,0.3295034207496683,28624216.970611755,-16.656252975251313
168.85,3,cCL,-16.65609711951845,0.0,9.873909134346395,24.78243738508505,0.0004712836367928297,0.9710443531293884,23.81092174831887,0.0009808528819488771,0.025881436682955294,0.39383771043509586,0.0,4.178520472459448e-06,4.710332168954287e-06,8.733610594467406e-09,0.3294783446154169,28621934.242454816,-16.656132288045608
168.95,3,cCL,-16.655976802027908,0.0,9.87396803966832,24.771134830226718,0.00047130336334710865,0.970460416397274,23.800203110466096,0.0009802630468659333,0.025869785989637063,0.393849950963497,0.0,4.178718707734922e-06,4.710555634173912e-06,8.733691518008453e-09,0.3294514846008497,28619494.416469853,-16.65601192606641
169.04999999999998,3,cCL,-16.655856810776925,0.0,9.874028625046764,24.759091840366697,0.00047132403726235506,0.969851055878214,23.78876946045122,0.000979647531190115,0.02585735810918611,0.3938629943596238,0.0,4.178929714822855e-06,4.710793496709399e-06,8.733773922089047e-09,0.32942284070045,28616897.492079403,-16.65589188877595
169.15,3,cCL,-16.65573714293032,0.0,9.874090890128555,24.746308412230142,0.00047134565869166867,0.9692162712211253,23.776620795350325,0.0009790063345667933,0.025844153038424265,0.393876840627009,0.0,4.179153494524988e-06,4.7110457574645325e-06,8.733857807806537e-09,0.329392412906779,28614143.46853772,-16.6557721757991
169.25,3,cCL,-16.655617798231162,0.0,9.874154834545234,24.732784541747414,0.0004713682276803466,0.9685560620509063,23.763757111468827,0.000978339456617077,0.025830170773335683,0.3938914897700473,0.0,4.179390047622168e-06,4.711312417319535e-06,8.733943175313472e-09,0.3293602012104773,28611232.344931178,-16.655652786717262
169.35,3,cCL,-16.655498776613456,0.0,9.874220457913065,24.71852022405444,0.00047139174426635844,0.9678704279682365,23.750178404341938,0.0009776468969376127,0.025815411309067324,0.39390694179399505,0.0,4.179639374942394e-06,4.71159347720779e-06,8.73403002469421e-09,0.3293262056002655,28608164.120178204,-16.655533721169668
169.45,3,cCL,-16.65538007591806,0.0,9.87428775983304,24.703515453492034,0.00047141620857671374,0.9671593685494381,23.73588466873402,0.0009769286551004426,0.02579987463992828,0.3939231967049713,0.0,4.17990147742597e-06,4.7118889381892755e-06,8.734118356803658e-09,0.3292904260629431,28604938.793029178,-16.65541497866411
169.55,3,cCL,-16.655261697957656,0.0,9.874356739890889,24.68777022360703,0.00047144162057199956,0.9664228833470612,23.720875898639395,0.0009761847306535971,0.025783560759390648,0.3939402545099558,0.0,4.180176355952521e-06,4.712198801255569e-06,8.734208171040141e-09,0.32925286258339026,28601556.362066768,-16.655296558857295
169.65,3,cCL,-16.65514364198623,0.0,9.87442739765709,24.671284527151446,0.00047146798032160486,0.965660971889133,23.70515208728199,0.0009754151231203364,0.025766469660089122,0.3939581152167906,0.0,4.180464011527243e-06,4.712523067539801e-06,8.7342994677435e-09,0.32921351514456687,28598016.825705588,-16.655178461327957
169.74999999999997,3,cCL,-16.655025907573133,0.0,9.874499732686877,24.654058356083162,0.000471495287882151,0.9648736336794499,23.68871322711583,0.0009746198319994443,0.025748601333821553,0.39397677883417903,0.0,4.180764445198929e-06,4.712861738224247e-06,8.73439224713971e-09,0.3291723837275138,28594320.18219241,-16.65506068574952
169.85,3,cCL,-16.65490849292638,0.0,9.874573744520251,24.636091701565405,0.00047152354336887914,0.9640608681979391,23.671559309824097,0.0009737988567655951,0.025729955771547932,0.39399624537168654,0.0,4.1810776581078075e-06,4.713214814594256e-06,8.734486509956557e-09,0.3291294683113508,28590466.42960612,-16.654943231735466
169.95,3,cCL,-16.654791400520764,0.0,9.874649432681988,24.61738455396762,0.0004715527467177294,0.9632226749002185,23.653690326320685,0.0009729521968689076,0.025710532963392048,0.3940165148397391,0.0,4.1814036513249745e-06,4.713582297857244e-06,8.734582255356903e-09,0.3290847688732802,28586455.565857857,-16.65482609885595
170.04999999999998,3,cCL,-16.654674624428935,0.0,9.874726796681651,24.59793690286444,0.00047158289822035737,0.9623590532174876,23.635106266748732,0.0009720798517348359,0.025690332898639926,0.3940375872496253,0.0,4.181742426213823e-06,4.713964189550128e-06,8.734679485591082e-09,0.3290382853885829,28582287.58869064,-16.65470928680591
170.14999999999998,3,cCL,-16.654558170240136,0.0,9.874805836013604,24.577748737037584,0.0004716139976828071,0.9614700025574863,23.615807120482415,0.0009711818207651376,0.025669355565741757,0.39405946261349317,0.0,4.1820939838617595e-06,4.714360490898712e-06,8.734778198682024e-09,0.3289900178306237,28577962.495680194,-16.654592795255468
170.25,3,cCL,-16.65444203856117,0.0,9.874886550157013,24.556820044473834,0.00047164604512250907,0.960555522303343,23.59579287612537,0.0009702581033367101,0.025647600952310185,0.3940821409443531,0.0,4.1824583255509065e-06,4.714771203348295e-06,8.734878394484306e-09,0.32893996617084653,28573480.284234077,-16.65447662374236
170.35,3,cCL,-16.654326221283043,0.0,9.87496893857587,24.535150812366258,0.0004716790409258209,0.9596156118138257,23.575063521511506,0.0009693086988018442,0.025625069045121202,0.394105622256077,0.0,4.182835452864697e-06,4.7151963286838415e-06,8.734980076055286e-09,0.32888813037877684,28568840.951592017,-16.65436077212401
170.45,3,cCL,-16.654210723098572,0.0,9.875053000718996,24.512741027114632,0.0004717129849391988,0.9586502704242368,23.553619043705456,0.0009683336064891281,0.025601759830114628,0.39412990656339625,0.0,4.183225367073831e-06,4.715635868337773e-06,8.73508324175283e-09,0.32883451042202294,28564044.494826313,-16.654245239858188
170.55,3,cCL,-16.654095547306838,0.0,9.875138736020057,24.489590674324738,0.00047174787706905086,0.9576594974455357,23.531459429002133,0.0009673328257025613,0.025577673292393622,0.39415499388190384,0.0,4.183628069541318e-06,4.716089823846577e-06,8.735187890448534e-09,0.3287791062662745,28559090.910841443,-16.65413002670123
170.65,3,cCL,-16.6539806863143,0.0,9.875226143897576,24.46569973880864,0.0004717837176825279,0.9566432921640556,23.508584662926904,0.0009663063557212683,0.025552809416224894,0.39418088422805386,0.0,4.184043561993659e-06,4.716558197156487e-06,8.735294025016299e-09,0.32872191787530286,28553980.19637392,-16.65401513241925
170.75,3,cCL,-16.65386614202015,0.0,9.875315223754944,24.441068204585033,0.0004718205067469894,0.9556016538428224,23.484994730235464,0.0009652541958008307,0.025527168185038546,0.39420757761916064,0.0,4.184471845938981e-06,4.717040989967579e-06,8.735401644845705e-09,0.3286629452109616,28548712.34799286,-16.65390055654118
170.85,3,cCL,-16.653751917868874,0.0,9.875405974980437,24.415696054878993,0.0004718582441649577,0.9545345817205158,23.460689614914312,0.0009641763451722381,0.0255007495814286,0.39423507407339914,0.0,4.184912922893843e-06,4.717538203989423e-06,8.73551074876068e-09,0.32860218823318676,28543287.362099648,-16.653786298884384
170.95,3,cCL,-16.65363801027638,0.0,9.875498396947224,24.389583272122408,0.0004718969301369391,0.9534420750115475,23.435669300180724,0.0009630728030419672,0.02547355358715296,0.39426337360980507,0.0,4.185366794628027e-06,4.718049841217048e-06,8.735621338168431e-09,0.32853964689999726,28537705.23492791,-16.65367235909398
171.04999999999998,3,cCL,-16.653524418085226,0.0,9.87559248901339,24.3627298379537,0.00047193656476207657,0.9523241329064323,23.409933768482507,0.0009619435685923559,0.02544558018313316,0.3942924762482745,0.0,4.185833462894617e-06,4.718575903626659e-06,8.735733413586867e-09,0.3284753211674941,28531965.962543692,-16.653558736906696
171.14999999999998,3,cCL,-16.653411144678273,0.0,9.875688250521943,24.33513573321825,0.0004719771479478885,0.9511807545718668,23.383483001498437,0.0009607886409816836,0.02541682934945482,0.3943223820095635,0.0,4.186312929369587e-06,4.719116393107535e-06,8.73584697386829e-09,0.32840921098986176,28526069.54084553,-16.65344543197161
171.25,3,cCL,-16.65329818562202,0.0,9.875785680800824,24.306800937968546,0.00047201867993396096,0.9500119391500291,23.356316980138583,0.0009596080193434637,0.025387301065368024,0.39435309091528853,0.0,4.186805196004702e-06,4.719671311859846e-06,8.73596202073767e-09,0.3283413163193685,28520015.96556424,-16.6533324440912
171.35,3,cCL,-16.65318554382759,0.0,9.875884779162936,24.277725431463526,0.0004720611606494618,0.9488176857595938,23.328435684543283,0.0009584017027874685,0.025356995309286177,0.3943846029879263,0.0,4.187310264594511e-06,4.720240661906539e-06,8.736078553224382e-09,0.32827163710636453,28513805.23226314,-16.653219772938126
171.45,3,cCL,-16.653073216362884,0.0,9.875985544906149,24.2479091921696,0.0004721045902721377,0.9475979934946969,23.299839094084632,0.0009571696903986837,0.025325912058787644,0.3944169182508137,0.0,4.1878281371530324e-06,4.7208244455179634e-06,8.736196572505856e-09,0.32820017329928475,28507437.33633792,-16.653107418275088
171.54999999999998,3,cCL,-16.652961206562964,0.0,9.876087977313317,24.21735219776098,0.00047214896871483614,0.9463528614262345,23.27052718736603,0.0009559119812386208,0.025294051290615252,0.39445003672814616,0.0,4.18835881556776e-06,4.721422664821838e-06,8.736316077459525e-09,0.3281269248446488,28500912.27301707,-16.652995379815483
171.65,3,cCL,-16.652849509178395,0.0,9.876192075652298,24.186054425117952,0.0004721942962552239,0.9450822886001463,23.24049994222155,0.0009546285743435821,0.025261412980675597,0.39448395844498085,0.0,4.188902302024058e-06,4.7220353222816654e-06,8.736437070117847e-09,0.3280518916870583,28494230.037361063,-16.65288365737892
171.75,3,cCL,-16.652738127531165,0.0,9.876297839175967,24.1540158503293,0.00047224057280892406,0.9437862740393036,23.20975733571719,0.0009533194687265693,0.025227997104040424,0.394518683427233,0.0,4.189458598514884e-06,4.722662420144051e-06,8.736559549366883e-09,0.327975073769201,28487390.624263395,-16.652772250612774
171.85,3,cCL,-16.652627064766193,0.0,9.876405267122232,24.12123644869077,0.00047228779829944223,0.9424648167422836,23.178299344150187,0.000951984663376044,0.025193803634945854,0.39455421170167815,0.0,4.190027707090757e-06,4.723303960720491e-06,8.73668351415963e-09,0.32789647103184844,28480394.028449897,-16.652661159341925
171.95,3,cCL,-16.65251631136266,0.0,9.876514358714054,24.087716194705976,0.00047233597318752096,0.9411179156833371,23.14612594304945,0.0009506241572558961,0.02515883254679288,0.3945905432959512,0.0,4.190609630216812e-06,4.723959946789861e-06,8.736808968103262e-09,0.32781608341385715,28473240.244478885,-16.652550383342856
172.04999999999998,3,cCL,-16.65240587297245,0.0,9.876625113159463,24.05345506208611,0.00047238509729297107,0.9397455698132617,23.113237107175554,0.000949237949306325,0.02512308381214734,0.39462767823854633,0.0,4.1912043699769965e-06,4.724630380701342e-06,8.736935909233774e-09,0.3277339108521688,28465929.26674143,-16.652439922373933
172.14999999999998,3,cCL,-16.65229575006026,0.0,9.876737529651576,24.018453023750407,0.00047243517065553853,0.9383477780590412,23.07963281052071,0.000947826038443476,0.025086557402739903,0.39466561655881666,0.0,4.191811928656049e-06,4.725315265030455e-06,8.737064337494353e-09,0.3276499532818103,28458461.089461286,-16.652329776226342
172.24999999999997,3,cCL,-16.652185942749213,0.0,9.876851607368616,23.982710051825197,0.00047248619333040143,0.9369245393233506,23.045313026308516,0.00094638842355894,0.025049253289465778,0.3947043582869753,0.0,4.19243230860101e-06,4.726014602422958e-06,8.737194252955578e-09,0.32756421063589247,28450835.706694566,-16.652219944679604
172.35,3,cCL,-16.652076445286013,0.0,9.876967345473926,23.946226117646095,0.000472538165622427,0.9354758524850536,23.01027772699542,0.0009449251035202562,0.025011171442386324,0.39474390345409344,0.0,4.193065512379538e-06,4.726728395773297e-06,8.737325657848539e-09,0.3274766828456144,28443053.112330288,-16.652110427511566
172.45,3,cCL,-16.651967262994106,0.0,9.877084743115992,23.909001191755728,0.0004725910873685235,0.9340017163992808,22.97452688426908,0.0009434360771709907,0.02497231183072726,0.3947842520921018,0.0,4.193711542294996e-06,4.727456647677996e-06,8.737458550337422e-09,0.32738736984025896,28435113.300090075,-16.65200122455425
172.54999999999998,3,cCL,-16.651858393498742,0.0,9.877203799428464,23.871035243905293,0.00047264495873211576,0.932502129897406,22.938060469049155,0.0009419213433307131,0.024932674422879518,0.3948254042337898,0.0,4.194370400923469e-06,4.728199361041001e-06,8.737592931416088e-09,0.3272962715471953,28427016.26352828,-16.65189233559749
172.65,3,cCL,-16.651749840114974,0.0,9.877324513530171,23.832328243054803,0.0004726997796371535,0.9309770917868097,22.900878451488357,0.0009403809007947572,0.024892259186400388,0.3948673599128049,0.0,4.195042090730741e-06,4.728956538641926e-06,8.737728799990239e-09,0.3272033878918809,28418761.996032123,-16.651783760503193
172.75,3,cCL,-16.65164159318556,0.0,9.877446884525144,23.792880157371716,0.00047275555055692475,0.9294266008505586,22.8629808009706,0.0009388147483338976,0.024851066088011523,0.3949101191636546,0.0,4.1957266146064185e-06,4.729728183738144e-06,8.737866159732838e-09,0.3271087187978569,28410350.490821164,-16.651675499069853
172.85,3,cCL,-16.651533665810803,0.0,9.877570911502632,23.75269095423265,0.00047281227100259837,0.9278506558491807,22.824367486112468,0.0009372228846961421,0.02480909509360051,0.39495368202170333,0.0,4.196423974841212e-06,4.730514298911912e-06,8.738005005958721e-09,0.3270122641867528,28401781.74094836,-16.651567551054484
172.95,3,cCL,-16.651426048036228,0.0,9.877696593537127,23.71176060022268,0.0004728699414622284,0.9262492555179369,22.78503847476328,0.0009356053086039766,0.024766346168220956,0.3949980485231751,0.0,4.197134174438301e-06,4.731314887548629e-06,8.738145342453919e-09,0.32691402397828495,28393055.739298936,-16.65145991642278
173.05,3,cCL,-16.651318741309012,0.0,9.877823929688384,23.670089061135602,0.000472928561941921,0.924622398569236,22.744993734004424,0.000933962018756804,0.024722819276091764,0.39504321870515147,0.0,4.197857216126999e-06,4.732129952724981e-06,8.738287168817907e-09,0.3268139980902566,28384172.478591237,-16.651352594953696
173.14999999999998,3,cCL,-16.651211748961714,0.0,9.877952919001437,23.62767630197408,0.0004729881323687346,0.9229700836915032,22.70423323015021,0.0009322930138298013,0.02467851438059805,0.3950891926055722,0.0,4.198593102635093e-06,4.732959497515923e-06,8.738430483959423e-09,0.32671218643855876,28375131.951376457,-16.651245586474
173.24999999999997,3,cCL,-16.65110506783452,0.0,9.87808356050663,23.5845222869497,0.00047304865294584,0.921292309549216,22.662756928747537,0.0009305982924739556,0.024633431444290803,0.39513597026323527,0.0,4.199341836928819e-06,4.733803525265215e-06,8.738575289174204e-09,0.32660858893717015,28365934.15003859,-16.651138890868054
173.35,3,cCL,-16.65099869943606,0.0,9.878215853219631,23.540626979482855,0.00047311012367934335,0.919589074783402,22.620564794575774,0.0009288778533165677,0.02458757042888671,0.39518355171779673,0.0,4.200103421893201e-06,4.734662039225063e-06,8.738721584044815e-09,0.32650320549815665,28356579.06679457,-16.651032508056325
173.45,3,cCL,-16.650892641405733,0.0,9.878349796141455,23.495990342203353,0.00047317254473999704,0.9178603780110037,22.57765679164761,0.0009271316949606099,0.02454093129526914,0.3952319370097703,0.0,4.200877860576618e-06,4.735535042831824e-06,8.738869369577236e-09,0.32639603603167316,28347066.693694215,-16.650926437821834
173.54999999999998,3,cCL,-16.650786897868045,0.0,9.87848538825849,23.4506123369501,0.00047323591602488335,0.9161062178257007,22.534032883208376,0.0009253598159855562,0.024493514003487364,0.3952811261805271,0.0,4.201665155894091e-06,4.73642253937152e-06,8.739018644396783e-09,0.32628708044596244,28337397.022620443,-16.650820680097837
173.65,3,cCL,-16.65068146162298,0.0,9.878622628542518,23.404492924771645,0.0004733002379119222,0.9143265927969949,22.48969303173674,0.0009235622149464595,0.024445318512757323,0.39533111927229625,0.0,4.2024653111377395e-06,4.73732453255527e-06,8.73916941129123e-09,0.3261763386473564,28327570.04528899,-16.650715234764455
173.75,3,cCL,-16.650576341453302,0.0,9.878761515950737,23.357632065925717,0.0004733655101022416,0.9125215014714824,22.444637198944132,0.0009217388903752348,0.024396344781461014,0.3953819163281638,0.0,4.2032783291939796e-06,4.73824102563685e-06,8.73932166717822e-09,0.3260638105402753,28317585.75324887,-16.650610101686254
173.85,3,cCL,-16.650471528888488,0.0,9.878902049425786,23.31002971987932,0.00047343173302916153,0.9106909423710318,22.39886534577526,0.00091988984077882,0.024346592767147023,0.39543351739207416,0.0,4.20410421349641e-06,4.7391720224868625e-06,8.739475415316201e-09,0.3259494960272278,28307444.137881685,-16.650505280809845
173.95,3,cCL,-16.650367031703468,0.0,9.87904422789577,23.261685845309795,0.000473498906438663,0.9088349139949076,22.35237743240845,0.0009180150646413207,0.024296062426530922,0.39548592250882775,0.0,4.204942967065222e-06,4.7401175265098876e-06,8.739630652996784e-09,0.32583339500881336,28297145.190402586,-16.6504007719915
174.05,3,cCL,-16.650262840588198,0.0,9.87918805027428,23.21260040010391,0.0004735670308012585,0.906953414817875,22.305173418255233,0.0009161145604220959,0.024244753715494817,0.39553913172408306,0.0,4.205794593463173e-06,4.741077541722123e-06,8.739787383790788e-09,0.32571550738372,28286688.90185942,-16.65029657523504
174.14999999999998,3,cCL,-16.650158966512095,0.0,9.87933351546042,23.16277334135838,0.00047363610572903614,0.9050464432920243,22.257253261960628,0.0009141883265576003,0.024192666589087638,0.3955931450843548,0.0,4.206659095723671e-06,4.742052071543047e-06,8.739945603819808e-09,0.3255958330487259,28276075.263133533,-16.650174484478217
174.24999999999997,3,cCL,-16.65005539785699,0.0,9.87948062233883,23.112204625379615,0.0004737061317924285,0.9031139978447592,22.208616921403063,0.0009122363614593528,0.024139801001525067,0.39564796263701557,0.0,4.2075364775807665e-06,4.743041120181956e-06,8.740105317506607e-09,0.3254743718986984,28265304.264938913,-16.650120983984216
174.35,3,cCL,-16.649952143417693,0.0,9.87962936977972,23.060894207684566,0.00047377710869722645,0.901156076881113,22.159264353694756,0.0009102586635162757,0.02408615690618995,0.3957035844302938,0.0,4.208426742235139e-06,4.744044691246884e-06,8.740266521775495e-09,0.3253511238265957,28254375.897823222,-16.65006757289142
174.45,3,cCL,-16.64984920066098,0.0,9.879779756638879,23.00884204300071,0.0004738490366305026,0.899172678781728,22.10919551518235,0.0009082552310926545,0.02403173425563299,0.39576001051327436,0.0,4.209329893265046e-06,4.745062788771507e-06,8.740429217714971e-09,0.3252260887234681,28243290.152167127,-16.65001425014403
174.54999999999998,3,cCL,-16.64974656650304,0.0,9.879931781757715,22.95604808526484,0.0004739219158035324,0.8971638019038847,22.05841036144515,0.0009062260625291764,0.023976533001570818,0.39581724093590004,0.0,4.210245934317115e-06,4.746095416866566e-06,8.740593406617774e-09,0.32509926647845316,28232047.018184315,-16.649961014798954
174.64999999999998,3,cCL,-16.649644244430476,0.0,9.880085443963276,22.90251228762529,0.0004739957461497024,0.8951294445816365,22.006908847297503,0.0009041711561430672,0.02392055309488859,0.39587527574896836,0.0,4.211174868901711e-06,4.747142579489202e-06,8.740759087364237e-09,0.32497065697878275,28220646.48592208,-16.649907865708222
174.75,3,cCL,-16.64954223310258,0.0,9.880240742068272,22.848234602440336,0.0004740705278080126,0.893069605125259,21.95469092678727,0.0009020905102275344,0.023863794485638336,0.3959341150041341,0.0,4.212116700720315e-06,4.748204280811992e-06,8.740926260610412e-09,0.32484026010977823,28209088.545260742,-16.64985480161151
174.85,3,cCL,-16.649440532003325,0.0,9.880397674871112,22.79321498127914,0.00047414626088371215,0.8909842818217701,21.901756553196485,0.0008999841230522931,0.02380625712303966,0.3959937587539081,0.0,4.213071433503194e-06,4.749280525039964e-06,8.741094926711173e-09,0.3247080757548526,28197373.18591404,-16.64980182113111
174.95,3,cCL,-16.6493391421032,0.0,9.880556241155919,22.737453374921785,0.00047422294541932253,0.8888734729345538,21.84810567904181,0.0008978519928631856,0.02374794095548023,0.3960542070516566,0.0,4.21403907099034e-06,4.750371316389111e-06,8.741265085477078e-09,0.32457410379551155,28185500.397429027,-16.649748922894947
175.05,3,cCL,-16.649238063726102,0.0,9.880716439692568,22.680949733358972,0.00047430058148600907,0.886737176703766,21.79373825607372,0.0008956941178825919,0.02368884593051491,0.3961154599516025,0.0,4.215019616992777e-06,4.751476659155495e-06,8.74143673695811e-09,0.3244383441113515,28173470.169186108,-16.649696105273538
175.15,3,cCL,-16.64913729461972,0.0,9.880878269236707,22.623704005792234,0.0004743791692651822,0.8845753913459726,21.738654235276996,0.0008935104963090632,0.0236289719948663,0.3961775175088247,0.0,4.21601307544808e-06,4.752596557777836e-06,8.741609882152931e-09,0.32430079658006045,28161282.490398966,-16.64964336653634
175.25,3,cCL,-16.649036837139647,0.0,9.881041728529787,22.56571614063413,0.00047445870874296414,0.8823881150545013,21.682853566870886,0.000891301126317678,0.023568319094424875,0.39624037977925747,0.0,4.217019450213753e-06,4.753731016604594e-06,8.741784520368685e-09,0.3241614610774191,28148937.350114748,-16.649590704696873
175.35,3,cCL,-16.648936689777315,0.0,9.881206816299088,22.50698608550846,0.00047453920007145545,0.8801753459991722,21.626336200309215,0.00088906600605977,0.023506887174249147,0.3963040468196911,0.0,4.218038745310893e-06,4.754880040168642e-06,8.741960652334475e-09,0.3240203374773004,28136434.73721398,-16.649538117812547
175.45,3,cCL,-16.648836855066293,0.0,9.881373531257752,22.44751378725062,0.0004746206432307831,0.8779370823266682,21.569102084280722,0.0008868051336633012,0.023444676178566003,0.39636851868777073,0.0,4.21907096469672e-06,4.756043632930849e-06,8.742138277295761e-09,0.32387742565167105,28123774.640410796,-16.649485603391543
175.54999999999998,3,cCL,-16.648737328175287,0.0,9.881541872104812,22.387299191907488,0.00047470303851548934,0.8756733221600412,21.51115116670893,0.0008845185072323649,0.023381686050770577,0.3964337954419971,0.0,4.220116112592881e-06,4.757221799650157e-06,8.742317397206605e-09,0.3237327254705905,28110957.048252683,-16.649433158941687
175.64999999999998,3,cCL,-16.648638114842527,0.0,9.881711837525211,22.326342244737507,0.00047478638577191923,0.873384063599475,21.45248339475226,0.0008822061248479545,0.02331791673342637,0.3964998771417257,0.0,4.221174192969194e-06,4.7584145448016365e-06,8.742498010138423e-09,0.32358623680221205,28097981.949120846,-16.649380781653704
175.75,3,cCL,-16.64853921041083,0.0,9.881883426189846,22.2646428902108,0.0004748706852888418,0.8710693047214546,21.393098714804058,0.0008798679845671259,0.02325336816826528,0.3965667638471676,0.0,4.222245210147214e-06,4.759621873256859e-06,8.74268011798506e-09,0.3234379595127822,28084849.33122986,-16.649328468302045
175.85,3,cCL,-16.648440618621976,0.0,9.882056636755589,22.202201072009544,0.0004749559369987555,0.8687290435795372,21.332997072493008,0.0008775040844237749,0.023188040296188053,0.3966344556193882,0.0,4.223329168259047e-06,4.760843789673835e-06,8.742863719555407e-09,0.32328789346664205,28071559.182628065,-16.64927621537462
175.95,3,cCL,-16.648342335909774,0.0,9.882231467865319,22.139016733027525,0.0004750421411461314,0.8663632782038182,21.27217841268256,0.0008751144224280992,0.023121933057263653,0.39670295252030824,0.0,4.224426071699754e-06,4.762080299006996e-06,8.743048816346153e-09,0.32313603852622585,28058111.491197232,-16.64922401888791
176.04999999999998,3,cCL,-16.648244366352685,0.0,9.882407918147951,22.075089815371093,0.0004751292976509225,0.8639720066012521,21.21064267947219,0.0008726989965669213,0.02305504639073064,0.39677225461270244,0.0,4.225535924696535e-06,4.763331406021547e-06,8.743235407046121e-09,0.32298239455206407,28044506.244652975,-16.64917187443423
176.15,3,cCL,-16.648146706082684,0.0,9.88258598621847,22.010420260358906,0.0004752174067718107,0.8615552267556957,21.14838981619644,0.000870257804803733,0.02298738023499613,0.3968423619602002,0.0,4.226658731758039e-06,4.764597115799971e-06,8.743423493266727e-09,0.3228269614027811,28030743.43054454,-16.649119776904104
176.25,3,cCL,-16.648049357690127,0.0,9.882765670677959,21.94500800852152,0.00047530646849414104,0.8591129366278032,21.085419765425222,0.000867790845078589,0.02291893452763611,0.3969132746272853,0.0,4.22779449725917e-06,4.765877433273974e-06,8.74361307424747e-09,0.3226697389350962,28016823.036254857,-16.64906772074681
176.35,3,cCL,-16.647952320925015,0.0,9.88294697011363,21.878852999601975,0.00047539648292438397,0.8566451341550608,21.02173246896399,0.0008652981153081423,0.02284970920539564,0.3969849926792962,0.0,4.228943225709128e-06,4.767172363526653e-06,8.74380415027368e-09,0.3225107270038234,28002745.049000543,-16.64901569934314
176.45,3,cCL,-16.647855594091936,0.0,9.883129883098862,21.81195517255552,0.00047548745023184846,0.8541518172517036,20.957327867853586,0.0008627796133855592,0.02277970420418868,0.3970575161824258,0.0,4.2301049217112586e-06,4.768481911747237e-06,8.743996722163912e-09,0.3223499254618716,27988509.45583189,-16.648963705430806
176.54999999999998,3,cCL,-16.6477591817835,0.0,9.883314408193222,21.744314465551053,0.0004755793703183908,0.8516329838093759,20.89220590237136,0.0008602353371811878,0.0227089194590993,0.3971308452037195,0.0,4.231279589739827e-06,4.7698060829794414e-06,8.744190788427146e-09,0.32218733416024736,27974116.243633337,-16.64891173038367
176.64999999999998,3,cCL,-16.64673457796505,0.0,9.88350054394158,21.675930815969487,0.0004757118010051409,0.8490885921383476,20.826366512030134,0.0008576652445841896,0.02263735490438058,0.39720497985103526,0.0,4.2324940468726755e-06,4.771175107383744e-06,8.744727675732725e-09,0.32202295292502586,27959565.38258532,-16.64885976460657
176.75,4,cGDL,-16.667361753103194,0.0,9.883628393614922,16.107916199008784,0.0009354790396234325,0.6344652358541214,15.47251548411504,0.0006408739756102236,0.01681795161316852,0.7825411744112213,0.0,1.1702374843943683e-05,1.3191768005900152e-05,3.1188837654907346e-08,0.3386514960866854,13628196.257605221,-16.643333226304865
176.85,4,cGDL,-16.643603616036728,0.0,9.883696314044066,16.088810225850093,0.0009374966266734175,0.6337433645178737,15.454129364705546,0.0006401448126443169,0.016797966700766897,0.7825618884865888,0.0,1.1704736631969515e-05,1.3194430385129271e-05,3.122009271934451e-08,0.33860558485802544,13624128.088484095,-16.643248929817727
176.95,4,cGDL,-16.643499639916683,0.0,9.88376422562718,16.069710870403764,0.0009375301610049513,0.6330236592316577,15.435749681011101,0.0006394178376077351,0.016777988783707717,0.7825825933786846,0.0,1.1705209461332353e-05,1.3194963392774652e-05,3.1220314146161813e-08,0.33855969081348164,13620062.143253446,-16.64316709452512
177.04999999999998,4,cGDL,-16.643395822752325,0.0,9.883832134468216,16.05061812479744,0.000937563673935049,0.6323041356926029,15.417376425430904,0.0006386910461541444,0.016758017853729244,0.7826032911001167,0.0,1.170568212392608e-05,1.3195496212425761e-05,3.1220535344145926e-08,0.33851381277920556,13615997.590798687,-16.64308747161737
177.15,4,cGDL,-16.643292194555215,0.0,9.883900040568378,16.03153198116111,0.000937597162952053,0.6315847936316569,15.3990095903665,0.0006379644380117746,0.016738053902572284,0.7826239816594159,0.0,1.1706154617536921e-05,1.3196028841587075e-05,3.1220756273938436e-08,0.3384679507362405,13611934.429450795,-16.643009845921185
177.25,4,cGDL,-16.643188730479892,0.0,9.883967943928873,16.012452431627203,0.000937630630150843,0.6308656327747965,15.380649168222256,0.0006372380129038348,0.016718096921980712,0.7826446650651155,0.0,1.1706626944332096e-05,1.3196561282701637e-05,3.122097696817417e-08,0.3384221046656336,13607872.657539265,-16.642934029578907
177.35,4,cGDL,-16.6430854371186,0.0,9.88403584455091,15.993379468331364,0.0009376640749860776,0.6301466528508448,15.362295151405533,0.0006365117705564089,0.016698146903701666,0.782665341325742,0.0,1.1707099103968043e-05,1.319709353538216e-05,3.1221197418229696e-08,0.3383762745484416,13603812.27339537,-16.642859858396996
177.45000000000002,4,cGDL,-16.642982324002446,0.0,9.88410374243569,15.97431308341189,0.0009376974966661678,0.6294278535885853,15.343947532326638,0.0006357857106955408,0.016678203839485477,0.782686010449819,0.0,1.1707571095866334e-05,1.3197625598976593e-05,3.122141761162458e-08,0.3383304603657279,13599753.275350984,-16.642787188073196
177.55,4,cGDL,-16.64287937577859,0.0,9.884171637584418,15.955253269009313,0.0009377308964886311,0.6287092347145808,15.325606303398244,0.0006350598330450312,0.016658267721085047,0.78270667244587,0.0,1.1708042921436081e-05,1.31981574750734e-05,3.122163756853605e-08,0.3382846620985608,13595695.66173754,-16.642715891297716
177.64999999999998,4,cGDL,-16.642776608477277,0.0,9.884239529998291,15.936200017267756,0.0009377642731157598,0.6279907959580525,15.307271457036588,0.0006343341373313662,0.01663833854025716,0.7827273273224115,0.0,1.1708514579579555e-05,1.3198689162435133e-05,3.122185726795404e-08,0.33823887972801897,13591639.430888306,-16.64264585545806
177.74999999999997,4,cGDL,-16.642674008632184,0.0,9.884307419678516,15.917153320333549,0.0009377976276869759,0.6272725370455152,15.288942985660347,0.0006336086232782982,0.016618416288761248,0.7827479750879605,0.0,1.1708986071555152e-05,1.3199220662480354e-05,3.1222076727580157e-08,0.3381931132351854,13587584.581135917,-16.64257698000602
177.85,4,cGDL,-16.642571579126127,0.0,9.884375306626286,15.898113170355796,0.0009378309599685775,0.6265544577048889,15.270620881690938,0.0006328832906109989,0.016598500958359717,0.7827686157510294,0.0,1.1709457397315265e-05,1.319975197515539e-05,3.122229594365916e-08,0.3381473626011508,13583531.110814163,-16.642509175916057
177.95,4,cGDL,-16.642469330478946,0.0,9.8844431908428,15.879079559486504,0.0009378642690857086,0.6258365576644612,15.252305137552957,0.0006321581390550114,0.01657859254081843,0.7827892493201266,0.0,1.1709928556202043e-05,1.3200283099718666e-05,3.122251490241271e-08,0.33810162780701375,13579479.018257635,-16.642442362910618
178.04999999999998,4,cGDL,-16.642367246958713,0.0,9.884511072329255,15.860052479880384,0.0009378975563678615,0.6251188366503437,15.233995745673672,0.0006314331683336806,0.016558691027906164,0.7828098758037602,0.0,1.1710399549654858e-05,1.3200814037792749e-05,3.12227336245162e-08,0.33805590883387854,13575428.30180056,-16.64237646920808
178.15,4,cGDL,-16.642265344483917,0.0,9.884578951086844,15.84103192369474,0.0009379308204864323,0.6244012943911676,15.215692698483085,0.0006307083781728967,0.01653879641139466,0.7828304952104325,0.0,1.1710870376584405e-05,1.3201344788149694e-05,3.122295208910572e-08,0.33801020566285733,13571378.959778786,-16.64231143041522
178.25,4,cGDL,-16.64216360440497,0.0,9.884646827116761,15.82201788308986,0.0009379640630167163,0.6236839306125199,15.197395988414323,0.0006299837682954746,0.016518908683059046,0.7828511075486455,0.0,1.1711341038663168e-05,1.3201875352674842e-05,3.122317032068628e-08,0.33796451827506846,13567330.990527518,-16.642247188160855
178.35,4,cGDL,-16.64206205091955,0.0,9.884714700420195,15.80301035022872,0.0009379972819342219,0.6229667450435695,15.179105607903216,0.000629259338427848,0.01649902783467741,0.7828717128268948,0.0,1.1711811534140109e-05,1.3202405729394302e-05,3.1223388287527676e-08,0.33791884665163896,13563284.392384024,-16.642183689563314
178.45,4,cGDL,-16.641960657192328,0.0,9.884782570998341,15.784009317277109,0.0009380304795016947,0.6222497374089762,15.160821549388631,0.0006285350882918951,0.01647915385803112,0.7828923110536771,0.0,1.171228186534177e-05,1.3202935920930723e-05,3.122360602487862e-08,0.33787319077370065,13559239.163684295,-16.642120886792025
178.55,4,cGDL,-16.641899177171922,0.0,9.884850438852384,15.765014776403458,0.0009380603159776513,0.6215329107754339,15.142543805312046,0.0006278110209852868,0.0164592867449044,0.7829129022341104,0.0,1.1712748855675655e-05,1.3203462346398011e-05,3.1223771356396457e-08,0.3378275506243375,13555195.304162038,-16.64205873661194
178.64999999999998,4,cGDL,-16.641719820613787,0.0,9.884918304549076,15.754026190772715,0.0009380896295645424,0.6208202145280197,15.13226788661513,0.0006270911257858785,0.016448117268059923,0.7829247916061542,0.0,1.1713029995204096e-05,1.320377926732098e-05,3.1224090911460164e-08,0.337801711038266,13552792.339687845,-16.641997199205033
178.74999999999997,4,cGDL,-16.641658920063037,0.0,9.884986168086705,15.735004113755709,0.0009381194540974969,0.6201037228217497,15.113962271479862,0.0006263673967896462,0.016428219860304197,0.7829454127429062,0.0,1.1713497622139925e-05,1.3204306410412279e-05,3.1224255444933425e-08,0.3377560021251385,13548742.910818506,-16.64193623828719
178.85,4,cGDL,-16.641557670990892,0.0,9.885054028897994,15.715988516334132,0.0009381526605164447,0.6193874045559532,15.095662959117663,0.0006256438429858113,0.016408329303388765,0.7829660268536255,0.0,1.1713968322422348e-05,1.3204837018003374e-05,3.122447291578234e-08,0.3377103089073237,13544694.845576314,-16.64187582104995
178.95,4,cGDL,-16.641457484712816,0.0,9.88512188697632,15.696868917039744,0.0009381859136202708,0.618671208201416,15.077259522924708,0.0006249204123246626,0.016388325568396422,0.782986754019279,0.0,1.1714441481657692e-05,1.3205370397505036e-05,3.122468897850929e-08,0.3376643581367348,13540625.501606863,-16.641815916870524
179.04999999999998,4,cGDL,-16.641357305899305,0.0,9.885189742312175,15.677714971625933,0.0009382192113588372,0.6179551679013243,15.05882158451325,0.000624197139294267,0.016368284330992664,0.7830075185297131,0.0,1.1714915485188656e-05,1.3205904728758121e-05,3.122490501418866e-08,0.3376183220914104,13536549.155122343,-16.64175649811752
179.14999999999998,4,cGDL,-16.641257100691632,0.0,9.885257594903855,15.658567411340032,0.0009382525035304123,0.6172393035612596,15.040389855275242,0.0006234740440012723,0.016348249842690482,0.7830282761133083,0.0,1.1715389342192125e-05,1.320643889483476e-05,3.122512106490952e-08,0.3375723015112807,13532474.154144479,-16.641697538991274
179.25,4,cGDL,-16.64115707936537,0.0,9.885325444752535,15.639426228092052,0.0009382857724762328,0.6165236149249627,15.021964327394613,0.000622751126186831,0.016328222094994144,0.783049026778819,0.0,1.1715863036050928e-05,1.3206972877002864e-05,3.122533685471114e-08,0.3375262963768579,13528400.496965015,-16.641639016087975
179.35,4,cGDL,-16.641057221152153,0.0,9.885393291859389,15.62029141379395,0.0009383190199497848,0.615808101716638,15.003544993057362,0.0006220283855723616,0.016308201079410178,0.7830697705350175,0.0,1.17163365686137e-05,1.3207506677346352e-05,3.122555241088104e-08,0.3374803066686479,13524328.181867968,-16.641075400510893
179.45,4,cGDL,-16.640957541624743,0.0,9.885461136225585,15.601162960360307,0.0009383522446517745,0.6150927636633545,14.985131844452301,0.0006213058218821763,0.016288186787448155,0.7830905073906698,0.0,1.1716809938824231e-05,1.320804029467459e-05,3.122576771300799e-08,0.3374343323671655,13520257.207139112,-16.640975761597506
179.55,4,cGDL,-16.640858030200434,0.0,9.885528977852298,15.58204085970797,0.000938385447479928,0.614377600490064,14.966724873770426,0.0006205834348384484,0.01626817921062003,0.7831112373545416,0.0,1.1717283147716985e-05,1.3208573730153692e-05,3.122598277501068e-08,0.33738837345292955,13516187.571063798,-16.64087629570355
179.65,4,cGDL,-16.640758700731737,0.0,9.88559681674069,15.562925103756218,0.0009384186272790584,0.6136626119235081,14.94832407320543,0.0006198612241651597,0.016248178340440685,0.7831319604353942,0.0,1.171775619437306e-05,1.320910698274781e-05,3.1226197578735504e-08,0.33734242990646635,13512119.271928668,-16.640777003127987
179.75,4,cGDL,-16.64065953931066,0.0,9.885664652891936,15.54381568442788,0.0009384517852266683,0.6129477976880855,14.929929434954568,0.0006191391895839247,0.016228184168428878,0.7831526766419873,0.0,1.171822908009268e-05,1.3209640053922657e-05,3.122641214246601e-08,0.3372965017083101,13508052.308020119,-16.640677883547596
179.85,4,cGDL,-16.64056055175763,0.0,9.885732486307198,15.524712593647832,0.000938484920842364,0.6122331575098027,14.911540951217187,0.0006184173308179825,0.01620819668610564,0.7831733859830764,0.0,1.1718701804598915e-05,1.321017294336605e-05,3.1226626458591e-08,0.33725058883900083,13503986.677625645,-16.640578937113943
179.95,4,cGDL,-16.640461737711632,0.0,9.885800316987641,15.505615823343597,0.0009385180341653365,0.6115186911138856,14.893158614195546,0.0006176956475897834,0.01618821588499516,0.7831940884674151,0.0,1.1719174368108938e-05,1.3210705651322804e-05,3.1226840527613005e-08,0.3372046912790853,13499922.37903301,-16.640480164013002
180.04999999999998,4,cGDL,-16.64036309770688,0.0,9.88586814493443,15.486525365444873,0.0009385511251595036,0.6108043982257562,14.874782416093957,0.0006169741396219759,0.016168241756623868,0.7832147841037541,0.0,1.171964677076831e-05,1.3211238177957003e-05,3.1227054348859284e-08,0.3371588090091157,13495859.410530493,-16.640381564142007
180.14999999999998,4,cGDL,-16.640264636909876,0.0,9.885935970148724,15.467441211884001,0.0009385841933990946,0.610090278570917,14.856412349119685,0.0006162528066372899,0.016148274292521397,0.7832354729008414,0.0,1.1720119012352134e-05,1.3211770523015134e-05,3.122726791557699e-08,0.33711294200965125,13491797.770406988,-16.640283137587584
180.25,4,cGDL,-16.640166339184475,0.0,9.886003792631683,15.448363354595148,0.0009386172402493509,0.6093763318730797,14.83804840548182,0.0006155316483566461,0.016128313484219368,0.7832561548674241,0.0,1.1720591094338851e-05,1.3212302688163796e-05,3.1227481248974856e-08,0.33706709026125503,13487737.456951033,-16.640184884340776
180.35,4,cGDL,-16.640068228677478,0.0,9.88607161238447,15.429291785515815,0.0009386502636894445,0.6086625578593721,14.819690577392754,0.0006148106645044163,0.016108359323252993,0.7832768300122427,0.0,1.1721063014985743e-05,1.3212834671438477e-05,3.122769431738643e-08,0.33702125374449987,13483678.46845327,-16.640086804551714
180.45,4,cGDL,-16.639970281709225,0.0,9.88613942940824,15.410226496584752,0.000938683265718554,0.60794895625252,14.801338857066513,0.0006140898548005252,0.016088411801159254,0.7832974983440403,0.0,1.1721534776374452e-05,1.3213366475185748e-05,3.1227907151922374e-08,0.33697543243996037,13479620.803202825,-16.639988911995143
180.55,4,cGDL,-16.639872508511814,0.0,9.886207243704149,15.391167479743853,0.0009387162454852493,0.6072355267782155,14.782993236720152,0.0006133692189678944,0.016068470909478428,0.7833181598715537,0.0,1.1722006377874824e-05,1.3213898098695256e-05,3.122811973918062e-08,0.3369296263282202,13475564.459490689,-16.639891184085542
180.65,4,cGDL,-16.639774917493583,0.0,9.886275055273352,15.372114726937271,0.0009387492022912003,0.6065222691619956,14.764653708572984,0.0006126487567292884,0.016048536639753242,0.7833388146035175,0.0,1.1722477819002393e-05,1.3214429541420878e-05,3.122833206815284e-08,0.3368838353898686,13471509.435608255,-16.63979362581396
180.75,4,cGDL,-16.639677497986327,0.0,9.886342864117003,15.353068230111067,0.0009387821370424598,0.605809183127365,14.74632026484666,0.0006119284678054192,0.016028608983528977,0.7833594625486656,0.0,1.1722949100798283e-05,1.3214960804536247e-05,3.122854415287099e-08,0.33683805960549945,13467455.729846543,-16.63969624163472
180.84999999999997,4,cGDL,-16.639580247064146,0.0,9.886410670236254,15.334027981214312,0.0009388150499934911,0.6050962683986415,14.727992897765677,0.0006112083519178197,0.016008687932353997,0.7833801037157282,0.0,1.1723420223684454e-05,1.321549188851702e-05,3.122875599720445e-08,0.336792298955714,13463403.34049749,-16.639599031849055
180.95,4,cGDL,-16.63948317039791,0.0,9.886478473632256,15.314993972197922,0.0009388479406764461,0.6043835247008227,14.709671599556422,0.0006104884087887098,0.01598877347777872,0.7834007381134326,0.0,1.1723891187395238e-05,1.3216022793063723e-05,3.122896759373818e-08,0.3367465534211187,13459352.265853714,-16.639501996076696
181.04999999999998,4,cGDL,-16.63938627886813,0.0,9.886546274306157,15.295966195015211,0.0009388808081850497,0.6036709517589963,14.69135636244803,0.0006097686381404003,0.015968865611356554,0.783421365750503,0.0,1.1724361991248146e-05,1.3216553517407002e-05,3.122917892821855e-08,0.3367008229823268,13455302.504208427,-16.63940513500264
181.14999999999998,4,cGDL,-16.639289553301182,0.0,9.886614072259105,15.276944641622341,0.0009389136541403387,0.6029585492958917,14.67304717867231,0.0006090490396928198,0.015948964324643815,0.7834419866356634,0.0,1.1724832636964593e-05,1.321708406348736e-05,3.122939002584249e-08,0.3366551076199569,13451254.053854406,-16.639307669008144
181.25,4,cGDL,-16.63919299698432,0.0,9.886681867492248,15.257929303977006,0.0009389464782745272,0.6022463170357875,14.654744040462944,0.0006083296131674621,0.01592906960919885,0.7834626007776337,0.0,1.172530312446944e-05,1.3217614431220096e-05,3.122960088232389e-08,0.3366094073146328,13447206.913085457,-16.639211913002455
181.35,4,cGDL,-16.63909662813694,0.0,9.88674966000673,15.23892017403988,0.0009389792790645002,0.6015342547043759,14.63644694005644,0.0006076103582872485,0.015909181456583085,0.7834832081851297,0.0,1.1725773452492891e-05,1.3218144619173803e-05,3.1229811473775456e-08,0.3365637220469866,13443161.080196556,-16.63911554786621
181.45,4,cGDL,-16.639000420437412,0.0,9.886817449803694,15.2199172437738,0.0009390120587321471,0.6008223620233556,14.618155869691712,0.0006068912747710663,0.015889299858360555,0.7835038088668684,0.0,1.1726243623328263e-05,1.321867462993368e-05,3.123002183477759e-08,0.33651805179765365,13439116.553481502,-16.639019368026855
181.54999999999998,4,cGDL,-16.638904397973363,0.0,9.886885236884282,15.200920505143696,0.0009390448152609698,0.6001106387186136,14.599870821609821,0.000606172362342034,0.015869424806097633,0.7835244028315603,0.0,1.1726713635236157e-05,1.321920446153894e-05,3.12302319337398e-08,0.33647239654727723,13435073.331236295,-16.638923356088405
181.65,4,cGDL,-16.638808541805304,0.0,9.886953021249639,15.181929950117187,0.000939077550252021,0.5993990845122916,14.581591788054643,0.0006054536207194865,0.015849556291363743,0.7835449900879168,0.0,1.1727183489919354e-05,1.321973411590909e-05,3.123044179555245e-08,0.33642675627650537,13431031.411755929,-16.638827515614278
181.75,4,cGDL,-16.63871287092286,0.0,9.8870208029009,15.162945570663995,0.0009391102621173486,0.5986876991297186,14.563318761272159,0.0006047350496259785,0.015829694305730606,0.7835655706446435,0.0,1.1727653186046061e-05,1.3220263591542833e-05,3.1230651395316816e-08,0.3363811309659932,13426990.79333717,-16.63873185024266
181.85,4,cGDL,-16.638617358672036,0.0,9.887088581839205,15.143967358756084,0.0009391429531070417,0.5979764822921759,14.545051733510801,0.0006040166487799757,0.01580983884077261,0.7835861445104475,0.0,1.1728122725936376e-05,1.3220792891055549e-05,3.123086076805042e-08,0.3363355205963994,13422951.474275595,-16.638636359869754
181.95000000000002,4,cGDL,-16.63852203145393,0.0,9.887156358065688,15.124995306368126,0.0009391756210096469,0.5972654337254418,14.526790697021674,0.0006032984179044867,0.015789989888067037,0.7836067116940285,0.0,1.172859210766531e-05,1.322132201227726e-05,3.123106987912531e-08,0.33628992514839195,13418913.452869205,-16.638541044951005
182.04999999999998,4,cGDL,-16.638426879324868,0.0,9.88722413158149,15.106029405476551,0.0009392082666701551,0.5965545531520713,14.50853564405781,0.000602580356719264,0.01577014743919327,0.7836272722040876,0.0,1.1729061332215877e-05,1.3221850956316082e-05,3.12312787416234e-08,0.33624434460264185,13414876.727415057,-16.638445905220618
182.14999999999998,4,cGDL,-16.63833190139883,0.0,9.88729190238774,15.087069648060549,0.000939240890171722,0.5958438402953349,14.490286566875042,0.0006018624649447828,0.01575031148573374,0.7836478260493216,0.0,1.1729530399846315e-05,1.3222379723463119e-05,3.1231487356736644e-08,0.3361987789398274,13410841.296211068,-16.638350940876826
182.24999999999997,4,cGDL,-16.638237095955276,0.0,9.887359670485573,15.068116026101563,0.0009392734916678913,0.5951332948782712,14.472043457731624,0.000601144742301284,0.015730482019273503,0.7836683732384252,0.0,1.1729999310881626e-05,1.3222908314084742e-05,3.1231695726752585e-08,0.3361532281406327,13406807.157555563,-16.638256151854154
182.35,4,cGDL,-16.638142462363476,0.0,9.88742743587612,15.049168531582774,0.0009393060712203916,0.5944229166239607,14.453806308887593,0.0006004271885090512,0.01571065903139956,0.7836889137800914,0.0,1.1730468065559584e-05,1.3223436728448986e-05,3.123190385252811e-08,0.33610769218574627,13402774.309747247,-16.638161538202247
182.45,4,cGDL,-16.6380480089706,0.0,9.887495198560512,15.03022715649023,0.0009393386281357774,0.5937127052562394,14.435575112605855,0.0005997098032891308,0.01569084251370202,0.7837094476830089,0.0,1.1730936663399384e-05,1.3223964966013852e-05,3.1232111723134523e-08,0.33606217105586417,13398742.751085728,-16.638067100061708
182.54999999999998,4,cGDL,-16.63795373058184,0.0,9.887562958539872,15.01129189281195,0.0009393711628596924,0.5930026604975996,14.417349861151491,0.0005989925863612118,0.01567103245777336,0.7837299749558655,0.0,1.1731405105003926e-05,1.3224493027458973e-05,3.123231934542006e-08,0.3360166647316871,13394712.479870498,-16.637972837481684
182.65,4,cGDL,-16.637859621502912,0.0,9.887630715815334,14.992362732538576,0.0009394036758800794,0.5922927820704471,14.399130546792248,0.0005982755374448961,0.015651228855208966,0.7837504956073462,0.0,1.1731873391016119e-05,1.322502091350908e-05,3.123252672688897e-08,0.33597117319392233,13390683.49440156,-16.637878750396577
182.75,4,cGDL,-16.63776569289007,0.0,9.88769847038802,14.973439667662438,0.0009394361662671269,0.5915830696984348,14.380917161797736,0.0005975586562610453,0.015631431697606234,0.7837710096461327,0.0,1.173234152073013e-05,1.3225548623368509e-05,3.1232733852924746e-08,0.3359256964232824,13386655.792979818,-16.63778483884361
182.85,4,cGDL,-16.63767193939009,0.0,9.887766222259057,14.95452269017856,0.0009394686344795788,0.5908735231039585,14.362709698440122,0.000596841942529251,0.01561164097656535,0.7837915170809054,0.0,1.173280949476148e-05,1.3226076157731123e-05,3.12329407305838e-08,0.33588023440048553,13382629.37390618,-16.637691103031695
182.95,4,cGDL,-16.637579058740926,0.0,9.887833971429563,14.935611792084128,0.0009395010218211652,0.5901641420682742,14.344508148994032,0.0005961253960285597,0.015591856683689165,0.7838120179202823,0.0,1.1733277257443501e-05,1.32266034538454e-05,3.123314644391946e-08,0.3358347871062901,13378604.235506654,-16.63759754273289
183.04999999999998,4,cGDL,-16.63748520708947,0.0,9.887901717910994,14.916853479014618,0.0009395332925534738,0.5894549988771698,14.326458946844895,0.000595409089774919,0.015572237985700973,0.7838323529245241,0.0,1.1733741380705067e-05,1.3227126647340256e-05,3.123335340494184e-08,0.3357897168890364,13374610.404777015,-16.637504158253588
183.14999999999998,4,cGDL,-16.637391775107858,0.0,9.887969461718171,14.898149155014442,0.0009395654581199064,0.5887460444506802,14.308463545105642,0.0005946929741926063,0.015552677766419176,0.7838526292593883,0.0,1.1734204159467072e-05,1.322764832521743e-05,3.1233559793817006e-08,0.3357447798949217,13370627.673938414,-16.63741094953175
183.24999999999997,4,cGDL,-16.637298751342712,0.0,9.888037202855594,14.879450958037587,0.000939597581836038,0.5880372547617843,14.290474105693967,0.0005939770250119033,0.015533124027928225,0.78387289894706,0.0,1.173466676275586e-05,1.3228169805288423e-05,3.123376562840997e-08,0.3356998577487218,13366646.23334861,-16.63731791660703
183.35,4,cGDL,-16.63720590533609,0.0,9.88810494132439,14.860758880380095,0.0009396296831004625,0.5873286295133836,14.27249062118361,0.0005932612419327107,0.015513576762156098,0.7838931619959112,0.0,1.1735129209199962e-05,1.3228691108552688e-05,3.123397121129152e-08,0.33565495043188964,13362666.081362136,-16.6372250593618
183.45,4,cGDL,-16.63711322652921,0.0,9.888172677125677,14.842072914340376,0.0009396617628102399,0.5866201684270113,14.254513084150554,0.0005925456246737487,0.015494035961033211,0.7839134184142932,0.0,1.1735591499824505e-05,1.3229212236165806e-05,3.123417655635238e-08,0.3356100579258946,13358687.216341779,-16.637132378210524
183.54999999999998,4,cGDL,-16.637020742415473,0.0,9.888240410260579,14.823393052219359,0.0009396938186601034,0.5859118712272391,14.23654148717346,0.0005918301729568072,0.015474501616492891,0.7839336682105503,0.0,1.1736053632607879e-05,1.3229733185848883e-05,3.123438162752789e-08,0.3355651802122144,13354709.636652123,-16.637039872928984
183.65,4,cGDL,-16.636928411452516,0.0,9.888308140730215,14.804719286320696,0.0009397258541541387,0.5852037376327035,14.218575822833838,0.0005911148864976803,0.015454973720471563,0.7839539113930308,0.0,1.1736515611055904e-05,1.3230253961553929e-05,3.123458647938455e-08,0.3355203172723304,13350733.340655878,-16.63694754355323
183.75,4,cGDL,-16.63683626432396,0.0,9.888375868535707,14.78605160895039,0.0009397578667187378,0.5844957673680866,14.200616083715584,0.0005903997650182694,0.015435452264908243,0.7839741479700735,0.0,1.173697743289138e-05,1.3230774560713921e-05,3.12347910716695e-08,0.3354754690877334,13346758.326718764,-16.636855390076438
183.85,4,cGDL,-16.636744298114536,0.0,9.888443593678168,14.767390012417417,0.0009397898566073648,0.5837879601552026,14.182662262405607,0.0005896848082375784,0.015415937241745226,0.7839943779500171,0.0,1.173743909852722e-05,1.3231294983794323e-05,3.12349954082389e-08,0.33543063563992,13342784.593205908,-16.636763412907133
183.95,4,cGDL,-16.636652499183526,0.0,9.888511316158718,14.748734489032664,0.0009398218249764279,0.5830803157146714,14.164714351493016,0.0005889700158734055,0.01539642864292719,0.7840146013411994,0.0,1.1737900609235217e-05,1.3231815232228789e-05,3.123519950702992e-08,0.33538581691039143,13338812.1384824,-16.636671611610677
184.05,4,cGDL,-16.636560875851956,0.0,9.888579035978468,14.730085031110333,0.000939853771133925,0.5823728337692652,14.146772343569934,0.0005882553876457224,0.015376926460402103,0.7840348181519522,0.0,1.1738361964528492e-05,1.3232335305468481e-05,3.1235403357147565e-08,0.3353410128806577,13334840.960914845,-16.636579986437727
184.15,4,cGDL,-16.636469441718702,0.0,9.888646753138536,14.7114416309667,0.0009398856939435429,0.5816655140417402,14.128836231231016,0.000587540923274485,0.01535743068612067,0.7840550283906048,0.0,1.1738823163497328e-05,1.3232855202487898e-05,3.1235606940767555e-08,0.3352962235322352,13330871.058870357,-16.6364885374806
184.25,4,cGDL,-16.636378166739235,0.0,9.888714467640028,14.692804280920566,0.0009399175959428074,0.5809583562512268,14.110906007073396,0.0005868266224759867,0.0153379413120363,0.7840752320654878,0.0,1.1739284208727223e-05,1.3233374926201596e-05,3.1235810297363186e-08,0.33525144884664415,13326902.430715045,-16.636397264835004
184.35,4,cGDL,-16.63628707034718,0.0,9.88878217948406,14.674172973293619,0.0009399494755036875,0.5802513601210318,14.092981663697083,0.0005861124849707392,0.015318458330105525,0.7840954291849238,0.0,1.1739745098841096e-05,1.3233894475057235e-05,3.123601340145005e-08,0.33520668880541443,13322935.074817348,-16.636306168116285
184.45,4,cGDL,-16.63619616029581,0.0,9.888849888671741,14.655547700409901,0.0009399813319822536,0.5795445253733073,14.075063193704612,0.0005853985104780882,0.01529898173228762,0.7841156197572343,0.0,1.1740205833397137e-05,1.3234413848556774e-05,3.123621624287821e-08,0.3351619433900814,13318968.98954575,-16.636215247999544
184.54999999999998,4,cGDL,-16.636105415375084,0.0,9.888917595204177,14.636928454596081,0.0009400131671719603,0.578837851727702,14.057150589701207,0.0005846846987148504,0.01527951151054479,0.7841358037907404,0.0,1.1740666414273358e-05,1.3234933048817239e-05,3.123641884952291e-08,0.3351172125821857,13315004.173268229,-16.63612450409747
184.64999999999998,4,cGDL,-16.636014848667003,0.0,9.888985299082476,14.618315228181352,0.0009400449799801258,0.5781313389066622,14.03924384429471,0.000583971049400669,0.015260047656842076,0.7841559812937573,0.0,1.1741126840601082e-05,1.3235452074859402e-05,3.1236621204238376e-08,0.3350724963632761,13311040.62435447,-16.63603393650643
184.75,4,cGDL,-16.635924460575495,0.0,9.889053000307744,14.599708013497331,0.0009400767703811042,0.577424986631498,14.021342950095452,0.0005832575622540384,0.01524059016314723,0.7841761522745987,0.0,1.1741587112527011e-05,1.3235970926848633e-05,3.1236823306523446e-08,0.3350277947149067,13307078.341174202,-16.635943545370434
184.85,4,cGDL,-16.635834243063584,0.0,9.889120698881083,14.581106802878647,0.0009401085390593478,0.57671879462269,14.003447899716898,0.0005825442369926162,0.01522113902143141,0.784196316741576,0.0,1.1742047230873992e-05,1.3236489605712501e-05,3.1237025166959003e-08,0.33498310761863903,13303117.322097434,-16.6358533305658
184.95,4,cGDL,-16.63574420659006,0.0,9.889188394803599,14.562511588662387,0.0009401402851432206,0.5760127626023233,13.98555868577492,0.0005818310733356801,0.015201694223668391,0.784216474702996,0.0,1.174250719498317e-05,1.3237008110708301e-05,3.123722677184301e-08,0.33493843505604165,13299157.565495357,-16.63576329234315
185.05,4,cGDL,-16.635654346130366,0.0,9.889256088076392,14.543922363187946,0.0009401720090638221,0.5753068902909773,13.967675300887905,0.0005811180710009871,0.015182255761834679,0.7842366261671644,0.0,1.1742967005435968e-05,1.3237526442491454e-05,3.123742812780141e-08,0.33489377700868805,13295199.06973903,-16.635673430632778
185.15,4,cGDL,-16.635564656366284,0.0,9.889323778700561,14.525339118797373,0.0009402037112770101,0.574601177409095,13.949797737677,0.0005804052297061565,0.015162823627909784,0.7842567711423841,0.0,1.174342666283736e-05,1.3238044601743933e-05,3.123762924184588e-08,0.33484913345815887,13291241.833200036,-16.635583745355735
185.25,4,cGDL,-16.635475147708917,0.0,9.889391466677209,14.506761847835588,0.000940235390914923,0.573895623678571,13.931925988766102,0.0005796925491702737,0.015143397813876197,0.7842769096369536,0.0,1.1743886166532073e-05,1.3238562587727063e-05,3.123783010033675e-08,0.3348045043860421,13287285.854251113,-16.63549423676911
185.34999999999997,4,cGDL,-16.635385812776576,0.0,9.889459152007428,14.488190542649294,0.0009402670486069464,0.573190228819483,13.914060046781204,0.0005789800291105889,0.0151239783117187,0.7842970416591707,0.0,1.17443455172903e-05,1.3239080401309064e-05,3.123803071299487e-08,0.33475988977393006,13283331.131264683,-16.6354049047399
185.45,4,cGDL,-16.63529665343856,0.0,9.889526834692319,14.469625195588353,0.0009402986842041994,0.572484992552772,13.896199904351377,0.0005782676692452242,0.01510456511342541,0.7843171672173295,0.0,1.1744804715141016e-05,1.32395980425226e-05,3.123823107739531e-08,0.33471528960342317,13279377.662614148,-16.635315749290523
185.54999999999998,4,cGDL,-16.635207673264574,0.0,9.889594514732975,14.45106579900502,0.0009403302974144712,0.5717799145993288,13.878345554108277,0.0005775554692922512,0.015085158210987257,0.7843372863197206,0.0,1.1745263759976857e-05,1.3240115511246639e-05,3.1238431188880625e-08,0.33467070385612807,13275425.446673427,-16.635226756833053
185.64999999999998,4,cGDL,-16.63511886369804,0.0,9.88966219213049,14.432512345253755,0.0009403618889664012,0.5710749946790749,13.860496988685714,0.0005768434289687625,0.015065757596397516,0.7843573989746337,0.0,1.174572265266211e-05,1.324063280845547e-05,3.123863105871441e-08,0.3346261325136563,13271474.48181647,-16.635137949805717
185.75,4,cGDL,-16.63503023833306,0.0,9.889729866885956,14.413964826691783,0.0009403934577236761,0.5703702325135942,13.842654200720466,0.0005761315479935295,0.01504636326165268,0.7843775051903539,0.0,1.1746181392286036e-05,1.3241149933122442e-05,3.123883066907758e-08,0.33458157555762774,13267524.766418533,-16.635049323335213
185.85,4,cGDL,-16.634941778479515,0.0,9.889797539000465,14.395423235678635,0.0009404250052684748,0.5696656278217256,13.82481718285164,0.0005754198260825511,0.015026975198751784,0.7843976049751658,0.0,1.1746639980524915e-05,1.3241666887137178e-05,3.1239030044538894e-08,0.3345370329696663,13263576.298854198,-16.634960873260514
185.95,4,cGDL,-16.634853508349067,0.0,9.889865208475106,14.376887564576613,0.0009404565295700884,0.568961180325926,13.806985927721117,0.0005747082629554808,0.015007593399696866,0.7844176983373478,0.0,1.174709841561694e-05,1.3242183668513642e-05,3.1239229153338635e-08,0.3344925047314049,13259629.077500131,-16.63487259900746
186.04999999999998,4,cGDL,-16.634765401039374,0.0,9.889932875310969,14.358357805750106,0.0009404880329023646,0.5682568897441117,13.789160427973092,0.0005739968583273855,0.014988217856492491,0.7844377852851802,0.0,1.174755669989656e-05,1.3242700279883394e-05,3.1239428030828145e-08,0.3344479908244796,13255683.100731572,-16.634784501251065
186.15,4,cGDL,-16.634677480704738,0.0,9.890000539509138,14.33983395156643,0.0009405195132393684,0.5675527557986354,13.771340676254555,0.0005732856119178135,0.014968848561146256,0.784457865826936,0.0,1.1748014831606336e-05,1.3243216719265324e-05,3.123962664532283e-08,0.3344034912305359,13251738.366926191,-16.634696579310013
186.25,4,cGDL,-16.63458972598471,0.0,9.890068201070703,14.321315994394954,0.000940550972388543,0.5668487782076097,13.753526665214956,0.00057257452344203,0.014949485505668431,0.7844779399708895,0.0,1.1748472812636612e-05,1.3243732988790366e-05,3.1239825024898e-08,0.33435900593122303,13247794.874460384,-16.634608833796957
186.35,4,cGDL,-16.634502161349815,0.0,9.890135859996745,14.302803926608012,0.0009405824082969749,0.5661449566933966,13.735718387506319,0.0005718635926195925,0.014930128682072085,0.7844980077253083,0.0,1.174893064120434e-05,1.3244249086448528e-05,3.124002313745349e-08,0.33431453490819896,13243852.621712858,-16.634521264461075
186.45000000000002,4,cGDL,-16.63441476201774,0.0,9.890203516288349,14.284297740580168,0.0009406138230604322,0.5654412909736747,13.717915835783433,0.0005711528191653279,0.014910778082373297,0.7845180690984614,0.0,1.1749388319474153e-05,1.3244765014679955e-05,3.124022101555775e-08,0.3342700781431257,13239911.607060919,-16.634433871435345
186.54999999999998,4,cGDL,-16.634327536616922,0.0,9.890271169946596,14.265797428688309,0.0009406452159602674,0.56473778076912,13.700119002703229,0.0005704422027970909,0.014891433698590466,0.7845381240986125,0.0,1.1749845846932693e-05,1.3245280772905943e-05,3.124041864791125e-08,0.3342256356176725,13235971.828883575,-16.63434665461926
186.64999999999998,4,cGDL,-16.634240501159752,0.0,9.890338820972568,14.247302983312231,0.0009406765856559973,0.5640344258009592,13.682327880925616,0.0005697317432332922,0.014872095522745234,0.7845581727340215,0.0,1.17503032224745e-05,1.3245796359880344e-05,3.124061601351892e-08,0.3341812073135162,13232033.285560666,-16.63425961419489
186.74999999999997,4,cGDL,-16.634153636880114,0.0,9.890406469367344,14.228814396833869,0.0009407079337366842,0.5633312257873386,13.664542463112793,0.0005690214401892309,0.014852763546861733,0.7845782150129491,0.0,1.1750760447781996e-05,1.3246311777499705e-05,3.12408131370503e-08,0.33413679321233736,13228095.97547122,-16.634172749856525
186.85,4,cGDL,-16.634066938268063,0.0,9.890474115132001,14.210331661637843,0.0009407392606749498,0.5626281804474019,13.646762741929766,0.000568311293381214,0.014833437762967137,0.7845982509436518,0.0,1.1751217523475022e-05,1.3246827026462751e-05,3.1241010025769765e-08,0.3340923932958244,13224159.896995252,-16.63408606199327
186.95,4,cGDL,-16.633980432718374,0.0,9.890541758267617,14.191854770111126,0.0009407705641709674,0.5619252895032126,13.628988710043743,0.0005676013025284976,0.014814118163091024,0.7846182805343805,0.0,1.1751674447535342e-05,1.3247342104494383e-05,3.124120664373662e-08,0.3340480075456726,13220225.04851445,-16.633999550399242
187.04999999999998,4,cGDL,-16.633894092448145,0.0,9.890609398775265,14.173383714643176,0.0009408018465738577,0.5612225526718141,13.611220360124788,0.0005668914673452668,0.014794804739266074,0.7846383037933887,0.0,1.1752131222368316e-05,1.32478570143061e-05,3.124140302746019e-08,0.3340036359435815,13216291.428408993,-16.633913215149477
187.15,4,cGDL,-16.633807932181696,0.0,9.890677036657866,14.154918487625933,0.0009408331066512732,0.5605199696739412,13.59345768484534,0.0005661817875494356,0.014775497483527545,0.784658320728923,0.0,1.1752587846971357e-05,1.3248371754767712e-05,3.124159915763648e-08,0.3339592784712587,13212359.035061078,-16.633827056188075
187.25,4,cGDL,-16.633721953463123,0.0,9.890744671919347,14.136459081452745,0.0009408643442812004,0.5598175402281635,13.5757006768803,0.0005654722628567309,0.01475619638791337,0.7846783313492299,0.0,1.175304432139852e-05,1.3248886325940151e-05,3.124179503226761e-08,0.33391493511041653,13208427.86685252,-16.633741073642604
187.35,4,cGDL,-16.63363614091884,0.0,9.89081230456179,14.118005488518818,0.0009408955607673741,0.5591152640508538,13.557949328907197,0.0005647628929806603,0.014736901444464346,0.784698335662555,0.0,1.1753500647060366e-05,1.3249400729413504e-05,3.124199067156963e-08,0.3338706058427726,13204497.922164734,-16.633655267411807
187.45,4,cGDL,-16.633550513008515,0.0,9.890879934586271,14.099557701221629,0.0009409267545628097,0.558413140861326,13.54020363360574,0.000564053677637703,0.014717612645223631,0.7847183336771387,0.0,1.1753956822654534e-05,1.3249914963719655e-05,3.124218605133371e-08,0.33382629065005165,13200569.19938082,-16.633569637713485
187.54999999999998,4,cGDL,-16.63346506174156,0.0,9.89094756199387,14.081115711961246,0.00094095792634874,0.5577111703764351,13.522463583658462,0.0005633446165418537,0.01469832998223746,0.7847383254012208,0.0,1.1754412848999495e-05,1.3250429029781249e-05,3.124238118208171e-08,0.3337819895139839,13196641.696883436,-16.633484184180833
187.64999999999998,4,cGDL,-16.63337978145256,0.0,9.891015186785657,14.062679513140305,0.0009409890766112206,0.5570093523132917,13.504729171750402,0.0005626357094073653,0.014679053447554784,0.7847583108430378,0.0,1.1754868726727295e-05,1.325094292831077e-05,3.124257607128248e-08,0.333737702416306,13192715.413055839,-16.63339890708949
187.74999999999997,4,cGDL,-16.633294683585007,0.0,9.891082808962702,14.044249097163837,0.0009410202043939053,0.5563076863903865,13.487000390569056,0.0005619269559498854,0.014659783033227234,0.7847782900108229,0.0,1.1755324455097914e-05,1.3251456658474014e-05,3.12427707039397e-08,0.3336934293387615,13188790.346282395,-16.633313806498098
187.85,4,cGDL,-16.633209759400415,0.0,9.89115042852608,14.025824456439043,0.0009410513104414209,0.5556061723242233,13.469277232804378,0.0005612183558830538,0.014640518731309107,0.7847982629128079,0.0,1.1755780034989758e-05,1.3251970221261183e-05,3.12429650915574e-08,0.33364917026309876,13184866.494947119,-16.633228882245394
187.95,4,cGDL,-16.633125011471805,0.0,9.89121804547686,14.007405583375855,0.0009410823945453783,0.5549048098324542,13.451559691148855,0.0005605099089216708,0.014621260533857452,0.7848182295572209,0.0,1.1756235466374059e-05,1.3252483616639847e-05,3.124315923078689e-08,0.33360492517107315,13180943.857435035,-16.633144134274378
188.04999999999998,4,cGDL,-16.63304044341004,0.0,9.891285659816107,13.988992470386604,0.0009411134564094592,0.5542035986326275,13.433847758297567,0.0005598016147804318,0.014602008432932138,0.7848381899522875,0.0,1.1756690749138722e-05,1.3252996844483648e-05,3.124335311691651e-08,0.33356069404444644,13177022.432131656,-16.633059562816584
188.15,4,cGDL,-16.632956048695405,0.0,9.89135327154489,13.970585109886194,0.0009411444965917726,0.5535025384414104,13.416141426948192,0.0005590934731731418,0.014582762420595861,0.784858144106231,0.0,1.1757145883984144e-05,1.3253509905582127e-05,3.124354675853713e-08,0.33351647686498614,13173102.217422655,-16.63297516774985
188.25,4,cGDL,-16.63287182511209,0.0,9.891420880664278,13.952183494291528,0.0009411755152869405,0.5528016289756471,13.398440689800594,0.0005583854838137849,0.01456352248891369,0.7848780920272725,0.0,1.175760087126554e-05,1.32540228003357e-05,3.1243740158588306e-08,0.3334722736144655,13169183.211694228,-16.632890948966793
188.35,4,cGDL,-16.632787797533126,0.0,9.89148848717533,13.933787616022324,0.0009412065104070777,0.5521008699545638,13.380745539557353,0.0005576776464187512,0.014544288629953644,0.7848980337236277,0.0,1.1758055709165093e-05,1.3254535526695196e-05,3.124393328443864e-08,0.33342808427466575,13165265.413334122,-16.63280690669317
188.45,4,cGDL,-16.632703918429968,0.0,9.891556091079115,13.915397467500808,0.0009412374859663064,0.5514002610910997,13.363055968923742,0.0005569699606980806,0.014525060835786677,0.7849179692035153,0.0,1.1758510401672712e-05,1.325504808915833e-05,3.1244126198528766e-08,0.3333839088273711,13161348.820728011,-16.6327230408539
188.55,4,cGDL,-16.632620240953315,0.0,9.891623692376692,13.897013041151235,0.0009412684374927593,0.5506998021066556,13.345371970607086,0.0005562624263703592,0.014505839098485964,0.7849378984751436,0.0,1.1758964944702023e-05,1.3255560483118643e-05,3.1244318831094984e-08,0.3333397472543758,13157433.432265526,-16.632639351187336
188.65,4,cGDL,-16.632536723421765,0.0,9.891691291069122,13.878634329400636,0.000941299368508397,0.5499994927146202,13.327693537317508,0.000555555043146081,0.014486623410127726,0.7849578215467262,0.0,1.1759419341773994e-05,1.325607271254523e-05,3.124451123690036e-08,0.3332955995374765,13153519.246333515,-16.63255583800347
188.74999999999997,4,cGDL,-16.63245339028674,0.0,9.891758887157465,13.860261324678422,0.000941330276959973,0.5492993326338033,13.310020661767659,0.0005548478107412154,0.014467413762790933,0.7849777384264679,0.0,1.1759873591104243e-05,1.3256584775426599e-05,3.124470338386672e-08,0.33325146565847896,13149606.261321617,-16.632472501250763
188.85,4,cGDL,-16.632370228194077,0.0,9.89182648064278,13.84189401941608,0.000941361163981691,0.5485993215797345,13.292353336672363,0.0005541407288684187,0.014448210148556916,0.7849976491225747,0.0,1.1760327693941294e-05,1.3257096673170185e-05,3.1244895289559976e-08,0.33320734559919263,13145694.475618543,-16.63238934079954
188.95,4,cGDL,-16.632287253802247,0.0,9.891894071526123,13.823532406047846,0.0009413920281774457,0.547899459270568,13.2746915547491,0.0005534337972429981,0.014429012559509891,0.7850175536432471,0.0,1.1760781649125697e-05,1.3257608404468964e-05,3.1245086932134884e-08,0.333163239341435,13141783.88761465,-16.63230635665554
189.04999999999998,4,cGDL,-16.632204441563204,0.0,9.891961659808551,13.80517647701032,0.0009414228717091744,0.5471997454206746,13.257035308717937,0.000552727015576439,0.014409820987736887,0.7850374519966867,0.0,1.1761235458884354e-05,1.3258119971833272e-05,3.124527834517001e-08,0.33311914686702776,13137874.495699236,-16.63222354890728
189.14999999999998,4,cGDL,-16.632121814208972,0.0,9.892029245491118,13.786826224742317,0.0009414536926687367,0.5465001797484789,13.23938459130117,0.000552020383584322,0.014390635425327357,0.7850573441910883,0.0,1.1761689121570346e-05,1.3258631373406574e-05,3.124546949884456e-08,0.3330750681578004,13133966.29826375,-16.63214091754599
189.25,4,cGDL,-16.632039360462045,0.0,9.892096828574877,13.768481641685174,0.0009414844920151433,0.5458007619694282,13.22173939522373,0.0005513139009792204,0.01437145586437362,0.7850772302346473,0.0,1.176214263826554e-05,1.3259142610408427e-05,3.124566040799768e-08,0.3330310031955875,13130059.293698942,-16.632058462452108
189.35,4,cGDL,-16.631957085713395,0.0,9.89216440906088,13.750142720282598,0.0009415152693020845,0.5451014918004872,13.204099713212809,0.0005506075674752396,0.014352282296970444,0.7850971101355543,0.0,1.1762596008714254e-05,1.3259653682550614e-05,3.124585106558005e-08,0.33298695196222966,13126153.480396656,-16.63197618361517
189.45,4,cGDL,-16.6318749790517,0.0,9.89223198695018,13.731809452980784,0.0009415460254578178,0.5444023689569333,13.186465537998393,0.0005499013827847811,0.014333114715215645,0.7851169839019996,0.0,1.1763049233968996e-05,1.3260164591019596e-05,3.124604148595033e-08,0.3329429144395737,13122248.856748603,-16.631894081171396
189.55,4,cGDL,-16.631793062557847,0.0,9.892299562243824,13.713481832228164,0.0009415767586287149,0.5437033931570532,13.168836862312482,0.000549195346623286,0.01431395311120922,0.7851368515421676,0.0,1.1763502312434583e-05,1.3260675334017166e-05,3.1246231640142045e-08,0.33289889060947314,13118345.421148168,-16.631812154846877
189.65,4,cGDL,-16.63171130834337,0.0,9.89236713494286,13.695159850475664,0.0009416074711746658,0.5430045641144475,13.151213678890041,0.0005484894587014621,0.014294797477054392,0.7851567130642442,0.0,1.1763955246525924e-05,1.3261185914265586e-05,3.124642156480828e-08,0.3328548804537861,13114443.17198738,-16.631730404946733
189.74999999999997,4,cGDL,-16.631629738848062,0.0,9.89243470504834,13.676843500176668,0.000941638161211511,0.5423058815473589,13.133595980468098,0.000547783718734706,0.014275647804856628,0.7851765684764087,0.0,1.176440803461886e-05,1.3261696329933988e-05,3.12466112305111e-08,0.33281088395437836,13110542.107660633,-16.631648831231338
189.84999999999997,4,cGDL,-16.631548342804876,0.0,9.892502272561304,13.658532773786865,0.0009416688296978171,0.5416073451707947,13.115983759786372,0.0005470781264351461,0.014256504086724318,0.7851964177868406,0.0,1.1764860677794338e-05,1.3262206582240891e-05,3.12468006520765e-08,0.33276690109312074,13106642.226561517,-16.631567433637606
189.95,4,cGDL,-16.631467128449287,0.0,9.892569837482801,13.640227663764236,0.0009416994759471331,0.540908954701384,13.098377009586905,0.0005463726815165495,0.014237366314768374,0.7852162610037151,0.0,1.1765313175568007e-05,1.3262716670640297e-05,3.1246989818719576e-08,0.3327229318518906,13102743.527084779,-16.631486212405193
190.04999999999998,4,cGDL,-16.631386076424747,0.0,9.892637399813871,13.621928162569283,0.0009417301016002577,0.5402107098535444,13.080775722614138,0.0005456673836904489,0.014218234481102324,0.7852360981352072,0.0,1.1765765529670142e-05,1.3263226597082704e-05,3.1247178755889885e-08,0.3326789762125699,13098846.007624738,-16.631405167310298
190.14999999999998,4,cGDL,-16.63130521447175,0.0,9.892704959555559,13.603634262664807,0.0009417607043257226,0.5395126103454363,13.063179891615045,0.0005449622326721579,0.01419910857784244,0.7852559291894854,0.0,1.1766217738050638e-05,1.3263736359257086e-05,3.1247367427187954e-08,0.3326350341570492,13094949.66657778,-16.631324298324518
190.25,4,cGDL,-16.6312245262053,0.0,9.892772516708906,13.585345956516052,0.0009417912855138599,0.5388146558914826,13.045589509339056,0.0005442572281732147,0.01417998859710767,0.7852757541747192,0.0,1.1766669802201195e-05,1.3264245958844983e-05,3.1247555854161117e-08,0.3325911056672228,13091054.502339255,-16.631243605550136
190.35,4,cGDL,-16.63114401082106,0.0,9.892840071274948,13.567063236590366,0.000941821845240387,0.5381168462073602,13.028004568537765,0.0005435523699064245,0.01416087453101931,0.7852955730990743,0.0,1.1767121722362866e-05,1.326475539611814e-05,3.124774403789575e-08,0.3325471907249911,13087160.513305461,-16.63116328732062
190.45,4,cGDL,-16.631063666254704,0.0,9.892907623254725,13.548786095357611,0.0009418523836878245,0.5374191810085861,13.010425061965337,0.0005428476575844304,0.014141766371701454,0.7853153859707142,0.0,1.1767573498877835e-05,1.3265264671462289e-05,3.124793198113309e-08,0.332503289312261,13083267.697873162,-16.631082752149997
190.54999999999998,4,cGDL,-16.63098350909121,0.0,9.892975172649278,13.530514525290144,0.0009418828994656181,0.5367216600122324,12.992850982378446,0.0005421430909214469,0.01412266411128092,0.7853351927977976,0.0,1.1768025130591003e-05,1.3265773783575313e-05,3.124811966212296e-08,0.3324594014109461,13079376.05444029,-16.63100259415024
190.65,4,cGDL,-16.630903524861196,0.0,9.89304271945964,13.512248518862346,0.0009419133938023405,0.536024282932564,12.97528232253598,0.0005414386696288525,0.014103567741886935,0.7853549935884843,0.0,1.1768476618840317e-05,1.326628273396545e-05,3.124830709989742e-08,0.33241552700296423,13075485.581404055,-16.630922611987824
190.75,4,cGDL,-16.630823705762054,0.0,9.893110263686845,13.493988068551142,0.0009419438673642366,0.5353270494844043,12.957719075199373,0.0005407343934185902,0.014084477255651493,0.7853747883509299,0.0,1.1768927964428563e-05,1.3266791523537655e-05,3.124849430473367e-08,0.3323716660702397,13071596.277162416,-16.63084279719692
190.85,4,cGDL,-16.630744082378158,0.0,9.893177805331927,13.475733166835997,0.0009419743175800299,0.534629959385875,12.940161233132542,0.0005400302620059344,0.014065392644709285,0.7853945770932849,0.0,1.1769379165076349e-05,1.3267300149722429e-05,3.124868123649629e-08,0.3323278185947048,13067708.140115226,-16.630763165321103
190.95,4,cGDL,-16.630664620676782,0.0,9.893245344395918,13.457483806198328,0.0009420047473284177,0.5339330123494254,12.922608789101574,0.0005393262751004297,0.014046313901197363,0.7854143598237022,0.0,1.1769830223692412e-05,1.3267808615798721e-05,3.1248867939909704e-08,0.332283984558294,13063821.168660413,-16.630683710321595
191.04999999999998,4,cGDL,-16.630585335354397,0.0,9.893312880879853,13.439239979122334,0.0009420351553778294,0.5332362080916045,12.905061735875352,0.0005386224324157622,0.014027241017255818,0.7854341365503285,0.0,1.1770281139272904e-05,1.326831692063491e-05,3.124905439570365e-08,0.3322401639429511,13059935.361198185,-16.63060443136001
191.14999999999998,4,cGDL,-16.63050622866217,0.0,9.893380414784755,13.421001678094298,0.0009420655415468548,0.5325395463278937,12.887520066224857,0.000537918733664539,0.014008173985027019,0.7854539072813085,0.0,1.1770731911813153e-05,1.3268825064225735e-05,3.124924060095189e-08,0.3321963567306243,13056050.716128739,-16.630525327703864
191.25,4,cGDL,-16.630427306316676,0.0,9.893447946111658,13.402768895602874,0.0009420959053612066,0.5318430267739265,12.869983772923586,0.0005372151785595217,0.013989112796656072,0.7854736720247845,0.0,1.1771182541030119e-05,1.3269333046252133e-05,3.1249426548176993e-08,0.3321525629032683,13052167.231852846,-16.630446399701576
191.35,4,cGDL,-16.630348542972342,0.0,9.893515474861587,13.384541624138857,0.0009421262489672788,0.5311466491427497,12.85245284874714,0.0005365117668108582,0.01397005744429037,0.7854934307888988,0.0,1.1771633029135222e-05,1.3269840869206978e-05,3.124961227069562e-08,0.33210878244284137,13048284.906770632,-16.630367647182073
191.45,4,cGDL,-16.630269970005884,0.0,9.893583001035568,13.366319856195714,0.0009421565697265155,0.5304504131520991,12.834927286473889,0.0005358084981334334,0.013951007920080314,0.7855131835817863,0.0,1.1772083373784663e-05,1.3270348530448165e-05,3.124979772733078e-08,0.33206501533131144,13044403.739284746,-16.630289070282423
191.54999999999998,4,cGDL,-16.630191566856524,0.0,9.893650524634628,13.34810358426884,0.0009421868693814117,0.5297543185152228,12.817407078884235,0.0005351053722375988,0.013931964216178516,0.785532930411584,0.0,1.177253357680558e-05,1.327085603203538e-05,3.124998294511534e-08,0.3320212615506488,13040523.727796378,-16.630210668704304
191.65,4,cGDL,-16.630113337191062,0.0,9.89371804565979,13.32989280085617,0.000942217147631097,0.5290583649473307,12.799892218761208,0.0005344023888356876,0.013912926324740444,0.7855526712864239,0.0,1.1772983638079395e-05,1.3271363373834954e-05,3.125016791926406e-08,0.33197752108283146,13036644.870708082,-16.630132442703392
191.75,4,cGDL,-16.630035291371712,0.0,9.893785564112074,13.311687498458115,0.0009422474036092643,0.5283625521643401,12.782382698890165,0.0005336995476407476,0.013893894237924092,0.7855724062144352,0.0,1.1773433556949672e-05,1.3271870555106903e-05,3.1250352636198114e-08,0.3319337939098435,13032767.166423175,-16.630054392089797
191.85,4,cGDL,-16.62995741619619,0.0,9.893853079992502,13.29348766957723,0.0009422776384381271,0.5276668798799277,12.764878512058864,0.0005329968483635633,0.01387486794789007,0.7855921352037464,0.0,1.1773883334652581e-05,1.327237757724473e-05,3.1250537113286806e-08,0.3318900800136737,13028890.613344535,-16.62997651695588
191.95000000000002,4,cGDL,-16.629879713635717,0.0,9.893920593302097,13.275293306718183,0.0009423078519594785,0.5269713478089917,12.747379651057232,0.0005322942907161532,0.013855847446801338,0.7856118582624826,0.0,1.1774332971205596e-05,1.3272884440268128e-05,3.1250721347971564e-08,0.33184637937631695,13025015.209875997,-16.629898817163262
192.04999999999998,4,cGDL,-16.62980219016805,0.0,9.893988104041876,13.25710440238846,0.0009423380436351936,0.5262759556668851,12.72988610867794,0.0005315918744109951,0.013836832726823848,0.7856315753987652,0.0,1.1774782466264077e-05,1.3273391143788596e-05,3.1250905331775234e-08,0.3318026919797751,13021140.95442214,-16.62982129279896
192.14999999999998,4,cGDL,-16.62972484754073,0.0,9.894055612212854,13.238920949097546,0.0009423682133258282,0.5255807031684645,12.712397877715755,0.0005308895991600652,0.013817823780125821,0.7856512866207142,0.0,1.1775231819863268e-05,1.3273897687845868e-05,3.125108906243295e-08,0.3317590178060549,13017267.845387774,-16.629743943736386
192.24999999999997,4,cGDL,-16.62964767269648,0.0,9.89412311781605,13.220742939357196,0.0009423983621412724,0.5248855900270795,12.694914950967975,0.0005301874646738177,0.013798820598878233,0.785670991936448,0.0,1.1775681033227725e-05,1.3274404073820347e-05,3.125127255712385e-08,0.3317153568371686,13013395.881177595,-16.629666781712196
192.35,4,cGDL,-16.629570676182823,0.0,9.89419062085248,13.20257036568172,0.0009424284891997869,0.5241906159583501,12.67743732123417,0.0005294854706650001,0.013779823175254531,0.7856906913540805,0.0,1.17761301056857e-05,1.327491030095479e-05,3.125145580202564e-08,0.3316717090551353,13009525.060197707,-16.629589784577846
192.45,4,cGDL,-16.629493858065757,0.0,9.894258121323157,13.184403220587498,0.0009424585945041475,0.523495780676712,12.659964981316282,0.0005287836168451636,0.013760831501430742,0.7857103848817242,0.0,1.1776579037407398e-05,1.3275416369441067e-05,3.125163879708196e-08,0.3316280744419794,13005655.380854214,-16.62951296223917
192.54999999999998,4,cGDL,-16.62941721316878,0.0,9.894325619229091,13.166241496593377,0.0009424886784991093,0.5228010838961922,12.642497924018686,0.0005280819029254467,0.013741845569585529,0.785730072527489,0.0,1.1777027828984186e-05,1.327592227994581e-05,3.125182154912188e-08,0.33158445297973077,13001786.841553539,-16.62943631540434
192.65,4,cGDL,-16.6293407434668,0.0,9.894393114571297,13.148085186220419,0.0009425187410264657,0.522106525331325,12.625036142148067,0.0005273803286175,0.013722865371900072,0.7857497542994825,0.0,1.1777476480432845e-05,1.3276428032487936e-05,3.1252004055581967e-08,0.3315408446504257,12997919.4407028,-16.629359844593345
192.75,4,cGDL,-16.629264449959237,0.0,9.894460607350783,13.129934281992046,0.0009425487820097223,0.521412104696554,12.607579628513482,0.0005266788936328828,0.013703890900558133,0.785769430205809,0.0,1.177792499184847e-05,1.327693362717464e-05,3.125218631517998e-08,0.33149724943610603,12994053.176709555,-16.629283549014964
192.85,4,cGDL,-16.629198453879667,0.0,9.894528097572177,13.111788776433949,0.0009425779471603501,0.5207178225605278,12.59012837592626,0.0005259775985459877,0.013684922147745936,0.7857891002537081,0.0,1.1778372550118037e-05,1.3277438147405788e-05,3.125235503474407e-08,0.33145366731931647,12990188.04833894,-16.629207429139967
192.95,4,cGDL,-16.629102465698566,0.0,9.894595585389894,13.095942914720123,0.0009426066459513605,0.5200248185382376,12.574975489535934,0.0005252775944830682,0.013668451619060797,0.7858062707864562,0.0,1.1778766324959195e-05,1.327788203904491e-05,3.125256299542996e-08,0.33141577257640775,12986794.272994822,-16.62913148483912
193.05,4,cGDL,-16.62903695348416,0.0,9.894663070803047,13.077780586512942,0.0009426357928935536,0.5193307972065645,12.557507153513484,0.0005245765628349137,0.013649464297297265,0.7858259591398679,0.0,1.1779214267165924e-05,1.3278386992077952e-05,3.125273105028626e-08,0.33137214834350315,12982925.754126377,-16.629055716247567
193.15,4,cGDL,-16.62896135312684,0.0,9.89473055365729,13.059623638529827,0.0009426657847209086,0.5186369117954941,12.540044060949612,0.0005238756684802971,0.01363048267494523,0.7858456416565744,0.0,1.1779662894776484e-05,1.3278892717748037e-05,3.125291233962077e-08,0.33132853716310984,12979058.366199693,-16.62898012295717
193.24999999999997,4,cGDL,-16.628885494359338,0.0,9.894798033949805,13.041472063253055,0.000942695791728676,0.5179431628487696,12.522586204612557,0.0005231749119684542,0.013611506744144084,0.7858653183438875,0.0,1.1780111418080261e-05,1.3279398325835931e-05,3.1253093953064375e-08,0.33128493901765127,12975192.10796066,-16.628904705226997
193.35,4,cGDL,-16.62881059944533,0.0,9.894865511674688,13.02322538905811,0.0009427258417348261,0.5172495001112362,12.50503316310514,0.0005224742425366022,0.013592427351201239,0.7858850984062622,0.0,1.178056219433632e-05,1.327990647361549e-05,3.125327429121794e-08,0.331241105414718,12971306.387147065,-16.628829463131595
193.45,4,cGDL,-16.628735592558257,0.0,9.89493298682471,13.004964244027098,0.0009427559204309155,0.5165559633881407,12.487465524718527,0.0005217737003920613,0.013573332092085355,0.7859048942075226,0.0,1.1781013339542478e-05,1.328041503730243e-05,3.125345476237589e-08,0.3311972357694601,12967417.728854626,-16.628754396212997
193.54999999999998,4,cGDL,-16.628660691389143,0.0,9.895000459399355,12.986708421574967,0.0009427859836318442,0.5158625622798588,12.469903073311476,0.0005210732952321807,0.013554242470990735,0.7859246842337771,0.0,1.1781464352458504e-05,1.3280923451862314e-05,3.125363507948383e-08,0.33115337903679465,12963530.189806424,-16.628679504886914
193.64999999999998,4,cGDL,-16.628585954489893,0.0,9.895067929399591,12.968457914031491,0.000942816026403337,0.5151692965050259,12.452345801500062,0.0005203730267727534,0.013535158479891372,0.7859444684933359,0.0,1.1781915228558921e-05,1.3281431712193694e-05,3.125381516566877e-08,0.3311095351982886,12959643.768372238,-16.628604788961635
193.75,4,cGDL,-16.628511395305054,0.0,9.895135396826417,12.950212713728725,0.0009428460476187395,0.5144761657784073,12.434793701902699,0.0005196728947256639,0.013516080110763802,0.7859642469945106,0.0,1.1782365966943304e-05,1.3281939817281542e-05,3.1253995003302705e-08,0.33106570423551235,12955758.462920712,-16.62853024846361
193.85,4,cGDL,-16.628437011792187,0.0,9.895202861680826,12.931972813001076,0.0009428760474590181,0.5137831698136404,12.417246767139977,0.0005189728988016569,0.013497007355586932,0.7859840197456115,0.0,1.1782816567955922e-05,1.328244776751395e-05,3.125417459509878e-08,0.33102188613004097,12951874.271820463,-16.62845588310237
193.95,4,cGDL,-16.628362806311884,0.0,9.895270323963814,12.913738204184773,0.0009429060257332145,0.5130903083244679,12.399704989834571,0.0005182730387115837,0.013477940206341925,0.7860037867549465,0.0,1.1783267031587096e-05,1.328295556288e-05,3.1254353937986935e-08,0.3309780808634549,12947991.193440575,-16.62838169334194
194.05,4,cGDL,-16.628288773318104,0.0,9.895337783676375,12.895508879618262,0.0009429359829180584,0.5123975810238761,12.382168362611468,0.0005175733141655314,0.013458878655012465,0.786023548030822,0.0,1.1783717358462692e-05,1.3283463204085216e-05,3.1254533039282256e-08,0.33093428841733974,12944109.226150295,-16.628307678711753
194.15,4,cGDL,-16.62821491551665,0.0,9.895405240819501,12.877284831642113,0.0009429659187935036,0.5117049876256298,12.36463687809769,0.0005168737248743735,0.013439822693584446,0.7860433035815412,0.0,1.178416754854521e-05,1.3283970691087327e-05,3.12547118954613e-08,0.33089050877328663,12940228.368319608,-16.628233839361638
194.24999999999997,4,cGDL,-16.62814123291571,0.0,9.895472695394185,12.859066052599166,0.0009429958333673216,0.5110125278432605,12.347110528922538,0.0005161742705487479,0.013420772314046238,0.786063053415405,0.0,1.1784617602013953e-05,1.3284478024088458e-05,3.125489050654394e-08,0.33084674191289215,12936348.618318876,-16.628160175366034
194.35,4,cGDL,-16.628067728632345,0.0,9.895540147401414,12.840852534834173,0.0009430257263848274,0.5103202013903064,12.329589307717482,0.0005154749508992994,0.013401727508388568,0.7860827975407122,0.0,1.1785067518798234e-05,1.3284985203008918e-05,3.1255068868466493e-08,0.33080298781775835,12932469.974518897,-16.628086686430855
194.45,4,cGDL,-16.627994396289864,0.0,9.895607596842178,12.822644270694072,0.0009430555983928057,0.5096280079796235,12.312073207116056,0.0005147757656359833,0.013382688268604408,0.7861025359657596,0.0,1.1785517299590611e-05,1.3285492228629415e-05,3.125524698963525e-08,0.3307592464694919,12928592.435290614,-16.62801337280343
194.54999999999998,4,cGDL,-16.62792123647239,0.0,9.895675043717464,12.804441252528097,0.0009430854493505114,0.508935947324575,12.294562219754171,0.0005140767144692677,0.013363654586689316,0.7861222686988415,0.0,1.1785966944523989e-05,1.328599910109977e-05,3.1255424869313627e-08,0.3307155178497057,12924715.999005672,-16.627940234349374
194.64999999999998,4,cGDL,-16.62784826036642,0.0,9.89574248802826,12.786243472687156,0.0009431152783215824,0.5082440191393259,12.277056338269508,0.0005133777971104303,0.01334462645464077,0.7861419957482488,0.0,1.1786416452878705e-05,1.3286505819608723e-05,3.1255602492838746e-08,0.33067180194001744,12920840.6640364,-16.62786727108519
194.75,4,cGDL,-16.627776045109727,0.0,9.89580992977576,12.768050923524655,0.0009431450365714467,0.5075522231857558,12.259555555302327,0.0005126790133189453,0.013325603864459051,0.786161717122222,0.0,1.178686577842555e-05,1.3287012332043347e-05,3.125577910216541e-08,0.3306280987220791,12916966.42877562,-16.62779448283983
194.85,4,cGDL,-16.627702884996097,0.0,9.89587736897036,12.750000918357191,0.0009431746891039872,0.5068606275162586,12.242197116151829,0.0005119804318346046,0.013306735995817205,0.7861812835723482,0.0,1.178731170176437e-05,1.3287515009261654e-05,3.125595692969132e-08,0.33058474780855457,12913121.436276283,-16.62772186967426
194.95,4,cGDL,-16.62763040353235,0.0,9.895944805623186,12.731967062406806,0.0009432042636149385,0.5061691689602682,12.224854689182923,0.0005112819888487557,0.013287885531720568,0.7862008324794307,0.0,1.1787757181902507e-05,1.3288017186871916e-05,3.125613385040443e-08,0.3305414365922675,12909279.781182745,-16.62764943163342
195.05,4,cGDL,-16.627558139873145,0.0,9.896012239736173,12.713938441265872,0.0009432338132554507,0.5054778417531524,12.207517365699465,0.0005105836785385377,0.013269040614890723,0.7862203757065708,0.0,1.1788202522683582e-05,1.3288519207388763e-05,3.1256310470301893e-08,0.3304981380795081,12905439.226446316,-16.62757716874054
195.15,4,cGDL,-16.627486065064033,0.0,9.896079671310323,12.695915047511864,0.0009432633404794499,0.5047866456055258,12.190185138565859,0.0005098855006116422,0.013250201237571585,0.7862399132618169,0.0,1.1788647726610217e-05,1.3289021073633335e-05,3.1256486827446245e-08,0.3304548522524532,12901599.770484291,-16.627505080573584
195.25,4,cGDL,-16.62741413997435,0.0,9.896147100346617,12.67789687372436,0.0009432928485999525,0.504095580227105,12.172858000648654,0.0005091874547748535,0.013231367392009407,0.7862594451532158,0.0,1.1789092797003773e-05,1.328952278934971e-05,3.1256662973267576e-08,0.3304115790932841,12897761.411714034,-16.627433167619742
195.35,4,cGDL,-16.627342412580333,0.0,9.896214526846032,12.659883912485391,0.0009433223335727492,0.5034046453350863,12.155535944816732,0.0005084895407425114,0.013212539070452969,0.7862789713888045,0.0,1.1789537730180025e-05,1.3290024350384754e-05,3.125683884477801e-08,0.33036831858419224,12893924.14855651,-16.6273614295525
195.45,4,cGDL,-16.627270851478045,0.0,9.896281950809547,12.641876156378927,0.0009433517980587114,0.502713840639707,12.138218963941162,0.0005077917582219263,0.013193716265153437,0.7862984919766247,0.0,1.178998252883892e-05,1.3290525759782056e-05,3.125701448325855e-08,0.33032507070737066,12890087.979430225,-16.627289667999403
195.54999999999998,4,cGDL,-16.627199468085223,0.0,9.896349372238134,12.62387359799114,0.000943381241101604,0.5020231658548214,12.120907050895218,0.0005070941069240621,0.013174898968364367,0.7863180069247117,0.0,1.1790427192236333e-05,1.3291027016702776e-05,3.125718987374217e-08,0.3302818354450197,12886252.902755646,-16.62721847427819
195.64999999999998,4,cGDL,-16.62712825128102,0.0,9.896416791132776,12.60587622991056,0.0009434106636488915,0.5013326206923002,12.103600198554611,0.000506396586557879,0.01315608717234197,0.7863375162411002,0.0,1.1790871721440941e-05,1.3291528122351607e-05,3.1257365030867476e-08,0.33023861277934474,12882418.916952917,-16.627147254493263
195.75,4,cGDL,-16.627057220622532,0.0,9.89648420749444,12.587884044728055,0.0009434400640565554,0.500642204866769,12.08629839979723,0.0005056991968351202,0.013137280869344814,0.7863570199338201,0.0,1.1791316115053714e-05,1.329202907515146e-05,3.12575399289757e-08,0.3301954026925581,12878586.020443771,-16.627076209750957
195.85,4,cGDL,-16.626986358896374,0.0,9.896551621324102,12.569897035036533,0.0009434694437871483,0.4999519180894538,12.069001647503292,0.0005050019374640947,0.013118480051634013,0.786376518010902,0.0,1.179176037463335e-05,1.3292529876859411e-05,3.125771459070845e-08,0.33015220516687593,12874754.211649004,-16.62700534847618
195.95,4,cGDL,-16.626915669529865,0.0,9.896619032622734,12.551915193430892,0.0009434988025590618,0.4992617600733299,12.051709934555003,0.0005043048081548786,0.013099684711472829,0.7863960104803723,0.0,1.1792204500078204e-05,1.3293030527360885e-05,3.125788901159449e-08,0.33010902018452015,12870923.488990543,-16.62693465515012
196.04999999999998,4,cGDL,-16.62684516304654,0.0,9.896686441391306,12.5339385125087,0.0009435281394914452,0.4985717305321337,12.034423253837074,0.0005036078086183169,0.013080894841127256,0.7864154973502544,0.0,1.1792648490715652e-05,1.3293531025897645e-05,3.125806317784109e-08,0.3300658477277196,12867093.85089115,-16.62686413555276
196.15,4,cGDL,-16.62677482316508,0.0,9.896753847630787,12.515966984869321,0.0009435574559679694,0.4978818291769267,12.017141598236426,0.0005029109385625522,0.01306211043286568,0.7864349786285718,0.0,1.1793092348029472e-05,1.3294031374142313e-05,3.1258237110865833e-08,0.3300226877787067,12863265.295772929,-16.62679379085025
196.25,4,cGDL,-16.626704663262842,0.0,9.896821251342143,12.49800060311446,0.0009435867508666429,0.49719205572152286,11.999864960642071,0.0005022141976985079,0.013043331478958774,0.7864544543233428,0.0,1.1793536071117322e-05,1.329453157107771e-05,3.1258410793127154e-08,0.3299795403197209,12859437.822059551,-16.626723621347377
196.35,4,cGDL,-16.62663467289343,0.0,9.896888652526346,12.480039359848249,0.0009436160250780867,0.49650240987764727,11.982593333945523,0.0005015175857349972,0.013024557971679916,0.7864739244425851,0.0,1.1793979660993533e-05,1.3295031617847254e-05,3.125858423837815e-08,0.3299364053330066,12855611.428174334,-16.626653626938577
196.45,4,cGDL,-16.62656486519029,0.0,9.896956051184358,12.46208324767664,0.0009436452775008486,0.4958128913588447,11.965326711040294,0.0005008211023826714,0.013005789903304667,0.7864933889943126,0.0,1.1794423116775208e-05,1.3295531513455689e-05,3.1258757429397504e-08,0.3298932828008141,12851786.112541758,-16.62658380750789
196.54999999999998,4,cGDL,-16.626495223866527,0.0,9.89702344731714,12.444132259207958,0.0009436745095191545,0.495123499876185,11.948065084822254,0.0005001247473496818,0.012987027266111145,0.7865128479865392,0.0,1.1794866439946595e-05,1.3296031259576161e-05,3.125893038761059e-08,0.3298501727053981,12847961.873585764,-16.62651416307827
196.64999999999998,4,cGDL,-16.626425760000643,0.0,9.897090840925664,12.426186387052566,0.0009437037202052467,0.4944342351430445,11.930808448189316,0.0004994285203465096,0.012968270052379691,0.7865323014272739,0.0,1.1795309629790028e-05,1.3296530855399667e-05,3.125910309849538e-08,0.3298070750290198,12844138.709731665,-16.626444693625864
196.74999999999997,4,cGDL,-16.626356473415115,0.0,9.897158232010886,12.408245623823335,0.0009437329095821068,0.4937450968718153,11.913556794041938,0.0004987324210826417,0.012949518254393411,0.786551749324524,0.0,1.1795752686493441e-05,1.3297030301138062e-05,3.125927556231584e-08,0.32976398975394605,12840316.619404888,-16.626375523937874
196.85,4,cGDL,-16.62628735567762,0.0,9.897225620573769,12.390309962134944,0.0009437620783703804,0.49305608477407076,11.896310115282503,0.0004980364492667382,0.012930771864437503,0.7865711916862959,0.0,1.1796195610909074e-05,1.3297529597752047e-05,3.125944779017971e-08,0.32972091686244803,12836495.601030912,-16.626306285982732
196.95,4,cGDL,-16.62621842119745,0.0,9.897293006615271,12.372379394604444,0.0009437912253607017,0.4923671985633553,11.879068404815728,0.0004973406046094498,0.012912030874799705,0.7865906285205908,0.0,1.1796638402050933e-05,1.3298028744130144e-05,3.1259619763189356e-08,0.3296778563368037,12832675.653036514,-16.62623733939327
197.04999999999998,4,cGDL,-16.626149652478944,0.0,9.897360390136354,12.354453913851064,0.0009438203520396038,0.4916784379503984,11.861831655548626,0.0004966448868185842,0.012893295277770245,0.7866100598354112,0.0,1.1797081061500595e-05,1.3298527742055216e-05,3.1259791504358515e-08,0.32963480815929525,12828856.773847776,-16.62616855973183
197.15,4,cGDL,-16.626081063694755,0.0,9.897427771137972,12.33653351249614,0.0009438494572174827,0.49098980264860914,11.844599860390314,0.0004959492956046557,0.012874565065641646,0.7866294856387537,0.0,1.1797523588290975e-05,1.32990265904371e-05,3.1259962995100306e-08,0.32959177231221154,12825038.961892314,-16.626099968168894
197.25,4,cGDL,-16.626012647027324,0.0,9.897495149621083,12.318618183163185,0.0009438785415632478,0.49030129236950265,11.827373012252119,0.0004952538306762653,0.012855840230708826,0.7866489059386149,0.0,1.179796598322473e-05,1.3299525290180603e-05,3.126013424571509e-08,0.3295487487778458,12821222.21559742,-16.626031583219266
197.35,4,cGDL,-16.625944401252582,0.0,9.89756252558664,12.30070791847787,0.0009439076051884765,0.48961290682506964,11.810151104047613,0.0004945584917424946,0.012837120765269144,0.7866683207429884,0.0,1.1798408246573843e-05,1.3300023841592332e-05,3.1260305257841724e-08,0.32950573753849716,12817406.533391044,-16.62596329658957
197.45,4,cGDL,-16.625876336099793,0.0,9.897629899035598,12.2828027110681,0.0009439366472789312,0.4889246457282764,11.792934128692545,0.0004938632785134105,0.012818406661622333,0.7866877300598643,0.0,1.1798850377728608e-05,1.3300522243984977e-05,3.126047601873021e-08,0.3294627385764706,12813591.913701974,-16.625895227425225
197.55,4,cGDL,-16.625808450529007,0.0,9.897697269968912,12.264902553563857,0.0009439656679305908,0.4882365087910155,11.775722079104911,0.0004931681906979955,0.012799697912070555,0.7867071338972315,0.0,1.1799292376946044e-05,1.3301020497648269e-05,3.1260646529777456e-08,0.3294197518740761,12809778.354959024,-16.625827332985452
197.64999999999998,4,cGDL,-16.62574071665398,0.0,9.897764638387532,12.247007438597286,0.0009439946695088963,0.48754849572291725,11.75851494820486,0.0004924732280029467,0.012780994508918326,0.7867265322630788,0.0,1.1799734246644245e-05,1.330151860530806e-05,3.126081682764778e-08,0.3293767774136277,12805965.855590504,-16.6257596122226
197.74999999999997,4,cGDL,-16.625673182820776,0.0,9.897832004292404,12.229117358802602,0.0009440236479351105,0.48686060624005967,11.741312728914608,0.0004917783901414744,0.0127622964444724,0.7867459251653862,0.0,1.1800175983104729e-05,1.3302016562772603e-05,3.126098684886117e-08,0.3293338151774481,12802154.414027832,-16.62569205673084
197.85,4,cGDL,-16.625605808529826,0.0,9.897899367684484,12.211232306816525,0.0009440526066410437,0.4861728400509356,11.724115414158948,0.0004910836768191268,0.012743603711042335,0.7867653126121386,0.0,1.1800617589760916e-05,1.3302514373912305e-05,3.126115664665182e-08,0.32929086514786216,12798344.028699797,-16.62562468317126
197.95,4,cGDL,-16.62553861467171,0.0,9.897966728564716,12.193352275277489,0.0009440815438686578,0.48548519686919217,11.706922996864428,0.0004903890877466587,0.012724916300939595,0.7867846946113137,0.0,1.1801059065104281e-05,1.3303012037026645e-05,3.126132619360711e-08,0.32924792730720204,12794534.698037688,-16.625557483084123
198.04999999999998,4,cGDL,-16.625471585916898,0.0,9.898034086934048,12.175477256826188,0.0009441104609222428,0.48479767640533433,11.689735469959931,0.0004896946226316508,0.012706234206478186,0.7868040711708902,0.0,1.1801500410542128e-05,1.3303509553702034e-05,3.126149550989629e-08,0.32920500163780386,12790726.420471966,-16.625490462315277
198.15,4,cGDL,-16.62540474445268,0.0,9.898101442793426,12.1576072441055,0.000944139355934015,0.4841102783730515,11.672552826376515,0.0004890002811849005,0.012687557419974474,0.7868234422988406,0.0,1.1801941624461252e-05,1.3304006922119958e-05,3.126166456640292e-08,0.3291620881220109,12786919.194434874,-16.625423611961107
198.25,4,cGDL,-16.625338071269255,0.0,9.898168796143793,12.139742229760275,0.0009441682305192933,0.4834230024825357,11.65537505904722,0.0004883060631136725,0.012668885933746979,0.7868428080031394,0.0,1.1802382708565242e-05,1.330450414420082e-05,3.12618333881311e-08,0.3291191867421694,12783113.018357584,-16.625356932228044
198.35,4,cGDL,-16.625271569345898,0.0,9.898236146986092,12.121882206437432,0.0009441970844343284,0.48273584844571565,11.638202160907282,0.0004876119681269855,0.012650219740116611,0.7868621682917565,0.0,1.180282366278729e-05,1.3305001219869307e-05,3.1262001971197935e-08,0.32907629748063194,12779307.890672464,-16.6252904259376
198.45,4,cGDL,-16.62520523981624,0.0,9.898303495321265,12.104027166785908,0.0009442259175914125,0.48204881597437627,11.62103412489394,0.0004869179959337134,0.012631558831406457,0.7868815231726599,0.0,1.180326448720914e-05,1.3305498149217577e-05,3.126217031414519e-08,0.3290334203197561,12775503.809812212,-16.62522409321891
198.55,4,cGDL,-16.625139093092855,0.0,9.898370841150255,12.08617710345696,0.000944254729118188,0.48136190478107477,11.603870943946767,0.00048622414624350987,0.012612903199942137,0.7869008726538144,0.0,1.180370518116528e-05,1.3305994931495406e-05,3.126233840332461e-08,0.3289905552419055,12771700.774210341,-16.625157933984195
198.64999999999998,4,cGDL,-16.62507311156105,0.0,9.898438184474001,12.068332009103898,0.0009442835205122901,0.4806751145758829,11.586712611007503,0.0004855304187635181,0.012594252838051634,0.7869202167431849,0.0,1.1804145746247054e-05,1.3306491568496678e-05,3.1262506261908055e-08,0.32894770222944797,12767898.78229976,-16.625091948026846
198.74999999999997,4,cGDL,-16.625007309843397,0.0,9.89850552529344,12.050491876382015,0.0009443122905453127,0.4799884450716447,11.569559119019825,0.00048483681320368147,0.012575607738065027,0.7869395554487314,0.0,1.180458618144982e-05,1.3306988059088888e-05,3.126267387071641e-08,0.32890486126475743,12764097.832514942,-16.625026135596695
198.85,4,cGDL,-16.624941680456402,0.0,9.898572863609512,12.032656697948994,0.0009443410398581875,0.4793018959792228,11.552410460929913,0.0004841433292719422,0.012556967892315123,0.786958888778413,0.0,1.1805026487549053e-05,1.3307484404146206e-05,3.1262841239612034e-08,0.32886203233021305,12760297.92329004,-16.624960496464126
198.95,4,cGDL,-16.624876220826877,0.0,9.898640199423152,12.014826466464568,0.0009443697686766783,0.47861546700996976,11.535266629685921,0.00048344996667673714,0.012538333293136871,0.7869782167401864,0.0,1.1805466664924805e-05,1.3307980604097051e-05,3.126300837200642e-08,0.32881921540819903,12756499.053059813,-16.624895030698916
199.04999999999998,4,cGDL,-16.62481094040146,0.0,9.898707532735294,11.997001174590224,0.0009443984762099178,0.47792915787606643,11.518127618237948,0.00048275672512733983,0.012519703932867334,0.7869975393420053,0.0,1.1805906712989031e-05,1.3308476658278544e-05,3.126317525552018e-08,0.32877641048110495,12752701.220259769,-16.624829738106936
199.14999999999998,4,cGDL,-16.62474583124532,0.0,9.89877486354687,11.979180814990073,0.0009444271631372514,0.47724296828828916,11.500993419538647,0.00048206360433160523,0.012501079803846356,0.7870168565918221,0.0,1.1806346632553495e-05,1.3308972567605759e-05,3.126334190060869e-08,0.3287336175313259,12748904.423325352,-16.624764618956913
199.25,4,cGDL,-16.624687261429244,0.0,9.898842191861096,11.96136538033006,0.0009444552909095294,0.47655689849660016,11.48386402654255,0.00048137060454202035,0.012482460898415815,0.7870361684970422,0.0,1.1806785910861304e-05,1.3309467754061832e-05,3.1263499941160625e-08,0.32869083654157544,12745108.660917806,-16.624699672759057
199.35,4,cGDL,-16.624610097203345,0.0,9.898909517781846,11.945095296693227,0.000944482975916705,0.4758717156623175,11.468279098054992,0.00048067850066900756,0.012465520758755427,0.7870538007405756,0.0,1.1807188895762332e-05,1.3309922027950267e-05,3.126368230609295e-08,0.328651877390439,12741629.651779536,-16.624634899941405
199.45,4,cGDL,-16.62455145256979,0.0,9.89897684131211,11.927321481708757,0.0009445110563212622,0.4751858994393477,11.451191071213088,0.0004799857570094421,0.012446946816535966,0.7870730674264546,0.0,1.1807627173465386e-05,1.331041608645189e-05,3.1263840416337284e-08,0.3286091988966477,12737842.469206493,-16.624570300342675
199.55,4,cGDL,-16.624486633556558,0.0,9.899044162346993,11.909481624615125,0.0009445397453664572,0.474500165627618,11.434036919242141,0.0004792930965935535,0.01242830099917624,0.7870924059042302,0.0,1.180806756974034e-05,1.3310912533161839e-05,3.126400662919638e-08,0.32856635684368013,12734041.775400134,-16.624505873565596
199.65,4,cGDL,-16.62442306676263,0.0,9.899111480868784,11.891477302032511,0.0009445685433269735,0.47381446538781596,11.416718268101368,0.00047860047008870297,0.012409476378371052,0.7871119231515402,0.0,1.1808511893811152e-05,1.3311413407568935e-05,3.126417119365557e-08,0.32852310780553096,12730207.398089651,-16.624441620024932
199.75,4,cGDL,-16.62436062793529,0.0,9.899178796867327,11.873477734543098,0.0009445972399824143,0.4731288829626319,11.399404254340483,0.00047790796258851705,0.012390656798196177,0.7871314352392154,0.0,1.1808956016728982e-05,1.3311914055221761e-05,3.126433426297729e-08,0.32847987030979053,12726374.01999675,-16.6243775395761
199.84999999999997,4,cGDL,-16.62429342699545,0.0,9.899246110370123,11.85588494551642,0.0009446258091595494,0.47244361845159244,11.382496701255668,0.00047721577621372976,0.012372279023103987,0.7871505052006823,0.0,1.1809390579475478e-05,1.3312403925954175e-05,3.126450355180042e-08,0.32843763866627756,12722624.037994534,-16.62431363194355
199.95,4,cGDL,-16.624231357614406,0.0,9.899313421377675,11.837888870787076,0.0009446544706157023,0.4717582676523347,11.365185948664125,0.00047652350267912594,0.012353462987678396,0.7871700135096426,0.0,1.18098345991124e-05,1.3312904457181253e-05,3.126466610974887e-08,0.3283944093741668,12718791.424783401,-16.62424990235671
200.04999999999998,4,cGDL,-16.62416778710383,0.0,9.899380729863626,11.819897529705443,0.0009446832531776472,0.47107303357864394,11.347879812873622,0.00047583134704913527,0.012334651970514806,0.7871895166824362,0.0,1.1810278629918798e-05,1.3313405000999372e-05,3.126483062675472e-08,0.32835119157291465,12714959.806118999,-16.624186361599815
200.14999999999998,4,cGDL,-16.624104380967708,0.0,9.899448035828282,11.801910914560697,0.0009447120159748468,0.47038791608225844,11.330578286462464,0.00047513930917399843,0.012315845963546157,0.7872090147272799,0.0,1.1810722537895904e-05,1.3313905406355383e-05,3.126499491471478e-08,0.32830798524407184,12711129.180419013,-16.624122973565363
200.25,4,cGDL,-16.624040734984362,0.0,9.899515339272298,11.783927620235598,0.0009447407950346487,0.46970291414144333,11.31327996529912,0.0004744473880216599,0.012297043440542521,0.7872285091714358,0.0,1.1811166389979207e-05,1.3314405748703834e-05,3.126515950481703e-08,0.32826478691293404,12707299.259620946,-16.624059759507272
200.35,4,cGDL,-16.623978088435706,0.0,9.899582640189255,11.76584310534671,0.000944769621880559,0.4690179753282608,11.295880360396568,0.00047375553063460686,0.012278130826518008,0.7872481136428475,0.0,1.1811612643563546e-05,1.3314908798198908e-05,3.126532277507603e-08,0.3282213380217744,12703448.617311297,-16.62399671871173
200.45,4,cGDL,-16.62391520813628,0.0,9.899649938572823,11.74776328644017,0.000944798462678087,0.46833315218071164,11.27848533579678,0.0004730637900815269,0.012259223191083458,0.7872677130188351,0.0,1.18120588071788e-05,1.3315411746274283e-05,3.126548633944863e-08,0.328177900530552,12699598.961628618,-16.623933851572705
200.54999999999998,4,cGDL,-16.623852792266916,0.0,9.899717234423866,11.72968815568451,0.0009448272583702511,0.4676484444684453,11.261094883957695,0.0004723721661297427,0.012240320526040972,0.7872873073078294,0.0,1.1812504824750184e-05,1.3315914529718388e-05,3.126564928067796e-08,0.32813447442047233,12695750.290931618,-16.62387115787557
200.65,4,cGDL,-16.623790100022575,0.0,9.899784527748565,11.711694340257939,0.0009448559716760396,0.46696389014440265,11.24378559414186,0.00047168069711555824,0.012221506080588978,0.7873068132222955,0.0,1.181294888146758e-05,1.3316415102745274e-05,3.126581256756248e-08,0.32809124921118915,12691918.310343452,-16.623808637782542
200.75,4,cGDL,-16.62372758489471,0.0,9.899851818555556,11.693741901095958,0.0009448846163239155,0.46627946900425055,11.226517547475384,0.0004709893626305561,0.012202736464647156,0.7873262741727223,0.0,1.1813391917735383e-05,1.3316914525447161e-05,3.1265975606681226e-08,0.3280481261234511,12688094.834064264,-16.62374629100192
200.85,4,cGDL,-16.623665399809965,0.0,9.899919106848353,11.675794132541261,0.0009449132272524308,0.46559516243033106,11.209254056883678,0.00047029814386902126,0.01218397180096052,0.7873457300551705,0.0,1.1813834819127008e-05,1.331741379610681e-05,3.12661381993105e-08,0.3280050143750654,12684272.33898934,-16.62368411758475
200.95,4,cGDL,-16.623603390243204,0.0,9.899986392627913,11.65785102692307,0.0009449418175442315,0.46491097012018945,11.191995114985337,0.00046960704052544387,0.012165212081505802,0.7873651808779688,0.0,1.1814277598276604e-05,1.3317912928966356e-05,3.126630054850294e-08,0.32796191394759283,12680450.82348016,-16.62362211762632
201.04999999999998,4,cGDL,-16.62354154855933,0.0,9.900053675895126,11.639912576572467,0.0009449703878537941,0.4642268917838205,11.174740714400793,0.0004689160523068894,0.01214645729826173,0.7873846266494314,0.0,1.1814720255980685e-05,1.331841192492368e-05,3.1266462664321156e-08,0.32791882482260615,12676630.28590379,-16.623560290954764
201.14999999999998,4,cGDL,-16.623479879221804,0.0,9.900120956650888,11.62197877382221,0.0009449989378119694,0.4635429271321271,11.157490847752271,0.0004682251789213405,0.01212770744320899,0.7874040673778697,0.0,1.1815162792060624e-05,1.3318910783777431e-05,3.126662454093213e-08,0.32787574698168276,12672810.72462803,-16.623498637497878
201.24999999999997,4,cGDL,-16.623418389227425,0.0,9.900188234896092,11.604049611006891,0.0009450274668352798,0.46285907587629577,11.14024550766376,0.0004675344200770664,0.012108962508330174,0.7874235030715928,0.0,1.181560520613351e-05,1.3319409505095958e-05,3.126678616917417e-08,0.3278326804064049,12668992.138021175,-16.623437157362588
201.35,4,cGDL,-16.623357067501956,0.0,9.900255510631634,11.586125080462683,0.0009450559758695798,0.4621753377259056,11.123004686760908,0.00046684377548071273,0.012090222485609682,0.7874429337389097,0.0,1.181604749927303e-05,1.3319908090089597e-05,3.126694756362861e-08,0.3277896250783578,12665174.524451176,-16.62337585038893
201.45,4,cGDL,-16.623295918867598,0.0,9.900322783858403,11.568205174527181,0.0009450844645151335,0.4614917123917994,11.105768377670866,0.00046615324484020147,0.01207148736703355,0.7874623593881263,0.0,1.1816489671271513e-05,1.3320406538524251e-05,3.1267108717991024e-08,0.32774658097913123,12661357.882286826,-16.62331471652108
201.54999999999998,4,cGDL,-16.623234942999204,0.0,9.90039005457729,11.550289885539868,0.0009451129328081342,0.4608081995844891,11.088536573022571,0.0004654628278631203,0.01205275714458975,0.7874817800275472,0.0,1.1816931722336162e-05,1.3320904850633492e-05,3.1267269632719855e-08,0.3277035480903192,12657542.209897147,-16.623253755904308
201.65,4,cGDL,-16.623174147215366,0.0,9.900457322789185,11.532379205841572,0.0009451413801377928,0.4601247990149362,11.071309265446498,0.0004647725242575113,0.012034031810267933,0.7875011956654746,0.0,1.181737365205792e-05,1.33214030259562e-05,3.126743029823053e-08,0.32766052639351967,12653727.50565166,-16.623192968283735
201.75,4,cGDL,-16.62311350391002,0.0,9.900524588494974,11.514473127774863,0.0009451698088490668,0.45944151039123005,11.054086447574784,0.0004640823337285152,0.012015311356059549,0.7875206063102119,0.0,1.1817815462843314e-05,1.3321901067205191e-05,3.1267590750825814e-08,0.32761751587033316,12649913.767919028,-16.623132353729332
201.85,4,cGDL,-16.623053059715005,0.0,9.900591851695545,11.496571643684042,0.0009451982150037175,0.45875833342772543,11.036868112041313,0.0004633922559876014,0.011996595773957949,0.7875400119700545,0.0,1.1818257151113755e-05,1.3322398970346414e-05,3.1267750929267484e-08,0.3275745165023681,12646100.995070891,-16.623071787346888
201.95,4,cGDL,-16.62299277614227,0.0,9.900659112391782,11.478674745914637,0.0009452266018679656,0.45807526783149627,11.019654251481272,0.0004627022907388851,0.011977885055957904,0.7875594126533033,0.0,1.1818698720153092e-05,1.3322896739081668e-05,3.126791088415632e-08,0.32753152827123194,12642289.185476108,-16.62301163719572
202.05,4,cGDL,-16.622932655566387,0.0,9.90072637058457,11.460782426814173,0.0009452549692492429,0.457392313313022,11.002444858531902,0.0004620124376899212,0.011959179194056415,0.7875788083682537,0.0,1.1819140169950825e-05,1.3323394373399112e-05,3.126807061240382e-08,0.32748855115853914,12638478.337505389,-16.622951543363133
202.14999999999998,4,cGDL,-16.622872721905196,0.0,9.900793626274792,11.442894678731376,0.0009452833151319395,0.4567094695846406,10.985239925831603,0.000461322696550142,0.011940478180251743,0.7875981991231981,0.0,1.1819581498759279e-05,1.3323891871328639e-05,3.1268230082615285e-08,0.32744558514590816,12634668.449530456,-16.622891630391628
202.24999999999997,4,cGDL,-16.622812960804083,0.0,9.90086087946333,11.425011494016797,0.0009453116407393547,0.45602673635542984,10.968039446020628,0.0004606330670256867,0.01192178200654416,0.7876175849264302,0.0,1.1820022707916651e-05,1.332438923437877e-05,3.126838931368272e-08,0.3274026302149602,12630859.519922046,-16.622831877039463
202.35,4,cGDL,-16.62275335776752,0.0,9.900928130151065,11.407132865022342,0.0009453399473072222,0.4553441133343094,10.950843411740726,0.00045994354882253477,0.011903090664935572,0.787636965786242,0.0,1.1820463798772622e-05,1.3324886464070956e-05,3.126854832468363e-08,0.3273596863473199,12627051.547051135,-16.622772264547333
202.45,4,cGDL,-16.622694192323593,0.0,9.900995378338965,11.389258784101912,0.0009453682111815742,0.45466160025527874,10.933651815635452,0.0004592541416719987,0.011884404147429839,0.7876563417108982,0.0,1.1820904748966144e-05,1.33253835351982e-05,3.1268706748367015e-08,0.3273167535246311,12623244.529299563,-16.62271288974244
202.54999999999998,4,cGDL,-16.622635757498074,0.0,9.901062624032543,11.37145164218759,0.0009453963261604748,0.4539792280650468,10.916527017796383,0.0004585648768333806,0.011865790236735198,0.7876756448864315,0.0,1.18213440082421e-05,1.3325878700200186e-05,3.126886419605104e-08,0.32727398605657876,12619451.254025785,-16.622653655241493
202.65,4,cGDL,-16.622575660772213,0.0,9.901129867255076,11.353915214561052,0.000945424228941727,0.45329709821278796,10.899672692119323,0.0004578758567805939,0.011847470317521003,0.7876946538256985,0.0,1.1821776783338436e-05,1.3326366555763328e-05,3.126902379935305e-08,0.32723188793325486,12615713.486095898,-16.622594593908698
202.75,4,cGDL,-16.622516799691084,0.0,9.901197108025686,11.336383390277273,0.000945452021389126,0.4526150775606153,10.882822860695269,0.00045718694703092454,0.011829155283364423,0.7877136577696047,0.0,1.1822209351838124e-05,1.3326854178435705e-05,3.12691817668273e-08,0.32718980099319994,12611976.684462758,-16.62253570586829
202.85,4,cGDL,-16.622458102248288,0.0,9.901264346345634,11.318856162130771,0.0009454797942607396,0.45193316572814113,10.86597751660837,0.00045649814720014254,0.011810845126748227,0.7877326567260516,0.0,1.182264180036406e-05,1.3327341665864944e-05,3.1269339507060815e-08,0.3271477252190814,12608240.847550634,-16.622476999159687
202.95,4,cGDL,-16.622399584439393,0.0,9.901331582215795,11.301333522917885,0.0009455075462105333,0.451251362426977,10.849136652944697,0.00045580945699694647,0.01179253984015728,0.7877516507028458,0.0,1.1823074127796171e-05,1.3327829016788414e-05,3.126949699906737e-08,0.3271056605936249,12604505.973822653,-16.62241845756397
203.05,4,cGDL,-16.62234123611796,0.0,9.901398815637046,11.283815465437073,0.0009455352781054249,0.4505696673666068,10.83230026279236,0.0004551208761278857,0.011774239416078653,0.7877706397077935,0.0,1.1823506335122773e-05,1.3328316232320215e-05,3.1269654256210384e-08,0.32706360709955984,12600772.061741462,-16.622360089029463
203.14999999999998,4,cGDL,-16.62228306117248,0.0,9.901466046610269,11.266301982488471,0.0009455629896241158,0.44988808025751614,10.815468339241331,0.00045443240430052134,0.011755943847001446,0.7877896237486981,0.0,1.182393842220017e-05,1.3328803312298374e-05,3.1269811273411896e-08,0.3270215647196209,12597039.10977051,-16.62230188776909
203.24999999999997,4,cGDL,-16.62222505864071,0.0,9.901533275136334,11.248793066874626,0.0009455906808562564,0.44920660080991287,10.798640875383857,0.0004537440412221342,0.011737653125417236,0.7878086028333607,0.0,1.1824370389275857e-05,1.3329290257001875e-05,3.126996805196761e-08,0.3269795334365482,12593307.116373604,-16.622243862643497
203.35,4,cGDL,-16.622167226993895,0.0,9.90160050121612,11.231288711399367,0.0009456183519392369,0.4485252287338683,10.78181786431356,0.00045305578659986695,0.011719367243819086,0.7878275769695812,0.0,1.1824802236643028e-05,1.3329777066761232e-05,3.127012459391765e-08,0.3269375132330852,12589576.080014765,-16.62218601335853
203.45,4,cGDL,-16.6221095714659,0.0,9.901667724850496,11.21378890886892,0.0009456460024379054,0.4478439637399712,10.764999299126512,0.00045236764014138506,0.01170108619470273,0.7878465461651559,0.0,1.1825233964049282e-05,1.333026374129192e-05,3.1270280892416216e-08,0.32689550409198165,12585845.999158742,-16.622128336999843
203.54999999999998,4,cGDL,-16.62205207956697,0.0,9.901734946040335,11.196293652091152,0.0009456736334177984,0.4471628055373328,10.748185172920401,0.0004516796015528614,0.011682809970565653,0.7878655104278814,0.0,1.1825665572672e-05,1.3330750281921163e-05,3.127043696390613e-08,0.3268535059959905,12582116.872269986,-16.622070833330977
203.64999999999998,4,cGDL,-16.6219947667916,0.0,9.90180216478651,11.178802933876224,0.000945701243574959,0.4464817538374177,10.731375478795231,0.0004509916705428462,0.01166453856390786,0.7878844697655494,0.0,1.182609706143093e-05,1.3331236687431229e-05,3.1270592788059084e-08,0.3268115189278718,12578388.69781442,-16.622013502433987
203.75,4,cGDL,-16.621937624661086,0.0,9.90186938108989,11.161316747036052,0.0009457288336353065,0.4458008083495987,10.714570209852818,0.0004503038468177764,0.011646271967231324,0.7879034241859509,0.0,1.182652843117979e-05,1.333172295878449e-05,3.1270748376047525e-08,0.3267695428703889,12574661.474257449,-16.62195634437486
203.85,4,cGDL,-16.621880654186896,0.0,9.901936594951344,11.143835084384461,0.0009457564035211807,0.4451199687840625,10.697769359196878,0.0004496161300849116,0.011628010173040085,0.7879223736968751,0.0,1.1826959682006672e-05,1.3332209096080247e-05,3.127090372657377e-08,0.32672757780631023,12570935.200065218,-16.621899358830397
203.95,4,cGDL,-16.62182385319619,0.0,9.902003806371738,11.126357938737227,0.0009457839534246504,0.44443923485068376,10.680972919933119,0.0004489285200511957,0.011609753173840347,0.7879413183061085,0.0,1.1827390814256527e-05,1.3332695099707357e-05,3.12710588425244e-08,0.326685623718409,12567209.873704147,-16.621842546028066
204.05,4,cGDL,-16.621767229371528,0.0,9.902071015351941,11.108885302912158,0.0009458114827030628,0.4437586062601983,10.664180885169257,0.00044824101642444275,0.011591500962140497,0.7879602580214351,0.0,1.1827821827479086e-05,1.3333180969158244e-05,3.127121371383583e-08,0.3266436805894639,12563485.493641425,-16.621785905743348
204.15,4,cGDL,-16.62171077175219,0.0,9.902138221892816,11.091417169728945,0.0009458389922927246,0.44307808272166715,10.647393248014986,0.0004475536189107749,0.01157325353045107,0.7879791928506382,0.0,1.1828252722728318e-05,1.3333666705621015e-05,3.127136835494213e-08,0.3266017484022577,12559762.058343947,-16.62172943808142
204.25,4,cGDL,-16.621654488970762,0.0,9.902205425995229,11.073953532009213,0.000945866481470492,0.44239766394585694,10.630610001581886,0.0004468663272180373,0.011555010871284658,0.7879981228014974,0.0,1.1828683499477195e-05,1.3334152308501565e-05,3.1271522754531335e-08,0.32655982713957843,12556039.566279711,-16.621673142707596
204.34999999999997,4,cGDL,-16.62159837592452,0.0,9.902272627660041,11.056494382576396,0.0009458939506765685,0.44171734964226617,10.613831138983453,0.0004461791410527941,0.011536772977155928,0.7880170478817913,0.0,1.1829114158306961e-05,1.333463777845512e-05,3.127167691934e-08,0.3265179167842186,12552318.015916577,-16.621617020145745
204.45,4,cGDL,-16.62154243949385,0.0,9.902339826888115,11.0390397142562,0.0009459213993361915,0.44103713952155216,10.597056653335311,0.00044549206012277993,0.01151853984058186,0.7880359680992954,0.0,1.1829544698831839e-05,1.3335123115046803e-05,3.127183084035848e-08,0.32647601731897624,12548597.405723317,-16.621561069667006
204.54999999999998,4,cGDL,-16.62148666710783,0.0,9.902407023680315,11.021589519875853,0.0009459488285220585,0.4403570332924921,10.580286537754839,0.0004448050841338304,0.011500311454081346,0.7880548834617849,0.0,1.1829975122235738e-05,1.3335608319611198e-05,3.127198453413701e-08,0.3264341287266529,12544877.734168282,-16.62150529157337
204.64999999999998,4,cGDL,-16.621431072009784,0.0,9.902474218037495,11.004143792264749,0.0009459762371205604,0.439677030666204,10.563520785361424,0.00044411821279414544,0.011482087810175462,0.7880737939770305,0.0,1.1830405427619279e-05,1.3336093391134458e-05,3.1272137983304724e-08,0.32639225099005637,12541158.999721218,-16.621449685981506
204.75,4,cGDL,-16.62137564580223,0.0,9.902541409960518,10.986702524254136,0.0009460036258508997,0.4389971313518594,10.546759389276426,0.000443431445809959,0.01146386890138742,0.7880926996528027,0.0,1.183083561582952e-05,1.3336578330571459e-05,3.127229119892778e-08,0.32635038409199824,12537441.200851452,-16.621394252535925
204.85,4,cGDL,-16.62132039083673,0.0,9.902608599450238,10.96926570867703,0.0009460309945218404,0.4383173350595634,10.530002342622945,0.0004427447828884479,0.01144565472024233,0.7881116004968693,0.0,1.1831265686846004e-05,1.3337063137899134e-05,3.127244417794764e-08,0.32630852801529475,12533724.336029066,-16.621338991220856
204.95,4,cGDL,-16.62126531194599,0.0,9.902675786507515,10.95183333836811,0.0009460583427320923,0.4376376414996044,10.513249638525773,0.0004420582237369741,0.011427445259267144,0.788130496516996,0.0,1.1831695640447944e-05,1.3337547812868594e-05,3.127259691404528e-08,0.32626668274276677,12530008.40372456,-16.62128390226867
205.04999999999998,4,cGDL,-16.621210398065898,0.0,9.902742971133204,10.934405406163902,0.000946085671426955,0.43695805038085855,10.496501270111617,0.0004413717680614733,0.011409240510990888,0.7881493877209477,0.0,1.1832125477697637e-05,1.3338032356677337e-05,3.1272749421791194e-08,0.3262248482572388,12526293.40240824,-16.62122898044298
205.15,4,cGDL,-16.621155659131205,0.0,9.902810153328156,10.916981904902977,0.0009461129797726509,0.4362785614140664,10.479757230509138,0.00044068541556976405,0.011391040467944716,0.7881682741164856,0.0,1.1832555197962407e-05,1.3338516768612167e-05,3.127290168816196e-08,0.3261830245415414,12522579.330551585,-16.621174214743874
205.25,4,cGDL,-16.621101090907075,0.0,9.902877333093228,10.89956282742564,0.0009461402681359976,0.43559917430868256,10.463017512848822,0.0004399991659683662,0.011372845122661762,0.7881871557113699,0.0,1.1832984801753252e-05,1.333900104924912e-05,3.127305371875392e-08,0.32614121157850884,12518866.186625917,-16.621119641070493
205.34999999999997,4,cGDL,-16.62104669284554,0.0,9.902944510429268,10.88214816657409,0.0009461675365715072,0.4349198887744242,10.446282110263095,0.0004393130189640649,0.011354654467677278,0.7882060325133587,0.0,1.183341428928357e-05,1.3339485198828752e-05,3.1273205514318744e-08,0.3260994093509803,12515153.969103063,-16.621065238551786
205.45,4,cGDL,-16.620992467054293,0.0,9.903011685337129,10.864737915192332,0.0009461947849085384,0.4342407045213261,10.429551015886098,0.0004386269742639658,0.011336468495528367,0.7882249045302077,0.0,1.1833843660552326e-05,1.3339969217349894e-05,3.127335707211823e-08,0.3260576178417996,12511442.676455332,-16.621011007307228
205.54999999999998,4,cGDL,-16.620938412876285,0.0,9.903078857817661,10.847332066126416,0.0009462220132106514,0.4335616212590378,10.412824222854168,0.00043794103157478566,0.01131828719875453,0.7882437717696708,0.0,1.1834272915781634e-05,1.3340453105062933e-05,3.127350839304734e-08,0.3260158370338155,12507732.307155328,-16.620956947150667
205.64999999999998,4,cGDL,-16.62088452798787,0.0,9.903146027871713,10.829930612224187,0.0009462492216828489,0.43288263869712773,10.396101724305376,0.00043725519060315934,0.011300110569897149,0.7882626342394998,0.0,1.1834702055328129e-05,1.3340936862369891e-05,3.127365948019114e-08,0.3259740669098811,12504022.859675964,-16.620904042038863
205.75,4,cGDL,-16.620830818617378,0.0,9.90321319550013,10.812533546335473,0.00094627640980538,0.4322037565459531,10.379383513379715,0.0004365694510565183,0.01128193860149969,0.7882814919474438,0.0,1.1835131078857964e-05,1.3341420488894433e-05,3.1273810325396467e-08,0.3259323074528548,12500314.332490891,-16.620849366520716
205.85,4,cGDL,-16.620777271361362,0.0,9.90328036070376,10.795140861311856,0.0009463035787219409,0.43152497451398386,10.36266958321915,0.00043588381264038774,0.011263771286107772,0.7883003449012519,0.0,1.1835559987622295e-05,1.3341903986046951e-05,3.127396094630848e-08,0.32589055864559874,12496606.724073365,-16.620795829728948
205.95,4,cGDL,-16.620723905516968,0.0,9.90334752348345,10.7777525500069,0.0009463307268052779,0.43084629231264027,10.345959926967454,0.00043519827506327297,0.011245608616268972,0.7883191931086678,0.0,1.183598878023199e-05,1.3342387352261517e-05,3.1274111317600124e-08,0.3258488204709812,12492900.032898255,-16.620742480493913
206.04999999999998,4,cGDL,-16.62067070313111,0.0,9.903414683840042,10.760368605275993,0.0009463578555847785,0.4301677096501149,10.329254537770293,0.0004345128380304191,0.011227450584532927,0.7883380365774367,0.0,1.1836417458305528e-05,1.3342870589362596e-05,3.127426146289539e-08,0.32580709291187326,12489194.257439451,-16.620689301754137
206.15,4,cGDL,-16.620617672812784,0.0,9.90348184177438,10.74298901997654,0.0009463849643389088,0.4294892262367341,10.312553408775466,0.00043382750124922634,0.011209297183451594,0.7883568753152992,0.0,1.1836846021316649e-05,1.334335369675695e-05,3.127441137091267e-08,0.3257653759511525,12485489.396172198,-16.620636293441823
206.25,4,cGDL,-16.620564818206276,0.0,9.903548997287304,10.725613786967362,0.000946412052766743,0.42881084178258994,10.295856533132005,0.0004331422644268585,0.011191148405578267,0.788375709329995,0.0,1.18372744691399e-05,1.3343836674303162e-05,3.127456103689438e-08,0.3257236695716997,12481785.447571868,-16.620583455515444
206.35,4,cGDL,-16.620512126459857,0.0,9.903616150379657,10.708242899109537,0.0009464391219654589,0.42813255599615097,10.27916390399142,0.00043245712726883937,0.011173004243468936,0.7883945386292623,0.0,1.1837702802981888e-05,1.3344319523361401e-05,3.127471047776104e-08,0.3256819737564003,12478082.410113683,-16.620530787894268
206.45000000000002,4,cGDL,-16.62045961458307,0.0,9.903683301052277,10.690876349265778,0.000946466170501481,0.4274543685885834,10.262475514506693,0.00043177208948341756,0.01115486468968119,0.7884133632208354,0.0,1.1838131021637762e-05,1.3344802242573479e-05,3.127485967119136e-08,0.3256402884881454,12474380.28227428,-16.620477478266622
206.54999999999998,4,cGDL,-16.620407264347136,0.0,9.903750449306006,10.673514130300463,0.0009464931999277337,0.42677627926788747,10.245791357832648,0.0004310871507756439,0.011136729736774617,0.7884321831124498,0.0,1.1838559126748382e-05,1.3345284833789086e-05,3.127500864117216e-08,0.3255986137498286,12470679.062529363,-16.62042596663406
206.64999999999998,4,cGDL,-16.6203550922408,0.0,9.903817595141678,10.65615623508018,0.0009465202088547175,0.4260982877451694,10.229111427126156,0.00043040231085370647,0.01111859937731104,0.7884509983118353,0.0,1.1838987117150795e-05,1.3345767295697259e-05,3.1275157366066366e-08,0.3255569495243506,12466978.749356344,-16.620373787885054
206.74999999999997,4,cGDL,-16.62030308315019,0.0,9.903884738560132,10.638802656473015,0.0009465471985712903,0.4254203937286562,10.212435715545787,0.00042971756942288507,0.011100473603854117,0.788469808826723,0.0,1.1839414994234323e-05,1.3346249629864144e-05,3.12753058657676e-08,0.3255152957946142,12463279.341231782,-16.620321779941296
206.85,4,cGDL,-16.620251253255617,0.0,9.9039518795622,10.621453387349296,0.0009465741677142647,0.42474259692943483,10.195764216252147,0.0004290329261913483,0.011082352408969725,0.788488614664839,0.0,1.183984275686075e-05,1.3346731835006664e-05,3.1275454119043896e-08,0.32547365254352933,12459580.83663385,-16.62026994262902
206.95,4,cGDL,-16.620199585299474,0.0,9.90401901814872,10.604108420580818,0.0009466011177540756,0.4240648970554815,10.179096922407583,0.00042834838086412274,0.011064235785225633,0.7885074158339103,0.0,1.1840270406592564e-05,1.3347213912886165e-05,3.1275602148606267e-08,0.3254320197540082,12455883.234039772,-16.620218275937248
207.04999999999998,4,cGDL,-16.620148093366765,0.0,9.904086154320524,10.586767749041508,0.0009466280475051159,0.4233872938177109,10.162433827176292,0.00042766393314920293,0.011046123725191622,0.7885262123416592,0.0,1.184069794246065e-05,1.3347695862410187e-05,3.127574993597624e-08,0.3253903974089694,12452186.531928388,-16.62016677976818
207.15,4,cGDL,-16.62009677038145,0.0,9.904153288078442,10.569431365606968,0.000946654957574955,0.4227097869249479,10.145774923724446,0.0004269795827524726,0.011028016221439615,0.788545004195808,0.0,1.1841125365205078e-05,1.3348177684412998e-05,3.127589749048464e-08,0.32534878549133506,12448490.728778064,-16.62011545419824
207.25,4,cGDL,-16.62004561618039,0.0,9.904220419423307,10.552099263154755,0.0009466818479855199,0.42203237608681077,10.129120205219959,0.00042629532938061695,0.011009913266543433,0.788563791404076,0.0,1.1841552675007534e-05,1.3348659379099402e-05,3.127604481237742e-08,0.32530718398403224,12444795.823067855,-16.620064299056285
207.35,4,cGDL,-16.619994633735644,0.0,9.90428754835595,10.534771434564178,0.0009467087184927836,0.42135506101308795,10.112469664832597,0.00042561117274049286,0.01099181485307891,0.7885825739741806,0.0,1.1841979871796383e-05,1.334914094638865e-05,3.127619189778047e-08,0.3252655928699926,12441101.813277265,-16.62001331431062
207.45,4,cGDL,-16.619943821206107,0.0,9.904354674877196,10.517447872716222,0.000946735569260837,0.4206778414131188,10.095823295733842,0.00042492711253850387,0.010973720973623742,0.7886013519138378,0.0,1.1842406955888778e-05,1.3349622386638257e-05,3.127633874914498e-08,0.3252240121321518,12437408.697885964,-16.619962499974548
207.54999999999998,4,cGDL,-16.619893179213193,0.0,9.904421798987874,10.500128570493924,0.0009467624002448827,0.4200007169965138,10.079181091097166,0.0004242431484813271,0.01095563162075779,0.788620125230761,0.0,1.1842833927402894e-05,1.3350103699981444e-05,3.127648536568593e-08,0.32518244175345046,12433716.475374144,-16.619911855813125
207.64999999999998,4,cGDL,-16.619842706843713,0.0,9.904488920688813,10.482813520781889,0.0009467892115304077,0.41932368747267673,10.062543044097682,0.00042355928027543107,0.010937546787062697,0.788638893932662,0.0,1.1843260786580871e-05,1.3350584886691164e-05,3.1276631748635136e-08,0.3251408817168334,12430025.14422224,-16.619861382044
207.74999999999997,4,cGDL,-16.619792403429983,0.0,9.904556039980834,10.465502716466677,0.0009468160031820272,0.4186467525510571,10.045909147912438,0.0004228755076273304,0.010919466465122214,0.7886576580272505,0.0,1.1843687533644978e-05,1.3351065947017978e-05,3.127677789890171e-08,0.3250993320052501,12426334.702911116,-16.61981107837003
207.85,4,cGDL,-16.61974227123693,0.0,9.904623156864767,10.448196150436571,0.0009468427750156105,0.4179699119413692,10.029279395720186,0.0004221918302438072,0.010901390647521941,0.7886764175222343,0.0,1.1844114168580506e-05,1.3351546880945299e-05,3.1276923813540717e-08,0.32505779260165435,12422645.149922078,-16.619760944857994
207.95,4,cGDL,-16.619692308775825,0.0,9.904690271341432,10.430893815581896,0.0009468695271653282,0.4172931653529414,10.01265378070179,0.00042150824783125396,0.010883319326849772,0.7886951724253191,0.0,1.1844540691675991e-05,1.335202768879839e-05,3.127706949454042e-08,0.32501626348900503,12418956.48373672,-16.61971098147905
208.04999999999998,4,cGDL,-16.61964251645469,0.0,9.904757383411651,10.413595704795162,0.000946896259604646,0.4166165124953074,9.99603229604025,0.0004208247600962701,0.010865252495695924,0.7887139227442078,0.0,1.1844967103066663e-05,1.3352508370729695e-05,3.127721494139622e-08,0.32497474465026643,12415268.702837147,-16.61966118809827
208.14999999999998,4,cGDL,-16.61964307541598,0.0,9.904824493094207,10.396301810970455,0.0009469187175438765,0.41593995733271766,9.979414934920193,0.00042014137104314913,0.010847190146652384,0.7887326684823045,0.0,1.1845389347839374e-05,1.3352984355746205e-05,3.127729420454358e-08,0.3249332360708834,12411581.807484532,-16.619611564651606
208.25,4,cGDL,-16.619494609746937,0.0,9.904891601293865,10.39256018222487,0.0009469361267482324,0.41527027369837577,9.976342972399745,0.0004194649229276523,0.010843851056956245,0.7887366840201161,0.0,1.1845491804668004e-05,1.3353099852534841e-05,3.1277568507277926e-08,0.3249252455888132,12410672.550215438,-16.619562111202665
208.35,4,cGDL,-16.619494682260665,0.0,9.904958708011197,10.375276102272881,0.0009469586134409624,0.4145939057371253,9.959735237922315,0.0004187817229667932,0.010825799171654691,0.7887554191053785,0.0,1.1845913855283948e-05,1.3353575618683724e-05,3.127764838832852e-08,0.3248837609366887,12406987.705135176,-16.619512827553205
208.45,4,cGDL,-16.619446416007122,0.0,9.90502581232708,10.357760487523144,0.0009469855011286499,0.41391750806394606,9.94289599395807,0.0004180984929938849,0.010807495645606598,0.7887744058613996,0.0,1.184634548697076e-05,1.3354062185312493e-05,3.1277791801538126e-08,0.3248417034652621,12403255.423078056,-16.61946371376299
208.55,4,cGDL,-16.6193974557371,0.0,9.905092914208288,10.3402487549191,0.0009470124428220816,0.41324120242844825,9.92606054004783,0.00041741535598833156,0.010789196239182425,0.7887933884048293,0.0,1.1846777085273216e-05,1.335454871430799e-05,3.127793611649259e-08,0.3247996554247815,12399523.955888106,-16.619414769628698
208.65,4,cGDL,-16.6193486556391,0.0,9.905160013655278,10.322740896634023,0.0009470393661020204,0.4125649886120785,9.909228868655843,0.00041673231172937225,0.010770900944191133,0.7888123667440796,0.0,1.1847208581348474e-05,1.3355035128065553e-05,3.1278080210613885e-08,0.32475761679647475,12395793.301930256,-16.6193659952936
208.74999999999997,4,cGDL,-16.619300032546278,0.0,9.90522711066883,10.305236904842427,0.0009470662695499343,0.4118888663253734,9.892400972247504,0.0004160493599246196,0.01075260975244294,0.7888313408876324,0.0,1.1847639974022146e-05,1.3355521425261326e-05,3.127822406181075e-08,0.3247155875615311,12392063.45954004,-16.619317390626875
208.85,4,cGDL,-16.61925157598108,0.0,9.905294205249719,10.287736771719846,0.0009470931540632721,0.4112128352764203,9.875576843289362,0.0004153665002792124,0.010734322655749307,0.7888503108439715,0.0,1.1848071264327099e-05,1.3356007607059636e-05,3.1278367683885215e-08,0.3246735677011414,12388334.427052192,-16.619268955410817
208.95,4,cGDL,-16.619161863176885,0.0,9.905361297383891,10.27024048944304,0.0009471235325693717,0.41053689166138846,9.858756474249082,0.0004146837289508974,0.010716039645922916,0.7888692766251262,0.0,1.184850580065022e-05,1.33564974480057e-05,3.1278565517640405e-08,0.324631557194455,12384606.201333497,-16.619220689831216
209.04999999999998,4,cGDL,-16.619196759935733,0.0,9.90542838631817,10.241440508773897,0.0009471580943993807,0.4098553796304363,9.830637971049061,0.00041399533296003667,0.01068547605548811,0.7889005286115519,0.0,1.1849207075608381e-05,1.3357287976140356e-05,3.127860024063836e-08,0.3245615895426482,12378561.232849717,-16.619172593619467
209.14999999999998,4,cGDL,-16.61910611317205,0.0,9.905495472076565,10.224293240857419,0.000947188097309426,0.4091797876184121,9.814166265141697,0.00041331291678627487,0.010667572027327932,0.7889191150558859,0.0,1.1849633155373506e-05,1.3357768284239226e-05,3.127879926148814e-08,0.32452044190480955,12374904.57751962,-16.619124666929682
209.25,4,cGDL,-16.619058366620607,0.0,9.905562555437527,10.207150091008543,0.0009472144566982643,0.4085042894701458,9.7976985870817,0.0004126305954243897,0.010649672377262717,0.788937697027313,0.0,1.1850055671822328e-05,1.3358244575508807e-05,3.1278941889494023e-08,0.3244793042873294,12371248.7865319,-16.619076909492136
209.35,4,cGDL,-16.619010786044612,0.0,9.905629636417158,10.190011052192004,0.0009472407968594831,0.4078288812707548,9.78123493012439,0.0004119483649199543,0.010631777097961292,0.7889562745371188,0.0,1.1850478079533764e-05,1.3358720744201698e-05,3.1279084289242096e-08,0.3244381766712413,12367593.856868258,-16.61902932142428
209.45,4,cGDL,-16.61896337464418,0.0,9.905696715016262,10.172876117374479,0.00094726711752946,0.40715356272991565,9.764775287527033,0.0004112662249797128,0.010613886182094601,0.7889748475929258,0.0,1.1850900378415702e-05,1.3359196790214063e-05,3.1279226456558274e-08,0.3243970590396934,12363939.787026081,-16.618981902504427
209.55,4,cGDL,-16.618916134871483,0.0,9.905763791235639,10.155745279524393,0.0009472934185080217,0.4064783335573143,9.74831965254857,0.00041058417531041844,0.010595999622335402,0.7889934162023543,0.0,1.1851322568436452e-05,1.3359672713510182e-05,3.127936838825148e-08,0.32435595137583784,12360286.575503092,-16.618934652828795
209.65,4,cGDL,-16.61886906304079,0.0,9.90583086507609,10.138618531611975,0.0009473197001158007,0.4058031934620305,9.731868018449829,0.0004099022156182126,0.01057811741135851,0.7890119803730233,0.0,1.1851744650060496e-05,1.336014851461365e-05,3.1279510089197554e-08,0.32431485366283125,12356634.220797163,-16.61888757226932
209.75,4,cGDL,-16.61882215976999,0.0,9.905897936538416,10.121495866609031,0.0009473459623082769,0.4051281421535359,9.715420378493187,0.0004092203456096322,0.01056023954184042,0.78903054011255,0.0,1.1852166623404393e-05,1.3360624193655861e-05,3.127965155861622e-08,0.3242737658838342,12352982.721406631,-16.618840660726136
209.84999999999997,4,cGDL,-16.618775423773286,0.0,9.905965005623413,10.104377277489439,0.0009473722052024125,0.4044531793411406,9.698976725943096,0.00040853856499105113,0.010542366006459887,0.7890490954285492,0.0,1.1852588488738562e-05,1.336109975094165e-05,3.127979279822916e-08,0.3242326880220124,12349332.075830199,-16.618793918260852
209.95,4,cGDL,-16.618728859697285,0.0,9.906032072331875,10.087262757228665,0.0009473984284119608,0.40377830473464915,9.682537054065603,0.0004078568734693426,0.010524496797897395,0.7890676463286334,0.0,1.1853010245853707e-05,1.336157518623509e-05,3.127993380196113e-08,0.3241916200605357,12345682.282567106,-16.618747344637015
210.04999999999998,4,cGDL,-16.61868245971334,0.0,9.906099136664603,10.070152298803723,0.0009474246326088842,0.4031035180428042,9.66610135612831,0.0004071752707503073,0.01050663190883512,0.7890861928204146,0.0,1.1853431895549257e-05,1.3362050500437343e-05,3.128007458013317e-08,0.3241505619825773,12342033.34011646,-16.618700939971664
210.14999999999998,4,cGDL,-16.61863623584054,0.0,9.906166198622389,10.05304589519397,0.0009474508167815476,0.4024288189760871,9.649669625401101,0.00040649375654150215,0.01048877133195772,0.7891047349115009,0.0,1.185385343701966e-05,1.3362525692640343e-05,3.1280215116980126e-08,0.32410951377131697,12338385.246978564,-16.61865470402254
210.25,4,cGDL,-16.618590171758797,0.0,9.906233258206028,10.035943539379895,0.0009474769823222262,0.4017542072424706,9.633241855155102,0.0004058123305479501,0.010470915059951198,0.7891232726095009,0.0,1.1854274871750974e-05,1.3363000764519282e-05,3.128035543398377e-08,0.324068475409936,12334738.00165293,-16.618608636947446
210.35,4,cGDL,-16.61854428179322,0.0,9.906300315416312,10.01884522434415,0.0009475031280237189,0.4010796825526155,9.61681803866351,0.0004051309924773894,0.010453063085503816,0.7891418059220188,0.0,1.1854696198751074e-05,1.3363475714955755e-05,3.1280495512347924e-08,0.3240274468816226,12331091.602640614,-16.618562738494624
210.45,4,cGDL,-16.618498560519242,0.0,9.90636737025403,10.001750943071253,0.0009475292543539848,0.40040524461548105,9.600398169201418,0.00040444974203583943,0.010435215401305889,0.7891603348566584,0.0,1.1855117418624871e-05,1.3363950544631674e-05,3.1280635359234104e-08,0.3239864281695685,12327446.048442353,-16.618517008726183
210.54999999999998,4,cGDL,-16.618453004634546,0.0,9.906434422719977,9.98466068854767,0.0009475553616010712,0.39973089314020094,9.583982240045868,0.0004037685789294959,0.010417372000049857,0.7891788594210206,0.0,1.185553853180566e-05,1.3364425254035473e-05,3.128077497901448e-08,0.32394541925697046,12323801.337559354,-16.618471447469698
210.65,4,cGDL,-16.618407617096466,0.0,9.90650147281494,9.96757445376172,0.0009475814495221724,0.3990566278364362,9.567570244475762,0.0004030875028650871,0.010399532874430177,0.7891973796227048,0.0,1.1855959538220472e-05,1.3364899843084895e-05,3.128091436783393e-08,0.3239044201270301,12320157.468493426,-16.6184260547688
210.75,4,cGDL,-16.61836240209186,0.0,9.906568520539707,9.950492231703269,0.000947607517769733,0.3983824484139739,9.551162175771525,0.0004024065135494686,0.010381698017142962,0.7892158954693076,0.0,1.1856380437696805e-05,1.336537431158549e-05,3.128105352022126e-08,0.32386343076295276,12316514.439746741,-16.618379846559677
210.85,4,cGDL,-16.618317352494955,0.0,9.906635565895067,9.933414015364026,0.000947633566956263,0.3977083545815896,9.53475802721548,0.00040172561068847437,0.01036386742088639,0.7892344069684252,0.0,1.1856801230977125e-05,1.3365848660374212e-05,3.128119244557409e-08,0.32382245114794816,12312872.249821436,-16.61833574815639
210.95000000000002,4,cGDL,-16.618272468060354,0.0,9.906702608881805,9.916339797737683,0.0009476595971106283,0.3970343460487543,9.518357792091818,0.0004010447939886407,0.010346041078360672,0.7892529141276508,0.0,1.1857221918247384e-05,1.3366322889660686e-05,3.128133114424681e-08,0.3237814812652308,12309230.897220328,-16.618290850274608
211.04999999999998,4,cGDL,-16.618227754668055,0.0,9.906769649500704,9.899269571819266,0.0009476856077416662,0.3963604225253224,9.501961463686202,0.0004003640631568913,0.010328218982267611,0.7892714169545755,0.0,1.185764249919802e-05,1.3366796999095949e-05,3.128146960854274e-08,0.3237405210980192,12305590.380446691,-16.618246104067055
211.14999999999998,4,cGDL,-16.618183212041117,0.0,9.906836687752554,9.882203330605657,0.000947711598880796,0.3956865837207783,9.485569035285998,0.00039968341789977605,0.010310401125310868,0.7892899154567894,0.0,1.1858062974017445e-05,1.3367270988892393e-05,3.128160783885776e-08,0.3236995706295358,12301950.698003992,-16.618201526393122
211.24999999999997,4,cGDL,-16.618138834810054,0.0,9.906903723638132,9.865141067095436,0.0009477375709915359,0.39501282934404125,9.469180500180403,0.000399002857923274,0.01029258750019609,0.7893084096418806,0.0,1.1858483343306001e-05,1.3367744859726764e-05,3.1281745842281215e-08,0.32365862984300725,12298311.848395841,-16.618157117350645
211.35,4,cGDL,-16.6180946221873,0.0,9.906970757158222,9.848082774288981,0.0009477635241486593,0.39433915910448664,9.452795851660346,0.0003983223829338249,0.01027477809963081,0.7893268995174354,0.0,1.1858903607293384e-05,1.3368218611857998e-05,3.1281883619880106e-08,0.32361769872166474,12294673.83012639,-16.618112876665982
211.45,4,cGDL,-16.618050581900036,0.0,9.907037788313607,9.831028445188094,0.0009477894577042956,0.39366557271222496,9.436415083018165,0.0003976419926386111,0.010256972916324093,0.7893453850910374,0.0,1.1859323765520408e-05,1.336869224476846e-05,3.12820211615298e-08,0.32357677724874345,12291036.641700385,-16.618068804447834
211.54999999999998,4,cGDL,-16.618006707783934,0.0,9.907104817105063,9.81397807279675,0.0009478153721894644,0.39299206987618074,9.42003818754838,0.0003969616867436169,0.01023917194298737,0.789363866370269,0.0,1.1859743818651655e-05,1.336916575920732e-05,3.128215847536447e-08,0.32353586540748314,12287400.281622529,-16.61802571287127
211.65,4,cGDL,-16.617963003167972,0.0,9.907171843533373,9.796931650120127,0.0009478412673295522,0.3923186503061125,9.403665158546685,0.0003962814649556692,0.010221375172333354,0.7893823433627111,0.0,1.1860163766583666e-05,1.3369639155057951e-05,3.128229555704035e-08,0.32349496318112714,12283764.748398112,-16.6179811618065
211.75,4,cGDL,-16.61791946292601,0.0,9.90723886759931,9.779889170165314,0.0009478671435674269,0.391645313710985,9.387295989310761,0.0003956013269807929,0.010203582597076915,0.7894008160759424,0.0,1.186058360989703e-05,1.3370112432974835e-05,3.128243241332717e-08,0.323454070552923,12280130.040532494,-16.61793761617399
211.85,4,cGDL,-16.61787609168948,0.0,9.907305889303656,9.762850625941091,0.000947893000517952,0.39097205980069566,9.370930673139878,0.0003949212725259552,0.01018579420993465,0.7894192845175395,0.0,1.1861003348382827e-05,1.337058559272246e-05,3.128256903816916e-08,0.323413187506123,12276496.156531762,-16.617894238077998
211.95,4,cGDL,-16.617832888343116,0.0,9.907372908647181,9.745816010457768,0.0009479188382837123,0.3902988882845957,9.354569203334888,0.0003942413012975714,0.010168010003624878,0.7894377486950775,0.0,1.1861422982297067e-05,1.3371058634589418e-05,3.1282705433064135e-08,0.3233723140239828,12272863.094902089,-16.61785102747838
212.04999999999998,4,cGDL,-16.617789851842304,0.0,9.907439925630662,9.728785316727732,0.0009479446569612415,0.3896257988720956,9.338211573198675,0.0003935614130021167,0.010150229970868126,0.7894562086161299,0.0,1.186184251189002e-05,1.3371531558857843e-05,3.128284159941701e-08,0.3233314500897632,12269230.854150085,-16.617806174065812
212.14999999999998,4,cGDL,-16.61774698483356,0.0,9.907506940254875,9.711758537764702,0.0009479704563336577,0.38895279127285887,9.32185777603551,0.0003928816073463221,0.010132454104386424,0.7894746642882673,0.0,1.1862261937113238e-05,1.3372004365473101e-05,3.1282977533781025e-08,0.3232905956867287,12265599.432782765,-16.61776506481788
212.24999999999997,4,cGDL,-16.617704281679096,0.0,9.907573952520588,9.69473566658439,0.0009479962368876271,0.388279865195929,9.305507805151572,0.00039220188403629193,0.010114682396903883,0.7894931157190599,0.0,1.186268125858862e-05,1.3372477055136261e-05,3.1283113243598466e-08,0.3232497507981479,12261968.829307264,-16.617722311518172
212.35,4,cGDL,-16.617661750450793,0.0,9.907640962428575,9.677716696204046,0.0009480219979456361,0.3876070203515154,9.289161653854585,0.0003915222427793085,0.010096914841146288,0.7895115629160745,0.0,1.1863100475828605e-05,1.33729496272977e-05,3.1283248718291367e-08,0.3232089154072942,12258339.042231524,-16.617679725308435
212.45,4,cGDL,-16.617619378919983,0.0,9.907707969979604,9.660701619642653,0.0009480477405537924,0.38693425644800794,9.272819315454091,0.0003908426832808161,0.010079151429841404,0.7895300058868778,0.0,1.1863519589988447e-05,1.3373422083259707e-05,3.128338397396535e-08,0.3231680894974442,12254710.0700631,-16.61763730618213
212.54999999999998,4,cGDL,-16.617577183273227,0.0,9.907774975174448,9.643690429920788,0.0009480734633457999,0.386261573196351,9.256480783261091,0.0003901632052488394,0.010061392155718578,0.7895484446390326,0.0,1.1863938599923752e-05,1.3373894421732229e-05,3.128351898937611e-08,0.32312727305187966,12251081.91131091,-16.61759505394789
212.65,4,cGDL,-16.61753514580778,0.0,9.907841978013872,9.62668312006088,0.0009480991678324502,0.3855889703045231,9.240146050588525,0.0003894838083884072,0.010043637011509265,0.7895668791801024,0.0,1.1864357507232809e-05,1.3374366644516986e-05,3.128365378782474e-08,0.32308646605388547,12247454.564483035,-16.617552968668743
212.75,4,cGDL,-16.617493286013996,0.0,9.907908978498645,9.609679683087117,0.0009481248523669494,0.384916447483758,9.223815110750992,0.0003888044924078363,0.01002588598994673,0.7895853095176455,0.0,1.1864776310503662e-05,1.3374838750022308e-05,3.12837883437241e-08,0.32304566848675254,12243828.028089255,-16.61751105018916
212.85,4,cGDL,-16.61745158233606,0.0,9.907975976629531,9.59268011202514,0.0009481505187871608,0.38424400444171414,9.20748795706464,0.00038812525701183246,0.010008139083765912,0.7896037356592223,0.0,1.1865195011646506e-05,1.3375310740401516e-05,3.128392268544014e-08,0.3230048803337735,12240202.300638167,-16.617469298551217
212.95,4,cGDL,-16.617410053046342,0.0,9.908042972407296,9.57568439990227,0.0009481761655497634,0.38357164088950946,9.191164582847211,0.0003874461019085954,0.00999039628570349,0.789622157612388,0.0,1.1865613609347824e-05,1.337578261417391e-05,3.128405678898661e-08,0.32296410157824673,12236577.380640147,-16.617427713584096
213.05,4,cGDL,-16.617368684695293,0.0,9.908109965832706,9.558692539747824,0.000948201793804393,0.38289935653556884,9.17484498141845,0.0003867670268036049,0.009972657588498315,0.7896405753846981,0.0,1.1866032104861705e-05,1.3376254372753195e-05,3.128419067207428e-08,0.3229233322034744,12232953.266604854,-16.617386295186027
213.15,4,cGDL,-16.61732748870878,0.0,9.908176956906521,9.541704524592294,0.0009482274025889303,0.38222715109041827,9.158529146099287,0.0003860880314044629,0.00995492298489053,0.789658988983705,0.0,1.186645049742865e-05,1.3376726015283207e-05,3.128432431971614e-08,0.32288257219276245,12229329.957043065,-16.617345043442526
213.24999999999997,4,cGDL,-16.617286456750776,0.0,9.908243945629502,9.524720347468033,0.0009482529926190808,0.38155502426295035,9.142217070212464,0.0003854091154171216,0.009937192467622244,0.7896773984169607,0.0,1.1866868787888838e-05,1.3377197542711056e-05,3.128445774290156e-08,0.3228418215294207,12225707.450465253,-16.61730395821764
213.35,4,cGDL,-16.61724559117937,0.0,9.908310932002415,9.5077400014091,0.0009482785637023872,0.3808829757629356,9.125908747082462,0.0003847302785484198,0.00991946602943746,0.7896958036920141,0.0,1.1867286976216713e-05,1.337766895500793e-05,3.128459093856285e-08,0.32280108019676346,12222085.745382605,-16.617263039367874
213.45,4,cGDL,-16.617204890289713,0.0,9.908377916026014,9.490763479451227,0.0009483041159915051,0.3802110052998386,9.109604170035396,0.00038405152050488745,0.009901743663081953,0.7897142048164132,0.0,1.1867705062715617e-05,1.3378140252515784e-05,3.1284723908972886e-08,0.32276034817810906,12218464.840306524,-16.61722228687786
213.54999999999998,4,cGDL,-16.617164359421793,0.0,9.90844489770106,9.473790774631802,0.0009483296490409576,0.3795391125837468,9.093303332399014,0.00038337284099368364,0.009884025361303277,0.7897326017977031,0.0,1.1868123047118497e-05,1.3378611434933578e-05,3.128485664714429e-08,0.3227196254567803,12214844.733748998,-16.617181700768622
213.64999999999998,4,cGDL,-16.61712399436641,0.0,9.90851187702831,9.45682187998983,0.0009483551632159526,0.37886729732390684,9.077006227502707,0.000382694239721118,0.00986631111685077,0.7897509946434281,0.0,1.1868540929931372e-05,1.3379082502831727e-05,3.1284989158641845e-08,0.3226789120161034,12211225.424222006,-16.617141280963764
213.75,4,cGDL,-16.61708379447299,0.0,9.908578854008523,9.43985678856592,0.0009483806585796617,0.37819555922991005,9.060712848677431,0.0003820157163938485,0.009848600922475468,0.7897693833611308,0.0,1.1868958711372145e-05,1.3379553456455873e-05,3.128512144435276e-08,0.3226382078394088,12207606.910237992,-16.617101027135316
213.85,4,cGDL,-16.617043757628437,0.0,9.908645828642452,9.422895493402457,0.0009484061353194351,0.3775238980111987,9.044423189255939,0.0003813372707183825,0.009830894770930368,0.7897877679583513,0.0,1.1869376391777112e-05,1.3380024296185109e-05,3.128525350708659e-08,0.3225975129100312,12203989.190309707,-16.61706093946954
213.95,4,cGDL,-16.617003892855394,0.0,9.908712800930852,9.405937987543599,0.0009484315926768239,0.37685231337826736,9.028137242572654,0.00038065890240229024,0.009813192654970276,0.7898061484426275,0.0,1.186979397058085e-05,1.338049502138205e-05,3.128538533501497e-08,0.3225568272113101,12200372.262950677,-16.617021017887446
214.05,4,cGDL,-16.616964192772116,0.0,9.908779770874476,9.38898426403482,0.0009484570312867091,0.3761808050401126,9.01185500196342,0.0003799806111516289,0.009795494567351544,0.7898245248214969,0.0,1.1870211448546193e-05,1.3380965632906615e-05,3.1285516937873205e-08,0.32251615072658757,12196756.126674099,-16.616981262254008
214.15,4,cGDL,-16.6169246556326,0.0,9.908846738474079,9.372034315923571,0.0009484824513051882,0.37550937270630913,8.995576460765957,0.0003793023966730395,0.009777800500832561,0.7898428971024944,0.0,1.1870628825979631e-05,1.3381436131104314e-05,3.128564831798835e-08,0.32247548343921073,12193140.779993797,-16.616941672507572
214.24999999999997,4,cGDL,-16.61688528591401,0.0,9.90891370373041,9.355088136258807,0.0009485078523599477,0.37483801608696726,8.97930161231948,0.0003786242586737043,0.009760110448173348,0.7898612652931529,0.0,1.187104610268369e-05,1.3381906515752523e-05,3.128577946950708e-08,0.3224348253325307,12189526.221424118,-16.616902248600226
214.34999999999997,4,cGDL,-16.616846083725136,0.0,9.908980666644219,9.338145718091106,0.0009485332344495445,0.37416673489179975,8.963030449964856,0.0003779461968604038,0.009742424402135713,0.789879629401004,0.0,1.1871463278814581e-05,1.3382376787027346e-05,3.1285910392318315e-08,0.3223941763899024,12185912.44947959,-16.61686299040462
214.45,4,cGDL,-16.616807045464043,0.0,9.909047627216255,9.321207054472739,0.0009485585978878941,0.373495528830204,8.946762967044647,0.0003772682109396,0.009724742355483311,0.7898979894335771,0.0,1.1871880354829002e-05,1.3382846945443604e-05,3.128604109118887e-08,0.3223535365946849,12182299.462674947,-16.6168238979141
214.54999999999998,4,cGDL,-16.6166758506032,0.0,9.909114585414347,9.304272138457602,0.0009485917840255653,0.3728243897706544,8.930499156902922,0.0003765902926976307,0.009707064300981437,0.7899163454063209,0.0,1.1872304808072865e-05,1.3383325420009411e-05,3.1286292925132925e-08,0.3223129059256767,12178687.256247269,-16.616784971081824
214.64999999999998,4,cGDL,-16.61681956322701,0.0,9.909181539415027,9.259989219050524,0.0009486373163024586,0.37213960629316534,8.886900975441057,0.0003758985922153185,0.009659674973305497,0.7899644264344793,0.0,1.1873377158470833e-05,1.338453425136712e-05,3.1286184999072905e-08,0.32220463646707037,12169469.918902082,-16.61674620975758
214.75,4,cGDL,-16.616688644755527,0.0,9.909248489216907,9.243029792522252,0.0009486705118695316,0.3714685989452293,8.870612523065153,0.0003752208070153832,0.009641970133766472,0.7899828090592182,0.0,1.1873802208922091e-05,1.338501339914854e-05,3.1286436455147066e-08,0.3221639449047829,12165852.71959342,-16.616707613857198
214.85,4,cGDL,-16.61665026307338,0.0,9.909315436642853,9.226074164216907,0.0009486958424907432,0.3707976734493738,8.854327794925043,0.000374543104494317,0.00962426934230983,0.7900011875531958,0.0,1.187421967608036e-05,1.3385483998490588e-05,3.1286566259467707e-08,0.32212326260466473,12162236.317410916,-16.61666918343721
214.95,4,cGDL,-16.616612048331774,0.0,9.90938238172657,9.209122327611983,0.0009487211541500118,0.3701268216695873,8.838046784788245,0.00037386547643392657,0.009606572592161137,0.790019561931405,0.0,1.1874637041957656e-05,1.3385954483661359e-05,3.1286695836043105e-08,0.3220825895465596,12158620.70767651,-16.616630918245907
215.04999999999998,4,cGDL,-16.616573995751082,0.0,9.909449324468817,9.192174276186963,0.0009487464472607843,0.36945604331556386,8.821769486424138,0.0003731879225409736,0.009588879876547976,0.7900379322009111,0.0,1.1875054307095681e-05,1.3386424855271496e-05,3.128682519118833e-08,0.32204192571488266,12155005.888992501,-16.61659281844711
215.15,4,cGDL,-16.61653611047683,0.0,9.909516264870343,9.175230003422543,0.0009487717213931823,0.3687853380978461,8.805495893603304,0.0003725104425230768,0.009571191188699243,0.7900562983687778,0.0,1.1875471471232124e-05,1.3386895113025305e-05,3.128695431817123e-08,0.3220012710940525,12151391.859961784,-16.616554883766714
215.25,4,cGDL,-16.616498393381903,0.0,9.909583202931898,9.158289502801395,0.000948796976480426,0.36811470572654603,8.789226000098369,0.00037183303608742023,0.009553506521846052,0.7900746604420665,0.0,1.1875888534450706e-05,1.3387365257017161e-05,3.1287083215876204e-08,0.3219606256684927,12147778.619187498,-16.616517114214115
215.35,4,cGDL,-16.616460838223645,0.0,9.90965013865424,9.141352767807563,0.0009488222130601409,0.36744414591124774,8.772959799683255,0.00037115570294065427,0.009535825869220929,0.7900930184278384,0.0,1.187630549741163e-05,1.3387835287991292e-05,3.128721189254165e-08,0.32191998942262956,12144166.16527282,-16.616479509598193
215.45,4,cGDL,-16.61642344847013,0.0,9.90971707203811,9.1244197919268,0.0009488474308449457,0.36677365836240644,8.756697286133548,0.00037047844279030956,0.009518149224058204,0.7901113723331515,0.0,1.1876722359988345e-05,1.3388305205805044e-05,3.128734034364046e-08,0.3218793623408939,12140554.496821638,-16.61644207011726
215.54999999999998,4,cGDL,-16.61638622221767,0.0,9.909784003084262,9.10749056864639,0.0009488726300041495,0.3661032427899798,8.740438453226407,0.00036980125534341395,0.00950047657959392,0.7901297221650627,0.0,1.1877139122489472e-05,1.3388775010806314e-05,3.128746857170718e-08,0.32183874440772053,12136943.612437952,-16.616404795367842
215.64999999999998,4,cGDL,-16.61634916571603,0.0,9.90985093179344,9.090565091454925,0.0009488978100137824,0.36543289890468983,8.724183294740222,0.0003691241403077675,0.009482807929065458,0.7901480679306269,0.0,1.187755578456299e-05,1.3389244702598277e-05,3.128759656855786e-08,0.3217981356075475,12133333.510726336,-16.616367685605816
215.75,4,cGDL,-16.616312270627134,0.0,9.909917858166393,9.073643353842758,0.0009489229715897718,0.3647626264159991,8.70793180445517,0.00036844709738989806,0.00946514326571214,0.790166409636898,0.0,1.1877972347038811e-05,1.338971428211648e-05,3.128772434518563e-08,0.3217575359248165,12129724.1902912,-16.61633074046056
215.85,4,cGDL,-16.616275540753975,0.0,9.909984782203866,9.056725349301951,0.0009489481144162593,0.36409242503450323,8.691683976153032,0.000367770126297478,0.009447482582775035,0.7901847472909275,0.0,1.1878388809763103e-05,1.3390183749187499e-05,3.1287851896623e-08,0.3217169453439738,12126115.649737759,-16.616293960059927
215.95,4,cGDL,-16.616238975504018,0.0,9.910051703906603,9.039811071326032,0.0009489732385509209,0.3634222944702946,8.675439803617186,0.0003670932267376713,0.00942982587349694,0.7902030808997654,0.0,1.1878805172938145e-05,1.3390653104039363e-05,3.1287979223680906e-08,0.32167636384946974,12122507.887671338,-16.616257471739175
216.04999999999998,4,cGDL,-16.61620257648923,0.0,9.91011862327535,9.02290051341033,0.0009489983438640825,0.36275223443383775,8.659199280632627,0.0003664163984180179,0.009412173131122421,0.7902214104704596,0.0,1.187922143658754e-05,1.3391122346698681e-05,3.128810632427223e-08,0.3216357914257583,12118900.902697764,-16.616220900042684
216.15,4,cGDL,-16.61616634462041,0.0,9.910185540310847,9.005993669051577,0.0009490234302857448,0.3620822446354522,8.642962400985839,0.0003657396410459113,0.009394524348897652,0.7902397360100565,0.0,1.1879637600791674e-05,1.339159147725607e-05,3.128823319723153e-08,0.32159522805729757,12115294.693423092,-16.616184598084168
216.25,4,cGDL,-16.616130266790265,0.0,9.910252455013874,8.989091077843005,0.0009490484982240255,0.3614123250588492,8.626729704285932,0.00036506295460489815,0.009376880113354275,0.7902580569320409,0.0,1.188005365338235e-05,1.339206048199465e-05,3.128835985978934e-08,0.3215546750791817,12111689.370379057,-16.61614847386822
216.35,4,cGDL,-16.616094363855495,0.0,9.910319367385165,8.972191548005858,0.0009490735474612655,0.36074247482030103,8.610499999638096,0.0003643863382023243,0.009359239130041408,0.7902763745317563,0.0,1.1880469621874132e-05,1.3392529391930839e-05,3.1288486284629565e-08,0.3215141295443779,12108084.689242251,-16.616112517939843
216.45,4,cGDL,-16.616058621500542,0.0,9.910386277425417,8.95529571333241,0.0009490985783854322,0.36007269395080266,8.594273920803222,0.00036370979186949764,0.009341602087829588,0.7902946881203009,0.0,1.1880885491888169e-05,1.3392998190855756e-05,3.1288612490565595e-08,0.321473593020959,12104480.7798511,-16.61607672588578
216.54999999999998,4,cGDL,-16.616023044594556,0.0,9.910453185135367,8.938403565791107,0.0009491235905920159,0.35940298216038286,8.578051460040133,0.00036303331531351804,0.009323968978304491,0.7903129977063821,0.0,1.1881301263221553e-05,1.339346687854066e-05,3.128873847122836e-08,0.32143306548960277,12100877.640498606,-16.61604109757441
216.64999999999998,4,cGDL,-16.615987630715836,0.0,9.910520090515755,8.921515099322441,0.0009491485842935687,0.3587333391594055,8.561832611578742,0.0003623569082418237,0.009306339795194286,0.790331303296564,0.0,1.1881716936213942e-05,1.3393935455368443e-05,3.1288864229833456e-08,0.32139254693586433,12097275.269881686,-16.616005632893348
216.74999999999997,4,cGDL,-16.61595238389333,0.0,9.910586993567316,8.904630307868599,0.0009491735591544703,0.3580637646588767,8.545617369650568,0.0003616805703625017,0.009288714532228879,0.7903496048974087,0.0,1.1882132510682105e-05,1.3394403921132557e-05,3.1288989761116254e-08,0.321352037345303,12093673.666697849,-16.615970331862126
216.85,4,cGDL,-16.61591729495001,0.0,9.910653894290787,8.887749185373693,0.0009491985159614247,0.35739425836864835,8.529405728489083,0.00036100430138247307,0.009271093183140308,0.7903679025154772,0.0,1.1882547987513238e-05,1.3394872276833106e-05,3.128911507717314e-08,0.32131153670348234,12090072.82964453,-16.61593519437532
216.95,4,cGDL,-16.61588237467288,0.0,9.910720792686902,8.870871725783555,0.000949223453804382,0.3567248200004112,8.51319768232934,0.0003603281010105164,0.009253475741662326,0.7903861961573272,0.0,1.1882963365976243e-05,1.3395340521645945e-05,3.1289240163855076e-08,0.3212710449959709,12086472.757420253,-16.61590022025493
217.04999999999998,4,cGDL,-16.615847619897124,0.0,9.910787688756397,8.853997923045457,0.0009492483729590107,0.3560554492645495,8.496993225407948,0.0003596519689540904,0.009235862201530378,0.7904044858295156,0.0,1.1883378646470872e-05,1.339580865602171e-05,3.1289365025354525e-08,0.32123056220834023,12082873.448723314,-16.615865409563092
217.15,4,cGDL,-16.615813024305794,0.0,9.910854582500003,8.837127771108323,0.0009492732739690424,0.35538614587125755,8.480792351963096,0.00035897590492046217,0.009218252556481626,0.7904227715385979,0.0,1.1883793829652448e-05,1.3396276680699126e-05,3.1289489670008034e-08,0.32119008832616575,12079274.902252257,-16.61583257239554
217.25,4,cGDL,-16.615778593914285,0.0,9.910921473918453,8.820261263890782,0.0009492981563298808,0.3547169095318295,8.464595056202622,0.0003582999086180096,0.009200646800220242,0.7904410532911618,0.0,1.1884208915177313e-05,1.3396744595290788e-05,3.1289614089939474e-08,0.32114962333494845,12075677.11669986,-16.615796321610766
217.35,4,cGDL,-16.615744330259588,0.0,9.910988363012478,8.803398387321813,0.0009493230199281721,0.35404773995315547,8.44840132434873,0.0003576239797506621,0.009183044917770358,0.790459331102479,0.0,1.1884623903260659e-05,1.3397212400039287e-05,3.128973828316057e-08,0.32110916720042854,12072080.089121215,-16.615762045302155
217.45,4,cGDL,-16.61571022569433,0.0,9.911055249782807,8.786539128540964,0.0009493478654296061,0.35337863684197185,8.432211143833563,0.0003569481180221938,0.009165446895471264,0.7904776049865065,0.0,1.1885038794832668e-05,1.339768009599319e-05,3.128986225975742e-08,0.32106871989133984,12068483.81681921,-16.615727932193042
217.55,4,cGDL,-16.61567628918141,0.0,9.911122134230167,8.76968348063601,0.0009493726920800638,0.3527095999094795,8.41602450803445,0.0003562723231408884,0.009147852726124402,0.7904958749507348,0.0,1.1885453589331045e-05,1.3398147682518632e-05,3.1289986007978785e-08,0.32102828139112854,12064888.29831645,-16.615693982111008
217.64999999999998,4,cGDL,-16.615642514573096,0.0,9.911189016355285,8.75283143669628,0.0009493975004101762,0.35204062886556603,8.399841410330303,0.0003555965948137031,0.009130262402532938,0.7905141410026535,0.0,1.1885868287418569e-05,1.3398615160362751e-05,3.129010953593894e-08,0.32098785168324373,12061293.532135334,-16.615660195162057
217.74999999999997,4,cGDL,-16.615608898625055,0.0,9.911255896158886,8.73598298981255,0.0009494222907034389,0.3513717234204267,8.38366184410142,0.00035492093274790577,0.009112675917501544,0.7905324031497506,0.0,1.188628288952266e-05,1.3399082530007363e-05,3.129023284793517e-08,0.32094743075113824,12057699.516798662,-16.615626571102563
217.85,4,cGDL,-16.615575450602023,0.0,9.911322773641697,8.719138133077402,0.0009494470621802531,0.35070288328537313,8.367485802729849,0.00035424533665189207,0.009095093263836793,0.7905506613995114,0.0,1.1886697395056371e-05,1.3399549790790817e-05,3.129035593181929e-08,0.3209070185782698,12054106.250830062,-16.61559310989514
217.95,4,cGDL,-16.615542168808588,0.0,9.911389648804436,8.702296859585026,0.000949471814992553,0.3500341081708244,8.351313279599209,0.000353569806233156,0.009077514434346966,0.7905689157594199,0.0,1.1887111804321411e-05,1.3400016943053226e-05,3.1290478789852166e-08,0.3208666151480996,12050513.732753107,-16.61555981145406
218.04999999999998,4,cGDL,-16.615509040825998,0.0,9.911456521647828,8.68545916243076,0.0009494965502040431,0.3493653977861778,8.335144268094378,0.0003528943411981594,0.009059939421841716,0.7905871662369602,0.0,1.1887526118489097e-05,1.3400483988114982e-05,3.129060143839275e-08,0.3208262204440914,12046921.96109121,-16.615526675695147
218.14999999999998,4,cGDL,-16.615476086832018,0.0,9.911523392172594,8.668625034712196,0.0009495212661070895,0.3486967518438701,8.318978761602219,0.00035221894125643446,0.009042368219132848,0.7906054128396107,0.0,1.1887940336087323e-05,1.3400950924316619e-05,3.129072385094536e-08,0.3207858344497154,12043330.934369454,-16.61549370265909
218.25,4,cGDL,-16.615443286300433,0.0,9.911590260379457,8.651794469527958,0.0009495459644546234,0.3480281700527248,8.302816753510779,0.0003515436061138634,0.009024800819033455,0.7906236555748527,0.0,1.1888354458944877e-05,1.340141775371968e-05,3.129084605452779e-08,0.32074545714844294,12039740.651111655,-16.615460892077486
218.35,4,cGDL,-16.61541065631866,0.0,9.911657126269132,8.634967459978462,0.0009495706438019114,0.3473596521248234,8.286658237209837,0.00035086833547961956,0.009007237214358518,0.790641894450162,0.0,1.1888768485840141e-05,1.3401884474947066e-05,3.129096802670724e-08,0.32070508852375124,12036151.109843345,-16.615428243909914
218.45,4,cGDL,-16.615384686820903,0.0,9.911723989844646,8.618143999165676,0.0009495947523477932,0.34669119832266426,8.270503206090664,0.0003501931296188528,0.008989677397924636,0.7906601294724566,0.0,1.188918189056281e-05,1.3402350494816257e-05,3.1291081235113405e-08,0.32066472855944184,12032562.309320478,-16.615395758150758
218.55,4,cGDL,-16.615339733768963,0.0,9.911790851243726,8.60337728098947,0.0009496177902345582,0.34602383920368746,8.256403823995548,0.0003495190294986742,0.008974351982603856,0.7906761289878975,0.0,1.1889546416231814e-05,1.3402761414661317e-05,3.129121927217268e-08,0.3206294553301165,12029395.064697055,-16.615363434755615
218.65,4,cGDL,-16.61531295953722,0.0,9.911857710471637,8.586632853711425,0.0009496418642937487,0.34535554786177675,8.240327663985354,0.00034884398773916845,0.008956877895636255,0.7906942781166246,0.0,1.188995795804736e-05,1.3403225334526117e-05,3.129133352006269e-08,0.320589290603692,12025822.488783492,-16.61533127342811
218.74999999999997,4,cGDL,-16.615281659353002,0.0,9.911924567377222,8.569600894197308,0.0009496666986671398,0.34468717237957514,8.223964055119065,0.0003481688609894698,0.008939091364259853,0.7907127397747508,0.0,1.189037692133252e-05,1.3403697620411205e-05,3.129145372856912e-08,0.3205484146207974,12022190.993998315,-16.6152992742134
218.84999999999997,4,cGDL,-16.615250042125922,0.0,9.911991421934411,8.552501459735595,0.0009496916482198414,0.3440188235374571,8.207532944549918,0.0003474937611489466,0.008921231461467302,0.7907312747773838,0.0,1.1890797569775651e-05,1.3404171805928917e-05,3.129157435110656e-08,0.3205073716403364,12018545.682673955,-16.615267437179487
218.95,4,cGDL,-16.61521836287119,0.0,9.91205827413877,8.53540530943086,0.0009497165988984757,0.34335053667230514,8.191105056159657,0.00034681872391141935,0.008903375061043104,0.7907498062150455,0.0,1.1891218147916445e-05,1.340464591219672e-05,3.1291695048224456e-08,0.3204663366682838,12014901.05732076,-16.615235769689754
219.04999999999998,4,cGDL,-16.615186848975554,0.0,9.912125123990899,8.51831243592168,0.0009497415313764468,0.34268231151419276,8.174680382876112,0.00034614374900423514,0.008885522155300122,0.7907683340956957,0.0,1.1891638637486197e-05,1.3405119918620804e-05,3.129181552100338e-08,0.3204253096869844,12011257.116377156,-16.61520427404275
219.14999999999998,4,cGDL,-16.61515549403788,0.0,9.912191971491486,8.501222831847196,0.0009497664462064237,0.3420141477731384,8.158258917627851,0.0003454688361344832,0.008867672736552012,0.7907868584273136,0.0,1.1892059039179845e-05,1.3405593825984555e-05,3.129193577789126e-08,0.32038429067877316,12007613.858273335,-16.615172923148055
219.25,4,cGDL,-16.615124303040318,0.0,9.912258816641213,8.48413648984726,0.000949791342973294,0.34134604516036443,8.141840653343923,0.0003447939850104691,0.00884982679711296,0.7908053792178766,0.0,1.1892479352768878e-05,1.3406067634030372e-05,3.1292055812369865e-08,0.32034327962598724,12003971.28144009,-16.615141734373417
219.35,4,cGDL,-16.615093274086917,0.0,9.912325659440759,8.467053402562206,0.0009498162218467554,0.3406780033863789,8.12542558295398,0.0003441191953397766,0.008831984329297804,0.7908238964753624,0.0,1.189289957858275e-05,1.3406541343129645e-05,3.129217562696392e-08,0.3203022765109644,12000329.384308044,-16.61511070772405
219.45,4,cGDL,-16.615062403585284,0.0,9.912392499890808,8.449973562632973,0.0009498410831407789,0.3400100221616982,8.109013699388134,0.00034344446682999815,0.008814145325421885,0.7908424102077481,0.0,1.1893319717088581e-05,1.3407014953808944e-05,3.129229522642863e-08,0.3202612813160439,11996688.16530791,-16.615079843109353
219.54999999999998,4,cGDL,-16.615031700180282,0.0,9.91245933799204,8.43289696270109,0.0009498659261286679,0.33934210119787944,8.092604995577082,0.0003427697991897772,0.008796309777801176,0.790860920423009,0.0,1.1893739767760619e-05,1.3407488465475605e-05,3.129241459943012e-08,0.32022029402356694,11993047.622870961,-16.61504914047463
219.65,4,cGDL,-16.615001155057996,0.0,9.91252617374513,8.41582359540861,0.0009498907515684274,0.3386742402050395,8.076199464452001,0.00034209519212630255,0.008778477678752176,0.7908794271291215,0.0,1.1894159731489623e-05,1.3407961879133757e-05,3.1292533757588625e-08,0.32017931461587495,11989407.755427966,-16.615018599634364
219.75,4,cGDL,-16.614970773203538,0.0,9.912593007150758,8.398753453397763,0.0009499155590446673,0.33800643889442594,8.059797098944292,0.000341420645347905,0.008760649020591623,0.7908979303340605,0.0,1.1894579608046772e-05,1.3408435194525454e-05,3.129265269438192e-08,0.32013834307531086,11985768.561410211,-16.614988220532695
219.85,4,cGDL,-16.614940553016368,0.0,9.9126598382096,8.381686529311667,0.0009499403487018832,0.33733869697688634,8.043397891986078,0.00034074615856251143,0.008742823795637043,0.7909164300458005,0.0,1.1894999397737562e-05,1.3408908411995069e-05,3.1292771411946385e-08,0.3200973793842188,11982130.039248964,-16.61495800310737
219.95,4,cGDL,-16.614910494508706,0.0,9.912726666922332,8.36462281579389,0.0009499651205475135,0.3366710141633769,8.027001836509966,0.0003400717314781585,0.008725001996206485,0.7909349262723153,0.0,1.189541910073664e-05,1.3409381531739485e-05,3.1292889910298045e-08,0.32005642352494446,11978492.187375637,-16.614927947273667
220.04999999999998,4,cGDL,-16.614880594147962,0.0,9.912793493289627,8.34756230548853,0.0009499898748905888,0.336003390164602,8.010608925449038,0.0003393973638026283,0.00870718361461852,0.7909534190215789,0.0,1.189583871750631e-05,1.3409854554279839e-05,3.129300819411346e-08,0.3200154754798344,11974855.00422163,-16.614898052905602
220.14999999999998,4,cGDL,-16.61485086135457,0.0,9.91286031731216,8.330504991040309,0.0009500146109382435,0.3353358246924185,7.994219151736952,0.0003387230552448672,0.008689368643192339,0.7909719083015628,0.0,1.1896258247457721e-05,1.3410327478952342e-05,3.1293126251038915e-08,0.3199745352312373,11971218.488218952,-16.61486831994288
220.25,4,cGDL,-16.61482128344261,0.0,9.912927138990602,8.313450865094449,0.0009500393297779963,0.3346683174567816,7.977832508307889,0.0003380488055119006,0.008671557074247705,0.7909903941202404,0.0,1.1896677691796004e-05,1.3410800307115495e-05,3.1293244097785665e-08,0.31993360276150207,11967582.637798917,-16.614838748234927
220.35,4,cGDL,-16.614791871803448,0.0,9.912993958325623,8.296399920296807,0.000950064030449449,0.33400086816983204,7.961448988096525,0.00033737461431296165,0.008653748900104919,0.7910088764855822,0.0,1.1897097049772308e-05,1.3411273037925146e-05,3.129336171940856e-08,0.31989267805298005,11963947.451393854,-16.614809337781164
220.45,4,cGDL,-16.614762617728502,0.0,9.913060775317895,8.27935214929377,0.0009500887137017799,0.3333334765419788,7.945068584038089,0.00033670048135553415,0.00863594411308488,0.7910273554055596,0.0,1.1897516322269024e-05,1.341174567237599e-05,3.129347912738956e-08,0.319851761088023,11960312.927435486,-16.614780088487706
220.54999999999998,4,cGDL,-16.614733524765597,0.0,9.913127589968084,8.262307544732309,0.0009501133792417238,0.3326661422846831,7.928691289068384,0.00033602640634816476,0.008618142705509113,0.7910458308881428,0.0,1.189793550917384e-05,1.341221821034142e-05,3.129359631709609e-08,0.31981085184898467,11956679.064356089,-16.614751000082375
220.65,4,cGDL,-16.61470459737876,0.0,9.913194402276863,8.245266099259958,0.0009501380266980219,0.33199886510964133,7.912317096123618,0.0003353523889996377,0.008600344669699585,0.7910643029413008,0.0,1.1898354610300019e-05,1.341269065161093e-05,3.129371328269085e-08,0.31976995031822,11953045.860588126,-16.614722072774065
220.75,4,cGDL,-16.614675826054167,0.0,9.913261212244896,8.228227805524842,0.0009501626568884647,0.3313316447273013,7.895945998140652,0.0003346784290174761,0.00858254999797897,0.7910827715730037,0.0,1.1898773626595392e-05,1.3413162997252987e-05,3.1293830036714723e-08,0.31972905647808475,11949413.31456366,-16.614693306166274
220.85,4,cGDL,-16.614647214081117,0.0,9.913328019872846,8.211192656175445,0.000950187269541769,0.3306644808492284,7.879577988056675,0.00033400452611033173,0.0085647586826703,0.7911012367912195,0.0,1.1899192557968596e-05,1.34136352471646e-05,3.129394657487497e-08,0.31968817031093627,11945781.424715303,-16.61466470037748
220.95,4,cGDL,-16.61461876703686,0.0,9.913394825161381,8.194160643860961,0.0009502118641918633,0.32999737318729816,7.863213058809471,0.0003333306799871699,0.008546970716097252,0.7911196986039156,0.0,1.18996114041425e-05,1.3414107401033363e-05,3.129406288987055e-08,0.31964729179913337,11942150.189475907,-16.614636255165493
221.04999999999998,4,cGDL,-16.614590482351844,0.0,9.913461628111163,8.177131761230925,0.0009502364410658992,0.3293303214527445,7.846851203337114,0.0003326568903563076,0.00852918609058382,0.7911381570190599,0.0,1.190003016550127e-05,1.3414579459292341e-05,3.1294178985112e-08,0.3196064209250354,11938519.607278123,-16.614607843057925
221.14999999999998,4,cGDL,-16.614562348786478,0.0,9.913528428722854,8.160106000935503,0.0009502610011285495,0.32866332535600956,7.830492414578365,0.00033198315692526217,0.008511404798454745,0.7911566120446201,0.0,1.1900448843132955e-05,1.3415051423168057e-05,3.1294294875409434e-08,0.31956555767100275,11934889.67655441,-16.614579839316256
221.24999999999997,4,cGDL,-16.61453438467015,0.0,9.913595226997119,8.143083355625528,0.0009502855428289436,0.32799638461018343,7.814136685472516,0.0003313094794042257,0.008493626832035342,0.7911750636885605,0.0,1.190086743572514e-05,1.3415523291181067e-05,3.129441053669496e-08,0.31952470201939887,11931260.395738436,-16.614551890647384
221.35,4,cGDL,-16.614506578060514,0.0,9.913662022934615,8.126063817952549,0.0009503100671915399,0.3273294989257986,7.7977840089595585,0.00033063585750080666,0.008475852183651694,0.7911935119588476,0.0,1.190128594442292e-05,1.3415995064622201e-05,3.12945259847027e-08,0.31948385395258727,11927631.763262954,-16.614524088822925
221.45,4,cGDL,-16.614479321879458,0.0,9.913728816536139,8.10904738056879,0.0009503345407907982,0.32666266804783844,7.78143437798016,0.00032996229095741256,0.008458080845630609,0.7912119568634121,0.0,1.1901704337500018e-05,1.3416466707727293e-05,3.129464070283445e-08,0.3194430134529533,11924003.777575247,-16.614496443243738
221.54999999999998,4,cGDL,-16.614452343503103,0.0,9.913795607811487,8.092164251271795,0.0009503588168331967,0.3259959572488386,7.765217935206123,0.0003292888457058976,0.00844045427739796,0.7912302568768962,0.0,1.1902119443730735e-05,1.3416934645660102e-05,3.1294755041817747e-08,0.3194025025581842,11920403.125597905,-16.614468958118515
221.65,4,cGDL,-16.61442414896527,0.0,9.913862396790353,8.075582568647826,0.000950382802937022,0.32532945081343045,7.749302735031459,0.000328615606882253,0.008423155146773324,0.7912482292463445,0.0,1.1902527260647024e-05,1.3417394366547555e-05,3.1294870956006034e-08,0.3193627371184193,11916864.26839133,-16.614441633287687
221.75,4,cGDL,-16.614397003209262,0.0,9.913929183493755,8.059004128633916,0.0009504066956783075,0.32466299846656826,7.733390723471669,0.0003279424226935033,0.008405859482034423,0.7912661980952721,0.0,1.1902934917728034e-05,1.3417853907257056e-05,3.1294985485142106e-08,0.3193229795994266,11913326.086982518,-16.614414468845126
221.85,4,cGDL,-16.614370024775553,0.0,9.913995967922679,8.042428924445666,0.0009504305700709925,0.32399659984542123,7.717481894030174,0.00032726929277315277,0.008388567276119753,0.7912841634311071,0.0,1.1903342486704904e-05,1.3418313348649167e-05,3.129509978824181e-08,0.3192832299849213,11909788.579888972,-16.61438746446653
221.95,4,cGDL,-16.61434319960057,0.0,9.914062750077793,8.025856949299998,0.0009504544273195581,0.3233302546608312,7.701576240211847,0.00032659621682912243,0.0083712785219694,0.7913021252612016,0.0,1.1903749968881364e-05,1.3418772692193537e-05,3.129521388382868e-08,0.3192434882586646,11906251.745659282,-16.61436157587625
222.05,4,cGDL,-16.614316540301843,0.0,9.914129529959768,8.009288196415227,0.0009504782663580791,0.3226639626260357,7.685673755522833,0.00032592319457175323,0.00835399321252482,0.7913200835929035,0.0,1.1904157363394532e-05,1.3419231936917471e-05,3.129532775534441e-08,0.3192037544044225,11902715.582843304,-16.61433394183892
222.14999999999998,4,cGDL,-16.614290037043702,0.0,9.91419630756927,7.99272265901119,0.0009505020880313242,0.32199772345243166,7.669774433470727,0.00032525022570952693,0.008336711340729051,0.7913380384335615,0.0,1.1904564671204819e-05,1.3419691083903614e-05,3.1295441415753584e-08,0.3191640284059635,11899180.089990417,-16.614307424156358
222.24999999999997,4,cGDL,-16.61426369012071,0.0,9.914263082906968,7.976160330309176,0.000950525892322085,0.32133153685225674,7.653878267564597,0.00032457730995177447,0.008319432899526736,0.7913559897905216,0.0,1.1904971892450005e-05,1.3420150133307277e-05,3.129555486470091e-08,0.3191243102470601,11895645.26565066,-16.61428107589657
222.35,4,cGDL,-16.614237505222434,0.0,9.914329855973527,7.959601203531917,0.0009505496787539092,0.32066540253832326,7.63798525131484,0.00032390444700840736,0.008302157881863956,0.7913739376711277,0.0,1.1905379026829669e-05,1.3420609084789808e-05,3.1295668094737344e-08,0.3190845999114887,11892111.108374575,-16.614254886892446
222.45,4,cGDL,-16.61421148274087,0.0,9.914396626769609,7.943045271903438,0.0009505734473011507,0.3199993202229919,7.622095378233145,0.00032323163658888067,0.008284886280688202,0.7913918820827229,0.0,1.1905786074473572e-05,1.3421067938497482e-05,3.1295781105379366e-08,0.3190448973830282,11888577.616712794,-16.614228857133643
222.54999999999998,4,cGDL,-16.614185612922938,0.0,9.914463395295881,7.926492528649396,0.0009505971988017503,0.31933328961788043,7.606208641832714,0.0003225588784018994,0.008267618088948601,0.7914098230326495,0.0,1.1906193036335447e-05,1.3421526695505412e-05,3.129589390948316e-08,0.3190052026454613,11885044.789215932,-16.61420298654872
222.64999999999998,4,cGDL,-16.61415990808274,0.0,9.914530161553005,7.90994296699674,0.0009506209322154291,0.3186673104364566,7.590325035628068,0.0003218861721580369,0.008250353299595725,0.7914277605282463,0.0,1.1906599911576701e-05,1.3421985354868284e-05,3.129600649088908e-08,0.31896551568257464,11881512.624435656,-16.6141772750105
222.75,4,cGDL,-16.614134357467435,0.0,9.914596925541645,7.8933965801739365,0.0009506446484650599,0.31800138239031006,7.574444553135161,0.0003212135175659698,0.008233091905581698,0.7914456945768523,0.0,1.1907006701232259e-05,1.3422443917752729e-05,3.12961188637679e-08,0.31892583647815764,11877981.120923147,-16.614151722323825
222.85,4,cGDL,-16.614108965483126,0.0,9.914663687262456,7.876853361410727,0.0009506683471835475,0.31733550519237747,7.558567187871166,0.0003205409143357348,0.008215833899859963,0.7914636251858044,0.0,1.1907413405105768e-05,1.3422902383937411e-05,3.129623102235807e-08,0.31888616501600314,11874450.277230388,-16.614126328513077
222.95,4,cGDL,-16.614083736635564,0.0,9.914730446716103,7.8603133039384785,0.0009506920279950259,0.3166696785556645,7.542692933354819,0.0003198683621774389,0.008198579275385674,0.7914815523624369,0.0,1.1907820022992699e-05,1.342336075319177e-05,3.12963429607669e-08,0.3188465012799084,11870920.09190972,-16.614101093442326
223.05,4,cGDL,-16.614058660136834,0.0,9.914797203903243,7.843776400989874,0.0009507156918256987,0.31600390219189534,7.526821783106153,0.0003191958607998943,0.008181328025115384,0.7914994761140848,0.0,1.1908226555930858e-05,1.3423819026685694e-05,3.129645469321153e-08,0.31880684525367253,11867390.563513203,-16.614076016979052
223.14999999999998,4,cGDL,-16.614033748102088,0.0,9.914863958824535,7.82724264579889,0.0009507393376519402,0.31533817581484597,7.510953730646392,0.0003185234099139858,0.008164080142006949,0.7915173964480791,0.0,1.1908633003097513e-05,1.342427720349174e-05,3.1296566203793566e-08,0.31876719692109934,11863861.69059401,-16.614051099085753
223.24999999999997,4,cGDL,-16.614008989834872,0.0,9.914930711480634,7.810712031601145,0.0009507629663920159,0.31467249913635237,7.495088769498401,0.00031785100922863876,0.008146835619020002,0.7915353133717514,0.0,1.1909039365523029e-05,1.3424735284771416e-05,3.1296677506609895e-08,0.31872755626599525,11860333.471704837,-16.61402633953349
223.35,4,cGDL,-16.613984391071938,0.0,9.914997461872199,7.794184551633589,0.0009507865775655877,0.31400687186972814,7.479226893186295,0.00031717865845427086,0.008129594449115539,0.7915532268924302,0.0,1.1909445642902755e-05,1.3425193270181288e-05,3.1296788594149114e-08,0.3186879232721706,11856805.905399244,-16.614001738312258
223.45,4,cGDL,-16.613959950507137,0.0,9.915064209999882,7.77766019913454,0.0009508101712913386,0.313341293727798,7.463368095235451,0.00031650635730080606,0.008112356625255925,0.7915711370174433,0.0,1.1909851835504168e-05,1.342565116002288e-05,3.1296899468160705e-08,0.3186482979234389,11853278.990230858,-16.61397729537997
223.54999999999998,4,cGDL,-16.61393566933492,0.0,9.915130955864335,7.761138967343741,0.0009508337474756212,0.31267576442355194,7.447512369172713,0.0003158341054783353,0.008095122140405123,0.7915890437541167,0.0,1.1910257943391569e-05,1.3426108954368678e-05,3.129701012710604e-08,0.31860868020361705,11849752.72475367,-16.613953010511917
223.64999999999998,4,cGDL,-16.613911542943924,0.0,9.915197699466217,7.744620849502259,0.000950857306518671,0.3120102836695331,7.431659708526207,0.00031516190269649806,0.008077890987528487,0.791606947109775,0.0,1.1910663967100938e-05,1.3426566653822873e-05,3.129712057708068e-08,0.31856907009652496,11846227.107521746,-16.61392888360014
223.75,4,cGDL,-16.61388757742486,0.0,9.915264440806176,7.728105838852709,0.0009508808479096742,0.3113448511794293,7.41581010682537,0.00031448974866609016,0.008060663159592793,0.7916248470917412,0.0,1.1911069906298701e-05,1.3427024258009445e-05,3.1297230810107737e-08,0.3185294675859865,11842702.137089899,-16.61390491469555
223.85,4,cGDL,-16.613863766305542,0.0,9.915331179884864,7.7115939286390605,0.0009509043722075727,0.31067946666573065,7.399963557601122,0.0003138176430966976,0.008043438649566437,0.7916427437073369,0.0,1.1911475761672009e-05,1.342748176770299e-05,3.129734083472962e-08,0.3184898726558284,11839177.812012749,-16.613881103539114
223.95,4,cGDL,-16.6138401175873,0.0,9.915397916702931,7.695085112106636,0.0009509278787388498,0.31001412984226995,7.384120054385627,0.00031314558569926255,0.008026217450419159,0.7916606369638816,0.0,1.191188153273194e-05,1.3427939182352367e-05,3.1297450640457106e-08,0.3184502852898815,11835654.130845727,-16.613857450022145
224.05,4,cGDL,-16.61381662148483,0.0,9.915464651261026,7.678579382502203,0.0009509513683443327,0.3093488404214526,7.368279590712406,0.00031247357618328545,0.00800899955512218,0.7916785268686947,0.0,1.1912287220434865e-05,1.3428396503035667e-05,3.129756024018918e-08,0.3184107054719789,11832131.09214395,-16.613833946476905
224.15,4,cGDL,-16.613793282603353,0.0,9.915531383559799,7.662076733073905,0.0009509748406398844,0.30868359811697477,7.35244216011629,0.00031180161425957046,0.007991784956648141,0.7916964134290924,0.0,1.1912692824567765e-05,1.3428853729512754e-05,3.129766962790228e-08,0.3183711331859578,11828608.694463333,-16.613810590426404
224.25,4,cGDL,-16.613770107467246,0.0,9.915598113599891,7.645577157071218,0.0009509982950776097,0.3080184026427025,7.3366077561334375,0.00031112969963909345,0.007974573647971129,0.7917142966523898,0.0,1.1913098344761585e-05,1.3429310861367605e-05,3.129777879504901e-08,0.3183315684156587,11825086.93636015,-16.613787408747974
224.34999999999997,4,cGDL,-16.613747079732093,0.0,9.915664841381956,7.629080647745069,0.0009510217330570003,0.3073532537106399,7.320776372301372,0.0003104578320309494,0.00795736562206671,0.7917321765459023,0.0,1.1913503782505752e-05,1.3429767900279211e-05,3.129788776315357e-08,0.3182920111449245,11821565.816390164,-16.613764383904748
224.45,4,cGDL,-16.613772955982427,0.0,9.915731566923593,7.61258719834777,0.000951041002773656,0.30668815518608883,7.304948002158907,0.0003097860153394837,0.007940160871911855,0.7917500531127487,0.0,1.191390517529824e-05,1.3430220379427105e-05,3.1297932419026774e-08,0.31825246136001895,11818045.334845738,-16.613741515733413
224.54999999999998,4,cGDL,-16.613653067681525,0.0,9.915798291371205,7.613272015163275,0.0009510502570246882,0.30603174927887644,7.306289215627374,0.00030912297906957216,0.007941618712638451,0.791749258308292,0.0,1.1913896979108959e-05,1.3430211140086463e-05,3.129816772097659e-08,0.31825539771034994,11818045.664458886,-16.613718804095882
224.64999999999998,4,cGDL,-16.613679298369505,0.0,9.915865014713269,7.5966081957550475,0.0009510697191194017,0.305366653989514,7.290290472046414,0.0003084511656459738,0.007924228773963494,0.7917673200603906,0.0,1.1914302527564147e-05,1.3430668303799585e-05,3.129821191069038e-08,0.31821542638845723,11814490.283387955,-16.61369624888761
224.75,4,cGDL,-16.613657393808865,0.0,9.915931735780367,7.57976839783789,0.0009510935099883988,0.30470150971868687,7.274115794609215,0.00030777930274614835,0.007906647602836103,0.7917855730944178,0.0,1.1914716310446266e-05,1.3431134749957607e-05,3.129831940244801e-08,0.3181750197415674,11810898.841913173,-16.613673850002332
224.85,4,cGDL,-16.613635133993398,0.0,9.915998454543834,7.562931284739738,0.0009511173276992024,0.3040364103228655,7.257943757089174,0.0003071074851746116,0.007889069301183884,0.7918038232136415,0.0,1.1915130061282687e-05,1.3431601159991394e-05,3.1298427356325764e-08,0.31813461965249595,11807307.959984004,-16.613651607425794
224.95,4,cGDL,-16.613613035317144,0.0,9.916065171004092,7.546096848977305,0.0009511411282861482,0.30337135555950073,7.241774352289518,0.0003064357126863644,0.007871493861184258,0.7918220704261294,0.0,1.1915543738281793e-05,1.3432067486790385e-05,3.129853509331063e-08,0.31809422610329546,11803717.636024795,-16.613629520928356
225.04999999999998,4,cGDL,-16.613591094677645,0.0,9.91613188516174,7.529265083068074,0.0009511649120223509,0.30270634514168476,7.225607573014367,0.0003057639849916008,0.007853921275015616,0.7918403147399928,0.0,1.1915957341875149e-05,1.3432533730841077e-05,3.129864261751432e-08,0.31805383907599477,11800127.868441537,-16.613607590464948
225.15,4,cGDL,-16.613569305698945,0.0,9.916198597017372,7.512435979530608,0.0009511886794593694,0.3020413787824498,7.2094434120686985,0.00030509230180045434,0.007836351534857282,0.7918585561633423,0.0,1.191637087276046e-05,1.3432999892929974e-05,3.1298749937353074e-08,0.3180134585526249,11796538.655640354,-16.61358581589359
225.25,4,cGDL,-16.613547674334143,0.0,9.916265306571582,7.495609530884493,0.000951212430098991,0.3013764561958032,7.193281862258591,0.00030442066282404366,0.007818784632889772,0.7918767947042863,0.0,1.1916784330633194e-05,1.343346597271378e-05,3.12988570450306e-08,0.31797308451522016,11792949.996028023,-16.613564197143106
225.34999999999997,4,cGDL,-16.613526199094224,0.0,9.916332013824967,7.47878572965028,0.0009512361640768296,0.3007115770952989,7.177122916390904,0.0003037490677730292,0.007801220561294461,0.7918950303709326,0.0,1.1917197715793768e-05,1.3433931970531157e-05,3.1298963942536904e-08,0.3179327169458165,11789361.888011277,-16.613542734069007
225.45,4,cGDL,-16.613504883195333,0.0,9.916398718778115,7.461964568350305,0.0009512598811275974,0.30004674119492175,7.160966567274255,0.0003030775163585068,0.007783659312254625,0.7919132631713869,0.0,1.191761102816005e-05,1.3434397886289512e-05,3.129907062567473e-08,0.3178923558264545,11785774.3299974,-16.61352142665846
225.54999999999998,4,cGDL,-16.61348371810135,0.0,9.916465421431624,7.445146039507564,0.0009512835819871501,0.2993819482076636,7.144812807717913,0.0003024060082905693,0.007766100877954253,0.7919314931137552,0.0,1.191802426860536e-05,1.3434863720973318e-05,3.1299177105701005e-08,0.3178520011391756,11782187.320393384,-16.613500274646373
225.64999999999998,4,cGDL,-16.61346271220748,0.0,9.91653212178608,7.428330135646419,0.0009513072659490529,0.2987171978481007,7.12866163053237,0.0003017345432809098,0.007748545250578663,0.7919497202061405,0.0,1.1918437436626479e-05,1.3435329474015303e-05,3.1299283371608e-08,0.3178116528660255,11778600.857607141,-16.613479278048093
225.74999999999997,4,cGDL,-16.613441860213243,0.0,9.916598819842074,7.411516849292081,0.0009513309334736042,0.2980524898296318,7.1125130285289755,0.0003010631210400321,0.007730992422314104,0.7919679444566459,0.0,1.1918850532833638e-05,1.3435795146103372e-05,3.129938943039779e-08,0.3177713109890511,11775014.940046268,-16.613458436724972
225.85,4,cGDL,-16.613421163771534,0.0,9.916665515600194,7.394706172971506,0.0009513545844286875,0.2973878238664293,7.096366994520648,0.00030039174127922155,0.00771344238534853,0.7919861658733722,0.0,1.191926355727173e-05,1.343626073728813e-05,3.1299495279928795e-08,0.31773097549030377,11771429.566118997,-16.613437750466012
225.95,4,cGDL,-16.61340062453445,0.0,9.916732209061026,7.377898099212321,0.0009513782186824637,0.29672319967261657,7.080223521321022,0.0002997204037097137,0.007695895131870676,0.7920043844644197,0.0,1.1919676509985686e-05,1.3436726247620228e-05,3.1299600918060366e-08,0.3176906463518365,11767844.734233698,-16.61341721935603
226.04999999999998,4,cGDL,-16.613380238766126,0.0,9.91679890022516,7.361092620543302,0.0009514018365616161,0.2960586169619951,7.064082601744746,0.00029904910804241927,0.007678350654070376,0.7920226002378872,0.0,1.192008939145851e-05,1.3437191677644142e-05,3.1299706349737205e-08,0.3176503235557047,11764260.442798806,-16.61339684312297
226.15,4,cGDL,-16.613360009851135,0.0,9.91686558909318,7.344289729494335,0.000951425437786757,0.2953940754490329,7.047944228607515,0.0002983778539889221,0.007660808944138604,0.7920408132018726,0.0,1.1920502201594232e-05,1.343765702725168e-05,3.129981157054045e-08,0.31761000708396675,11760676.69022325,-16.613376621687916
226.25,4,cGDL,-16.613339934652174,0.0,9.916932275665669,7.327489418596275,0.0009514490226338324,0.2947295748476764,7.031808394725965,0.0002977066412602792,0.007643269994267353,0.7920590233644724,0.0,1.1920914940827168e-05,1.3438122296932444e-05,3.129991658462765e-08,0.3175696969186829,11757093.474915942,-16.613356555004078
226.35,4,cGDL,-16.613320015692125,0.0,9.91699895994321,7.310691680380953,0.0009514725908966737,0.2940651148724741,7.015675092917582,0.00029703546956815564,0.007625733796649546,0.7920772307337823,0.0,1.1921327609131361e-05,1.3438587486657172e-05,3.130002138871308e-08,0.31752939304191613,11753510.795286207,-16.61333664289402
226.45,4,cGDL,-16.613300248695168,0.0,9.917065641926389,7.293896507381908,0.000951496142948205,0.29340069523739265,6.999544316001567,0.00029636433862362894,0.007608200343479965,0.7920954353178964,0.0,1.1921740207033723e-05,1.3439052597019833e-05,3.130012598845153e-08,0.31748909543573306,11749928.649743484,-16.61331688527715
226.55,4,cGDL,-16.613280641072265,0.0,9.91713232161578,7.277103892133567,0.0009515196781658686,0.29273631565755676,6.983416056797845,0.0002956932481389462,0.007590669626954179,0.7921136371249069,0.0,1.1922152734110688e-05,1.3439517627542957e-05,3.130023037412919e-08,0.31744880408220294,11746347.03669785,-16.613297282009732
226.64999999999998,4,cGDL,-16.613261184927467,0.0,9.917198999011969,7.260313827171444,0.0009515431972310084,0.2920719758468263,6.967290308127387,0.0002950221978250771,0.0075731416392688985,0.7921318361629061,0.0,1.1922565191183567e-05,1.3439982579152383e-05,3.13003345561615e-08,0.3174085189633967,11742765.954559056,-16.61327783300895
226.74999999999997,4,cGDL,-16.613241883365276,0.0,9.917265674115534,7.243526305031975,0.0009515666998879402,0.29140767552001423,6.951167062812073,0.00029435118739395375,0.007555616372621818,0.7921500324399843,0.0,1.1922977578179004e-05,1.3440447451765422e-05,3.130043853049776e-08,0.3173682400613885,11739185.401737448,-16.61325853819476
226.85,4,cGDL,-16.61322273620482,0.0,9.91733234692705,7.226741318252719,0.0009515901861608111,0.2907434143917788,6.935046313674779,0.00029368021655735234,0.007538093819211717,0.792168225964231,0.0,1.1923389895290828e-05,1.344091224560057e-05,3.1300542297407776e-08,0.3173279673582542,11735605.376643507,-16.613239397324506
226.95,4,cGDL,-16.613203748037392,0.0,9.9173990174471,7.209958859372295,0.0009516136556670385,0.29007919217730854,6.91892805353932,0.0002930092850275844,0.007520573971238391,0.792186416743734,0.0,1.192380214232467e-05,1.344137696043872e-05,3.13006458508856e-08,0.3172877008360729,11732025.877688127,-16.613220410475368
227.04999999999998,4,cGDL,-16.61318490608653,0.0,9.917465685676252,7.193178920930713,0.0009516371095041332,0.2894150085902461,6.902812275230962,0.0002923383925154001,0.00750305682090322,0.7922046047865814,0.0,1.1924214320498856e-05,1.3441841597653257e-05,3.1300749207765005e-08,0.31724744047692605,11728446.903281854,-16.613200621644282
227.15,4,cGDL,-16.6131662246799,0.0,9.917532351615085,7.176401495469012,0.0009516605464598982,0.28875086334673483,6.886698971575817,0.0002916675387340756,0.007485542360408497,0.7922227901008574,0.0,1.1924626428826996e-05,1.344230615613225e-05,3.130085234923601e-08,0.31720718626289873,11724868.451836456,-16.61318289211039
227.25,4,cGDL,-16.613147693894575,0.0,9.917599015264171,7.159626575529294,0.0009516839673885946,0.2880867561608907,6.8705881354010145,0.00029099672339483906,0.007468030581957624,0.7922409726946475,0.0,1.1925038468295308e-05,1.3442770636987439e-05,3.130095528837985e-08,0.31716693817607744,11721290.521763057,-16.613164359471675
227.35,4,cGDL,-16.613129318717256,0.0,9.917665676624086,7.142854153654708,0.0009517073718741109,0.28742268674818705,6.854479759534647,0.00029032594621028994,0.0074505214777550515,0.7922591525760347,0.0,1.1925450438677165e-05,1.3443235039963348e-05,3.130105801867055e-08,0.3171266961985518,11717713.111473544,-16.61314597076386
227.45,4,cGDL,-16.61311109385315,0.0,9.917732335695398,7.126084222389617,0.0009517307603762459,0.28675865482326046,6.83837383680598,0.0002896552068921823,0.0074330150400065,0.7922773297531014,0.0,1.192586234058232e-05,1.3443699365747341e-05,3.130116054710303e-08,0.3170864603124138,11714136.2193797,-16.613127735810767
227.55,4,cGDL,-16.613093029107006,0.0,9.917798992478678,7.109316774279986,0.0009517541320683276,0.2860946601021645,6.822270360045753,0.0002889845051537015,0.007415511260919296,0.792295504233927,0.0,1.1926274173392076e-05,1.3444163613641976e-05,3.130126286081513e-08,0.3170462304997599,11710559.843894204,-16.613109654342185
227.64999999999998,4,cGDL,-16.613075109783722,0.0,9.917865646974498,7.092551801872633,0.0009517774882113472,0.2854307022989086,6.806169322085513,0.0002883138407059683,0.007398010132701644,0.7923136760265924,0.0,1.1926685938480965e-05,1.3444627785196724e-05,3.130136497916399e-08,0.31700600674268736,11706983.983429039,-16.613091726331838
227.74999999999997,4,cGDL,-16.61305735180798,0.0,9.917932299183423,7.075789297715575,0.000951800827456939,0.2847667811301764,6.790070715757942,0.0002876432132628044,0.00738051164756298,0.7923318451391743,0.0,1.19270976347323e-05,1.3445091879152775e-05,3.130146688123915e-08,0.31696578902329803,11703408.636397546,-16.613073951628763
227.85,4,cGDL,-16.61303974068852,0.0,9.917998949106023,7.0590292543584265,0.0009518241510487191,0.28410289631014746,6.77397453389723,0.0002869726225355025,0.007363015797714381,0.7923500115797502,0.0,1.1927509263504047e-05,1.3445555897040924e-05,3.130156858612977e-08,0.31692557732369575,11699833.801212318,-16.613056330210625
227.95,4,cGDL,-16.61302228754522,0.0,9.918065596742863,7.042271664351924,0.000951847458047772,0.2834390475553136,6.757880769338563,0.00028630206823769045,0.007345522575368003,0.7923681753563944,0.0,1.1927920824070336e-05,1.3446019838042924e-05,3.1301670079244e-08,0.3168853716259882,11696259.476287127,-16.61303886189171
228.04999999999998,4,cGDL,-16.61300498401897,0.0,9.918132242094508,7.025516520247527,0.0009518707491753542,0.2827752345805312,6.741789414917821,0.0002856315500813447,0.007328031972736761,0.7923863364771819,0.0,1.1928332317290226e-05,1.3446483703127163e-05,3.1301771371606795e-08,0.31684517191228395,11692685.6600352,-16.613021546394698
228.14999999999998,4,cGDL,-16.612987833624572,0.0,9.918198885161523,7.00876381459787,0.0009518940241405316,0.28211145710171703,6.725700463472013,0.00028496106777951217,0.0073105439820347964,0.7924044949501857,0.0,1.1928743743056603e-05,1.3446947492172899e-05,3.1301872458627614e-08,0.316804978164695,11689112.35087044,-16.61300438388483
228.25,4,cGDL,-16.612970840623007,0.0,9.918265525944472,6.992013539956871,0.0009519172825888655,0.28144771483502434,6.709613907839258,0.0002842906210454791,0.0072930585954774545,0.7924226507834771,0.0,1.1929155101201566e-05,1.3447411204990856e-05,3.130197333473461e-08,0.3167647903653361,11685539.547207076,-16.612987374079708
228.35,4,cGDL,-16.61295399062783,0.0,9.918332164443914,6.975265688879579,0.0009519405257553126,0.2807840074950011,6.693529740858823,0.0002836202095909102,0.00727557580528133,0.7924408039851277,0.0,1.1929566393074703e-05,1.3447874843102392e-05,3.13020740188795e-08,0.316724608496324,11681967.247458903,-16.612970516828806
228.45,4,cGDL,-16.612937304463003,0.0,9.918398800660414,6.958520253922291,0.0009519637518737301,0.2801203347993953,6.677447955371022,0.00028294983313070234,0.007258095603664154,0.7924589545632051,0.0,1.1929977617160177e-05,1.3448338404798745e-05,3.130217448370809e-08,0.3166844325397798,11678395.450041262,-16.612953812136162
228.55,4,cGDL,-16.612920762621002,0.0,9.918465434594529,6.9417772276420875,0.0009519869626155031,0.2794566964624579,6.661368544217014,0.0002822794913762201,0.0072406179828445804,0.7924771025257792,0.0,1.193038877522435e-05,1.3448801892071083e-05,3.130227475490698e-08,0.31664426247782473,11674824.153368214,-16.61293725978192
228.65,4,cGDL,-16.612904376147185,0.0,9.91853206624682,6.925036602597215,0.0009520101570479333,0.27879309220126514,6.645291500238902,0.00028160918404168195,0.007223142935042285,0.7924952478809161,0.0,1.1930799866547106e-05,1.3449265304107648e-05,3.1302374817981965e-08,0.31660409829258407,11671253.355855186,-16.612920859615308
228.75,4,cGDL,-16.6128881420683,0.0,9.918598695617842,6.9082983713469925,0.0009520333354332,0.27812952173168676,6.629216816279873,0.00028093891084008765,0.007205670452478123,0.7925133906366818,0.0,1.1931210891549188e-05,1.3449728641382722e-05,3.130247467687505e-08,0.3165639399661849,11667683.055917326,-16.61290461163777
228.84999999999997,4,cGDL,-16.612872059811707,0.0,9.918665322708156,6.891562526452568,0.0009520564978288126,0.2774659847699056,6.613144485184834,0.00028026867148475313,0.00718820052737482,0.7925315308011405,0.0,1.1931621850455953e-05,1.3450191904150348e-05,3.130257433237108e-08,0.316523787480759,11664113.251970265,-16.61288851559658
228.95,4,cGDL,-16.612856127845248,0.0,9.918731947518314,6.874829060476921,0.0009520796443741597,0.2768024810321007,6.5970744998004465,0.0002795984656889906,0.007170733151957007,0.792549668382354,0.0,1.1932032743570813e-05,1.3450655092752552e-05,3.1302673786516954e-08,0.3164836408184422,11660543.942429999,-16.61287257143681
229.04999999999998,4,cGDL,-16.612840350949057,0.0,9.918798570048873,6.858097965984128,0.0009521027746705046,0.2761390102351048,6.581006852974353,0.0002789282931667725,0.007153268318450383,0.7925678033883828,0.0,1.193244357068337e-05,1.3451118206952162e-05,3.1302773033057806e-08,0.31644349996137333,11656975.125712985,-16.61285677908731
229.14999999999998,4,cGDL,-16.61282472244494,0.0,9.918865190300385,6.8413692355392275,0.0009521258892957185,0.27547557209482454,6.564941537555107,0.0002782581536311359,0.007135806019081638,0.7925859358272873,0.0,1.1932854332515894e-05,1.3451581247563373e-05,3.1302872080808285e-08,0.31640336489169285,11653406.800235486,-16.612841138275908
229.25,4,cGDL,-16.61280924707944,0.0,9.918931808273406,6.824642861708334,0.0009521489878540623,0.2748121663282797,6.5488785463922,0.0002775880467962421,0.007118346246078478,0.7926040657071254,0.0,1.193326502886068e-05,1.345204421435204e-05,3.130297092355769e-08,0.3163632355915442,11649838.964414429,-16.612825648962644
229.35,4,cGDL,-16.612793923084382,0.0,9.918998423968485,6.807918837058473,0.0009521720705049086,0.2741487926519669,6.532817872336001,0.00027691797237572416,0.007100888991669566,0.7926221930359547,0.0,1.193367566004029e-05,1.3452507107681784e-05,3.130306956366328e-08,0.3163231120430728,11646271.616666691,-16.612810311056805
229.45,4,cGDL,-16.612778750426116,0.0,9.919065037386172,6.791197154157889,0.0009521951372599147,0.27348545078262815,6.5167595082380005,0.0002762479300834628,0.007083434248084783,0.7926403178218318,0.0,1.1934086226236108e-05,1.345296992775707e-05,3.130316800120105e-08,0.31628299422842676,11642704.755409485,-16.61279512436835
229.54999999999998,4,cGDL,-16.612763725597063,0.0,9.919131648527019,6.77447780557572,0.0009522181884268344,0.2728221404368062,6.500703446950487,0.0002755779196331376,0.007065982007554877,0.7926584400728119,0.0,1.1934496727912312e-05,1.345343267510115e-05,3.1303266240815766e-08,0.31624288212975626,11639138.379060108,-16.61277997551277
229.65,4,cGDL,-16.6127488614531,0.0,9.919198257391573,6.757760783882169,0.0009522412229183708,0.2721588613325392,6.484649681326712,0.0002749079407399386,0.0070485322623116435,0.7926765597969485,0.0,1.1934907164200834e-05,1.3453895348735487e-05,3.13033642656316e-08,0.31620277572921457,11635572.486036675,-16.612765227730335
229.75,4,cGDL,-16.612734133795016,0.0,9.919264863980379,6.741046081648532,0.0009522642428064776,0.27149561318476023,6.4685982042209655,0.0002742379931159194,0.007031085004588006,0.7926946770022961,0.0,1.1935317537250481e-05,1.3454357951082361e-05,3.13034621075063e-08,0.3161626750089559,11632007.074756218,-16.61275049308843
229.84999999999997,4,cGDL,-16.612719569710237,0.0,9.919331468293988,6.724333691447121,0.0009522872457902731,0.2708323957129191,6.452549008488411,0.00027356807647769605,0.007013640226617838,0.7927127916969045,0.0,1.1935727845034402e-05,1.3454820479856962e-05,3.130355973084705e-08,0.316122579951139,11628442.143637836,-16.61273590940131
229.95,4,cGDL,-16.612705151385796,0.0,9.919398070332944,6.70762360585136,0.0009523102333973688,0.2701692086326709,6.436502086985292,0.0002728981905380514,0.006996197920636187,0.7927309038888257,0.0,1.193613808918148e-05,1.3455282936895485e-05,3.13036571591127e-08,0.3160824905379235,11624877.69109926,-16.612721476534265
230.04999999999998,4,cGDL,-16.61269088041928,0.0,9.91946467009779,6.6909158174359336,0.0009523332055002554,0.26950605166145014,6.420457432568983,0.0002722283350115658,0.006978758078879329,0.792749013586109,0.0,1.193654826974019e-05,1.3455745322252579e-05,3.130375439023389e-08,0.31604240675147227,11621313.715559203,-16.612707194417027
230.14999999999998,4,cGDL,-16.612676766150003,0.0,9.91953126758907,6.67421031877647,0.0009523561613113407,0.2688429245174527,6.404415038097706,0.00027155850961358856,0.0069613206935844624,0.792767120796802,0.0,1.1936958386128573e-05,1.3456207635272207e-05,3.1303851411959446e-08,0.3160023285739513,11617750.215436863,-16.61269306272762
230.25,4,cGDL,-16.61266279584214,0.0,9.919597862807327,6.657507102449671,0.0009523791019252492,0.26817982691703035,6.388374896430715,0.0002708887140576064,0.006943885756989908,0.7927852255289526,0.0,1.19373684395622e-05,1.3456669877324663e-05,3.1303948241071007e-08,0.3159622559875277,11614187.18915088,-16.612679081579188
230.35,4,cGDL,-16.612648982009034,0.0,9.919664455753102,6.640806161033577,0.0009524020262838273,0.2675167585788743,6.372337000428419,0.000270218948059469,0.006926453261335238,0.7928033277906054,0.0,1.1937778429200552e-05,1.3457132047462439e-05,3.130404486114288e-08,0.31592218897437296,11610624.635121113,-16.612665250553544
230.45,4,cGDL,-16.612635314829447,0.0,9.919731046426934,6.624107487107131,0.0009524249352332315,0.2668537192197474,6.35630134295215,0.00026954921133307816,0.006909023198861033,0.792821427589806,0.0,1.1938188356021889e-05,1.3457594146788311e-05,3.130414128512362e-08,0.3158821275166596,11607062.551766798,-16.612651569735746
230.54999999999998,4,cGDL,-16.61262179284796,0.0,9.919797634829363,6.607411073250467,0.0009524478289062444,0.26619070855731675,6.340267916864244,0.0002688795035932492,0.006891595561808961,0.7928395249345979,0.0,1.1938598220323214e-05,1.345805617563708e-05,3.130423751495906e-08,0.31584207159656336,11603500.937507758,-16.61263803895451
230.65,4,cGDL,-16.612608430097964,0.0,9.919864220960928,6.590716912044663,0.0009524707061150384,0.26552772631061017,6.324236715027938,0.00026820982455617187,0.0068741703424216715,0.7928576198330222,0.0,1.1939008021140054e-05,1.3458518132921515e-05,3.130433353222416e-08,0.3158020211962627,11599939.79076457,-16.612624657950274
230.75,4,cGDL,-16.612595212146232,0.0,9.919930804822163,6.574024996071962,0.000952493568099011,0.2648647721963747,6.308207730307489,0.00026754017393573206,0.006856747532942922,0.7928757122931214,0.0,1.1939417759826297e-05,1.3458980020167827e-05,3.130442935593324e-08,0.3157619762979377,11596379.109957065,-16.61261142676764
230.85,4,cGDL,-16.612582140417203,0.0,9.919997386413609,6.557335317915358,0.0009525164147455301,0.2642018459327317,6.292180955567881,0.00026687055144720376,0.0068393271256172615,0.7928938023229355,0.0,1.1939827436444373e-05,1.3459441837446383e-05,3.130452498424452e-08,0.3157219368837705,11592818.8935058,-16.612598345051506
230.95000000000002,4,cGDL,-16.612569224446702,0.0,9.920063965735798,6.540647870158861,0.000952539245250017,0.26353894723866406,6.276156383674947,0.00026620095680673136,0.00682190911269016,0.7929118899305031,0.0,1.1940237050395978e-05,1.3459903584082739e-05,3.130462040464806e-08,0.31568190293594633,11589259.139831858,-16.612585412916065
231.04999999999998,4,cGDL,-16.612556454468006,0.0,9.920130542789263,6.523962645387594,0.0009525620604542429,0.2628760758315518,6.260134007495588,0.00026553138972884024,0.006804493486408248,0.792929975123863,0.0,1.1940646602654994e-05,1.346036526117472e-05,3.13047156300208e-08,0.31564187443665176,11585699.847355884,-16.612572629998258
231.14999999999998,4,cGDL,-16.61254383026909,0.0,9.92019711757454,6.507279636187563,0.0009525848603850195,0.2622132314297419,6.244113819897436,0.00026486184992903223,0.006787080239018952,0.792948057911052,0.0,1.1941056093417086e-05,1.3460826868942895e-05,3.130481066067331e-08,0.31560185136807606,11582141.014499063,-16.61255999625206
231.24999999999997,4,cGDL,-16.612531362996606,0.0,9.920263690092158,6.490598835146012,0.0009526076441002673,0.26155041375259186,6.22809581374932,0.00026419233712383016,0.006769669362771,0.7929661383001052,0.0,1.1941465521952593e-05,1.346128840656474e-05,3.130490548197688e-08,0.31556183371241187,11578582.639683256,-16.61254751157105
231.35,4,cGDL,-16.612519036551646,0.0,9.92033026034265,6.473920234851108,0.0009526304129819363,0.26088762251726844,6.212079981920858,0.0002635228510275439,0.0067522608499139755,0.7929842162990585,0.0,1.194187488975128e-05,1.3461749875719623e-05,3.1305000115136846e-08,0.3155218214518524,11575024.721329572,-16.61253517574585
231.45,4,cGDL,-16.6125068635439,0.0,9.920396828326544,6.457243827892104,0.0009526531659632131,0.26022485744347507,6.196066317282666,0.0002628533913570455,0.00673485469269855,0.7930022919159445,0.0,1.194228419596425e-05,1.346221127545061e-05,3.130509454360018e-08,0.3154818145685951,11571467.257860376,-16.612522988637554
231.54999999999998,4,cGDL,-16.612494838870646,0.0,9.92046339404437,6.440569606859342,0.0009526759034881316,0.2595621182494914,6.180054812706363,0.00026218395782776906,0.006717450883376481,0.7930203651587958,0.0,1.1942693441185477e-05,1.3462672606427266e-05,3.130518877410978e-08,0.31544181304483876,11567910.247697651,-16.612510950166534
231.65,4,cGDL,-16.612482959690624,0.0,9.920529957496658,6.423897564344156,0.000952698625807713,0.2588994046539268,6.164045461064421,0.0002615145501554816,0.006700049414200457,0.7930384360356442,0.0,1.1943102625824743e-05,1.346313386911153e-05,3.130528281043417e-08,0.3154018168627847,11564353.68926369,-16.61249906012702
231.75,4,cGDL,-16.612471229950984,0.0,9.92059651868393,6.407227692939715,0.0009527213325939421,0.25823671637605594,6.148038255231065,0.00026084516805662217,0.006682650277425071,0.7930565045545184,0.0,1.1943511749738718e-05,1.346359506334183e-05,3.130537664741352e-08,0.31536182600463886,11560797.58098142,-16.61248731840554
231.85,4,cGDL,-16.612459650167466,0.0,9.920663077606715,6.390559985240002,0.0009527440238116802,0.25757405313493426,6.132033188081256,0.00026017581124740836,0.0066652534653057136,0.793074570723447,0.0,1.1943920813063618e-05,1.3464056189271713e-05,3.130547028440108e-08,0.31532184045260886,11557241.921273833,-16.61247572485711
231.95,4,cGDL,-16.61244821509382,0.0,9.920729634265536,6.373894433840495,0.000952766699917118,0.25691141464929995,6.116030252491278,0.0002595064794437373,0.006647858970099215,0.7930926345504571,0.0,1.1944329816405104e-05,1.3464517247583935e-05,3.130556372832858e-08,0.3152818601889055,11553686.708564054,-16.612464279339296
232.04999999999998,4,cGDL,-16.61243115640275,0.0,9.920796188659013,6.357231031337295,0.0009527898530113377,0.25624880014625523,6.1000294413380285,0.0002588371718649043,0.006630466784063075,0.793110696044072,0.0,1.1944739229969729e-05,1.3464978768329513e-05,3.130566456607253e-08,0.31524188519545493,11550131.941069808,-16.612452981706152
232.14999999999998,4,cGDL,-16.612432769182362,0.0,9.920862740627584,6.338167217950262,0.0009528145476268568,0.25558499705009174,6.081629406352543,0.00025816666368696134,0.006610466746035373,0.7931313665902777,0.0,1.194520606847281e-05,1.346550502264208e-05,3.130574098699071e-08,0.31519597333773314,11546085.197358409,-16.61244183177697
232.24999999999997,4,cGDL,-16.612414757942645,0.0,9.920929290206718,6.322025075895605,0.0009528371014559944,0.25492269179957594,6.066149546994573,0.00025749766848442014,0.0065936408119506235,0.7931488615195651,0.0,1.1945602770239788e-05,1.3465952213724852e-05,3.1305843041395654e-08,0.3151572874660059,11542637.275758985,-16.612430829410233
232.35,4,cGDL,-16.612403925851595,0.0,9.920995837592407,6.30588544774223,0.0009528590395814773,0.25426041100079205,6.050672177701856,0.00025682869798059803,0.006576817584458539,0.793166353717561,0.0,1.1945998829722535e-05,1.346639868077813e-05,3.130593565070684e-08,0.31511860776944445,11539189.874469966,-16.612419974549752
232.45,4,cGDL,-16.612393242497888,0.0,9.921062382787534,6.28974832691376,0.0009528809617868061,0.253598153774096,6.035197292177878,0.00025615975128696563,0.006559997056715085,0.793183843191998,0.0,1.1946394819969543e-05,1.3466845069783847e-05,3.130602806179246e-08,0.31507993423195796,11535742.99183377,-16.61240926692235
232.54999999999998,4,cGDL,-16.612382705873983,0.0,9.921128925792665,6.2736137068347695,0.0009529028682508378,0.2529359198395434,6.019724884126975,0.0002554908281207509,0.006543179221877147,0.7932013299500021,0.0,1.194679074130211e-05,1.3467291381104197e-05,3.1306120277324484e-08,0.3150412668378067,11532296.626443706,-16.612398706477702
232.64999999999998,4,cGDL,-16.612372312947173,0.0,9.92119546660836,6.2574815809311435,0.0009529247592400258,0.25227370891711376,6.00425494725479,0.0002548219281991048,0.006526364073103032,0.7932188139986979,0.0,1.1947186594125084e-05,1.3467737615195548e-05,3.130621230132321e-08,0.3150026055712541,11528850.77689331,-16.61238829306238
232.75,4,cGDL,-16.612362071213795,0.0,9.921262005235182,6.241351942629968,0.0009529466341225423,0.25161152072793097,5.988787475267914,0.0002541530512403343,0.00650955160355208,0.7932362953452077,0.0,1.194758237798516e-05,1.346818377154691e-05,3.130630412396033e-08,0.31496395041656666,11525405.441776795,-16.612378026339293
232.85,4,cGDL,-16.612351969500082,0.0,9.921328541673692,6.225224785359508,0.0009529684938593963,0.25094935499154114,5.973322461874107,0.0002534841969611527,0.0064927418063849,0.793253773996654,0.0,1.1947978093950683e-05,1.3468629851362588e-05,3.130639575996401e-08,0.31492530135801283,11521960.619687954,-16.61236790647649
232.95,4,cGDL,-16.612342018980826,0.0,9.92139507592445,6.209100102549193,0.0009529903375048443,0.250287211429581,5.957859900782108,0.00025281536508038485,0.00647593467476316,0.7932712499601565,0.0,1.1948373741268468e-05,1.3469075853793545e-05,3.1306487194667616e-08,0.3148866583798648,11518516.309221657,-16.612357933096835
233.05,4,cGDL,-16.612332217702146,0.0,9.921461607988013,6.192977887629534,0.0009530121652331636,0.24962508976255657,5.9423997857017445,0.0002521465553157137,0.006459130201849722,0.7932887232428346,0.0,1.1948769320255338e-05,1.3469521779196927e-05,3.1306578430672454e-08,0.3148480214663966,11515072.508972514,-16.612348106057244
233.15,4,cGDL,-16.612322552803164,0.0,9.92152813786494,6.176858134032375,0.0009530339781495811,0.24896298971027656,5.926942110343949,0.00025147776738411774,0.00644232838080864,0.7933061938518073,0.0,1.1949164832117197e-05,1.3469967628932114e-05,3.130666948492585e-08,0.3148093906018847,11511629.21753508,-16.612338425354277
233.24999999999997,4,cGDL,-16.612313043309996,0.0,9.921594665555787,6.160740835191047,0.0009530557746382229,0.24830091099534535,5.911486868421063,0.0002508090010053993,0.006425529204805503,0.7933236617941891,0.0,1.1949560275460714e-05,1.3470413401428442e-05,3.130676033243423e-08,0.3147707657706107,11508186.43350537,-16.612328890719336
233.34999999999997,4,cGDL,-16.612303673100314,0.0,9.921661191061112,6.144625984540734,0.0009530775560824822,0.24763885333745245,5.896034053647199,0.0002501402558964166,0.006408732667007825,0.7933411270770958,0.0,1.1949955651757619e-05,1.3470859098344953e-05,3.1306850994434695e-08,0.3147321469568588,11504744.155478533,-16.61231950192943
233.45,4,cGDL,-16.61229445172023,0.0,9.92172771438147,6.128513575517844,0.0009530993216755324,0.24697681645860015,5.880583659737568,0.0002494715317763638,0.006391938760584313,0.7933585897076394,0.0,1.1950350960387228e-05,1.3471304718981967e-05,3.130694145840262e-08,0.3146935341449174,11501302.382050917,-16.612310259022788
233.54999999999998,4,cGDL,-16.61228537565495,0.0,9.921794235517416,6.112403601560005,0.0009531210717249605,0.24631480007984152,5.8651356804084385,0.0002488028283634763,0.006375147478704824,0.7933760496929317,0.0,1.195074620179354e-05,1.347175026383999e-05,3.130703172899244e-08,0.3146549273190768,11497861.111818682,-16.612301161720364
233.64999999999998,4,cGDL,-16.61227644156486,0.0,9.9218607544695,6.096296056105802,0.0009531428065234493,0.24565280392224279,5.849690109377036,0.0002481341453760028,0.006358358814540257,0.7933935070400837,0.0,1.195114137640627e-05,1.347219573340343e-05,3.130712181062815e-08,0.31461632646362986,11494420.343378203,-16.612292209833146
233.75,4,cGDL,-16.612267657415714,0.0,9.92192727123828,6.080190932595244,0.0009531645253988696,0.2449908277081103,5.8342469403617345,0.0002474654825334447,0.006341572761262755,0.7934109617562038,0.0,1.1951536483733434e-05,1.347264112711769e-05,3.130721169286368e-08,0.3145777315628729,11490980.075326595,-16.61228340339627
233.85,4,cGDL,-16.612259014983124,0.0,9.9219937858243,6.06408822446992,0.0009531862290608206,0.24432887115834645,5.818806167082513,0.0002467968395538853,0.006324789312046209,0.7934284138484,0.0,1.1951931524602957e-05,1.3473086445916062e-05,3.130730138654803e-08,0.3145391426011053,11487540.30626072,-16.61227474200538
233.95,4,cGDL,-16.612250517288487,0.0,9.922060298228118,6.047987925172727,0.0009532079172591135,0.24366693399500444,5.803367783260463,0.00024612821615657015,0.006308008460065721,0.7934458633237778,0.0,1.1952326498925882e-05,1.3473531689698267e-05,3.1307390887738514e-08,0.31450055956263,11484101.034778157,-16.61226622568629
234.04999999999998,4,cGDL,-16.612242165823318,0.0,9.92212680845028,6.031890028147807,0.0009532295898741494,0.2430050159400699,5.787931782617863,0.0002454596120606767,0.006291230198497678,0.7934633101894417,0.0,1.1952721406737963e-05,1.3473976858504612e-05,3.130748019450461e-08,0.3144619824317529,11480662.259476686,-16.612257854192592
234.15,4,cGDL,-16.612233958933814,0.0,9.922193316491335,6.01579452684028,0.0009532512470547538,0.24234311671545367,5.772498158877772,0.00024479102698530674,0.006274454520519317,0.7934807544524954,0.0,1.1953116248331369e-05,1.3474421952664454e-05,3.1307569309052964e-08,0.3144234111927815,11477223.97895422,-16.61224962735118
234.24999999999997,4,cGDL,-16.61222589464961,0.0,9.922259822351831,5.999701414696535,0.0009532728889768138,0.24168123604310435,5.757066905764454,0.00024412246064960035,0.006257681419309189,0.7934981961200412,0.0,1.1953511024024104e-05,1.3474866972536263e-05,3.130765823400657e-08,0.3143848458300267,11473786.191808945,-16.612241545107977
234.34999999999997,4,cGDL,-16.61221797610932,0.0,9.922326326032316,5.983610685164624,0.0009532945153801209,0.2410193736454928,5.741638017003751,0.00024345391277322506,0.006240910888047556,0.7935156351991792,0.0,1.1953905733717525e-05,1.3475311918008845e-05,3.130774696526843e-08,0.3143462863278032,11470348.89663957,-16.61223360723516
234.45,4,cGDL,-16.612210201675964,0.0,9.922392827533336,5.967522331693791,0.0009533161264120849,0.24035752924490256,5.726211486322477,0.00024278538307565914,0.006224142919915736,0.7935330716970087,0.0,1.1954300377702383e-05,1.3475756789409959e-05,3.1307835505022995e-08,0.31430773267042833,11466912.092044946,-16.612225813565033
234.54999999999998,4,cGDL,-16.61220257113564,0.0,9.922459326855435,5.951436347734638,0.0009533377220986294,0.23969570256375902,5.71078730744878,0.00024211687127652427,0.0062073775080965,0.793550505620627,0.0,1.1954694956153362e-05,1.3476201586936518e-05,3.1307923853582964e-08,0.3142691848422226,11463475.776624242,-16.612218163972244
234.64999999999998,4,cGDL,-16.612195079208732,0.0,9.922525823999157,5.93535272673909,0.0009533593028980825,0.23903389332423197,5.69536547411196,0.0002414483770951838,0.00619061464577387,0.793567936977131,0.0,1.195508946965827e-05,1.347664631125114e-05,3.130801201792414e-08,0.3142306428275093,11460039.948976755,-16.612210771491256
234.75,4,cGDL,-16.61218774074956,0.0,9.922592318965048,5.919271462161572,0.0009533808675502298,0.23837210125034383,5.679945980043678,0.00024077990025287257,0.006173854326134433,0.7935853657736127,0.0,1.1955483917162828e-05,1.347709096116537e-05,3.130809997853916e-08,0.31419210661061864,11456604.607703047,-16.612203272749287
234.85,4,cGDL,-16.612180535910397,0.0,9.922658811753648,5.903192547457295,0.0009534024177569322,0.23771032606320203,5.664528818976336,0.00024011144046788083,0.006157096542365583,0.7936027920171665,0.0,1.1955878300442903e-05,1.347753553868109e-05,3.130818776156604e-08,0.314153576175881,11453169.751402613,-16.612196055215982
234.95,4,cGDL,-16.61217348071267,0.0,9.922725302365498,5.8871159760828435,0.0009534239521583054,0.23704856748721553,5.64911398464347,0.00023944299746183386,0.006140341287655946,0.7936202157148823,0.0,1.1956272618348959e-05,1.3477980042502462e-05,3.1308275345962186e-08,0.31411505150763136,11449735.378676558,-16.612188980947128
235.04999999999998,4,cGDL,-16.612166568708915,0.0,9.922791790801142,5.871041741496186,0.000953445471312292,0.23638682524490837,5.6337014707799655,0.0002387745709544529,0.006123588555195614,0.79363763687385,0.0,1.1956666871563942e-05,1.3478424473399352e-05,3.130836274023952e-08,0.31407653259020707,11446301.488125479,-16.61218204961795
235.15,4,cGDL,-16.612159796237847,0.0,9.922858277061117,5.854969837156852,0.0009534669755392744,0.23572509905917266,5.61829127112214,0.00023810616066583098,0.0061068383381762395,0.7936550555011579,0.0,1.1957061060543573e-05,1.3478868831885484e-05,3.13084499492452e-08,0.3140380194079492,11442868.078350412,-16.61217526120484
235.25,4,cGDL,-16.612153163272524,0.0,9.922924761145962,5.83890025652557,0.0009534884648491615,0.23506338865333093,5.60288337940739,0.0002374377663164959,0.006090090629790642,0.793672471603893,0.0,1.1957455185447148e-05,1.347931311814042e-05,3.130853697304598e-08,0.31399951194520165,11439435.147952804,-16.612168615527484
235.35,4,cGDL,-16.61214668283918,0.0,9.922991243056215,5.8228329930643605,0.0009535099381376144,0.2344016937520624,5.5874777893741605,0.00023676938762834585,0.006073345423232783,0.7936898851891389,0.0,1.1957849245369122e-05,1.3479757331143377e-05,3.130862379453866e-08,0.3139610101863119,11436002.695534874,-16.612162112346915
235.45000000000002,4,cGDL,-16.61214033964677,0.0,9.923057722792414,5.806768040236188,0.0009535313967176939,0.2337400140776156,5.572074494761854,0.00023610102432082385,0.006056602711697668,0.7937072962639815,0.0,1.1958243241713838e-05,1.3480201472477417e-05,3.130871043386786e-08,0.3139225141156282,11432570.719698034,-16.612155751667256
235.54999999999998,4,cGDL,-16.612134135810322,0.0,9.923124200355094,5.790705391506005,0.0009535528404165661,0.23307834935388924,5.5566734893117,0.00023543267611503962,0.0060398624883822825,0.7937247048355027,0.0,1.1958637174465774e-05,1.3480645542125053e-05,3.130879688828277e-08,0.31388402371750435,11429139.219044745,-16.612149533190923
235.64999999999998,4,cGDL,-16.61212807699667,0.0,9.923190675744792,5.774645040339659,0.0009535742687581117,0.23241669930524253,5.5412747667656586,0.0002347643427325682,0.006023124746484411,0.7937421109107831,0.0,1.1959031043319615e-05,1.348108953974211e-05,3.130888315036049e-08,0.3138455389762963,11425708.19217782,-16.61214345668566
235.74999999999997,4,cGDL,-16.61212216371598,0.0,9.92325714896204,5.758586980204691,0.0009535956817064151,0.23175506365573925,5.525878320867245,0.0002340960238946861,0.0060063894792035276,0.7937595144969019,0.0,1.1959424848390656e-05,1.348153346545856e-05,3.130896921946112e-08,0.31380705987636354,11422277.637700265,-16.612137522239152
235.85,4,cGDL,-16.61211638386095,0.0,9.923323620007373,5.742531204569526,0.0009536170803029209,0.23109344212839514,5.510484145360828,0.00023342771932161125,0.005989656679740031,0.7937769156009383,0.0,1.1959818590823595e-05,1.3481977320564778e-05,3.130905511154164e-08,0.31376858640206706,11418847.554214822,-16.612131729451086
235.95,4,cGDL,-16.61211075217841,0.0,9.923390088881323,5.726477706903942,0.0009536384632961858,0.23043183444879325,5.495092233991852,0.0002327594287361548,0.005972926341295492,0.7937943142299684,0.0,1.1960212269572214e-05,1.3482421103881404e-05,3.130914080723533e-08,0.3137301185377722,11415417.94032553,-16.612126078286565
236.04999999999998,4,cGDL,-16.61210526202308,0.0,9.923456555584421,5.710426480678779,0.0009536598312612776,0.22977024034068128,5.479702580506836,0.00023209115185927401,0.005956198457072648,0.7938117103910681,0.0,1.1960605885335552e-05,1.3482864816196441e-05,3.130922631531444e-08,0.3136916562678457,11411988.794635871,-16.612120568532937
236.15,4,cGDL,-16.612099908219932,0.0,9.923523020117198,5.6943775193669115,0.0009536811846477533,0.22910865952820417,5.46431517865406,0.00023142288841232744,0.005939473020276152,0.7938291040913115,0.0,1.1960999438692704e-05,1.3483308458162686e-05,3.130931164261737e-08,0.31365319957665894,11408560.115749868,-16.61211520004008
236.25,4,cGDL,-16.612094701988326,0.0,9.923589482480184,5.6783308164422985,0.0009537025225053453,0.2284470917369227,5.4489300221828705,0.00023075463811810375,0.005922750024111816,0.7938464953377702,0.0,1.196139292888507e-05,1.3483752028924988e-05,3.1309396774417256e-08,0.3136147484485868,11405131.902272342,-16.612109972661305
236.35,4,cGDL,-16.61208963206127,0.0,9.923655942673909,5.662286365379942,0.0009537238458038055,0.2277855366906251,5.433547104843513,0.0002300864006976011,0.005906029461786428,0.7938638841375161,0.0,1.1961786356988798e-05,1.3484195529696462e-05,3.130948172556579e-08,0.3135763028680053,11401704.152807564,-16.61210488618419
236.45,4,cGDL,-16.612084704278175,0.0,9.923722400698898,5.646244159656092,0.0009537451540521658,0.22712399411478762,5.418166420387252,0.00022941817587352284,0.005889311326507883,0.7938812704976187,0.0,1.1962179722684197e-05,1.3484638960116732e-05,3.1309566488412956e-08,0.31353786281929397,11398276.865960715,-16.612099940488537
236.54999999999998,4,cGDL,-16.612079917365065,0.0,9.923788856555682,5.630204192748096,0.0009537664473668606,0.2264624637343227,5.402787962566406,0.0002287499633680027,0.005872595611485224,0.7938986544251468,0.0,1.1962573026231998e-05,1.3485082320479706e-05,3.130965106466553e-08,0.31349942828683475,11394850.040336965,-16.61209513539041
236.64999999999998,4,cGDL,-16.612075269958723,0.0,9.923855310244784,5.614166458134193,0.0009537877258720684,0.22580094527427796,5.387411725134043,0.00022808176290331107,0.005855882309928308,0.7939160359271684,0.0,1.1962966267900206e-05,1.3485525611087507e-05,3.130973545614777e-08,0.3134609992550112,11391423.674541682,-16.61209047072679
236.74999999999997,4,cGDL,-16.612070765287285,0.0,9.923921761766731,5.598130949293997,0.0009538089892996982,0.22513943846029943,5.372037701844397,0.00022741357420232267,0.005839171415048258,0.7939334150107494,0.0,1.1963359447582114e-05,1.348596883181984e-05,3.130981965864445e-08,0.3134225757082105,11387997.767180732,-16.612085946308724
236.85,4,cGDL,-16.61206639843732,0.0,9.923988211122047,5.582097659708021,0.0009538302380771579,0.22447794301738822,5.356665886452555,0.0002267453969872608,0.005822462920057126,0.7939507916829556,0.0,1.1963752565835425e-05,1.3486411983305387e-05,3.130990367864976e-08,0.3133841576308213,11384572.316859879,-16.612081561986383
236.95,4,cGDL,-16.61206217299099,0.0,9.924054658311254,5.566066582858018,0.0009538514719061586,0.22381645867145142,5.3412962727146605,0.00022607723098126405,0.005805756818168109,0.7939681659508507,0.0,1.1964145622524502e-05,1.3486855065391255e-05,3.130998751148274e-08,0.31334574500723544,11381147.322185488,-16.612077317607806
237.04999999999998,4,cGDL,-16.612058085861577,0.0,9.924121103334878,5.550037712227276,0.0009538726910579831,0.22315498514797047,5.3259288543882475,0.0002254090759070409,0.005789053102595921,0.7939855378214971,0.0,1.1964538618057927e-05,1.3487298078538025e-05,3.1310071161234654e-08,0.31330733782184805,11377722.781764032,-16.612073212953526
237.14999999999998,4,cGDL,-16.612054139872555,0.0,9.924187546193439,5.534011041300029,0.0009538938952992071,0.22249352217305762,5.310563625231672,0.000224740931487937,0.005772351766556165,0.7940029073019559,0.0,1.1964931552361924e-05,1.3487741022662534e-05,3.1310154624222476e-08,0.31326893605905654,11374298.69420241,-16.612069247867613
237.25,4,cGDL,-16.612050333341756,0.0,9.924253986887456,5.517986563562038,0.0009539150847811262,0.22183206947259318,5.295200579004664,0.0002240727974470638,0.005755652803265939,0.794020274399287,0.0,1.1965324425730414e-05,1.3488183898096102e-05,3.131023790269e-08,0.3132305397032617,11370875.058107711,-16.61206542229397
237.35,4,cGDL,-16.612046663743968,0.0,9.92432042541745,5.5019642725003415,0.0009539362597271728,0.22117062677250965,5.279839709468105,0.0002234046735075855,0.005738956205943592,0.7940376391205489,0.0,1.1965717238526134e-05,1.3488626705247642e-05,3.131032099998989e-08,0.3131921487388671,11367451.872087276,-16.612061735836296
237.45,4,cGDL,-16.61204313814011,0.0,9.924386861783942,5.48594416160327,0.0009539574195418787,0.22050919379969522,5.264481010384033,0.00022273655939363153,0.005722261967808732,0.7940550014727976,0.0,1.1966109990329296e-05,1.3489069443643934e-05,3.1310403906864906e-08,0.3131537631502797,11364029.134749087,-16.61205819584125
237.55,4,cGDL,-16.61203974470999,0.0,9.924453295987448,5.469926224361282,0.0009539785652426247,0.21984777027959487,5.249124475516444,0.00022206845482787362,0.005705570082083091,0.7940723614630891,0.0,1.1966502682261329e-05,1.3489512114549132e-05,3.1310486638894813e-08,0.31311538292191066,11360606.844700925,-16.612054783981886
237.65,4,cGDL,-16.612036496805217,0.0,9.924519728028486,5.4539104542665555,0.0009539996956965668,0.21918635593993793,5.233770098630921,0.00022140035953529085,0.005688880541990132,0.7940897190984746,0.0,1.196689531338882e-05,1.3489954716911033e-05,3.1310569178547206e-08,0.3130770080381762,11357185.000551846,-16.61205149742673
237.74999999999997,4,cGDL,-16.612033383402093,0.0,9.924586157907573,5.437896844812735,0.0009540208118530291,0.21852495050651455,5.218417873494367,0.00022073227323890358,0.005672193340754747,0.7941070743860064,0.0,1.1967287884768158e-05,1.349039725192047e-05,3.131065154035411e-08,0.31303863848349467,11353763.600910367,-16.612048365803453
237.85,4,cGDL,-16.61203040900483,0.0,9.924652585625223,5.4218853894948165,0.0009540419133349798,0.21786355370656557,5.203067793874916,0.00022006419566319754,0.00565550847160317,0.7941244273327337,0.0,1.1967680396188105e-05,1.3490839719339318e-05,3.131073371842136e-08,0.3130002742422885,11350342.64438587,-16.612045373211654
237.95,4,cGDL,-16.612027574837384,0.0,9.924719011181953,5.4058760818090095,0.0009540630000455519,0.21720216526723465,5.187719853541729,0.00021939612653256027,0.0056388259277627495,0.7941417779457047,0.0,1.1968072847705164e-05,1.3491282119231276e-05,3.131081571116981e-08,0.31296191529898243,11346922.129587898,-16.612042518865753
238.04999999999998,4,cGDL,-16.612024876687826,0.0,9.924785434578272,5.389868915252805,0.000954084072352146,0.2165407849153122,5.172374046265141,0.00021872806557102242,0.00562214570246211,0.7941591262319669,0.0,1.1968465239819629e-05,1.3491724452160308e-05,3.131089752417095e-08,0.31292356163800406,11343502.055126088,-16.61203980256652
238.14999999999998,4,cGDL,-16.612022315933757,0.0,9.924851855814698,5.3738638833249235,0.00095410513014485,0.21587941237824002,5.157030365816539,0.00021806001250327273,0.005605467788931021,0.7941764721985658,0.0,1.196885757257542e-05,1.3492166718175927e-05,3.131097915564344e-08,0.31288521324378366,11340082.419610573,-16.612037224299783
238.25,4,cGDL,-16.612019896031256,0.0,9.924918274891741,5.357860979525239,0.0009541261731360329,0.2152180473837744,5.141688805968329,0.00021739196705431758,0.005588792180400357,0.7941938158525454,0.0,1.1969249845846728e-05,1.3492608917136313e-05,3.131106060107181e-08,0.3128468701007546,11336663.221651817,-16.612034783767097
238.35,4,cGDL,-16.612017611118745,0.0,9.92498469180991,5.341860197354602,0.0009541472018341768,0.2145566896590132,5.126349360493754,0.0002167239289484982,0.005572118870101906,0.7942111572009497,0.0,1.1969642060268505e-05,1.3493051049757225e-05,3.1311141868197604e-08,0.3128085321933517,11333244.459860187,-16.612032480793903
238.45,4,cGDL,-16.612015463709724,0.0,9.925051106569718,5.325861530314857,0.0009541682160322251,0.2138953389319359,5.1110120231668885,0.00021605589791104637,0.005555447851268357,0.7942284962508206,0.0,1.1970034215791877e-05,1.3493493115983572e-05,3.1311222953745215e-08,0.31277019950601237,11329826.13284658,-16.612030315301062
238.55,4,cGDL,-16.612013454285034,0.0,9.925117519171673,5.309864971909008,0.0009541892156967602,0.21323399493049758,5.095676787762813,0.00021538787366716928,0.005538779117133493,0.7942458330091994,0.0,1.1970426312533905e-05,1.349393511594731e-05,3.1311303857112926e-08,0.31273187202317654,11326408.239222102,-16.61202828702284
238.65,4,cGDL,-16.612011582519244,0.0,9.925183929616283,5.293870515642062,0.0009542102008633091,0.212572657382714,5.080343648058484,0.00021471985594213535,0.005522112660933135,0.7942631674831248,0.0,1.1970818350677437e-05,1.3494377049854566e-05,3.131138457875962e-08,0.3126935497292888,11322990.777598254,-16.61202639578241
238.74999999999997,4,cGDL,-16.612009845247485,0.0,9.925250337904057,5.27787815502156,0.0009542311718098995,0.21191132601656007,5.06501259783319,0.0002140518444611718,0.005505448475905642,0.7942804996796332,0.0,1.1971210330637172e-05,1.3494818918172811e-05,3.131146512287947e-08,0.3126552326087995,11319573.746587006,-16.612024641507265
238.84999999999997,4,cGDL,-16.612008247082883,0.0,9.925316744035499,5.261887883556062,0.0009542521281500904,0.21125000056078175,5.04968363086713,0.00021338383895028458,0.005488786555290359,0.7942978296057593,0.0,1.1971602252192582e-05,1.3495260720653458e-05,3.131154548343463e-08,0.3126169206461617,11316157.144800844,-16.61202302393726
238.95,4,cGDL,-16.61200678450473,0.0,9.925383148011118,5.2458996947551215,0.0009542730701924129,0.21058868074358544,5.034356740941344,0.00021271583913493478,0.005472126892327548,0.7943151572685375,0.0,1.19719941157874e-05,1.3495702457796704e-05,3.1311625665087384e-08,0.3125786138258302,11312740.970852183,-16.612021542955066
239.04999999999998,4,cGDL,-16.612005457284,0.0,9.925449549831416,5.229913582129414,0.0009542939979640119,0.20992736629362949,5.01903192183782,0.00021204784474103988,0.005455469480258501,0.7943324826750005,0.0,1.1972385921596519e-05,1.349614412979971e-05,3.131170566816976e-08,0.31254031213226235,11309325.223353831,-16.612020198406505
239.14999999999998,4,cGDL,-16.612004267978705,0.0,9.925515949496898,5.213929539190708,0.0009543149112541394,0.20926605693998684,5.003709167339467,0.00021137985549493621,0.005438814312325508,0.7943498058321796,0.0,1.1972777669567187e-05,1.349658573660301e-05,3.131178548934741e-08,0.3125020155499182,11305909.900918962,-16.612018990102065
239.25,4,cGDL,-16.612003213612468,0.0,9.925582347008067,5.197947559452561,0.0009543358103246413,0.2086047524113485,4.988388471230888,0.00021071187112257423,0.005422161381772704,0.7943671267471049,0.0,1.197316936009862e-05,1.3497027278656625e-05,3.131186513256645e-08,0.3124637240632615,11302495.002160933,-16.61201791794117
239.35,4,cGDL,-16.612002294210015,0.0,9.925648742365425,5.1819676364311436,0.0009543566951812077,0.20794345243688714,4.973069827299075,0.00021004389135039105,0.005405510681846821,0.7943844454268029,0.0,1.1973560993344879e-05,1.3497468756134226e-05,3.1311944597825066e-08,0.31242543765676256,11299080.525693787,-16.612016981763578
239.45,4,cGDL,-16.612001512801953,0.0,9.925715135569472,5.16598976364368,0.0009543775655725673,0.20728215674614972,4.957753229331957,0.00020937591590520173,0.005388862205795606,0.7944017618782993,0.0,1.1973952569214485e-05,1.3497910168932694e-05,3.131202388116717e-08,0.31238715631489383,11295666.470131924,-16.61201618137092
239.54999999999998,4,cGDL,-16.612000864307674,0.0,9.925781526620714,5.150013934608569,0.0009543984219404222,0.20662086506817937,4.942438671118449,0.00020870794451331248,0.005372215946867879,0.7944190761086188,0.0,1.1974344088278472e-05,1.3498351517695731e-05,3.1312102989306996e-08,0.3123488800221301,11292252.83408973,-16.61201551669572
239.65,4,cGDL,-16.61200035175409,0.0,9.925847915519643,5.134040142845243,0.0009544192640338622,0.20595957713282373,4.927126146448385,0.00020803997690184214,0.005355571898313463,0.7944363881247847,0.0,1.1974735550445616e-05,1.349879280232051e-05,3.13121819182933e-08,0.312310608762949,11288839.616182117,-16.612014987568557
239.75,4,cGDL,-16.611999974952937,0.0,9.925914302266762,5.118068381874145,0.0009544400918766738,0.20529829266986627,4.911815649112402,0.00020737201279784473,0.005338930053383046,0.7944536979338191,0.0,1.1975126955887299e-05,1.3499234023000227e-05,3.131226066840433e-08,0.31227234252182995,11285426.815024134,-16.61201459385639
239.85,4,cGDL,-16.61199973140822,0.0,9.925980686862568,5.102098645216717,0.0009544609056897913,0.20463701140900875,4.896507172902019,0.00020670405192829165,0.005322290405328281,0.7944710055427435,0.0,1.1975518304963418e-05,1.3499675180140578e-05,3.131233924295424e-08,0.3122340812832546,11282014.429230979,-16.612014335433678
239.95,4,cGDL,-16.611999996163092,0.0,9.926047069307664,5.08613092639542,0.0009544816734295414,0.20397573311242895,4.881200711609561,0.00020603609405295853,0.005305652947401697,0.7944883109585453,0.0,1.1975909567190112e-05,1.3500116239377943e-05,3.1312417148592e-08,0.31219582503172527,11278602.457431588,-16.6120142122257
240.04999999999998,4,cGDL,-16.61199947588517,0.0,9.926113449615443,5.070356930337809,0.000954502255295725,0.2033145545433279,4.866087873539185,0.00020536823691245243,0.005289225949499115,0.7945054058135885,0.0,1.1976296136853636e-05,1.3500552008816825e-05,3.131249607527465e-08,0.31215804790185525,11275230.190905074,-16.612014224026005
240.14999999999998,4,cGDL,-16.611998954395972,0.0,9.926179827793087,5.05449592664714,0.0009545229508821917,0.20265333325755427,4.850888070438703,0.0002047003366237922,0.005272704424389894,0.7945225952389864,0.0,1.1976684849116587e-05,1.3500990193549608e-05,3.1312575008725985e-08,0.3121200555777789,11271840.091795202,-16.61201437079355
240.24999999999997,4,cGDL,-16.612000083450596,0.0,9.926246203805356,5.038195227152912,0.0009545440795607207,0.20199189040101242,4.835248792672338,0.00020403221252627518,0.005255705209426455,0.7945402625780473,0.0,1.1977084237003167e-05,1.3501440412621753e-05,3.131265179717307e-08,0.31208097577416605,11268359.87397937,-16.61201465236133
240.35,4,cGDL,-16.612000541090936,0.0,9.92631257762187,5.021881635680642,0.0009545652824538564,0.2013304417738997,4.819596628624288,0.00020336408259989867,0.005238691987635096,0.7945579439297651,0.0,1.1977484001031928e-05,1.3501891055708719e-05,3.131272946968229e-08,0.31204186408388723,11264877.014005352,-16.612015068651022
240.45,4,cGDL,-16.61200111119814,0.0,9.926378949241863,5.005569897821327,0.0009545864733123133,0.20066899464938487,4.80394631669863,0.00020269595419129786,0.00522168077902025,0.7945756232667884,0.0,1.1977883714761168e-05,1.3502341642094408e-05,3.1312806994172955e-08,0.3120027569770142,11261394.534065481,-16.61201561956537
240.54999999999998,4,cGDL,-16.61200180838597,0.0,9.926445318665811,4.989260006747991,0.0009546076508953061,0.20000754875957558,4.78829785033752,0.00020202782702987432,0.005204671576453827,0.7945933005965163,0.0,1.1978283377161601e-05,1.3502792170618533e-05,3.1312884351450705e-08,0.3119636544371655,11257912.432704391,-16.612016304980898
240.65,4,cGDL,-16.61200264420654,0.0,9.926511685894189,4.972951955634933,0.0009546288142235626,0.1993461038365746,4.772651222984135,0.00020135970084502486,0.005187664372808843,0.7946109759263462,0.0,1.1978682987453929e-05,1.3503242640402612e-05,3.131296152634861e-08,0.31192455644796235,11254430.708466923,-16.612017124807352
240.75,4,cGDL,-16.612003609829856,0.0,9.926578050927477,4.9566457376577535,0.0009546499640598893,0.1986846596108244,4.757006428082869,0.0002006915753644691,0.005170659160959641,0.7946286492636759,0.0,1.1979082546524298e-05,1.3503693052445575e-05,3.1313038530513526e-08,0.31188546299302783,11250949.359897474,-16.612018078979396
240.85,4,cGDL,-16.612004712083092,0.0,9.926644413766146,4.9403413459931445,0.0009546710998289965,0.19802321581435683,4.741363459078959,0.00020002345031753214,0.005153655933781477,0.794646320615901,0.0,1.1979482053979428e-05,1.3504143406304082e-05,3.131311535499434e-08,0.3118463740559882,11247468.38554128,-16.61201916736245
240.95,4,cGDL,-16.61200594372599,0.0,9.926710774410678,4.9240387738191345,0.0009546922221577436,0.19736177217809311,4.725722309418884,0.00019935532543241728,0.005136654684150961,0.7946639899904167,0.0,1.1979881510575557e-05,1.3504593702830628e-05,3.13131920093466e-08,0.311807289620472,11243987.783943366,-16.61202038991867
241.04999999999998,4,cGDL,-16.61200730998928,0.0,9.926777132856639,4.907738014314936,0.000954713330607232,0.1967003284342316,4.710082972550097,0.0001986872004386178,0.005119655404945758,0.7946816573946157,0.0,1.1980280916049793e-05,1.3505043941728857e-05,3.131326848671935e-08,0.31176820967011104,11240507.55364949,-16.61202174650327
241.14999999999998,4,cGDL,-16.61200880876106,0.0,9.926843489090345,4.891439060663569,0.0009547344253660883,0.19603888431712313,4.69444544192108,0.00019801907506780114,0.005102658089044652,0.7946993228358876,0.0,1.1980680270739203e-05,1.3505494123378738e-05,3.131334478992107e-08,0.3117291341885409,11237027.693206519,-16.612023237134583
241.24999999999997,4,cGDL,-16.612010440187532,0.0,9.926909843102987,4.875141906055286,0.0009547555064299551,0.19537743956631018,4.678809710982546,0.00019735094905687896,0.005085662729328855,0.7947169863216142,0.0,1.1981079574796165e-05,1.350594424795204e-05,3.1313420918788945e-08,0.31169006315940573,11233548.201163951,-16.612024861629035
241.35,4,cGDL,-16.612012205918063,0.0,9.926976194894992,4.858846543681305,0.0009547765736658553,0.19471599392167613,4.663175773185963,0.0001966828221431072,0.005068669318680395,0.7947346478591765,0.0,1.1981478828250166e-05,1.3506394315482006e-05,3.1313496871182634e-08,0.3116509965663516,11230069.076071579,-16.612026620012305
241.45,4,cGDL,-16.61201410196935,0.0,9.927042544466788,4.842552966733729,0.0009547976274225378,0.1940545471227967,4.64754362198351,0.00019601469406343102,0.005051677849982076,0.7947523074559546,0.0,1.1981878031591076e-05,1.3506844326520848e-05,3.1313572652371946e-08,0.3116119343930263,11226590.316479214,-16.612028512168585
241.54999999999998,4,cGDL,-16.61201613230145,0.0,9.927108891818802,4.82626116840641,0.0009548186673695447,0.19339309891010628,4.6319132508289345,0.0001953465645556629,0.005034688316118407,0.794769965119326,0.0,1.1982277184659467e-05,1.3507294280888853e-05,3.131364825717662e-08,0.3115728766230821,11223111.920937346,-16.612030538053926
241.65,4,cGDL,-16.612018293838673,0.0,9.92717523695146,4.809971141895003,0.0009548396937779091,0.19273164902362422,4.616284653177601,0.00019467843335719618,0.005017700709975654,0.7947876208566672,0.0,1.1982676287870968e-05,1.3507744179054545e-05,3.131372368967245e-08,0.3115338232401747,11219633.887996627,-16.61203269759961
241.75,4,cGDL,-16.612020589753,0.0,9.92724157986518,4.7936828803963,0.0009548607063845915,0.19207019720407628,4.600657822485839,0.00019401030020613767,0.00500071502444113,0.7948052746753528,0.0,1.198307534113049e-05,1.3508194020910734e-05,3.131379894571576e-08,0.31149477422796285,11216156.216208193,-16.612034990726325
241.85,4,cGDL,-16.612023020230254,0.0,9.92730792056039,4.777396377108132,0.0009548817051817649,0.19140874319211953,4.5850327522108305,0.0001933421648405248,0.004983731252403077,0.7948229265827564,0.0,1.1983474344587018e-05,1.3508643806625367e-05,3.1313874025091595e-08,0.3114557295701074,11212678.904123334,-16.612037417458136
241.95,4,cGDL,-16.61202557841159,0.0,9.927374259037508,4.76111162522949,0.0009549026907639813,0.19074728672799518,4.569409435810731,0.00019267402699797492,0.004966749386750794,0.7948405765862513,0.0,1.1983873298965413e-05,1.3509093537015556e-05,3.1313948936852746e-08,0.3114166892502712,11209201.950293364,-16.612039154658135
242.05,4,cGDL,-16.612028274555882,0.0,9.927440595296959,4.744828617961268,0.0009549236622622415,0.19008582755359626,4.5537878667454095,0.000192005886417774,0.004949769420375445,0.7948582246932069,0.0,1.198427220359114e-05,1.350954321132092e-05,3.13140236675321e-08,0.3113776532521224,11205725.353270635,-16.61204267815113
242.14999999999998,4,cGDL,-16.612031100376214,0.0,9.92750692933916,4.728547348505338,0.0009549446203931666,0.18942436540943006,4.538168038475515,0.00019133774283780814,0.004932791346169038,0.7948758709109931,0.0,1.1984671059305767e-05,1.3509992830490135e-05,3.131409822806117e-08,0.3113386215593303,11202249.111607086,-16.612045514887203
242.24999999999997,4,cGDL,-16.61203406055205,0.0,9.927573261164529,4.712267810065169,0.000954965564764737,0.18876290003725635,4.522549944463148,0.00019066959599722865,0.0049158151570251616,0.7948935152469776,0.0,1.198506986589081e-05,1.3510442394276913e-05,3.13141726123131e-08,0.31129959415556835,11198773.223855466,-16.61204848989139
242.35,4,cGDL,-16.612037153783547,0.0,9.927639590773484,4.695989995845209,0.0009549864954962184,0.18810143117856967,4.506933578171143,0.00019000144563491886,0.004898840845838199,0.7949111577085268,0.0,1.1985468623616596e-05,1.351089190298598e-05,3.1314246822027175e-08,0.311260571024512,11195297.688568579,-16.612051598655306
242.45,4,cGDL,-16.612040380136875,0.0,9.927705918166444,4.6797138990516265,0.0009550074125900809,0.1874399585751199,4.4913189330639165,0.0001893332914900201,0.004881868405504257,0.7949287983030057,0.0,1.1985867332641737e-05,1.351134135679614e-05,3.131432085714566e-08,0.3112215521498403,11191822.504299646,-16.61205484119357
242.54999999999998,4,cGDL,-16.612043739955766,0.0,9.927772243343822,4.663439512891596,0.0009550283160249806,0.18677848196891436,4.475706002606657,0.0001886651333019337,0.00486489782892028,0.7949464370377778,0.0,1.1986265993102134e-05,1.3511790755860588e-05,3.1314394717245634e-08,0.3111825375152348,11188347.669602163,-16.61205821016629
242.64999999999998,4,cGDL,-16.612047229854795,0.0,9.927838566306033,4.647166830573075,0.0009550492060985127,0.18611700110177104,4.460094780265205,0.00018799697080986973,0.004847929108983918,0.7949640739202063,0.0,1.1986664605438605e-05,1.3512240100676246e-05,3.1314468406810246e-08,0.31114352710437826,11184873.183029672,-16.612061724537277
242.75,4,cGDL,-16.61205085676204,0.0,9.92790488705349,4.630895845305027,0.0009550700822264224,0.18545551571665894,4.444485259506141,0.00018732880375420095,0.004830962238593632,0.7949817089576523,0.0,1.1987063169248628e-05,1.3512689390789362e-05,3.1314541916754e-08,0.3111045209009561,11181399.043136355,-16.612065396649587
242.85,4,cGDL,-16.612054614176486,0.0,9.927971205586605,4.614626550297314,0.0009550909449726197,0.18479402555554011,4.428877433796801,0.00018666063187428294,0.004813997210648697,0.794999342157477,0.0,1.198746168522775e-05,1.351313862698401e-05,3.131461525565901e-08,0.31106551888865497,11177925.248476123,-16.61206917421216
242.95,4,cGDL,-16.612058505636526,0.0,9.928037521905793,4.598358938760656,0.0009551117940426734,0.18413253036144367,4.41327129660517,0.00018599245491054915,0.004797034018049097,0.7950169735270404,0.0,1.198786015325059e-05,1.3513587809118846e-05,3.131468841889923e-08,0.3110265210511637,11174451.797603471,-16.612073084625862
243.05,4,cGDL,-16.612062531029324,0.0,9.92810383601146,4.582093003907256,0.0009551326294543194,0.1834710298772926,4.397666841400509,0.00018532427260332587,0.0047800726536962055,0.7950346030737006,0.0,1.198825857349029e-05,1.3514036937389052e-05,3.1314761406652305e-08,0.31098752737217417,11170978.689073104,-16.612077128379834
243.15,4,cGDL,-16.612066687837,0.0,9.928170147904018,4.56582873895059,0.0009551534514309901,0.1828095238459712,4.382064061653188,0.0001846560846929002,0.004763113110492595,0.7950522308048146,0.0,1.1988656946316661e-05,1.3514486012211507e-05,3.1314834222259936e-08,0.3109485378353813,11167505.921439946,-16.61208130559678
243.24999999999997,4,cGDL,-16.612070978708005,0.0,9.928236457583873,4.549566137105154,0.000955174259754249,0.18214801201103567,4.366462950834364,0.00018398789092023804,0.004746155381341701,0.7950698567277381,0.0,1.1989055271676997e-05,1.3514935033526798e-05,3.131490686226689e-08,0.3109095524244819,11164033.493259357,-16.61208561616662
243.34999999999997,4,cGDL,-16.61207540356685,0.0,9.928302765051436,4.533305191586743,0.0009551950544386956,0.181486494115977,4.350863502416328,0.0001833196910262394,0.004729199459148182,0.7950874808498256,0.0,1.1989453549741322e-05,1.3515384001526583e-05,3.131497932680156e-08,0.31087057112317595,11160561.403086904,-16.612090060163837
243.45,4,cGDL,-16.612079961486018,0.0,9.92836907030711,4.517045895611878,0.0009552158355717044,0.1808249699044275,4.335265709871879,0.00018265148475194698,0.00471224533681726,0.7951051031784309,0.0,1.198985178074934e-05,1.3515832916481075e-05,3.131505161711331e-08,0.3108315939151645,11157089.649478322,-16.612094637532998
243.54999999999998,4,cGDL,-16.61208464952432,0.0,9.928435373351302,4.5007882423983,0.0009552366034129289,0.18016343912006835,4.319669566674818,0.00018198327183845288,0.004695293007255238,0.7951227237209063,0.0,1.1990249965105455e-05,1.351628177884615e-05,3.131512373710077e-08,0.3107926207841511,11153618.230989562,-16.612099348405305
243.64999999999998,4,cGDL,-16.612089476482083,0.0,9.928501674184414,4.484532225164394,0.000955257357217798,0.1795019015077457,4.304075066299431,0.00018131505202802597,0.004678342463368947,0.7951403424846031,0.0,1.199064810225367e-05,1.3516730587995047e-05,3.1315195675214794e-08,0.31075365171384145,11150147.146177167,-16.612104192685088
243.75,4,cGDL,-16.612094431736296,0.0,9.928567972806853,4.468277837130707,0.0009552780979029118,0.17884035681088167,4.288482202221922,0.00018064682506149663,0.004661393698067307,0.7951579594768713,0.0,1.1991046193226674e-05,1.3517179345091888e-05,3.131526744546058e-08,0.3107146866879449,11146676.393597476,-16.61210917044164
243.85,4,cGDL,-16.612099522794153,0.0,9.928634269219017,4.452025071518995,0.0009552988248344163,0.17817880477460873,4.272890967919552,0.00017997859068142295,0.004644446704260383,0.7951755747050583,0.0,1.1991444237574146e-05,1.3517628049629038e-05,3.131533903799029e-08,0.31067572569017443,11143205.971807765,-16.6121142816989
243.95,4,cGDL,-16.612104747053138,0.0,9.928700563421312,4.435773921551821,0.0009553195382428215,0.1775172451434561,4.257301356870122,0.00017931034862975364,0.0046275014748588285,0.7951931881765115,0.0,1.199184223567271e-05,1.3518076702031054e-05,3.131541045625686e-08,0.31063676870424417,11139735.879365163,-16.612119526428565
244.04999999999998,4,cGDL,-16.61211010465729,0.0,9.928766855414134,4.419524380452635,0.0009553402381239917,0.17685567766234128,4.2417133625521695,0.00017864209864882957,0.004610558002774098,0.7952107998985771,0.0,1.1992240187674306e-05,1.3518525302469217e-05,3.131548170009972e-08,0.31059781571387013,11136266.11482711,-16.61212491690609
244.15,4,cGDL,-16.61211559411379,0.0,9.928833145197883,4.403276441445812,0.0009553609246136519,0.17619410207628264,4.226126978444916,0.00017797384048109358,0.004593616280918387,0.7952284098786006,0.0,1.1992638093864774e-05,1.3518973851265745e-05,3.1315552771511884e-08,0.3105588667027703,11132796.676751234,-16.612130435533114
244.25,4,cGDL,-16.612121217441143,0.0,9.928899432772958,4.387030097756527,0.0009553815975472668,0.1755325181307924,4.210542198028187,0.00017730557386948727,0.004576676302204551,0.7952460181239259,0.0,1.199303595424269e-05,1.351942234841903e-05,3.131562366786656e-08,0.3105199216546641,11129327.563695488,-16.61213608007434
244.34999999999994,4,cGDL,-16.612126976934917,0.0,9.928965718139755,4.370785342610856,0.0009554022567365428,0.17487092557161352,4.194959014782506,0.00017663729855718537,0.004559738059546202,0.7952636246418966,0.0,1.1993433768783916e-05,1.3519870793901867e-05,3.131569438617238e-08,0.3104809805532731,11125858.774218073,-16.612141857761294
244.45000000000002,4,cGDL,-16.612090891409764,0.0,9.929032001298673,4.3545421692356605,0.0009554264934732437,0.17420932055321225,4.179377422188975,0.00017596901065981035,0.004542801545857581,0.7952812294434826,0.0,1.1993834972516628e-05,1.3520323059927835e-05,3.131582016015979e-08,0.3104420433802297,11122390.305375926,-16.612147768469573
244.54999999999995,4,cGDL,-16.612181210944925,0.0,9.929098280551482,4.313289852180402,0.0009554725732434377,0.173535025473925,4.1387993541332335,0.00017528790451911615,0.004498694950144819,0.7953260171453361,0.0,1.199484077825435e-05,1.3521456877304902e-05,3.131578112893889e-08,0.3103412524075117,11113796.02091632,-16.612153812424573
244.65,4,cGDL,-16.61214553784731,0.0,9.929164555878591,4.296754117350505,0.0009554971568425108,0.17287325136529363,4.122925368828369,0.00017461944582352894,0.004481440618291706,0.7953439399358848,0.0,1.199524915784775e-05,1.3521917232482917e-05,3.131590638055096e-08,0.3103015916964366,11110267.584943129,-16.612159989453563
244.74999999999997,4,cGDL,-16.612152076967504,0.0,9.929230828949846,4.280084781178817,0.0009555183036336345,0.1722114026197805,4.106917860255403,0.000173950911737152,0.004464041152451525,0.7953620079358115,0.0,1.1995657373070995e-05,1.352237740237094e-05,3.131597610375788e-08,0.310261600577934,11106711.76561972,-16.612166299677224
244.85000000000002,4,cGDL,-16.612158521912704,0.0,9.92929709975647,4.263417029930185,0.0009555394563862674,0.1715495439696506,4.090911946504148,0.00017328236764611171,0.004446643420113205,0.7953800742122407,0.0,1.1996065561615952e-05,1.3522837542185256e-05,3.131604595211641e-08,0.3102216133995825,11103156.268853694,-16.612172743075714
244.94999999999996,4,cGDL,-16.612165100859556,0.0,9.929363368298864,4.246750855522797,0.0009555605955892943,0.17088767518061546,4.074907619746592,0.000172613813313753,0.004429247412768035,0.7953981387739182,0.0,1.1996473705007015e-05,1.3523297631098818e-05,3.131611562544724e-08,0.31018163014187744,11099601.09294354,-16.61217931960478
245.05,4,cGDL,-16.61217181377191,0.0,9.929429634577428,4.230086249875345,0.0009555817212555939,0.17022579599901438,4.058904872155075,0.00017194524848385291,0.004411853121907691,0.7954162016296085,0.0,1.1996881803442938e-05,1.3523757669335675e-05,3.131618512382672e-08,0.310141650785304,11096046.236179722,-16.612186029334897
245.14999999999998,4,cGDL,-16.612178708805686,0.0,9.929495898592632,4.213424282842128,0.0009556028278670803,0.16956390672270763,4.0429047732915535,0.00017127667345728044,0.0043944617100995145,0.7954342616164433,0.0,1.1997289826671345e-05,1.3524217622793153e-05,3.1316254383860134e-08,0.3101016779763515,11092491.917785779,-16.612192872212223
245.25000000000003,4,cGDL,-16.612186232123634,0.0,9.929562160346935,4.196793090236451,0.0009556238405085959,0.16890202142195657,4.026935444973986,0.00017060810244642078,0.004377103744536941,0.7954522881530167,0.0,1.1997697046290209e-05,1.3524676670363512e-05,3.131632281686825e-08,0.31006178130236206,11088943.904378546,-16.612199848352486
245.34999999999997,4,cGDL,-16.612192739141904,0.0,9.929628419867402,4.180527146007788,0.0009556444631459993,0.16824030948625368,4.011331192058388,0.00016993970655177138,0.004360142600063465,0.7954699176933848,0.0,1.1998095371810165e-05,1.3525125691858731e-05,3.131639256656846e-08,0.3100227880007935,11085470.748887528,-16.612206957615726
245.45000000000002,4,cGDL,-16.612199972189785,0.0,9.929694677179121,4.164262789320671,0.0009556650215609697,0.16757858623702737,3.9957285380620826,0.00016927129922932057,0.004343183193545742,0.795487545507225,0.0,1.1998493603227435e-05,1.3525574607274563e-05,3.131646136244781e-08,0.30998379864869413,11081997.916204272,-16.612214200141196
245.54999999999998,4,cGDL,-16.61220734265072,0.0,9.929760932282488,4.148000013395684,0.0009556855661254082,0.16691685137206363,3.980127476457495,0.00016860288017380166,0.004326225517888581,0.7955051716019377,0.0,1.1998891788881476e-05,1.3526023471102754e-05,3.1316529978978526e-08,0.3099448132297374,11078525.40486526,-16.612221575830112
245.65000000000003,4,cGDL,-16.61221484645006,0.0,9.929827185177892,4.131738811454389,0.0009557060971960019,0.16625510463934043,3.964528000717853,0.0001679344491306469,0.004309269565997666,0.7955227959848717,0.0,1.199928992926963e-05,1.3526472283903946e-05,3.131659842155017e-08,0.30990583172762803,11075053.213428132,-16.612229369802996
245.74999999999997,4,cGDL,-16.612222483268454,0.0,9.929893435865733,4.115479176719229,0.0009557266148082222,0.16559334578740562,3.9489301043170153,0.00016726600584586425,0.0042923153307793645,0.7955404186633749,0.0,1.1999688024581859e-05,1.3526921045892277e-05,3.1316666690611487e-08,0.3098668541260728,11071581.340450892,-16.61223671368127
245.85000000000005,4,cGDL,-16.612230253687983,0.0,9.929959684346398,4.099221102413447,0.0009557471189202971,0.1649315745650757,3.9333337807294506,0.00016659755006573302,0.004275362805140707,0.7955580396447935,0.0,1.2000086074934327e-05,1.3527369757198697e-05,3.131673478542519e-08,0.3098278804087798,11068109.784491777,-16.612244468754263
245.95,4,cGDL,-16.612238157910213,0.0,9.93002593062028,4.082964581761333,0.0009557676095230949,0.16426979072140546,3.9177390234304044,0.0001659290815367732,0.00425841198198957,0.7955756589364736,0.0,1.200048408047434e-05,1.3527818417989255e-05,3.131680270575448e-08,0.3097889105594595,11064638.544109287,-16.612252369447695
246.04999999999993,4,cGDL,-16.612246198213597,0.0,9.930092174687772,4.066709607987921,0.0009557880864297374,0.1636079940058108,3.9021458258956803,0.0001652606000058695,0.0042414628542344355,0.7955932765457597,0.0,1.2000882041179137e-05,1.35282670282383e-05,3.131687044863006e-08,0.30974994456182375,11061167.617862184,-16.61226040376432
246.15,4,cGDL,-16.61225436825839,0.0,9.93015841654926,4.050456174319192,0.0009558085501908398,0.1629461841672215,3.8865541816017792,0.00016459210521941567,0.0042245154147845425,0.7956108924799961,0.0,1.2001279957731503e-05,1.3528715588715514e-05,3.131693802242172e-08,0.30971098239958594,11057697.00430917,-16.61226857177299
246.24999999999994,4,cGDL,-16.612262674345175,0.0,9.93022465620513,4.034204273981956,0.0009558290002752712,0.16228436095585472,3.870964084025826,0.00016392359692510576,0.0042075696565498115,0.7956285067465252,0.0,1.2001677829779387e-05,1.3529164099024036e-05,3.131700541886802e-08,0.3096720240564618,11054226.702009622,-16.61227687340663
246.35,4,cGDL,-16.612271114307703,0.0,9.930290893655775,4.017953900204016,0.0009558494368765158,0.16162252412146896,3.85537552664567,0.00016325507487017067,0.004190625572440946,0.7956461193526889,0.0,1.2002075657663861e-05,1.3529612559548353e-05,3.131707264084756e-08,0.30963306951616854,11050756.709522855,-16.612285308755418
246.44999999999996,4,cGDL,-16.61227968713098,0.0,9.930357128901578,4.001705046213956,0.000955869860089581,0.16096067341410822,3.839788502939758,0.0001625865388021295,0.004173683155369302,0.7956637303058287,0.0,1.2002473441631762e-05,1.3530060970566714e-05,3.131713968972414e-08,0.3095941187624249,11047287.025408443,-16.612293877794027
246.55,4,cGDL,-16.61228901632319,0.0,9.930423361942925,3.9854577052414175,0.0009558902165583971,0.16029880863754464,3.8242030063873145,0.00016191798852277237,0.004156742398247081,0.7956813396132303,0.0,1.2002871130793426e-05,1.3530509274712588e-05,3.131720574515094e-08,0.309555171778983,11043817.64824858,-16.612302580465865
246.64999999999995,4,cGDL,-16.61229758227961,0.0,9.930489592807218,3.9696102105222835,0.0009559101162094075,0.1596371316900024,3.8090171687160717,0.0001612496279696994,0.004140236052952252,0.7956985143190781,0.0,1.2003259052740092e-05,1.3530946568543377e-05,3.131727278262215e-08,0.3095172137430101,11040430.219453122,-16.6123114168637
246.75,4,cGDL,-16.61230616544111,0.0,9.930555821537915,3.954000847083068,0.000955929703411601,0.15897556029138052,3.7940693570882758,0.0001605813740316975,0.004123988431617691,0.7957154301943506,0.0,1.2003641120603724e-05,1.3531377263226018e-05,3.1317339785027496e-08,0.3094798446937825,11037091.59425097,-16.612320387005514
246.84999999999997,4,cGDL,-16.61231525178772,0.0,9.930622048151442,3.9383930531672333,0.0009559492454634666,0.15831397411605944,3.7791231298057104,0.0001599131051677368,0.004107742532397512,0.7957323443624348,0.0,1.2004023112656282e-05,1.35318078724489e-05,3.1317406127183855e-08,0.30944247955594895,11033753.28742328,-16.61232949083796
246.95000000000002,4,cGDL,-16.61232446635239,0.0,9.930688272648183,3.9227868224958913,0.0009559687744654655,0.1576523728835174,3.7641784808379084,0.00015924482109446204,0.004091498348736857,0.7957492568301687,0.0,1.2004405059753116e-05,1.353223843099442e-05,3.1317472302480084e-08,0.3094051183144255,11030415.297617435,-16.61233872836452
247.04999999999995,4,cGDL,-16.61233382011676,0.0,9.930754495028518,3.907182148790991,0.0009559882894850935,0.15699075634651657,3.749235404154989,0.00015857652156213794,0.00407525587408151,0.7957661676043564,0.0,1.2004786961146606e-05,1.3532668938019811e-05,3.131753829649522e-08,0.30936776095414914,11027077.62349486,-16.612348922696665
247.15,4,cGDL,-16.612343303034322,0.0,9.93082071529283,3.891579025775369,0.0009560077913898513,0.15632912425621534,3.734293893727764,0.00015790820631940943,0.004059015101878004,0.7957830766918026,0.0,1.2005168817811151e-05,1.353309939462348e-05,3.1317604122476215e-08,0.3093304074600576,11023740.26371645,-16.61235759790867
247.24999999999997,4,cGDL,-16.612352921782986,0.0,9.930886933441496,3.8759774471728567,0.0009560272796154956,0.15566747636545433,3.719353943527787,0.00015723987511662054,0.004042776025573682,0.7957999840993097,0.0,1.2005550629351521e-05,1.3533529800359895e-05,3.1317669771664683e-08,0.3092930578170913,11020403.216943959,-16.61236722708232
247.35000000000002,4,cGDL,-16.612362673875054,0.0,9.930953149474897,3.8603774067081673,0.0009560467543824891,0.1550058124265537,3.704415547527231,0.0001565715277035896,0.004026538638616556,0.7958168898336799,0.0,1.2005932396123068e-05,1.3533960155629638e-05,3.131773524736189e-08,0.30925571201019203,11017066.481839037,-16.61237698509807
247.44999999999996,4,cGDL,-16.61237255676582,0.0,9.931019363393407,3.8447788981069215,0.0009560662159161237,0.15434413219203882,3.6894786996989666,0.00015590316383034224,0.004010302934455399,0.7958337939017144,0.0,1.2006314118485836e-05,1.353439046083858e-05,3.131780055294419e-08,0.30921837002430347,11013730.057063576,-16.612386876508957
247.55000000000004,4,cGDL,-16.612382576373022,0.0,9.931085575197406,3.8291819150956545,0.0009560856637173543,0.15368243541540233,3.674543394016535,0.00015523478324788113,0.003994068906539712,0.7958506963102124,0.0,1.2006695796106744e-05,1.3534820715611241e-05,3.131786568065327e-08,0.3091810318443713,11010393.941280007,-16.61239690125631
247.64999999999998,4,cGDL,-16.61239272669917,0.0,9.931151784887268,3.813586451401754,0.0009561050983069863,0.1530207218494061,3.659609624454041,0.0001545663857064708,0.0039778365483196096,0.795867597065974,0.0,1.200707742962861e-05,1.3535250920672249e-05,3.131793063840846e-08,0.3091436974553424,11007058.133150566,-16.612407059352734
247.75000000000003,4,cGDL,-16.612403013008304,0.0,9.931217992463369,3.797992500753616,0.0009561245192419299,0.15235899124795843,3.644677384986416,0.00015389797095753376,0.003961605853246104,0.7958844961757964,0.0,1.2007459018771832e-05,1.3535681075706429e-05,3.131799541931147e-08,0.3091063668421662,11003722.631338144,-16.612417349830636
247.84999999999997,4,cGDL,-16.612413429187256,0.0,9.931284197926079,3.7824000568804648,0.0009561439270529548,0.15169724336428198,3.62974666958913,0.0001532295387518,0.003945376814770793,0.7959013936464774,0.0,1.200784056418871e-05,1.353611118144909e-05,3.1318060031433845e-08,0.3090690399897931,11000387.43450545,-16.612427762991114
247.95000000000005,4,cGDL,-16.61242398297543,0.0,9.931350401275775,3.7668091135124686,0.000956163321084974,0.15103547795301306,3.6148174722383706,0.00015256108884142733,0.003929149426346055,0.7959182894848126,0.0,1.2008222065396823e-05,1.3536541237356418e-05,3.13181244646202e-08,0.3090317168831762,10997052.541315934,-16.612438321400056
248.04999999999998,4,cGDL,-16.61243466577116,0.0,9.931416602512828,3.751219664380649,0.000956182702081837,0.150373694767628,3.599889786910939,0.000151892620977402,0.003912923681424934,0.7959351836975977,0.0,1.2008603523252311e-05,1.3536971244393515e-05,3.13181887302163e-08,0.30899439750726937,10993717.950432686,-16.612449238708162
248.15000000000003,4,cGDL,-16.61246002364652,0.0,9.931482801637607,3.7356317032170328,0.0009562008246911669,0.1497118948079822,3.5849636075843594,0.00015122413616967898,0.0038966995734612602,0.7959520762903691,0.0,1.2008983746254575e-05,1.3537399859414247e-05,3.1318233688700415e-08,0.30895708184775383,10990383.661040008,-16.61245982332011
248.25,4,cGDL,-16.612441225629027,0.0,9.931548999323773,3.729978892826104,0.0009562097548645454,0.14905511947952332,3.5799675635917163,0.00015056072674699325,0.0038912690908605614,0.7959581701823925,0.0,1.2009123199528148e-05,1.3537557061286276e-05,3.131833615197556e-08,0.30894433830683526,10989085.653480837,-16.612470765618905
248.34999999999994,4,cGDL,-16.612466487430652,0.0,9.931615195562607,3.7142602563592195,0.0009562280562513681,0.14839321501162608,3.564910813291342,0.0001498921363753799,0.003874903057925372,0.7959752048056993,0.0,1.200950665020458e-05,1.3537989314776071e-05,3.131838124929124e-08,0.30890669952708666,10985724.57302533,-16.612481850089203
248.45,4,cGDL,-16.612478338931965,0.0,9.931681389643753,3.6981249728048033,0.0009562480497592729,0.14773107819584794,3.549437646559196,0.00014922331130893732,0.003858084398433909,0.7959926922902572,0.0,1.2009901452660536e-05,1.3538434364817331e-05,3.131844401917364e-08,0.308868030312334,10982278.092821416,-16.61249306859934
248.54999999999995,4,cGDL,-16.612489711633827,0.0,9.931747581539222,3.6819907395950953,0.0009562680828455183,0.14706892210055914,3.5339655494116906,0.00014855446676824156,0.0038412669015344464,0.7960101786316974,0.0,1.2010296272756622e-05,1.353887943474383e-05,3.1318507421380993e-08,0.30882936373273107,10978831.823661173,-16.61250442123617
248.65,4,cGDL,-16.61250121796644,0.0,9.931813771249328,3.6658575494605685,0.0009562881030842352,0.14640674653342045,3.518494514824064,0.00014788560255901055,0.0038244505595913737,0.7960276638378497,0.0,1.2010691060495195e-05,1.3539324468194585e-05,3.131857065010893e-08,0.308790699770785,10975385.764025172,-16.61251590790943
248.74999999999994,4,cGDL,-16.612512859797505,0.0,9.93187995877439,3.649725395131603,0.000956308110324211,0.14574455125007557,3.5030245357712033,0.00014721671843441977,0.003807635364968699,0.7960451479165969,0.0,1.2011085815899667e-05,1.3539769465195987e-05,3.131863370292769e-08,0.3087520384089721,10971939.912372166,-16.61252752873474
248.85,4,cGDL,-16.61252463452456,0.0,9.931946144114724,3.63359426933844,0.000956328104797094,0.14508233600601048,3.4875556052276324,0.00014654781414748534,0.0037908213100300353,0.7960626308758225,0.0,1.2011480539359727e-05,1.354021442618733e-05,3.131869658328935e-08,0.3087133796297676,10968494.267160779,-16.612539283638334
248.94999999999996,4,cGDL,-16.612536543763213,0.0,9.932012327270645,3.6174641648115333,0.0009563480863732654,0.14442010055735396,3.472087716167806,0.0001458788894518727,0.0037740083871389196,0.7960801127234093,0.0,1.2011875230919451e-05,1.354065935121829e-05,3.13187592890958e-08,0.3086747234156468,10965048.82684987,-16.612551172672173
249.05,4,cGDL,-16.612548583316993,0.0,9.932078508242466,3.601335074281185,0.0009563680554208198,0.14375784465997693,3.456620861565787,0.0001452099441009868,0.0037571965886584644,0.7960975934672406,0.0,1.2012269891099174e-05,1.3541104240875434e-05,3.131882182589654e-08,0.308636069749084,10961603.589898124,-16.612563195839673
249.14999999999995,4,cGDL,-16.61256076094702,0.0,9.9321446870305,3.5852069904775865,0.0009563880112839207,0.14309556807105708,3.4411550343952455,0.0001445409778495526,0.003740385906951354,0.7961150731151991,0.0,1.2012664519439407e-05,1.3541549094640783e-05,3.1318884183507e-08,0.30859741861255335,10958158.554764686,-16.612575340886632
249.25,4,cGDL,-16.61257307134622,0.0,9.932210863635056,3.5690799061310856,0.0009564079544258364,0.1424332705469368,3.425690227629723,0.0001438719904514513,0.0037235763343801335,0.7961325516751685,0.0,1.201305911655151e-05,1.3541993913203521e-05,3.1318946368937945e-08,0.30855876998852805,10954713.719908332,-16.612587625472788
249.34999999999997,4,cGDL,-16.612585512895805,0.0,9.93227703805645,3.5529538139717567,0.0009564278849938657,0.1417709518444432,3.4102264342423196,0.00014320298166105373,0.0037067678633068693,0.7961500291550322,0.0,1.2013453682744657e-05,1.3542438696912158e-05,3.1319008384347056e-08,0.30852012385948063,10951269.083787942,-16.612600051866938
249.45000000000002,4,cGDL,-16.612598090789504,0.0,9.932343210294988,3.5368287067295676,0.000956447802552024,0.14110861172135877,3.394763647205657,0.00014253395123369573,0.0036899604860931054,0.7961675055626732,0.0,1.2013848217769723e-05,1.3542883445485868e-05,3.1319070222927815e-08,0.3084814802078828,10947824.644862704,-16.612612612796305
249.54999999999995,4,cGDL,-16.61261080234908,0.0,9.932409380350977,3.52070457713425,0.0009564677073384542,0.14044624993501623,3.3793018594918953,0.00014186489892425882,0.0036731541950998864,0.796184980905976,0.0,1.2014242722022718e-05,1.3543328159371066e-05,3.131913188823188e-08,0.3084428390162051,10944380.401591513,-16.61262530843946
249.65000000000003,4,cGDL,-16.612623646757413,0.0,9.932475548224728,3.5045814179162846,0.0009564875994317878,0.13978386624313155,3.3638410640737213,0.00014119582448801166,0.0036563489826888277,0.7962024551928232,0.0,1.2014637195747125e-05,1.3543772838842216e-05,3.1319193381362e-08,0.30840420026691945,10940936.352433551,-16.612638138623055
249.74999999999997,4,cGDL,-16.61263662570326,0.0,9.932541713916544,3.488459221806151,0.0009565074786962724,0.13912146040395842,3.3483812539234963,0.0001405267276807661,0.0036395448412211914,0.7962199284310981,0.0,1.2015031638981067e-05,1.3544217483942293e-05,3.131925470012348e-08,0.3083655639424973,10937492.49584814,-16.612651103474242
249.85000000000002,4,cGDL,-16.612649735770788,0.0,9.932607877426733,3.4723379815344426,0.0009565273454331946,0.13845903217556219,3.3329224220134472,0.00013985760825814363,0.0036227417630580946,0.7962374006286838,0.0,1.2015426052181037e-05,1.3544662095185895e-05,3.1319315849038505e-08,0.3083269300254097,10934048.8302945,-16.61266436189322
249.95,4,cGDL,-16.612662983867835,0.0,9.932674038755595,3.4562176898316292,0.0009565471990596319,0.13779658131717437,3.3174645613153952,0.00013918846597694382,0.0036059397405602124,0.7962548717934629,0.0,1.2015820434957376e-05,1.354510667213377e-05,3.1319376819044866e-08,0.3082882984981273,10930605.354232263,-16.612677424961447
250.05000000000004,4,cGDL,-16.61267636297481,0.0,9.932740197903437,3.4400983394279048,0.0009565670401855686,0.13713410758707253,3.3020076648006467,0.00013851930059300256,0.0035891387660876594,0.7962723419333193,0.0,1.201621478806201e-05,1.3545551215633538e-05,3.1319437619406634e-08,0.3082496693431189,10927162.06612055,-16.61269077126147
250.14999999999998,4,cGDL,-16.61268987668933,0.0,9.932806354870557,3.4239799230531904,0.000956586868511633,0.13647161074475267,3.286551725439926,0.00013785011186338654,0.00357233883199992,0.7962898110561367,0.0,1.2016609111376627e-05,1.3545995725551836e-05,3.131949824541725e-08,0.3082110425428528,10923718.964418873,-16.61270442423755
250.25000000000003,4,cGDL,-16.612703523178766,0.0,9.93287250965726,3.407862433437342,0.0009566066842035537,0.13580909054948503,3.2710967362036536,0.00013718089954493437,0.0035555399306561454,0.7963072791697989,0.0,1.2017003405228026e-05,1.3546440202257047e-05,3.131955869951552e-08,0.3081724180797962,10920276.047586588,-16.612717890646095
250.35,4,cGDL,-16.612717303308045,0.0,9.932938662263844,3.3917458633098954,0.0009566264871960217,0.1351465467610809,3.2556426900616184,0.0001365116633950312,0.0035387420544148026,0.7963247462821902,0.0,1.2017397669721907e-05,1.354688464586833e-05,3.131961898059066e-08,0.308133795936415,10916833.31408315,-16.612731635918585
250.45,4,cGDL,-16.612731217997805,0.0,9.933004812690605,3.3756302054001415,0.0009566462774189266,0.13448397913960147,3.240189579983121,0.00013584240317131462,0.003521945195633827,0.7963422124011948,0.0,1.2017791904959405e-05,1.3547329056499694e-05,3.131967908745847e-08,0.30809517609517423,10913390.762368014,-16.61274553220589
250.54999999999998,4,cGDL,-16.612756754903273,0.0,9.933070960937844,3.3595154524372175,0.0009566650708873747,0.13382138842933317,3.224737398936997,0.00013517311962558904,0.0035051493466706487,0.7963596775337037,0.0,1.201818516929631e-05,1.3547772372661298e-05,3.1319723904029556e-08,0.30805655853911057,10909948.391312007,-16.612759564811064
250.64999999999995,4,cGDL,-16.6127471578601,0.0,9.933137107592684,3.352070520359436,0.0009566755534709537,0.13316317769532388,3.217950667110641,0.00013450826029830695,0.0034977724642506966,0.7963677192754511,0.0,1.2018367998320599e-05,1.354797847083413e-05,3.131981443320095e-08,0.3080393836332673,10908282.962524429,-16.612773593724253
250.75,4,cGDL,-16.61277290368855,0.0,9.93320325264026,3.3357341150294726,0.0009566946183554303,0.13250042467420567,3.2022769957369115,0.00013383881280222795,0.0034807358649314255,0.7963854253222663,0.0,1.2018766705406136e-05,1.3548427922457827e-05,3.1319858994096885e-08,0.30800021797017424,10904795.151474984,-16.612786779687145
250.84999999999994,4,cGDL,-16.61278779125371,0.0,9.933269395457934,3.3190890115356093,0.0009567150163439508,0.13183748851336255,3.186294808005903,0.00013316918031652783,0.0034633639217455463,0.7964034668979381,0.0,1.2019173902686503e-05,1.3548886944846603e-05,3.1319917864545885e-08,0.3079602888676605,10901244.064503435,-16.612799991134125
250.95,4,cGDL,-16.61280239770491,0.0,9.93333553602505,3.3024447512932222,0.0009567354372538861,0.13117452725350837,3.17031348860246,0.00013249952247829127,0.003445992922393978,0.7964215075551278,0.0,1.201958110676692e-05,1.354934597490089e-05,3.131997710789822e-08,0.3079203618989576,10897693.144915288,-16.612812366781487
251.04999999999995,4,cGDL,-16.61281714238862,0.0,9.933401674341898,3.2858013264204478,0.0009567558451738511,0.13051154069195248,3.1543330298833214,0.00013182983908278028,0.0034286228585688277,0.7964395473023484,0.0,1.2019988283457035e-05,1.3549804974078843e-05,3.132003617237835e-08,0.30788043704503654,10894142.391060084,-16.61282417221235
251.15,4,cGDL,-16.61283201854974,0.0,9.933467810408777,3.269158729035391,0.0009567762406920421,0.12984852858978,3.138353424204919,0.00013116012988866665,0.0034112537219618687,0.7964575861481495,0.0,1.2020395433502408e-05,1.3550263943220898e-05,3.1320095066902135e-08,0.30784051428684645,10890591.801272163,-16.61283541746691
251.24999999999994,4,cGDL,-16.612847030349428,0.0,9.933533944225978,3.2525169512574537,0.0009567966234615144,0.1291854907092763,3.122374663924716,0.00013049039465583463,0.0033938855042659954,0.7964756241010782,0.0,1.2020802556753466e-05,1.3550722882158452e-05,3.1320153786021135e-08,0.30780059360533985,10887041.373886583,-16.61284610454048
251.35000000000002,4,cGDL,-16.6128621744283,0.0,9.933600075793795,3.2358759852061025,0.0009568169937796134,0.12852242681238132,3.1063967413999416,0.00012982063314381952,0.0033765181971738495,0.7964936611696823,0.0,1.2021209653677354e-05,1.3551181791418109e-05,3.132021233418287e-08,0.30776067498146825,10883491.107238203,-16.61285623376637
251.44999999999996,4,cGDL,-16.612877455033527,0.0,9.933666205112516,3.219235823000273,0.0009568373512920114,0.1278593366619767,3.0904196489870044,0.0001291508451131078,0.0033591517923771785,0.7965116973625097,0.0,1.202161672411745e-05,1.3551640670823308e-05,3.132027070582559e-08,0.30772075839618196,10879940.999662107,-16.612865805177112
251.55,4,cGDL,-16.612892868673555,0.0,9.933732332182434,3.202596456758708,0.0009568576963073783,0.12719622002059328,3.0744433790418073,0.00012848103032383159,0.0033417862815671817,0.796529732688109,0.0,1.2022023768551774e-05,1.355209952091291e-05,3.1320328905570683e-08,0.30768084383042954,10876391.049493132,-16.612874818775317
251.64999999999998,4,cGDL,-16.61290841371806,0.0,9.933798457003835,3.185957878600137,0.0009568780289749002,0.1265330766511598,3.058467923920002,0.00012781118853652504,0.0033244216564347847,0.7965477671550287,0.0,1.202243078730575e-05,1.3552558342053754e-05,3.132038693559043e-08,0.3076409312651594,10872841.255066227,-16.612883274647665
251.75000000000003,4,cGDL,-16.612924096173458,0.0,9.93386457957701,3.169320080642981,0.0009568983487895644,0.12586990631760517,3.0424932759765864,0.00012714131951273248,0.0033070579086702024,0.796565800771817,0.0,1.202283778007848e-05,1.3553017133906648e-05,3.1320444788007934e-08,0.30760102068131884,10869291.61471663,-16.612891172730418
251.84999999999997,4,cGDL,-16.61293991154281,0.0,9.933930699902241,3.1526830550054896,0.0009569186561461385,0.1252067087832219,3.0265194275661216,0.00012647142301335545,0.0032896950299631756,0.7965838335470236,0.0,1.2023244747430515e-05,1.3553475897103489e-05,3.132050246876752e-08,0.3075611120598536,10865742.126779215,-16.612898507392128
251.95000000000002,4,cGDL,-16.612955859185604,0.0,9.933996817979818,3.1360467938057095,0.0009569389511090848,0.12454348381191789,3.0105463710426825,0.00012580149879991707,0.0032723330120029157,0.7966018654891972,0.0,1.2023651689606132e-05,1.3553934631919639e-05,3.1320559978738896e-08,0.3075212053817088,10862192.789589025,-16.61290528452283
252.04999999999998,4,cGDL,-16.612971944153003,0.0,9.93406293381002,3.1194112891611345,0.0009569592332551169,0.12388023116840674,2.9945740987594727,0.00012513154663475429,0.0032549718464776876,0.7966198966068876,0.0,1.2024058606382802e-05,1.3554393338104249e-05,3.1320617311302025e-08,0.3074813006278275,10858643.601481251,-16.612911504321243
252.15000000000003,4,cGDL,-16.612988159480267,0.0,9.934129047393133,3.102776533188891,0.0009569795031905692,0.12321695061667087,2.9786026030690294,0.00012446156627946554,0.003237611525075032,0.7966379269086455,0.0,1.202446549852359e-05,1.3554852016517502e-05,3.132067447564855e-08,0.3074413977791512,10855094.560790649,-16.61291716681163
252.24999999999997,4,cGDL,-16.61300451044474,0.0,9.93419515872944,3.0861425180055932,0.0009569997604727681,0.12255364192203126,2.962631876323089,0.00012379155749700128,0.0032202520394816188,0.7966559564030214,0.0,1.2024872365787427e-05,1.3555310666887645e-05,3.132073146486074e-08,0.3074014968166197,10851545.665852368,-16.61292227203683
252.35000000000002,4,cGDL,-16.613029101151028,0.0,9.934261267819215,3.0695092357274203,0.0009570193106826497,0.12189030554406372,2.946661910872674,0.00012312152075157952,0.003202893381383341,0.7966739850978651,0.0,1.2025278543554437e-05,1.3555768540006818e-05,3.132077761471069e-08,0.3073615977215755,10847996.915291645,-16.61292682000792
252.45,4,cGDL,-16.613028890354542,0.0,9.93432737511112,3.059506796397203,0.0009570323282799831,0.12123031105390786,2.9373194530150153,0.00012245485965041198,0.003192738535885886,0.7966848066044637,0.0,1.2025523577143564e-05,1.3556044759689108e-05,3.1320856005316945e-08,0.3073380983864472,10845807.202107724,-16.612930810804784
252.55000000000004,4,cGDL,-16.613053218066966,0.0,9.934393480595585,3.042729740333624,0.0009570520886237471,0.1205668434187137,2.9212058448262868,0.00012178469032193302,0.0031752237443763986,0.7967029915653017,0.0,1.2025933321864219e-05,1.3556506653737846e-05,3.1320902516788177e-08,0.3072978438133702,10842228.971559737,-16.612934244071756
252.64999999999998,4,cGDL,-16.613078878153146,0.0,9.93445958377273,3.0253332016943184,0.0009570725435415761,0.1199030313010713,2.9044730978497055,0.00012111417303138515,0.003157035975923593,0.7967218498510451,0.0,1.2026358207395972e-05,1.3556985615610005e-05,3.1320947315728506e-08,0.3072560571632821,10838523.766852356,-16.612937119856255
252.74999999999994,4,cGDL,-16.613079513535126,0.0,9.934525685048058,3.014550435128154,0.0009570865074151474,0.11924255193616946,2.894350796684569,0.00012044702215774693,0.0031460334746571403,0.7967335195031852,0.0,1.2026622382860701e-05,1.3557283413406607e-05,3.1321024650416854e-08,0.30723062805344215,10836174.100608874,-16.612939438180476
252.85,4,cGDL,-16.613104021905258,0.0,9.934591784419641,2.9971229740713485,0.0009571071012670629,0.11857866446386289,2.8775872025062186,0.00011977642875137666,0.0031278121766371942,0.7967524113946115,0.0,1.2027048131788137e-05,1.3557763348561173e-05,3.1321070973833365e-08,0.3071887650371797,10832462.54537115,-16.612941199104313
252.94999999999993,4,cGDL,-16.613122139839618,0.0,9.934657881396749,2.9790801248030956,0.0009571290461642956,0.11791443319264094,2.8602085625642903,0.00011910548807337469,0.003108922350613359,0.7967719721613133,0.0,1.2027489555238142e-05,1.3558260953177542e-05,3.132112574718068e-08,0.3071453800712865,10828624.854712939,-16.61294240267247
253.05,4,cGDL,-16.61313964583934,0.0,9.934723975937976,2.961037372480171,0.0009571510433012131,0.11725017149974434,2.8428300499371253,0.00011843451666640843,0.003090032662975136,0.7967915328203585,0.0,1.2027931031787116e-05,1.355875861765093e-05,3.132118132939266e-08,0.307101995402688,10824787.177416982,-16.612943048913344
253.14999999999995,4,cGDL,-16.613150140343805,0.0,9.93479006804354,2.942994707770297,0.0009571736411510684,0.11658587860360096,2.825451655525545,0.00011776351374101108,0.003071143103832114,0.7968110933824268,0.0,1.2028373086786284e-05,1.3559256934195447e-05,3.132124614187569e-08,0.3070586110084161,10820949.511292577,-16.612942912608958
253.25,4,cGDL,-16.613132507754017,0.0,9.934856157713654,2.924952121340488,0.0009571986494713719,0.11592155246164752,2.808073370229369,0.00011709247723398739,0.0030522536632927927,0.7968306538594733,0.0,1.2028817453234637e-05,1.355975785637359e-05,3.132134797144666e-08,0.307015226864766,10817111.853621643,-16.612942681266283
253.34999999999994,4,cGDL,-16.613115009425087,0.0,9.93492224494853,2.906909603857026,0.0009572236462680739,0.1152571952633836,2.7906951849473742,0.00011642140935695314,0.003033364331464537,0.7968502142591786,0.0,1.2029261812457364e-05,1.3560258770406482e-05,3.132144962826031e-08,0.306971842950494,10813274.203455146,-16.61294166862049
253.45000000000002,4,cGDL,-16.61309764544609,0.0,9.934988329748379,2.888867145985493,0.0009572486315448103,0.11459280677661618,2.773317090577332,0.00011575030987536988,0.0030144750984536215,0.7968697745916711,0.0,1.2029706164675152e-05,1.3560759676542901e-05,3.132155111222536e-08,0.30692845924294415,10809436.558831427,-16.612940090591053
253.54999999999995,4,cGDL,-16.61308041590604,0.0,9.935054412113407,2.8708247383906143,0.0009572736053052311,0.11392838676947864,2.7559390780158304,0.00011507917855502893,0.002995585954365033,0.79688933486708,0.0,1.2030150510108728e-05,1.3561260575031658e-05,3.132165242325059e-08,0.30688507571945767,10805598.917788727,-16.61293795536033
253.65,4,cGDL,-16.61306321961638,0.0,9.93512049223125,2.8555556604922328,0.0009572949552136695,0.11326534626977082,2.7413330192672483,0.00011440944067653618,0.0029797098035513566,0.7969058807557722,0.0,1.2030526598045863e-05,1.3561684528706245e-05,3.1321753527488264e-08,0.30684855138187794,10802329.686251098,-16.61293526289
253.74999999999997,4,cGDL,-16.613046258718555,0.0,9.935186570104454,2.8375481348900444,0.0009573198605401789,0.11260088029357249,2.7239899347359318,0.00011373826292280049,0.002960858624712969,0.7969254031123643,0.0,1.2030970072990992e-05,1.3562184445917119e-05,3.1321854490918817e-08,0.30680525425075195,10798499.180972982,-16.61293201327597
253.85000000000002,4,cGDL,-16.61302945031781,0.0,9.935252645514781,2.8190469376743943,0.0009573453974430629,0.11193613085921696,2.7061534614177343,0.00011306679884769389,0.0029414711537149286,0.7969454620474374,0.0,1.2031425691962776e-05,1.356269805275804e-05,3.132195528745998e-08,0.30676073620945965,10794567.486846514,-16.61292820653433
253.94999999999996,4,cGDL,-16.613012776472203,0.0,9.935318718429063,2.800545527667932,0.0009573709231612132,0.11127134884871022,2.6883168078960606,0.00011239530186738406,0.002922083486843544,0.7969655212112892,0.0,1.2031881310892346e-05,1.3563211659551374e-05,3.132205591102721e-08,0.30671621770334473,10790635.742186705,-16.61292384274885
254.05,4,cGDL,-16.612996237271773,0.0,9.935384788847479,2.782043894930954,0.0009573964376989735,0.11060653403144928,2.670479964461806,0.00011172377174893867,0.0029026956135454413,0.7969855806147057,0.0,1.2032336930015449e-05,1.3563725266562871e-05,3.1322156361527794e-08,0.30667169870825056,10786703.944908246,-16.61291891790926
254.14999999999998,4,cGDL,-16.612979832806786,0.0,9.93545085677021,2.763542029523254,0.000957421941060646,0.10994168617719756,2.6526429214049956,0.00011105220825979551,0.0028833075232662995,0.797005640268474,0.0,1.2032792549567845e-05,1.3564238874058298e-05,3.132225663886868e-08,0.3066271792000187,10782772.092925806,-16.612913436196934
254.25000000000003,4,cGDL,-16.61296356316734,0.0,9.935516922197431,2.745039921503261,0.0009574474332505328,0.10927680505600047,2.63480566901401,0.00011038061116767724,0.002863919205450011,0.7970257001833824,0.0,1.2033248169785338e-05,1.3564752482303474e-05,3.132235674295701e-08,0.30658265915448674,10778840.184153827,-16.61290739792656
254.34999999999997,4,cGDL,-16.61294713909365,0.0,9.935582985691774,2.7348636461606675,0.0009574620677853252,0.10861612837381532,2.625290055719067,0.00010971326098365184,0.002853576147520725,0.7970367105914957,0.0,1.203349886648453e-05,1.3565035085855289e-05,3.132245655288004e-08,0.3065587310001549,10776614.71500324,-16.612900803083324
254.45000000000005,4,cGDL,-16.612931146561493,0.0,9.935649047243672,2.7162173473187483,0.0009574877246100733,0.10795110705421967,2.6073087525399186,0.00010904152227698958,0.002834031252760781,0.7970569272249622,0.0,1.2033958022191005e-05,1.356555267956077e-05,3.132255630936529e-08,0.3065138544617865,10772653.238917325,-16.6128936517424
254.54999999999998,4,cGDL,-16.61291530050846,0.0,9.935715106258455,2.697235480080929,0.0009575138070948425,0.10728588110024252,2.5889920851735915,0.00010836957686893185,0.0028141218317104255,0.7970775085914208,0.0,1.2034425431988299e-05,1.3566079577877718e-05,3.132265589754042e-08,0.30646814804444167,10768622.978164185,-16.612885943993323
254.65000000000003,4,cGDL,-16.612899589359017,0.0,9.935781162713676,2.6782536605444265,0.0009575398780201222,0.10662062111351571,2.5706754995528907,0.0001076975970843593,0.0027942124995140117,0.7970980899034016,0.0,1.2034892835595131e-05,1.3566606469216328e-05,3.132275531244478e-08,0.3064224418095423,10764592.71992885,-16.612877679828397
254.74999999999997,4,cGDL,-16.612884013242308,0.0,9.935847216609481,2.6592707683275294,0.0009575659388367658,0.10595532630046335,2.5523578760882293,0.00010702558212168015,0.0027743020392263363,0.797118672378652,0.0,1.2035360260578865e-05,1.356713338465254e-05,3.132285455400086e-08,0.3063767329865318,10760562.234532416,-16.61286885496775
254.85,4,cGDL,-16.612868572229047,0.0,9.935913267945983,2.6402873940530855,0.000957591988766604,0.10528999673885936,2.5340398053254596,0.0001063535320594539,0.002754391092745065,0.7971392553751955,0.0,1.2035827692393779e-05,1.356766030778935e-05,3.132295362210481e-08,0.3063310230365871,10756531.642980302,-16.612859473989044
254.95,4,cGDL,-16.612853266410752,0.0,9.935979316723332,2.621303528825238,0.0009576180278124263,0.10462463220161371,2.515721278595812,0.00010568144666829668,0.0027344796506476214,0.797159838902684,0.0,1.203629513125004e-05,1.3568187238863682e-05,3.1323052516661615e-08,0.3062853119381278,10752500.943401778,-16.612849365868673
255.04999999999993,4,cGDL,-16.61283808048364,0.0,9.936045362973204,2.6027860651496733,0.0009576434476622486,0.10395947017028384,2.497868951531727,0.00010500956582856954,0.0027150749473170946,0.7971799154868544,0.0,1.2036751084745074e-05,1.356870122280354e-05,3.132315122970104e-08,0.3062407544312443,10748565.829156348,-16.612839013264615
255.15,4,cGDL,-16.61282302798412,0.0,9.936111406731795,2.5843350725351177,0.0009576687693434727,0.10329430682917104,2.4800830969366032,0.00010433768366582934,0.002695742496670221,0.797199919819664,0.0,1.203720539668045e-05,1.356921335625796e-05,3.1323249767531486e-08,0.30619636139013573,10744644.331201848,-16.61282795707855
255.24999999999994,4,cGDL,-16.612808111224524,0.0,9.936177448003773,2.5658836711536286,0.0009576940799819605,0.10262910790820363,2.462296869165443,0.00010366576556384206,0.0026764096403972207,0.797219924594039,0.0,1.2037659713248216e-05,1.3569725494934355e-05,3.13233481311645e-08,0.3061519674050024,10740722.741927983,-16.612816173908328
255.35,4,cGDL,-16.612793330294608,0.0,9.93624348678929,2.547431851057162,0.0009577193795821115,0.10196387318107025,2.4445102584965097,0.00010299381129401036,0.002657076367930989,0.7972399298207751,0.0,1.2038114034684579e-05,1.357023763909898e-05,3.132344632050733e-08,0.30610757245165887,10736801.059248656,-16.61280414228532
255.44999999999996,4,cGDL,-16.612778685284013,0.0,9.936309523088497,2.528979602296305,0.0009577446681482971,0.10129860242186767,2.426723255206289,0.00010232182062814916,0.002637742668702488,0.7972599355106693,0.0,1.203856836122578e-05,1.3570749789018154e-05,3.132354433546718e-08,0.30606317650591575,10732879.28107757,-16.61279140409265
255.55,4,cGDL,-16.612764176282383,0.0,9.93637555690154,2.5105269149201352,0.000957769945684861,0.10063329540500399,2.4089358495694464,0.00010164979333838786,0.0026184085321407026,0.797279941674521,0.0,1.2039022693108133e-05,1.3571261944958259e-05,3.132364217595125e-08,0.3060187795435793,10728957.405328186,-16.612778108993314
255.64999999999995,4,cGDL,-16.612749803379472,0.0,9.936441588228567,2.492073778976392,0.0009577952121961608,0.09996795190524391,2.3911480318589518,0.00010097772919721607,0.0025990739476727735,0.79729994832313,0.0,1.2039477030567967e-05,1.3571774107185709e-05,3.132373984186657e-08,0.30597438154045165,10725035.429913765,-16.612764258071383
255.75,4,cGDL,-16.612735359383635,0.0,9.93650761751856,2.4802699883944808,0.0009578118027104288,0.09930595804343462,2.3800062185483357,0.00010030904852872183,0.0025869632810307996,0.7973127276704405,0.0,1.2039767676198329e-05,1.3572101744078116e-05,3.13238372050927e-08,0.3059464290666501,10722476.284174092,-16.612749991484872
255.84999999999997,4,cGDL,-16.61272125875314,0.0,9.936573644775786,2.4618774397760586,0.0009578369668701708,0.09864057234910546,2.362279030460083,9.96369417667732e-05,0.002567694598326177,0.7973326684599071,0.0,1.2040220509003392e-05,1.357261221014928e-05,3.1323934518125126e-08,0.30590218104909617,10718566.711055271,-16.612735863425076
255.95000000000002,4,cGDL,-16.612707311752388,0.0,9.936639669517696,2.442921643740765,0.0009578628533553207,0.09797486289804146,2.343988917989368,9.896450797781965e-05,0.0025478140412927915,0.7973532214507294,0.0,1.2040687202035548e-05,1.3573138300476435e-05,3.132403166751537e-08,0.305856540052577,10714541.687923046,-16.612721873941016
256.04999999999995,4,cGDL,-16.612693500938235,0.0,9.936705691706443,2.4239651699251943,0.000957888729104836,0.09730911595228854,2.325698165243801,9.829203631544298e-05,0.0025279327883084794,0.7973737751753762,0.0,1.204115390659232e-05,1.357366440379498e-05,3.1324128642334906e-08,0.3058108974500612,10710516.517955936,-16.612708023081897
256.15000000000003,4,cGDL,-16.612679826401802,0.0,9.936771711342152,2.405008007802571,0.0009579145941237405,0.09664333128805004,2.3074067619203973,9.76195265535859e-05,0.002508050828174345,0.7973943296452721,0.0,1.2041620622924297e-05,1.3574190520387387e-05,3.1324225442488846e-08,0.3057652532159267,10706491.198949829,-16.612694310897094
256.24999999999994,4,cGDL,-16.61266628823404,0.0,9.93683772842494,2.3860501468450734,0.0009579404484169884,0.09597750868188284,2.2891146977147736,9.694697846654833e-05,0.002488168149689971,0.7974148848718435,0.0,1.2042087351282106e-05,1.3574716650536192e-05,3.1324322067882385e-08,0.3057196073245481,10702465.72870046,-16.612680736520325
256.35,4,cGDL,-16.612652886526007,0.0,9.936903742954932,2.3670915765234017,0.0009579662919895343,0.095311647910704,2.270821962320708,9.627439182899394e-05,0.0024682847416529438,0.7974354408665181,0.0,1.204255409191643e-05,1.3575242794523977e-05,3.1324418518420603e-08,0.3056739597502962,10698440.10500335,-16.61266730102065
256.45,4,cGDL,-16.6126396213686,0.0,9.936969754932244,2.3481322863063987,0.0009579921248464296,0.09464574875178128,2.252528545429771,9.560176641594069e-05,0.0024484005928584467,0.7974559976407256,0.0,1.2043020845078015e-05,1.35757689526334e-05,3.132451479400873e-08,0.3056283104675359,10694414.325653708,-16.612654003171397
256.55,4,cGDL,-16.61262628821453,0.0,9.937035764831592,2.336207171361855,0.0009580087788703395,0.09398339441448875,2.2412657681684958,9.493272163079671e-05,0.0024361584436614083,0.7974689088347079,0.0,1.2043314415046163e-05,1.357609988605204e-05,3.132461073971764e-08,0.30560005849425326,10691830.249833489,-16.612640844585297
256.65,4,cGDL,-16.612613301344936,0.0,9.937101772645674,2.3171369313502694,0.0009580347328283778,0.09331736217231781,2.2228615344451232,9.425996179022001e-05,0.0024161538417881772,0.7974895861964216,0.0,1.204378388695943e-05,1.3576629108936086e-05,3.132470666523997e-08,0.30555413495042866,10687781.714096913,-16.612627825400295
256.75000000000006,4,cGDL,-16.61260046192899,0.0,9.937167777867312,2.2976911361576544,0.0009580611645671616,0.09265109994314207,2.204081975049945,9.358696963953744e-05,0.002395741277228201,0.7975106717531323,0.0,1.2044262599950169e-05,1.3577168749034737e-05,3.1324802424137204e-08,0.30550728263995186,10683656.197012188,-16.612614924739887
256.84999999999997,4,cGDL,-16.612587759168434,0.0,9.937233780471322,2.278244333162247,0.0009580875859548504,0.0919847982962224,2.18530144728007,9.291393767295192e-05,0.0023753276600870323,0.79753175840224,0.0,1.2044741332857801e-05,1.3577708411585158e-05,3.132489800806238e-08,0.30546042791057254,10679530.465077607,-16.612602163452927
256.95000000000005,4,cGDL,-16.61257519315558,0.0,9.937299780457792,2.2587965110751833,0.0009581139969972868,0.09131845701023579,2.1665199400679502,9.224086566690484e-05,0.0023549129783347286,0.7975528461559984,0.0,1.204522008595191e-05,1.3578248096891245e-05,3.132499341691873e-08,0.30541357073477843,10675404.515933465,-16.612589547431146
257.05,4,cGDL,-16.61256276398268,0.0,9.937365777826805,2.239347658605287,0.0009581403977002856,0.09065207586423404,2.147737442343353,9.156775339821621e-05,0.002334497219938427,0.7975739350266634,0.0,1.2045698859502138e-05,1.357878780525696e-05,3.132508865060944e-08,0.30536671108505103,10671278.347219663,-16.612577070899125
257.15,4,cGDL,-16.612550471741997,0.0,9.937431772578446,2.2198977644588513,0.0009581667880697309,0.08998565463763794,2.1289539430331437,9.089460064407873e-05,0.0023140803728621128,0.7975950250264939,0.0,1.2046177653778223e-05,1.357932753698636e-05,3.1325183709037734e-08,0.3053198489338646,10667151.956575662,-16.612564730931364
257.25,4,cGDL,-16.612538091587055,0.0,9.937497765269482,2.208702019693871,0.0009581824082730978,0.08932339915253136,2.1184204381330667,9.022565570962764e-05,0.002302630911014203,0.7976071434332762,0.0,1.2046453210901331e-05,1.3579638165016045e-05,3.1325278390293215e-08,0.3052934013876888,10664717.313011665,-16.612552530354588
257.34999999999997,4,cGDL,-16.612526080530927,0.0,9.937563755887382,2.189063557592175,0.0009582090208337946,0.08865680225416603,2.0994485463171753,8.955232550925861e-05,0.0022820092894751906,0.7976284383850156,0.0,1.2046936635379124e-05,1.3580183116245558e-05,3.132537309986333e-08,0.3052460730125032,10660552.256854095,-16.61254046704576
257.45,4,cGDL,-16.612513587012018,0.0,9.937629745427266,2.1926236554702228,0.0009582053835183874,0.08800198537132746,2.103663464715377,8.889089431447218e-05,0.0022865907225167142,0.7976245183831688,0.0,1.2046848853898777e-05,1.3580084162576804e-05,3.132546705024562e-08,0.3052561204238546,10661141.927207647,-16.612528543442107
257.54999999999995,4,cGDL,-16.612500907547656,0.0,9.937695736310173,2.208887028691244,0.0009581851749302928,0.08735360069463693,2.1205752428216766,8.823596029761306e-05,0.0023049730900235616,0.7976067909496789,0.0,1.2046448281078937e-05,1.3579632607761712e-05,3.132556048419401e-08,0.3052975862173422,10664335.229386842,-16.612516759779666
257.65,4,cGDL,-16.612489352577597,0.0,9.937761726893305,2.1880844011864986,0.000958213268540245,0.08668629047731373,2.1004398974406446,8.756190957304417e-05,0.002283086845044179,0.7976293512453828,0.0,1.204696033468124e-05,1.3580209831822489e-05,3.1325654678552947e-08,0.3052473788039242,10659931.542374954,-16.61250511639522
257.74999999999994,4,cGDL,-16.612477936471805,0.0,9.9378277146714,2.1671939562907636,0.0009582414649564053,0.08601889463460508,2.080216820191202,8.688777235818694e-05,0.002261105239338263,0.7976520069883035,0.0,1.2047474546585133e-05,1.3580789488877785e-05,3.13257487004887e-08,0.3051969542740078,10655509.847755004,-16.612493601506394
257.85,4,cGDL,-16.612465900761663,0.0,9.937893701631339,2.1758556908910873,0.0009582311269157734,0.08536651567006122,2.0895309440941103,8.622880370713255e-05,0.0022712292870588156,0.7976425419092341,0.0,1.2047261100157877e-05,1.3580548876541606e-05,3.132584176058319e-08,0.3052196195859053,10657145.105964461,-16.61248222729199
257.94999999999993,4,cGDL,-16.612454374079164,0.0,9.937959688814978,2.1704156532009895,0.0009582391585423039,0.08470691052314484,2.0847505035193024,8.556253588196449e-05,0.0022660331559992415,0.7976484043081188,0.0,1.2047394862546087e-05,1.3580699663233771e-05,3.13259350062842e-08,0.3052074078449048,10655890.081579966,-16.612470993821898
258.05,4,cGDL,-16.612444089773533,0.0,9.938025672315984,2.1211383892834172,0.0009583043240282141,0.08402492677369122,2.036155158185698,8.487366340776892e-05,0.002213212128462715,0.7977019142081295,0.0,1.2048608019605506e-05,1.3582067222100754e-05,3.132602926597757e-08,0.30508677600648526,10645650.249185769,-16.61245990111997
258.15,4,cGDL,-16.612433248820707,0.0,9.938091651027063,2.099271052890956,0.0009583337468576508,0.08335686778523439,2.014955851358864,8.419885634872161e-05,0.002190169403650939,0.7977256317400004,0.0,1.2049146264345954e-05,1.3582673970717258e-05,3.1326122610237156e-08,0.3050339356981308,10641028.297389075,-16.61244894130389
258.25,4,cGDL,-16.61242254443158,0.0,9.938157626796398,2.0774011338069833,0.0009583631613934163,0.08268876550207804,1.9937540051435119,8.352400555765459e-05,0.002167123918634252,0.7977493520758081,0.0,1.2049684569457332e-05,1.3583280787388265e-05,3.132621578008342e-08,0.30498108908160637,10636405.80730065,-16.612438122374297
258.34999999999997,4,cGDL,-16.612411976704607,0.0,9.938223599623903,2.0555286170157463,0.0009583925676455579,0.08202061970619008,1.9725496047419107,8.284911081433341e-05,0.0021440756573281637,0.7977730752318575,0.0,1.2050222935302192e-05,1.3583887672522471e-05,3.1326308775411075e-08,0.30492823612017245,10631782.775798038,-16.612427438701236
258.45000000000005,4,cGDL,-16.61240154573818,0.0,9.938289569509498,2.0336534874959082,0.0009584219656241649,0.08135243017996603,1.951342635350318,8.217417189895559e-05,0.00212102460364165,0.7977968012244595,0.0,1.2050761362243262e-05,1.3584494626528769e-05,3.132640159611492e-08,0.30487537677707466,10627159.19975773,-16.612416896559278
258.54999999999995,4,cGDL,-16.612391251630868,0.0,9.938355536453093,2.011775730220479,0.0009584513553392987,0.08068419670616249,1.930133082158977,8.149918859208333e-05,0.002097970741477149,0.7978205300699308,0.0,1.2051299850643396e-05,1.3585101649816192e-05,3.132649424208948e-08,0.3048225110155445,10622535.076055141,-16.61240649645335
258.65000000000003,4,cGDL,-16.61238109448118,0.0,9.938421500454604,1.9898953301571571,0.0009584807368010484,0.08001591906792327,1.9089209303524328,8.082416067466996e-05,0.0020749140547309053,0.7978442617845944,0.0,1.205183840086562e-05,1.358570874279397e-05,3.132658671322924e-08,0.3047696387987989,10617910.401564673,-16.61239623761028
258.75,4,cGDL,-16.612370926401127,0.0,9.938487461943765,1.974391247026746,0.0009585017933216589,0.07935084855630894,1.8940818966771154,8.015237227909995e-05,0.0020587846703012122,0.7978610629574198,0.0,1.2052219924078461e-05,1.3586138823506628e-05,3.132667881932099e-08,0.30473253685176355,10614592.596610542,-16.612386114503785
258.85,4,cGDL,-16.61236104823496,0.0,9.938553420910731,1.9523612080867796,0.0009585313463221223,0.07868240850660685,1.8727202682338506,7.947718030970389e-05,0.0020355655089498376,0.7978849573107406,0.0,1.205276215036215e-05,1.3586750060408243e-05,3.1326770942885193e-08,0.30467929470458804,10609937.234038483,-16.612376133065794
258.95,4,cGDL,-16.612351260005994,0.0,9.938619377056238,1.9324125832667758,0.0009585581738228433,0.07801498603252022,1.8534390390604327,7.880301619446486e-05,0.0020146076511526442,0.7979065893326529,0.0,1.2053253114903186e-05,1.3587303511345409e-05,3.132686282781815e-08,0.30463120048470327,10605708.465200722,-16.612366293425968
259.05,4,cGDL,-16.61234168858124,0.0,9.93868533028439,1.9089552277454338,0.000958589564323542,0.07734573130003236,1.830650906881078,7.812700131316401e-05,0.0019898379422620413,0.7979320350564248,0.0,1.2053830484824043e-05,1.3587954364710739e-05,3.132695464447682e-08,0.30457442840015647,10600760.543755751,-16.61235659556025
259.15,4,cGDL,-16.61233225883666,0.0,9.938751280343583,1.8852679265230827,0.0009586212429671115,0.07667631541655859,1.807632989863557,7.745082365308948e-05,0.0019648184672429966,0.797957730709104,0.0,1.205441351572003e-05,1.3588611599538945e-05,3.1327046293925615e-08,0.30451708768693303,10595765.48367758,-16.612347033880823
259.25000000000006,4,cGDL,-16.61232189912596,0.0,9.938817230508686,1.910421426145791,0.0009585892269289159,0.07603175460920943,1.8334310823096527,7.679975213051458e-05,0.0019928598720757094,0.7979303403757938,0.0,1.205379371143177e-05,1.358791291106854e-05,3.132713622543743e-08,0.3045805422725951,10600780.73970361,-16.61233758869219
259.34999999999997,4,cGDL,-16.61231273753225,0.0,9.938883180829974,1.8874798307842298,0.0009586199088863628,0.07536263144381082,1.8111585794315326,7.612387014526345e-05,0.0019686506298168833,0.797955225500038,0.0,1.2054358353286415e-05,1.3588549416431959e-05,3.132722748767833e-08,0.3045250460373996,10595938.499561137,-16.61232827829488
259.44999999999993,4,cGDL,-16.61230372198287,0.0,9.93894912803912,1.8641146004482927,0.0009586511315218954,0.07469324778187462,1.7884627015348962,7.544772503219659e-05,0.0019439811973205393,0.7979805710776473,0.0,1.2054933425958879e-05,1.3589197680171828e-05,3.132731858872051e-08,0.3044685021338427,10591009.422440832,-16.61231911062147
259.55,4,cGDL,-16.612294843428288,0.0,9.939015072107654,1.8407460086692289,0.0009586823468330785,0.07402381766475671,1.765763508657639,7.477153299470374e-05,0.0019193081615843904,0.798005920305421,0.0,1.2055508579271676e-05,1.3589846034815342e-05,3.132740951513704e-08,0.30441195000130195,10586079.64682803,-16.612310085737374
259.6499999999999,4,cGDL,-16.612285962152782,0.0,9.939081013489485,1.8241160541008918,0.0009587047633253382,0.07335777839850192,1.7497995709390646,7.409876605909285e-05,0.0019019560553685485,0.7980239451785723,0.0,1.2055917765741873e-05,1.3590307299563565e-05,3.1327500043938015e-08,0.30437206424678026,10582531.001074584,-16.61230120362122
259.75,4,cGDL,-16.612277359943448,0.0,9.939146952182584,1.8007135027123402,0.0009587359993406402,0.07268824100837686,1.7270665257046227,7.342246566502713e-05,0.0018772462235919813,0.7980493313107431,0.0,1.2056493748364008e-05,1.3590956589064883e-05,3.132759061969819e-08,0.3043154282941143,10577594.24598368,-16.61229246425219
259.84999999999997,4,cGDL,-16.612268784492187,0.0,9.9392128880994,1.782780428945578,0.0009587600912220051,0.07202144717327516,1.7098002216810808,7.274893653866178e-05,0.0018584785018272618,0.7980687725616341,0.0,1.2056935018070286e-05,1.3591454020370142e-05,3.132768083566131e-08,0.3042723197787073,10573778.495953979,-16.612283872020537
259.95,4,cGDL,-16.61226046844257,0.0,9.939278821204875,1.7588532704732776,0.000958791987769228,0.0713515514695499,1.6865429270159584,7.207227421166657e-05,0.0018331988337129982,0.7980947288920753,0.0,1.2057523915172468e-05,1.35921178680126e-05,3.1327771077557914e-08,0.3042143865167329,10568734.198939491,-16.612275422357843
260.04999999999995,4,cGDL,-16.612252299626334,0.0,9.93934475106106,1.73441235183092,0.0009588245425728864,0.07068134798807858,1.6627721793002685,7.139530099805918e-05,0.0018073610644568135,0.7981212436345452,0.0,1.2058125464642206e-05,1.3592795978323941e-05,3.1327861162279005e-08,0.30415518268732766,10563584.5927593,-16.612267127395302
260.15000000000003,4,cGDL,-16.612244267876918,0.0,9.939410677633425,1.7099676525683432,0.0009588570905884469,0.07001109656611433,1.6389976989116404,7.071827935971144e-05,0.0017815192379474353,0.7981477624826929,0.0,1.2058727105930187e-05,1.3593474192139483e-05,3.1327951072446756e-08,0.30409596959461754,10558434.20190169,-16.61225899345239
260.24999999999994,4,cGDL,-16.612235768654045,0.0,9.939476603053665,1.7171864896223359,0.0009588483333609343,0.06935694670353218,1.6468706945854428,7.005752192275978e-05,0.0017900768419406986,0.7981398656361366,0.0,1.2058548842559884e-05,1.359327324070387e-05,3.1328039692093975e-08,0.30411506822854195,10559773.505665824,-16.612250999988195
260.35,4,cGDL,-16.61222802628987,0.0,9.939542527292442,1.6923039091690912,0.0009588814283613689,0.06868638001773225,1.6226586477229976,6.938018183609318e-05,0.0017637593996989104,0.7981668604184651,0.0,1.2059161253171073e-05,1.3593963594483756e-05,3.132812925904433e-08,0.3040547723230165,10554533.347824732,-16.612243148164136
260.45,4,cGDL,-16.612220423319854,0.0,9.939608448180163,1.6672930253120897,0.0009589146789702879,0.06801570125792995,1.5983184093751894,6.870272854336358e-05,0.0017373026188860754,0.7981939946525707,0.0,1.205977682315434e-05,1.3594657509737619e-05,3.132821865596545e-08,0.303994159180197,10549266.883194404,-16.61223545289809
260.55,4,cGDL,-16.61221295748561,0.0,9.93967436570825,1.642278110304774,0.0009589479231088965,0.06734497359724535,1.5739741887844199,6.802522585580339e-05,0.0017108415095482825,0.798221133264596,0.0,1.2060392491591097e-05,1.359535153597542e-05,3.132830787835041e-08,0.303933536156026,10543999.582360908,-16.612227902453526
260.65,4,cGDL,-16.61220522566248,0.0,9.939740281385633,1.639681661754205,0.0009589519165969507,0.06668563342085249,1.5720370764167555,6.735922567762877e-05,0.0017087359526269082,0.7982239048216956,0.0,1.2060455941301491e-05,1.35954230611035e-05,3.132839610302962e-08,0.3039283595470785,10543327.122532679,-16.612220477084428
260.75,4,cGDL,-16.612198037970188,0.0,9.93980619521661,1.6147275082297199,0.0009589850575726783,0.06601484295157341,1.5477536802205738,6.668165954704385e-05,0.0016823409567614932,0.7982509773836916,0.0,1.2061070101514015e-05,1.3596115387161255e-05,3.1328484967100426e-08,0.30386788697838873,10538072.25527586,-16.612213193204916
260.84999999999997,4,cGDL,-16.61219049205755,0.0,9.939872107611437,1.6182258549415878,0.0009589810766621326,0.06535851785984705,1.5519083560050786,6.601870490893642e-05,0.0016868569087011723,0.7982471243863899,0.0,1.206098339791343e-05,1.3596017648556956e-05,3.1328572590515e-08,0.3038777844592309,10538648.954450648,-16.612206043973664
260.95000000000005,4,cGDL,-16.612183609513124,0.0,9.93993801847478,1.591852556273871,0.0009590160445801243,0.06468690904388233,1.5262066311854086,6.53403121655377e-05,0.0016589202512884876,0.7982757394365461,0.0,1.2061632501597281e-05,1.3596749365436934e-05,3.1328661150155896e-08,0.30381380217794435,10533103.20145525,-16.61219903655457
261.04999999999995,4,cGDL,-16.612176906350214,0.0,9.940003925626582,1.5629543994506867,0.0009590542940442343,0.06401396436508018,1.4979813807915623,6.466057006573756e-05,0.0016282406312951765,0.7983070987986391,0.0,1.2062343801587979e-05,1.3597551194517355e-05,3.132874963199189e-08,0.30374357539862956,10527039.947550751,-16.612192170955097
261.15000000000003,4,cGDL,-16.612170299941567,0.0,9.940069829055345,1.536404589332354,0.000959089468812957,0.06334216943243698,1.472103330431104,6.398198932569391e-05,0.0016001123156859827,0.7983359056949884,0.0,1.2062997255279902e-05,1.35982878150428e-05,3.132883785054533e-08,0.3036791567434129,10521457.996584453,-16.61218544716168
261.25,4,cGDL,-16.61216354797068,0.0,9.940135730085245,1.527181949204085,0.0009591020306059655,0.06267916571807734,1.4635436814554017,6.331228860411853e-05,0.0015908083494080452,0.7983458793619879,0.0,1.2063223867427706e-05,1.3598543268736686e-05,3.1328925220201866e-08,0.30365759248655705,10519427.3832131,-16.612178865161276
261.35,4,cGDL,-16.6121572348963,0.0,9.94020162865059,1.4996517358159704,0.0009591384604385536,0.06200677418895611,1.4366858231665758,6.263310524136981e-05,0.0015616150251810607,0.7983757518695777,0.0,1.2063901465896376e-05,1.3599307107010461e-05,3.132901312361458e-08,0.303590749238065,10513644.469868964,-16.61217242784307
261.45,4,cGDL,-16.6121510648951,0.0,9.940267523492553,1.4717147240074633,0.0009591754092110258,0.061334126355042935,1.4094214222432093,6.195366298489185e-05,0.001531979806786097,0.798406066530229,0.0,1.206458908727276e-05,1.3600082243834749e-05,3.1329100869214796e-08,0.30352289997042564,10507778.16940141,-16.612166132199768
261.55,4,cGDL,-16.612145030216823,0.0,9.940333414589663,1.4438594386435697,0.0009592122396802488,0.060661471245992485,1.382238755157897,6.127421337979038e-05,0.0015024334295194533,0.7984362923571008,0.0,1.2065274697045662e-05,1.3600855113033292e-05,3.132918843772341e-08,0.30345525292484954,10501928.60901163,-16.612159977673127
261.65,4,cGDL,-16.61213864256382,0.0,9.94039930411701,1.4482546598902044,0.0009592069882643564,0.060005222395270834,1.3872902305066692,6.061133575279882e-05,0.0015079241635942056,0.798431464500653,0.0,1.2065165791388792e-05,1.3600732346656456e-05,3.132927452889745e-08,0.3034673693163363,10502689.04881949,-16.612153964233787
261.74999999999994,4,cGDL,-16.612131596724453,0.0,9.940465197914973,1.5072188787390852,0.0009591305379268583,0.05937676512022437,1.446882983080934,5.997653042446906e-05,0.0015726988946531892,0.7983673245749224,0.0,1.2063712564603976e-05,1.3599094163735389e-05,3.132935819671968e-08,0.30361444820404987,10514633.849437203,-16.61214808104197
261.85,4,cGDL,-16.612125631666288,0.0,9.94053109550006,1.504425907371744,0.000959134636404152,0.05871675090762343,1.4447500218277165,5.930984940163983e-05,0.0015703804585083874,0.79837030969209,0.0,1.2063780715382463e-05,1.3599170988249321e-05,3.1329444177696744e-08,0.30360878663239543,10513920.988315023,-16.612142359923386
261.94999999999993,4,cGDL,-16.612120207824546,0.0,9.940596990870018,1.4741659907490765,0.0009591745543942598,0.058042674642476866,1.4151641415522054,5.862896428533017e-05,0.0015382218929915275,0.7984031491427231,0.0,1.2064525500573307e-05,1.3600010564282637e-05,3.1329531111064544e-08,0.30353519271668494,10507578.537265655,-16.612136779345292
262.05,4,cGDL,-16.61211492406659,0.0,9.94066288215615,1.443591694888918,0.0009592148708998868,0.05736838790346411,1.385264092114554,5.7947866569155666e-05,0.00150572183925495,0.7984363302941759,0.0,1.2065278034826989e-05,1.3600858875623152e-05,3.132961788512105e-08,0.3034608213594431,10501171.640893774,-16.612131338457925
262.1499999999999,4,cGDL,-16.61210977605907,0.0,9.940728769337312,1.413010424921933,0.0009592551848861611,0.0566940473223757,1.3553571224146712,5.7266714467046164e-05,0.0014732142634942078,0.7984695190220388,0.0,1.2066030745325022e-05,1.3601707385639115e-05,3.132970448702725e-08,0.30338643284871053,10494763.304401826,-16.61212602935057
262.25,4,cGDL,-16.61210476392131,0.0,9.940794652413029,1.382422154035064,0.0009592954963763625,0.05601965269130887,1.3254432058473788,5.658550776899886e-05,0.001440699136790629,0.7985027153554404,0.0,1.2066783632726169e-05,1.3602556095073138e-05,3.1329790916649284e-08,0.30331202711853966,10488353.522252847,-16.612120864822245
262.34999999999997,4,cGDL,-16.612099887772956,0.0,9.940860531382828,1.3518268554044162,0.0009593358053937712,0.05534520380274631,1.295522315796276,5.590424626540031e-05,0.0014081764302133436,0.7985359193235213,0.0,1.2067536697689503e-05,1.3603405004668166e-05,3.1329877173852845e-08,0.3032376041029552,10481942.28890773,-16.612115842114846
262.45,4,cGDL,-16.61209514773344,0.0,9.940926406246236,1.3212245021955416,0.0009593761119616809,0.05467070044967209,1.2655944256339078,5.522292974714352e-05,0.001375646114819465,0.7985691309554335,0.0,1.2068289940874414e-05,1.3604254115167521e-05,3.132996325850384e-08,0.3031631637359549,10475529.598825313,-16.612110963366593
262.54999999999995,4,cGDL,-16.612090543922363,0.0,9.940992277002769,1.290615067563454,0.0009594164161033994,0.05399614242549835,1.2356595087218523,5.4541558005553885e-05,0.0013431081616541872,0.7986023502803403,0.0,1.2069043362940596e-05,1.3605103427314852e-05,3.133004917046785e-08,0.3030887059515095,10469115.44646237,-16.61210622615665
262.65000000000003,4,cGDL,-16.61208607645932,0.0,9.941058143651945,1.2599985246524643,0.0009594567178422483,0.0533215295240771,1.205717538410545,5.386013083240111e-05,0.0013105625417505924,0.7986355773274171,0.0,1.2069796964548066e-05,1.3605952941854181e-05,3.1330134909610484e-08,0.3030142306835626,10462699.826273575,-16.61210163026611
262.74999999999994,4,cGDL,-16.612081685903547,0.0,9.941124006525662,1.2343198777252835,0.0009594905651367364,0.05264938562100256,1.1807110015391442,5.3181197596972284e-05,0.0012833815234121132,0.7986634372789909,0.0,1.2070428903660107e-05,1.3606665309580483e-05,3.133022025540063e-08,0.3029519681285371,10457296.258341763,-16.61209717567798
262.85,4,cGDL,-16.612077493444758,0.0,9.941189865617758,1.2036051657254547,0.0009595309714894584,0.05197461966667452,1.1506710150872907,5.2499615824923757e-05,0.001250729364225316,0.7986967710199498,0.0,1.2071184930310493e-05,1.3607517557804555e-05,3.133030565098339e-08,0.30287725025944184,10450860.495630248,-16.612092874231568
262.95,4,cGDL,-16.612073442193434,0.0,9.941255720563023,1.1724865019484416,0.0009595718932128988,0.051299595673013385,1.1202273343822153,5.181777340708423e-05,0.0012176384069371906,0.7987305438196557,0.0,1.2071950914993012e-05,1.3608381031446667e-05,3.133039089139408e-08,0.30280153341766997,10444341.928559083,-16.612088713762233
263.05,4,cGDL,-16.612069301406336,0.0,9.941321572692285,1.1615694459815797,0.0009595864435290036,0.05063483268748459,1.1099750268505661,5.1146295643923826e-05,0.0012064945944027894,0.7987423591099533,0.0,1.2072219120044242e-05,1.3608683371686235e-05,3.133047503513037e-08,0.30277578015193257,10441963.839792658,-16.61208469181472
263.15,4,cGDL,-16.6120653959494,0.0,9.941387422815035,1.1424926239259456,0.0009596116286036266,0.049965852568825644,1.0915671597285164,5.047055815032894e-05,0.00118648604318317,0.7987630433986666,0.0,1.207268837927664e-05,1.3609212354820939e-05,3.1330559368467636e-08,0.30272984590240476,10437913.327367816,-16.612080810932174
263.25000000000006,4,cGDL,-16.61206177096568,0.0,9.941453269509273,1.1104102359692845,0.0009596537721848625,0.049290180725530056,1.0601604014715695,4.9788061338919246e-05,0.0011523482624690973,0.798797863676192,0.0,1.2073478108961702e-05,1.3610102595556826e-05,3.13306441249229e-08,0.30265174583191035,10431197.203697775,-16.612077078195046
263.34999999999997,4,cGDL,-16.6120579336378,0.0,9.941519114171756,1.1121186504193594,0.0009596518101850984,0.048631708442513404,1.062527290166661,4.912293782072061e-05,0.0011549209675724575,0.798795956094607,0.0,1.2073435176646522e-05,1.3610054199128804e-05,3.133072712497121e-08,0.3026572187105417,10431406.778290473,-16.612073486508205
263.45000000000005,4,cGDL,-16.61205459833087,0.0,9.941584956732799,1.0789950221324491,0.0009596952885529905,0.047955400389343546,1.0300799264545526,4.843979837307429e-05,0.0011196520939723397,0.7988319081076546,0.0,1.2074250557859745e-05,1.3610973356132806e-05,3.133081157573038e-08,0.3025765435981482,10424477.221351227,-16.61207004629634
263.54999999999995,4,cGDL,-16.612051400164887,0.0,9.941650794844698,1.0457554343775404,0.0009597389065764961,0.04727898002647471,0.9975167154444892,4.775654548128758e-05,0.0010842572993961838,0.7988679861551226,0.0,1.2075068803713714e-05,1.3611895742368188e-05,3.133089585941097e-08,0.30249558179037783,10417523.886222318,-16.612066745860144
263.65000000000003,4,cGDL,-16.612048338166574,0.0,9.94171662849964,1.0125073442261578,0.0009597825240207636,0.046602502027857845,0.9649450596742792,4.707323437157358e-05,0.0010488533257329122,0.7989040734398956,0.0,1.2075887266297794e-05,1.3612818372917513e-05,3.1330979970820534e-08,0.30241459905498774,10410568.797095038,-16.61206358436243
263.75,4,cGDL,-16.612045412460702,0.0,9.941782457697022,0.9792507212446401,0.0009598261409132156,0.045925966190565166,0.9323649289131617,4.6389864838954715e-05,0.0010134401401230017,0.798940169995038,0.0,1.2076705946362916e-05,1.3613741248627288e-05,3.1331063909817353e-08,0.30233359531706266,10403611.947691796,-16.612060562742148
263.8499999999999,4,cGDL,-16.612042623172442,0.0,9.941848282436245,0.9459855349919359,0.0009598697572812467,0.04524937231216641,0.8997762929224883,4.570643667895597e-05,0.0009780177096983568,0.7989762758536226,0.0,1.2077524844660227e-05,1.3614664370344257e-05,3.133114767625935e-08,0.3022525705016681,10396653.331733605,-16.612057686691447
263.95,4,cGDL,-16.612039970426736,0.0,9.941914102716703,0.9127117550191175,0.0009599133731522588,0.04457272019070447,0.8671791214552608,4.5022949687580275e-05,0.0009425860015818051,0.7990123910487307,0.0,1.2078343961941158e-05,1.3615587738915488e-05,3.133123127000455e-08,0.30217152453384916,10389692.942939954,-16.61205495040669
264.04999999999995,4,cGDL,-16.61203737914724,0.0,9.941979919146396,0.8884945432537044,0.0009599451577158025,0.043900639830007804,0.8436339582659808,4.4344080636371516e-05,0.0009169934328978051,0.7990386624864659,0.0,1.2078939882243984e-05,1.3616259503620491e-05,3.13313142417759e-08,0.30211287775437023,10384588.762943242,-16.612052353934033
264.15,4,cGDL,-16.612035003174924,0.0,9.942045731711005,0.855000323203697,0.0009599890376754822,0.043223767102633745,0.8108165670633878,4.3660370810741154e-05,0.0008813223555036824,0.7990750172736857,0.0,1.207976444167936e-05,1.3617189006984004e-05,3.13313974975935e-08,0.302031286789295,10377583.170065248,-16.612049897485022
264.24999999999994,4,cGDL,-16.612032216053933,0.0,9.942111544563822,0.8926448474495042,0.0009599400601848287,0.04258317705027039,0.849101730339049,4.3013310151788275e-05,0.0009229366634120097,0.7990340500264362,0.0,1.2078835719085655e-05,1.3616142083332919e-05,3.133147699959682e-08,0.3021256392635455,10385158.0537786,-16.612047590800756
264.35,4,cGDL,-16.61203012207818,0.0,9.94217735774781,0.8597903560991711,0.0009599830805588142,0.041906524093586715,0.8169238489250256,4.2329822316754255e-05,0.0008879607053532886,0.79906970947233,0.0,1.2079644485575609e-05,1.3617053783739778e-05,3.133155985846947e-08,0.30204563070492657,10378283.555908168,-16.612045449721315
264.44999999999993,4,cGDL,-16.612028128049474,0.0,9.942243166881367,0.8321664190911492,0.0009600192623046219,0.04123248824640189,0.7899739115824427,4.1648978026668575e-05,0.0008586672951983072,0.799099683726775,0.0,1.2080324343537772e-05,1.3617820169078945e-05,3.1331642276099744e-08,0.30197855867680773,10372481.092811124,-16.612043455988584
264.55,4,cGDL,-16.612026236727047,0.0,9.94230897268115,0.8099818486913878,0.0009600483325137507,0.040561176393846356,0.7684606239650277,4.097088524630945e-05,0.0008352832869185083,0.7991237458278352,0.0,1.208087013878843e-05,1.3618435429179684e-05,3.1331724236199905e-08,0.3019249396220475,10367793.462378182,-16.612041601642847
264.65,4,cGDL,-16.61202407895331,0.0,9.942374779731969,0.8506576283222754,0.0009599953426751087,0.03992192054297727,0.809775712436623,4.0325172265633606e-05,0.0008801909917789382,0.7990794838359555,0.0,1.2079866624789586e-05,1.3617304195217352e-05,3.133180275234648e-08,0.3020267895300044,10375989.581912316,-16.61203988692998
264.75,4,cGDL,-16.612022571208286,0.0,9.94244058709309,0.8144589272133884,0.0009600426795442971,0.039243341671822536,0.7742555428620216,3.963973906244701e-05,0.0008415821118065451,0.7991187781491311,0.0,1.2080757791624985e-05,1.3618308783286345e-05,3.133188506806841e-08,0.3019385103431356,10368429.61351607,-16.612038312103795
264.84999999999997,4,cGDL,-16.612021201866014,0.0,9.942506389575234,0.7778229003277568,0.0009600905755831682,0.03856448370324999,0.7382983260489236,3.895402394267676e-05,0.0008024981804879605,0.7991585477955694,0.0,1.2081659748093235e-05,1.3619325534214193e-05,3.133196723477786e-08,0.30184914964919846,10360779.999621067,-16.612036877387236
264.95,4,cGDL,-16.612019968331424,0.0,9.942572187148984,0.7411762587753296,0.0009601384738142302,0.03788556441799155,0.7023305558835238,3.826824688686015e-05,0.000763402778134265,0.7991983289749789,0.0,1.2082561977364155e-05,1.3620342592665047e-05,3.133204923010829e-08,0.3017597628084088,10353128.19824522,-16.612035583001354
265.04999999999995,4,cGDL,-16.61201887073537,0.0,9.942637979813561,0.7045189654715297,0.000960186374272913,0.037206583615919615,0.6663521954813372,3.7582407692848096e-05,0.0007242958646536274,0.7992381217276536,0.0,1.2083464480357218e-05,1.3621359959675408e-05,3.133213105390979e-08,0.3016703497293906,10345474.201749101,-16.612034429533846
265.15000000000003,4,cGDL,-16.61201790920876,0.0,9.942703767568187,0.6678509833225625,0.0009602342769946329,0.03652754109740799,0.6303632079481599,3.689650615899797e-05,0.0006851773999436521,0.7992779260938974,0.0,1.2084367257992199e-05,1.3622377636282118e-05,3.13322127060323e-08,0.30158091032074363,10337818.002491506,-16.61203341865823
265.24999999999994,4,cGDL,-16.612017083882336,0.0,9.942769550412073,0.6311722752256912,0.0009602821820148266,0.03584843666333881,0.5943635563803376,3.621054208418062e-05,0.0006460473438916713,0.7993177421140243,0.0,1.208527031118923e-05,1.3623395623522403e-05,3.1332294186326006e-08,0.30149144449104487,10330159.5928295,-16.612032549566788
265.35,4,cGDL,-16.612016394887007,0.0,9.942835328344435,0.5944828040686309,0.000960330089368959,0.03516927011508581,0.5583532038641761,3.552451526776345e-05,0.0006069056563741044,0.7993575698283581,0.0,1.2086173640868723e-05,1.3624413922433835e-05,3.133237549464066e-08,0.30140195214884663,10322498.965118304,-16.612031824753448
265.45,4,cGDL,-16.612015842353628,0.0,9.942901101364471,0.5577825327303245,0.000960377999092453,0.03449004125453734,0.5223321134766947,3.483842550963368e-05,0.0005677522972572769,0.7993974092772331,0.0,1.208707724795143e-05,1.3625432534054339e-05,3.133245663082613e-08,0.30131243320267853,10314836.111711446,-16.61203124292694
265.55,4,cGDL,-16.612015303996827,0.0,9.94296687161861,0.5530910201751061,0.0009603841105718866,0.033827115154981026,0.5183035209095532,3.4168803186849524e-05,0.0005633733922929926,0.7994024578045202,0.0,1.2087191794905681e-05,1.3625561659711862e-05,3.133253581851e-08,0.30130207975493617,10313733.71450503,-16.612030804309086
265.65,4,cGDL,-16.61201503247571,0.0,9.943032639066924,0.5157896326499154,0.0009604327810643978,0.03314746592751371,0.4816817339413373,3.348228881567042e-05,0.0005235671021101492,0.7994429506090742,0.0,1.2088110222952361e-05,1.3626596978600845e-05,3.1332616634794036e-08,0.30121107431739264,10305947.63308768,-16.612030513699402
265.75000000000006,4,cGDL,-16.612014856069038,0.0,9.943098402384685,0.4913399000793299,0.0009604646616878099,0.0324743284900596,0.4579051069275825,3.2802352010161216e-05,0.0004977229423125896,0.7994694747056773,0.0,1.2088711835517028e-05,1.3627275160037376e-05,3.13326965551105e-08,0.30115185423357094,10300795.595967919,-16.61203036952811
265.84999999999997,4,cGDL,-16.61201486194119,0.0,9.943164161524763,0.45332710410893573,0.0009605142372745568,0.03179420110467723,0.42057238876698394,3.2115354651189126e-05,0.0004571439008336782,0.7995107407445152,0.0,1.2089647817653342e-05,1.3628330267172858e-05,3.13327770630949e-08,0.3010590895279483,10292863.680897336,-16.612030369340893
265.95000000000005,4,cGDL,-16.612015041252562,0.0,9.943229914626587,0.40111514146542787,0.0009605823392056997,0.031106756935593012,0.36904780219062916,3.1420966601609105e-05,0.0004011389154245969,0.7995674401179739,0.0,1.2090933878662282e-05,1.3629780008673848e-05,3.1332858209077385e-08,0.3009312069667668,10282021.51271277,-16.61203052034713
266.05,4,cGDL,-16.612015287267013,0.0,9.943295662570497,0.37622530009770033,0.0009606147581771828,0.03043322272145069,0.34483146261807246,3.074062901156635e-05,0.00037481680719355704,0.799594442563795,0.0,1.2091546353690147e-05,1.3630470435068894e-05,3.133293762066549e-08,0.300870898712827,10276779.234908273,-16.61203081574966
266.1499999999999,4,cGDL,-16.612015669966922,0.0,9.943361407400088,0.35449371327920537,0.0009606430413379267,0.029761245891048883,0.32377182434681856,3.0061864536413012e-05,0.0003519258960291506,0.7996180122394344,0.0,1.2092080960516186e-05,1.3631073082763703e-05,3.133301666807276e-08,0.300818401692622,10272184.256224107,-16.612031255906455
266.25,4,cGDL,-16.612016197307184,0.0,9.943427149326904,0.332756030933702,0.0009606713200097476,0.02908920851713633,0.3027061510965559,2.938303890619831e-05,0.0003290284251049521,0.7996415885359889,0.0,1.2092615713475131e-05,1.363167589519015e-05,3.133309553236204e-08,0.30076588970539786,10267588.015967917,-16.612031841195208
266.34999999999997,4,cGDL,-16.612016869384775,0.0,9.94349288835038,0.3110122328189098,0.0009606995942096352,0.028417110415186075,0.28163442280951406,2.8704151934531388e-05,0.00030612437261903704,0.7996651714754465,0.0,1.2093150613062713e-05,1.3632278872907059e-05,3.1333174213426166e-08,0.30071336270142035,10262990.509953741,-16.612032571991783
266.45,4,cGDL,-16.612017684373825,0.0,9.94355862458976,0.2910503582772308,0.000960725529272996,0.02774586571152894,0.26234376703642887,2.8026126981342364e-05,0.0002851562685178575,0.7996868176045008,0.0,1.209364157322202e-05,1.3632832318904822e-05,3.133325260544892e-08,0.3006652429333115,10258758.21216256,-16.61203344867022
266.54999999999995,4,cGDL,-16.6120186447896,0.0,9.943624358196168,0.2715584209989308,0.0009607508381736449,0.02707480342810776,0.2435228667326494,2.7348286291017938e-05,0.00026469876818766236,0.7997079529455213,0.0,1.209412094091883e-05,1.3633372697035771e-05,3.133333078455086e-08,0.30061828554287545,10254622.219711347,-16.61203447160276
266.65,4,cGDL,-16.612019751317348,0.0,9.943690089200942,0.2520610582060913,0.0009607761415800359,0.026403680325821008,0.22469660173869027,2.667038416749597e-05,0.00024423543667248944,0.79972909417916,0.0,1.2094600436564492e-05,1.3633913219399972e-05,3.133340877862414e-08,0.3005713148436923,10250485.10288119,-16.61203564263434
266.74999999999994,4,cGDL,-16.612021001666335,0.0,9.943755818685819,0.2487128997649173,0.0009607803449901836,0.02574075751870615,0.22201136190122098,2.6000765170410253e-05,0.00024131669771871846,0.7997326825371108,0.0,1.2094681735602832e-05,1.3634004865588647e-05,3.133348561269122e-08,0.30056428512835565,10249657.891912717,-16.612036960594068
266.85,4,cGDL,-16.61202240167256,0.0,9.943821545927676,0.21841878258779884,0.0009608197215188359,0.025063996512199854,0.19239396635408015,2.5317168194141267e-05,0.00020912387647182627,0.7997655589553341,0.0,1.2095427432864438e-05,1.3634845469774459e-05,3.1333563888094065e-08,0.3004906116746315,10243307.862599285,-16.61203843659513
266.94999999999993,4,cGDL,-16.612023951297203,0.0,9.943887270316331,0.20596054818037526,0.0009608357950902022,0.024396298295624237,0.18060341408966082,2.4642725551135593e-05,0.0001963080587931096,0.7997790492156558,0.0,1.2095733340597102e-05,1.3635190311218554e-05,3.133364089374875e-08,0.3004610507670032,10240613.43837909,-16.61204006009854
267.05,4,cGDL,-16.61202563619196,0.0,9.94395299180365,0.17494280761470488,0.0009608760919870112,0.023719049419047695,0.15026288210367017,2.3958635776815854e-05,0.00016332921967790237,0.7998127121445453,0.0,1.20964968789124e-05,1.3636051027137613e-05,3.13337188520997e-08,0.3003855878412606,10234115.071116012,-16.612041832197296
267.15,4,cGDL,-16.612027473710498,0.0,9.944018709854516,0.15449224082676172,0.000960902577138989,0.023047146007190017,0.1304841922424327,2.32799454618081e-05,0.0001418306437417747,0.7998348894107965,0.0,1.2096999849611333e-05,1.3636618012289142e-05,3.133379597681836e-08,0.3003362601931804,10229782.524505727,-16.612043753930937
267.25,4,cGDL,-16.612029459923576,0.0,9.944084425294514,0.13579652028087535,0.000960926758008851,0.022376081082296606,0.1124595124405699,2.2602102103329905e-05,0.00012223860047888031,0.7998551592974178,0.0,1.2097459542551769e-05,1.3637136211603811e-05,3.133387280663521e-08,0.3002912728142197,10225809.636159826,-16.61204583357805
267.34999999999997,4,cGDL,-16.61203159337674,0.0,9.944150138244582,0.11714858854944037,0.0009609508637935839,0.021704981389793095,0.09448265629585369,2.192422362605363e-05,0.00010269853945201488,0.799875377236922,0.0,1.209791805062426e-05,1.3637653075249165e-05,3.133394944684424e-08,0.3002464037405686,10221846.529921498,-16.612048061491056
267.45000000000005,4,cGDL,-16.61203387409296,0.0,9.944215848707774,0.09849551194481815,0.0009609749636109374,0.0210338196870909,0.07650071729411631,2.124628251221303e-05,8.315295358056121e-05,0.7998956007639073,0.0,1.209837667909221e-05,1.3638170074613039e-05,3.13340259006389e-08,0.30020152205479017,10217882.356539505,-16.612050438295622
267.54999999999995,4,cGDL,-16.61203632089064,0.0,9.944281557217103,0.08780496514321731,0.000960988651674221,0.02036667156060099,0.0664773049309421,2.0572395515758574e-05,7.225794014232838e-05,0.7999071696643419,0.0,1.2098638946569792e-05,1.3638465721587765e-05,3.133410166075087e-08,0.30017633373433333,10215550.159655375,-16.612052964399673
267.65000000000003,4,cGDL,-16.612038989265727,0.0,9.944347266074907,0.10353384683727015,0.0009609678222554513,0.01971297814669823,0.08285990086831647,1.9912099138079018e-05,9.006510963947443e-05,0.7998900227912225,0.0,1.2098249707368339e-05,1.3638026942851583e-05,3.133417553641664e-08,0.3002164871323142,10218632.839869164,-16.612055640209093
267.75,4,cGDL,-16.612041752795847,0.0,9.944412974965678,0.09618036119765971,0.0009609771255277601,0.01904741779795181,0.07617196627418014,1.923981595752708e-05,8.27956155154132e-05,0.7998979645685271,0.0,1.2098429657518145e-05,1.3638229795747727e-05,3.133425069180005e-08,0.30019955239297413,10216984.57704551,-16.612058466127717
267.85,4,cGDL,-16.612044720423285,0.0,9.9444786837575,0.10187462141701784,0.0009609693735334046,0.018388478776520195,0.08252517326696424,1.8574220986384037e-05,8.970127529017851e-05,0.7998917245037235,0.0,1.209828784172318e-05,1.3638069930669767e-05,3.1334324794723175e-08,0.3002148879699169,10218010.551012125,-16.612061442557355
267.95,4,cGDL,-16.612047820292844,0.0,9.944544393367009,0.10016022397517287,0.000960971284352477,0.017725683232498707,0.08147356945832168,1.7904730537877482e-05,8.855822767208878e-05,0.7998935370417901,0.0,1.2098328707618455e-05,1.3638115997678987e-05,3.133439918021534e-08,0.3002119002796352,10217518.042438354,-16.61206456989778
268.05,4,cGDL,-16.612051072682675,0.0,9.944610102705786,0.09766336927894573,0.0009609742037707848,0.01706242717645184,0.0796399678987231,1.723477492570893e-05,8.656518249861207e-05,0.7998962000425758,0.0,1.2098388855773195e-05,1.363818380105342e-05,3.133447341953796e-08,0.3002069774982874,10216865.149653869,-16.61206784854673
268.15,4,cGDL,-16.61205448031251,0.0,9.944675811721444,0.09516620100195944,0.0009609771102340077,0.016399110523381177,0.07780611336834425,1.656475810442543e-05,8.457186235689593e-05,0.7998988633795387,0.0,1.2098448998840752e-05,1.3638251598693213e-05,3.1334547461764624e-08,0.30020205405576517,10216212.17971531,-16.61207137240273
268.25,4,cGDL,-16.61205804321372,0.0,9.944741520413961,0.09266871651345096,0.0009609800037427424,0.015735733107914388,0.07597200340179383,1.589467990698423e-05,8.257826456716721e-05,0.7999015270555259,0.0,1.2098509136882968e-05,1.3638319390668072e-05,3.13346213068721e-08,0.30019712994587217,10215559.132048504,-16.611595121463242
268.34999999999997,4,cGDL,-16.612061761417635,0.0,9.944807228783318,0.09017091318340581,0.0009609828842975857,0.015072294765522,0.07413763553358622,1.5224540167193939e-05,8.058438644955024e-05,0.7999041910733833,0.0,1.2098569269961679e-05,1.363838717704771e-05,3.1334694954837184e-08,0.3001922051624126,10214906.006079618,-16.611597180021025
268.44999999999993,4,cGDL,-16.612065634955798,0.0,9.944872936829489,0.08767278838256437,0.000960985751899129,0.014408795332518038,0.0723030072981472,1.4554338719715189e-05,7.859022532407304e-05,0.7999068554359563,0.0,1.2098629398138674e-05,1.363845495790178e-05,3.133476840563627e-08,0.30018727969919073,10214252.80123515,-16.611602083451363
268.55,4,cGDL,-16.612069663859813,0.0,9.944938644552455,0.0851743394824368,0.0009609886065479432,0.013745234646076899,0.07046811622981196,1.3884075400077676e-05,7.659577851066518e-05,0.7999095201460893,0.0,1.2098689521475734e-05,1.363852273329992e-05,3.13348416592456e-08,0.3001823535500114,10213599.51694194,-16.611607446585328
268.6499999999999,4,cGDL,-16.612073848161515,0.0,9.94500435195219,0.08267556385528227,0.0009609914482445851,0.01308161254422512,0.06863295986281256,1.3213750044671837e-05,7.460104332914409e-05,0.7999121852066262,0.0,1.2098749640034592e-05,1.3638590503311722e-05,3.133491471564096e-08,0.30017742670867936,10212946.15262716,-16.6116132712414
268.75,4,cGDL,-16.612078187892905,0.0,9.945070059028668,0.08017645887413959,0.0009609942769895994,0.012417928865852598,0.06679753573129739,1.25433624907602e-05,7.26060170992363e-05,0.79991485062041,0.0,1.2098809753876955e-05,1.363865826800675e-05,3.133498757479787e-08,0.3001724991689999,10212292.707718333,-16.611619557866476
268.84999999999997,4,cGDL,-16.612082683086044,0.0,9.945135765781869,0.07767702191281994,0.0009609970927835169,0.011754183450721148,0.06496184136931528,1.1872912576486008e-05,7.061069714056009e-05,0.799917516390283,0.0,1.2098869863064515e-05,1.3638726027454542e-05,3.133506023669168e-08,0.30016757092477847,10211639.181643315,-16.61162630675209
268.95,4,cGDL,-16.612087333772934,0.0,9.945201472211764,0.0751772503459211,0.0009609998956268823,0.011090376139464758,0.06312587431082946,1.1202400140873493e-05,6.861508077264071e-05,0.7999201825190866,0.0,1.2098929967658938e-05,1.363879378172462e-05,3.133513270129763e-08,0.3001626419698207,10210985.573830323,-16.611633518188523
269.04999999999995,4,cGDL,-16.61209213998609,0.0,9.945267178318328,0.07267714154883005,0.00096100268552019,0.01042650677360354,0.06128963208970632,1.053182502384196e-05,6.661916531489817e-05,0.7999228490096613,0.0,1.2098990067721834e-05,1.363886153088643e-05,3.1335204968590236e-08,0.3001577122979328,10210331.883707909,-16.61164119250248
269.15000000000003,4,cGDL,-16.61209710175791,0.0,9.945332884101537,0.07017669289771165,0.000961005462463943,0.009762575195541356,0.059453112239706354,9.86118706620339e-06,6.462294808663735e-05,0.7999255158648472,0.0,1.2099050163314816e-05,1.3638929275009428e-05,3.1335277038544097e-08,0.30015278190292094,10209678.110704988,-16.61164932997198
269.24999999999994,4,cGDL,-16.61210221912097,0.0,9.94539858956136,0.06767590176954434,0.0009610082264586376,0.009098581248571566,0.05761631229451414,9.190486109668249e-06,6.262642640708059e-05,0.7999281830874833,0.0,1.209911025449945e-05,1.3638997014163017e-05,3.1335348911133424e-08,0.30014785077859174,10209024.25425082,-16.61165793086224
269.35,4,cGDL,-16.612107492108123,0.0,9.945464294697771,0.06517476554209688,0.0009610109775047317,0.008434524776896418,0.05577922978769573,8.519721996865068e-06,6.0629597595321445e-05,0.7999308506804078,0.0,1.2099170341337272e-05,1.3639064748416562e-05,3.1335420586331986e-08,0.30014291891875206,10208370.313775025,-16.611666995484047
269.45,4,cGDL,-16.61211292075211,0.0,9.945529999510743,0.06267328159396086,0.0009610137156027022,0.007770405625608368,0.05394186225274979,7.848894571321584e-06,5.863245897038021e-05,0.7999335186464583,0.0,1.2099230423889803e-05,1.3639132477839414e-05,3.13354920641136e-08,0.3001379863172091,10207716.288707586,-16.61167652403439
269.55,4,cGDL,-16.61211850508596,0.0,9.945595704000244,0.060171447304534414,0.0009610164407529986,0.00710622364072306,0.052104207223058356,7.17800367749804e-06,5.663500785115039e-05,0.7999361869884715,0.0,1.209929050221852e-05,1.3639200202500878e-05,3.133556334445155e-08,0.3001330529677703,10207062.178478839,-16.611686516711647
269.65,4,cGDL,-16.61212424514281,0.0,9.945661408166247,0.05766926005404427,0.0009610191529560606,0.006441978669166082,0.050266262231922126,6.507049160773821e-06,5.46372415564371e-05,0.7999388557092829,0.0,1.2099350576384883e-05,1.363926792247023e-05,3.1335634427318896e-08,0.30012811886424345,10206407.982519487,-16.61169697399621
269.75,4,cGDL,-16.612130140956026,0.0,9.94572711200872,0.055166717223523204,0.0009610218522123062,0.005777670558781507,0.04842802481252939,5.836030867456067e-06,5.263915740492325e-05,0.7999415248117276,0.0,1.20994106464503e-05,1.36393356378167e-05,3.133570531268837e-08,0.30012318400043664,10205753.7002606,-16.61170789602883
269.84999999999997,4,cGDL,-16.61213619477155,0.0,9.945792815543134,0.05289542973847645,0.0009610242358941779,0.005113417633458037,0.04682098786912423,5.16506831662428e-06,5.08923781186133e-05,0.7999439425535648,0.0,1.2099465000679016e-05,1.3639396909856347e-05,3.13357759835933e-08,0.3001188212062033,10205146.80232721,-16.611719283027956
269.95000000000005,4,cGDL,-16.61214241889894,0.0,9.94585851888255,0.05208156169888613,0.0009610247018365338,0.004449846952931544,0.04667069004411805,4.494794901951054e-06,5.072901091751962e-05,0.7999447761941806,0.0,1.2099483400668082e-05,1.3639417651662203e-05,3.1335846349588954e-08,0.30011806308079475,10204838.60159651,-16.611731135241218
270.04999999999995,4,cGDL,-16.61214879963802,0.0,9.94592422212455,0.05126757916950496,0.0009610251544457911,0.0037862127957488624,0.046520341219310306,3.824457369443295e-06,5.0565588281859025e-05,0.7999456099543487,0.0,1.2099501790451403e-05,1.36394383819634e-05,3.133591651699602e-08,0.30011730479225307,10204530.36388149,-16.61174345291645
270.15000000000003,4,cGDL,-16.61215533701568,0.0,9.945989925269128,0.05045348174241235,0.0009610255937201368,0.0031225150146032654,0.046369941134088946,3.1540555703063286e-06,5.040210992835755e-05,0.7999464438345014,0.0,1.2099520170036505e-05,1.3639459100768425e-05,3.133598648579508e-08,0.3001165463398478,10204222.089067174,-16.611756235933143
270.25,4,cGDL,-16.61216203105863,0.0,9.946055628316287,0.04963926901058348,0.0009610260196577661,0.0024587534631236993,0.04621948952780201,2.483589356690605e-06,5.023857557369784e-05,0.7999472778350696,0.0,1.2099538539430914e-05,1.3639479808085759e-05,3.133605625596691e-08,0.30011578772284875,10203913.777038984,-16.6117694830833
270.35,4,cGDL,-16.612168881793934,0.0,9.946121331266022,0.04882494056793151,0.0009610264322568495,0.0017949279959091026,0.04606898613976556,1.8130585817263662e-06,5.0074984934527785e-05,0.7999481119564839,0.0,1.2099556898642104e-05,1.3639500503923828e-05,3.133612582749165e-08,0.3001150289405263,10203605.427682731,-16.611783195638463
270.45,4,cGDL,-16.612175889248704,0.0,9.946187034118335,0.04801049600927522,0.0009610268315155494,0.0011310384685141017,0.04591843070924557,1.1424630995091936e-06,4.991133772744083e-05,0.7999489461991731,0.0,1.2099575247677511e-05,1.363952118829101e-05,3.1336195200349315e-08,0.3001142699921513,10203297.040884614,-16.611797372734703
270.54999999999995,4,cGDL,-16.612183053450167,0.0,9.946252736873218,0.04719593493037597,0.0009610272174320172,0.0004670847374624268,0.04576782297548153,4.718027651135624e-07,4.974763366900166e-05,0.7999497805635659,0.0,1.2099593586544559e-05,1.3639541861195685e-05,3.133626437451959e-08,0.300113510876995,10202988.61653124,-16.611812014917696
270.65,4,cGDL,-16.612195020652848,0.0,9.946318439530671,0.04638125692792497,0.0007422128127109254,0.0,0.04563904411521404,0.0,4.9607656646971784e-05,0.7999503923433531,0.0,1.2099606478948217e-05,1.3639556394450718e-05,3.133630391793969e-08,0.3001129203663881,10202766.966849294,-16.611827122336162
270.74999999999994,4,cGDL,-16.58772623456173,0.0,9.946384142090691,0.04556646159955115,4.343805951649571e-06,0.0,0.0455621177935995,0.0,4.952404107999946e-05,0.79995047595892,0.0,1.2101628071755354e-05,1.3641835280887853e-05,3.1368527628077735e-08,0.3001127300348729,10202751.208546435,-16.611842695086178
270.85,4,cGDL,-16.612119842515824,0.0,9.946449844553277,0.04475154854383774,0.0,0.0,0.04475154854383774,0.0,4.864298754764972e-05,0.7999513570124523,0.0,1.2099634570652227e-05,1.3639588061462511e-05,3.1336402892380946e-08,0.3001107245201115,10202585.164005928,-16.611858733263876
270.94999999999993,4,cGDL,-16.61226493688838,0.0,9.94651554691842,0.04393651736031111,0.0,0.0,0.04393651736031111,0.0,4.775708408729468e-05,0.7999522429159127,0.0,1.2099642694256986e-05,1.36395972189806e-05,3.13362118711273e-08,0.3001087079656099,10202418.20544143,-16.611875236965453
271.05,4,cGDL,-16.612288561084938,0.0,9.946581249186119,0.043121367649464476,0.0,0.0,0.043121367649464476,0.0,4.687105179289617e-05,0.7999531289482071,0.0,1.2099660846805339e-05,1.363961768185329e-05,3.1336180769203095e-08,0.3001066911178473,10202251.222596692,-16.611892206287155
271.15,4,cGDL,-16.612312344726718,0.0,9.94664695135637,0.04230609901275169,0.0,0.0,0.04230609901275169,0.0,4.598489023125183e-05,0.7999540151097688,0.0,1.209967898913083e-05,1.3639638133202027e-05,3.133614945738312e-08,0.30010467397583773,10202084.215390073,-16.6119096413253
271.25,4,cGDL,-16.612336287845665,0.0,9.946712653429167,0.04149071105259659,0.0,0.0,0.04149071105259659,0.0,4.5098598970213686e-05,0.7999549014010299,0.0,1.2099697121240558e-05,1.3639658573034812e-05,3.1336117935625815e-08,0.3001026565385974,10201917.183740135,-16.61192754217627
271.34999999999997,4,cGDL,-16.61236039047361,0.0,9.946778355404504,0.04067520337239314,0.0,0.0,0.04067520337239314,0.0,4.4212177578688194e-05,0.7999557878224214,0.0,1.2099715243141625e-05,1.3639679001359652e-05,3.133608620388954e-08,0.30010063880514515,10201750.127565626,-16.6119459089365
271.45,4,cGDL,-16.612384652642845,0.0,9.946844057282378,0.039859575576527584,0.0,0.0,0.039859575576527584,0.0,4.332562562666042e-05,0.7999566743743733,0.0,1.2099733354841064e-05,1.363969941818447e-05,3.133605426213221e-08,0.30009862077450206,10201583.046785507,-16.61196474179768
271.54999999999995,4,cGDL,-16.61240907438554,0.0,9.946909759062784,0.039043827270363984,0.0,0.0,0.039043827270363984,0.0,4.2438942685178245e-05,0.7999575610573149,0.0,1.2099751456345885e-05,1.363971982351718e-05,3.133602211031187e-08,0.30009660244569175,10201415.941318942,-16.611397631186332
271.65000000000003,4,cGDL,-16.612433655734037,0.0,9.946975460745714,0.03822795806026276,0.0,0.0,0.03822795806026276,0.0,4.1552128326372563e-05,0.7999584478716737,0.0,1.2099769547663073e-05,1.3639740217365648e-05,3.1335989748386276e-08,0.3000945838177403,10201248.811085287,-16.611417396749697
271.74999999999994,4,cGDL,-16.612458396720854,0.0,9.947041162331162,0.03741196755358421,0.0,0.0,0.03741196755358421,0.0,4.06651821234611e-05,0.7999593348178766,0.0,1.2099787628799569e-05,1.3639760599737697e-05,3.1335957176313044e-08,0.30009256488967617,10201081.656004116,-16.611437628813448
271.85,4,cGDL,-16.612483297378503,0.0,9.947106863819123,0.03659585535868588,0.0,0.0,0.03659585535868588,0.0,3.977810365074552e-05,0.7999602218963493,0.0,1.2099805699762277e-05,1.363978097064111e-05,3.1335924394049745e-08,0.30009054566053045,10200914.475995198,-16.61145832908818
271.95,4,cGDL,-16.612508357739785,0.0,9.947172565209588,0.03577962108494895,0.0,0.0,0.03577962108494895,0.0,3.889089248364016e-05,0.7999611091075164,0.0,1.2099823760558071e-05,1.3639801330083648e-05,3.133589140155358e-08,0.30008852612933656,10200747.270978516,-16.61147949780187
272.05,4,cGDL,-16.612533577837496,0.0,9.94723826650255,0.03496326434275897,0.0,0.0,0.03496326434275897,0.0,3.8003548198651053e-05,0.7999619964518014,0.0,1.2099841811193797e-05,1.3639821678073009e-05,3.133585819878175e-08,0.3000865062951306,10200580.040874258,-16.611501135049846
272.15,4,cGDL,-16.61255895770455,0.0,9.947303967698003,0.03414678474352625,0.0,0.0,0.03414678474352625,0.0,3.7116070373398096e-05,0.7999628839296267,0.0,1.2099859851676257e-05,1.363984201461687e-05,3.133582478569135e-08,0.3000844861569511,10200412.78560282,-16.611523240925983
272.25000000000006,4,cGDL,-16.612584497374087,0.0,9.947369668795938,0.033330181899697345,0.0,0.0,0.033330181899697345,0.0,3.622845858662755e-05,0.7999637715414134,0.0,1.209987788201221e-05,1.3639862339722854e-05,3.133579116223913e-08,0.3000824657138391,10200245.505084813,-16.611545815523026
272.34999999999997,4,cGDL,-16.61261019687919,0.0,9.947435369796347,0.03251345542473464,0.0,0.0,0.03251345542473464,0.0,3.534071241818983e-05,0.7999646592875819,0.0,1.2099895902208406e-05,1.3639882653398566e-05,3.133575732838195e-08,0.3000804449648384,10200078.199241055,-16.611568858932586
272.45000000000005,4,cGDL,-16.612636056253223,0.0,9.947501070699222,0.03169660493315811,0.0,0.0,0.03169660493315811,0.0,3.44528314490849e-05,0.799965547168551,0.0,1.2099913912271533e-05,1.3639902955651547e-05,3.133572328407628e-08,0.30007842390899503,10199910.867992582,-16.611592371201745
272.55,4,cGDL,-16.61266207552967,0.0,9.947566771504553,0.030879630040523985,0.0,0.0,0.030879630040523985,0.0,3.356481526143911e-05,0.7999664351847386,0.0,1.2099931912208254e-05,1.3639923246489304e-05,3.133568902927846e-08,0.30007640254535795,10199743.51126064,-16.611616354203992
272.65,4,cGDL,-16.612688254741954,0.0,9.947632472212332,0.03006253036344073,0.0,0.0,0.03006253036344073,0.0,3.2676663438522534e-05,0.7999673233365615,0.0,1.2099949902025197e-05,1.3639943525919314e-05,3.1335654563944874e-08,0.3000743808729785,10199576.128966691,-16.61164080801273
272.75,4,cGDL,-16.61271459392384,0.0,9.94769817282255,0.02924530551957495,0.0,0.0,0.02924530551957495,0.0,3.178837556475538e-05,0.7999682116244353,0.0,1.2099967881728954e-05,1.3639963793949003e-05,3.1335619888031464e-08,0.3000723588909107,10199408.721032416,-16.611665732700384
272.8499999999999,4,cGDL,-16.612741093109094,0.0,9.947763873335196,0.02842795512765956,0.0,0.0,0.02842795512765956,0.0,3.089995122571691e-05,0.7999691000487743,0.0,1.2099985851326073e-05,1.3639984050585752e-05,3.133558500149422e-08,0.3000703365982113,10199241.287379708,-16.61169112833839
272.95,4,cGDL,-16.612767752331536,0.0,9.94782957375026,0.027610478807485527,0.0,0.0,0.027610478807485527,0.0,3.0011390008136444e-05,0.7999699886099919,0.0,1.2100003810823079e-05,1.3640004295836927e-05,3.133554990428904e-08,0.3000683139939395,10199073.827930689,-16.61171699499717
273.04999999999995,4,cGDL,-16.61279457162533,0.0,9.947895274067731,0.026792876179934044,0.0,0.0,0.026792876179934044,0.0,2.912269149992831e-05,0.7999708773085001,0.0,1.2100021760226453e-05,1.3640024529709818e-05,3.133551459637136e-08,0.3000662910771574,10198906.34260769,-16.611743332746162
273.15,4,cGDL,-16.612821551024524,0.0,9.9479609742876,0.02597514686695534,0.0,0.0,0.02597514686695534,0.0,2.8233855290168847e-05,0.7999717661447099,0.0,1.2100039699542635e-05,1.3640044752211699e-05,3.1335479077696744e-08,0.3000642678469294,10198738.83133327,-16.611770141653793
273.24999999999994,4,cGDL,-16.612848690563396,0.0,9.948026674409856,0.025157290491591024,0.0,0.0,0.025157290491591024,0.0,2.7344880969120676e-05,0.7999726551190309,0.0,1.2100057628778043e-05,1.3640064963349793e-05,3.1335443348220527e-08,0.30006224430232303,10198571.29403021,-16.61179733068501
273.35,4,cGDL,-16.612875990276336,0.0,9.948092374434486,0.0243393066779734,0.0,0.0,0.0243393066779734,0.0,2.6455768128231956e-05,0.7999735442318718,0.0,1.2100075547939044e-05,1.3640085163131284e-05,3.133540740789786e-08,0.30006022044240827,10198403.730621515,-16.61230491775125
273.44999999999993,4,cGDL,-16.612903450197905,0.0,9.948158074361478,0.02352119505133628,0.0,0.0,0.02352119505133628,0.0,2.556651636014813e-05,0.79997443348364,0.0,1.2100093457031964e-05,1.3640105351563305e-05,3.1335371256683645e-08,0.30005819626625785,10198236.141030412,-16.612334819835283
273.55,4,cGDL,-16.612931070362663,0.0,9.948223774190822,0.02270295523801418,0.0,0.0,0.02270295523801418,0.0,2.467712525871107e-05,0.7999753228747414,0.0,1.2100111356063108e-05,1.3640125528652958e-05,3.1335334894532844e-08,0.30005617177294724,10198068.525180357,-16.612362501127773
273.65,4,cGDL,-16.6129588508054,0.0,9.948289473922504,0.021884586865457575,0.0,0.0,0.021884586865457575,0.0,2.3787594418975624e-05,0.799976212405581,0.0,1.2100129245038738e-05,1.3640145694407305e-05,3.133529832140005e-08,0.3000541469615547,10197900.882995032,-16.61239034653648
273.75,4,cGDL,-16.612986791560957,0.0,9.948355173556513,0.02106608956222546,0.0,0.0,0.02106608956222546,0.0,2.2897923437201588e-05,0.7999771020765628,0.0,1.210014712396507e-05,1.3640165848833353e-05,3.133526153723991e-08,0.3000521218311612,10197733.21439835,-16.61241835607417
273.84999999999997,4,cGDL,-16.61301489266441,0.0,9.948420873092834,0.02024746295800846,0.0,0.0,0.02024746295800846,0.0,2.2008111910878764e-05,0.7999779918880892,0.0,1.2100164992848293e-05,1.3640185991938078e-05,3.133522454200658e-08,0.3000500963808505,10197565.519314451,-16.61244652975253
273.95000000000005,4,cGDL,-16.613043159006338,0.0,9.948486569719499,0.0,0.0,0.0,0.0,0.0,0.0,0.8,0.0,1.2100661992586558e-05,1.3640746246188483e-05,3.1335187329262134e-08,0.3,10193417.840773376,-16.612474867582165
274.04999999999995,4,cGDL,-16.58316469259404,0.0,9.948552263446846,0.0,0.0,0.0,0.0,0.0,0.0,0.8,0.0,1.2103128455047586e-05,1.3643526622053643e-05,3.137453703177667e-08,0.3,10193417.840773376,-16.6125033695726
274.15000000000003,4,cGDL,-16.613100183717904,0.0,9.948617957087677,0.0019698975637961334,0.0008946543329955152,0.0,0.0010752432308006182,0.0,1.168742642174585e-06,0.7999988312573578,0.0,1.210063076813265e-05,1.3640711047713167e-05,3.133511225609645e-08,0.300002660372537,10193638.103592677,-16.61253203573229
274.24999999999994,4,cGDL,-16.613128937009094,0.0,9.9486836452587,0.0018612665356289044,0.000892952030298195,0.0,0.0009683145053307094,0.0,1.0525157666638145e-06,0.7999989474842334,0.0,1.2100631031700703e-05,1.3640711344826247e-05,3.1335074402361944e-08,0.3000023958089141,10193616.199318498,-16.612560866068588
274.35,4,cGDL,-16.613157933132243,0.0,9.948749332939283,0.0010290089940473055,0.0008912497350065814,0.0,0.00013775925904072409,0.0,1.497383250442653e-07,0.799999850261675,0.0,1.2100649121045531e-05,1.3640731736451325e-05,3.133503622896633e-08,0.3000003408446935,10193446.060660664,-16.612589860587782
274.45,4,cGDL,-16.613187096506294,0.0,9.948815025981975,0.0008895474475907325,0.0008895474475907325,0.0,0.0,0.0,0.0,0.8,0.0,1.210065011109117e-05,1.3640732852502773e-05,3.133499783541264e-08,0.3,10193417.840773376,-16.61261901929506
274.55,4,cGDL,-16.613216420398942,0.0,9.94888071945959,0.0008878451665955212,0.0008878451665955212,0.0,0.0,0.0,0.0,0.8,0.0,1.2100647690515522e-05,1.3640730123853862e-05,3.1334959230564445e-08,0.3,10193417.840773376,-16.612648342194543
274.65,4,cGDL,-16.61324590476903,0.0,9.948946412945553,0.0008861428917676408,0.0008861428917676408,0.0,0.0,0.0,0.0,0.8,0.0,1.2100645256693281e-05,1.3640727380272428e-05,3.1334920414476346e-08,0.3,10193417.840773376,-16.612677829289243
274.75000000000006,4,cGDL,-16.613275549592004,0.0,9.949012106439923,0.0008844406230927504,0.0008844406230927504,0.0,0.0,0.0,0.0,0.8,0.0,1.2100642809626482e-05,1.3640724621760761e-05,3.1334881387181176e-08,0.3,10193417.840773376,-16.612707480581122
274.84999999999997,4,cGDL,-16.61330535484342,0.0,9.949077799942758,0.0008827383605565099,0.0008827383605565099,0.0,0.0,0.0,0.0,0.8,0.0,1.2100640349317141e-05,1.364072184832114e-05,3.133484214871156e-08,0.3,10193417.840773376,-16.61273729607101
274.95,4,cGDL,-16.613335320498834,0.0,9.949143486498578,0.0008810361041445807,0.0008810361041445807,0.0,0.0,0.0,0.0,0.8,0.0,1.2100637875767278e-05,1.3640719059955841e-05,3.1334802699100164e-08,0.3,10193417.840773376,-16.612767275758692
275.05,4,cGDL,-16.61336555201342,0.0,9.949209173063055,0.0008804101040996126,0.0008793338538401435,0.0,1.0762502594691521e-06,0.0,1.1698372385534262e-09,0.7999999988301628,0.0,1.2100635353729905e-05,1.3640716216931892e-05,3.133476289951647e-08,0.30000000266286414,10193418.061242484,-16.612797419642835
275.1499999999999,4,cGDL,-16.613395943883745,0.0,9.949274866591772,0.0008785113966048838,0.0008776316028194106,0.0,8.797937854731597e-07,0.0,9.562975929056085e-10,0.7999999990437024,0.0,1.2100632849843025e-05,1.36407133943685e-05,3.133472288885569e-08,0.30000000217679046,10193418.020998515,-16.612827727721026
275.25,4,cGDL,-16.613426496086163,0.0,9.949340560129176,0.000876572603227797,0.000875929351083503,0.0,6.43252144294015e-07,0.0,6.991871133630597e-10,0.7999999993008129,0.0,1.2100630333710127e-05,1.3640710558000507e-05,3.133468266714943e-08,0.3000000015915379,10193417.972543126,-16.612858199989763
275.34999999999997,4,cGDL,-16.6134572085968,0.0,9.94940625367534,0.0008746259352456391,0.0008742270986313473,0.0,3.988366142918502e-07,0.0,4.3351805901288067e-10,0.7999999995664819,0.0,1.2100627804538818e-05,1.3640707706934667e-05,3.133464223442956e-08,0.3000000009868037,10193417.922474775,-16.61288883644445
275.45,4,cGDL,-16.613488081391722,0.0,9.949471947230322,0.0008727098591345769,0.0008725248454617478,0.0,1.850136728290816e-07,0.0,2.0110181829248e-10,0.7999999997988982,0.0,1.2100625261382427e-05,1.3640704840103829e-05,3.133460159072811e-08,0.3000000004577618,10193417.878673296,-16.612919637079404
275.54999999999995,4,cGDL,-16.613519114447172,0.0,9.94953764079419,0.0008708628393544052,0.0008708225915733756,0.0,4.0247781029610304e-08,0.0,4.3747588075663375e-11,0.7999999999562525,0.0,1.210062270329432e-05,1.364070195644087e-05,3.133456073607682e-08,0.3000000000995813,10193417.849018104,-16.61295060188784
275.65,4,cGDL,-16.613550307739445,0.0,9.949603334367014,0.000869120336964774,0.000869120336964774,0.0,0.0,0.0,0.0,0.8,0.0,1.2100620129401934e-05,1.3640699054962181e-05,3.13345196705074e-08,0.3,10193417.840773376,-16.612981730861883
275.74999999999994,4,cGDL,-16.61358166124495,0.0,9.949669027948861,0.0008674180816345364,0.0008674180816345364,0.0,0.0,0.0,0.0,0.8,0.0,1.2100617541292231e-05,1.3640696137456699e-05,3.133447839405141e-08,0.3,10193417.840773376,-16.613013023992565
275.85,4,cGDL,-16.613613174940042,0.0,9.949734721539796,0.0008657158255814374,0.0008657158255814374,0.0,0.0,0.0,0.0,0.8,0.0,1.2100614939959745e-05,1.3640693205045528e-05,3.133443690674043e-08,0.3,10193417.840773376,-16.61304448126982
275.94999999999993,4,cGDL,-16.6136448488013,0.0,9.949800415139878,0.0008640135688043224,0.0008640135688043224,0.0,0.0,0.0,0.0,0.8,0.0,1.2100612325406406e-05,1.3640690257730856e-05,3.1334395208605856e-08,0.3,10193417.840773376,-16.613076102682488
276.05,4,cGDL,-16.61367668280542,0.0,9.949866108749164,0.0008623113113020365,0.0008623113113020365,0.0,0.0,0.0,0.0,0.8,0.0,1.2100609697634144e-05,1.3640687295514853e-05,3.13343532996788e-08,0.3,10193417.840773376,-16.613107888218305
276.15,4,cGDL,-16.613708676929036,0.0,9.949931802367715,0.0008606090530734252,0.0008606090530734252,0.0,0.0,0.0,0.0,0.8,0.0,1.2100607056644891e-05,1.3640684318399694e-05,3.1334311179990535e-08,0.3,10193417.840773376,-16.61313983786392
276.25,4,cGDL,-16.613740831148903,0.0,9.949997495995591,0.0008589067941173344,0.0008589067941173344,0.0,0.0,0.0,0.0,0.8,0.0,1.210060440244057e-05,1.3640681326387552e-05,3.133426884957217e-08,0.3,10193417.840773376,-16.613171951604865
276.34999999999997,4,cGDL,-16.61377314544194,0.0,9.950063189632848,0.0008572045344326099,0.0008572045344326099,0.0,0.0,0.0,0.0,0.8,0.0,1.2100601735023093e-05,1.3640678319480575e-05,3.133422630845464e-08,0.3,10193417.840773376,-16.613204229425595
276.45000000000005,4,cGDL,-16.61380561978507,0.0,9.950128883279548,0.0008555022740180981,0.0008555022740180981,0.0,0.0,0.0,0.0,0.8,0.0,1.2100599054394362e-05,1.3640675297680918e-05,3.133418355666876e-08,0.3,10193417.840773376,-16.613236671309444
276.54999999999995,4,cGDL,-16.613838254155212,0.0,9.950194576935752,0.0008538000128726455,0.0008538000128726455,0.0,0.0,0.0,0.0,0.8,0.0,1.210059636055629e-05,1.3640672260990729e-05,3.1334140594245486e-08,0.3,10193417.840773376,-16.61326927714344
276.65000000000003,4,cGDL,-16.613871048529575,0.0,9.950260270601516,0.0008520977509950988,0.0008520977509950988,0.0,0.0,0.0,0.0,0.8,0.0,1.2100593653510766e-05,1.3640669209412137e-05,3.1334097421215286e-08,0.3,10193417.840773376,-16.613888456578774
276.75,4,cGDL,-16.613904002885306,0.0,9.9503259642769,0.000850395488384305,0.000850395488384305,0.0,0.0,0.0,0.0,0.8,0.0,1.2100590933259673e-05,1.3640666142947267e-05,3.13340540376088e-08,0.3,10193417.840773376,-16.613921390044826
276.85,4,cGDL,-16.613937117199555,0.0,9.950391657961966,0.0008486932250391113,0.0008486932250391113,0.0,0.0,0.0,0.0,0.8,0.0,1.2100588199804906e-05,1.3640663061598259e-05,3.133401044345663e-08,0.3,10193417.840773376,-16.613954487291544
276.95,4,cGDL,-16.613970391449755,0.0,9.95045735165677,0.0008469909609583653,0.0008469909609583653,0.0,0.0,0.0,0.0,0.8,0.0,1.2100585453148328e-05,1.3640659965367207e-05,3.1333966638788974e-08,0.3,10193417.840773376,-16.613987746682874
277.05,4,cGDL,-16.61400382561328,0.0,9.950523045361372,0.0008452886961409147,0.0008452886961409147,0.0,0.0,0.0,0.0,0.8,0.0,1.210058269329181e-05,1.3640656854256225e-05,3.133392262363613e-08,0.3,10193417.840773376,-16.61402116806434
277.15,4,cGDL,-16.61403741966751,0.0,9.950588739075833,0.0008435864305856079,0.0008435864305856079,0.0,0.0,0.0,0.0,0.8,0.0,1.2100579920237227e-05,1.3640653728267423e-05,3.133387839802843e-08,0.3,10193417.840773376,-16.614054751413068
277.24999999999994,4,cGDL,-16.614071173590105,0.0,9.950654432800212,0.0008418841642912927,0.0008418841642912927,0.0,0.0,0.0,0.0,0.8,0.0,1.2100577133986426e-05,1.3640650587402883e-05,3.1333833961995836e-08,0.3,10193417.840773376,-16.614088496706593
277.34999999999997,4,cGDL,-16.614105087358666,0.0,9.950720126534568,0.000840181897256817,0.000840181897256817,0.0,0.0,0.0,0.0,0.8,0.0,1.2100574334541261e-05,1.3640647431664693e-05,3.1333789315568315e-08,0.3,10193417.840773376,-16.614122403922508
277.44999999999993,4,cGDL,-16.614139160950856,0.0,9.950785820278963,0.00083847962948103,0.00083847962948103,0.0,0.0,0.0,0.0,0.8,0.0,1.2100571521903575e-05,1.364064426105494e-05,3.133374445877581e-08,0.3,10193417.840773376,-16.61415647303851
277.55,4,cGDL,-16.614173394344505,0.0,9.95085151403345,0.0008367773609627806,0.0008367773609627806,0.0,0.0,0.0,0.0,0.8,0.0,1.2100568696075208e-05,1.3640641075575688e-05,3.133369939164809e-08,0.3,10193417.840773376,-16.614190704032364
277.6499999999999,4,cGDL,-16.614207787517444,0.0,9.950917207798096,0.0008350750917009181,0.0008350750917009181,0.0,0.0,0.0,0.0,0.8,0.0,1.2100565857057989e-05,1.3640637875229006e-05,3.13336541142148e-08,0.3,10193417.840773376,-16.614225094813683
277.75,4,cGDL,-16.61424234044756,0.0,9.950982901572957,0.0008333728216942918,0.0008333728216942918,0.0,0.0,0.0,0.0,0.8,0.0,1.2100563004853749e-05,1.3640634660016952e-05,3.1333608626505665e-08,0.3,10193417.840773376,-16.614259645360388
277.84999999999997,4,cGDL,-16.614277053112914,0.0,9.951048595358092,0.0008316705509417514,0.0008316705509417514,0.0,0.0,0.0,0.0,0.8,0.0,1.2100560139464303e-05,1.3640631429941579e-05,3.133356292855008e-08,0.3,10193417.840773376,-16.61429435565046
277.95,4,cGDL,-16.61431192549162,0.0,9.95111428915356,0.0008299682794421467,0.0008299682794421467,0.0,0.0,0.0,0.0,0.8,0.0,1.2100557260891462e-05,1.364062818500492e-05,3.1333517020377405e-08,0.3,10193417.840773376,-16.61432922566196
278.04999999999995,4,cGDL,-16.614346957561736,0.0,9.951179982959424,0.0008282660071943278,0.0008282660071943278,0.0,0.0,0.0,0.0,0.8,0.0,1.210055436913704e-05,1.3640624925209027e-05,3.1333470902017037e-08,0.3,10193417.840773376,-16.614364255373026
278.15000000000003,4,cGDL,-16.614382149301548,0.0,9.951245676775741,0.0008265637341971452,0.0008265637341971452,0.0,0.0,0.0,0.0,0.8,0.0,1.2100551464202836e-05,1.3640621650555924e-05,3.1333424573498145e-08,0.3,10193417.840773376,-16.614399444761858
278.24999999999994,4,cGDL,-16.614417500689342,0.0,9.951311370602571,0.0008248614604494495,0.0008248614604494495,0.0,0.0,0.0,0.0,0.8,0.0,1.2100548546090644e-05,1.3640618361047633e-05,3.133337803484987e-08,0.3,10193417.840773376,-16.61443479380675
278.35,4,cGDL,-16.61445301170346,0.0,9.951377064440017,0.0008237966974577551,0.0008231591859489853,0.0,6.375115087697652e-07,0.0,6.929472921410491e-10,0.7999999993070528,0.0,1.2100545599080303e-05,1.364061503896325e-05,3.1333331286101276e-08,0.30000000157733436,10193417.97136716,-16.61447030248606
278.45,4,cGDL,-16.614488682322303,0.0,9.95144275828812,0.0008218403097497408,0.0008214569106950449,0.0,3.8339905469598057e-07,0.0,4.167381029304137e-10,0.799999999583262,0.0,1.210054266088429e-05,1.3640611726815016e-05,3.1333284327281326e-08,0.30000000094860796,10193417.919312403,-16.614505970778215
278.55,4,cGDL,-16.61452451252461,0.0,9.951508452146884,0.0008199199279468391,0.0008197546346879635,0.0,1.652932588755201e-07,0.0,1.7966658573426098e-10,0.7999999998203334,0.0,1.2100539708627646e-05,1.3640608398816616e-05,3.13332371584186e-08,0.30000000040896946,10193417.874633584,-16.614541798661726
278.65,4,cGDL,-16.614560502288896,0.0,9.951574146016375,0.0008180791428965538,0.0008180523579263921,0.0,2.6784970161800103e-08,0.0,2.9114098001956635e-11,0.799999999970886,0.0,1.2100536741237142e-05,1.3640605053758233e-05,3.133318977954195e-08,0.3000000000662715,10193417.846260259,-16.614577786115177
278.75,4,cGDL,-16.614596651593786,0.0,9.951639839896666,0.0008163500804088507,0.0008163500804088507,0.0,0.0,0.0,0.0,0.8,0.0,1.2100533757922282e-05,1.3640601690748752e-05,3.133314219068004e-08,0.3,10193417.840773376,-16.614613933117226
278.84999999999997,4,cGDL,-16.614632960418135,0.0,9.951705533787827,0.0008146478021339508,0.0008146478021339508,0.0,0.0,0.0,0.0,0.8,0.0,1.2100530760779509e-05,1.3640598312151445e-05,3.133309439186128e-08,0.3,10193417.840773376,-16.614650239646597
278.95000000000005,4,cGDL,-16.614669428740626,0.0,9.95177122768992,0.0008129455231004982,0.0008129455231004982,0.0,0.0,0.0,0.0,0.8,0.0,1.2100527750471143e-05,1.3640594918712927e-05,3.1333046383114314e-08,0.3,10193417.840773376,-16.614686705682097
279.04999999999995,4,cGDL,-16.61470605654023,0.0,9.951836921603,0.0008112432433073453,0.0008112432433073453,0.0,0.0,0.0,0.0,0.8,0.0,1.2100524726998934e-05,1.3640591510435163e-05,3.133299816446743e-08,0.3,10193417.840773376,-16.614723331202594
279.15000000000003,4,cGDL,-16.61474284379591,0.0,9.951902615527132,0.0008095409627533448,0.0008095409627533448,0.0,0.0,0.0,0.0,0.8,0.0,1.2100521690364615e-05,1.364058808732011e-05,3.1332949735948825e-08,0.3,10193417.840773376,-16.614760116187046
279.25,4,cGDL,-16.614779790486693,0.0,9.951968309462375,0.0008078386814373495,0.0008078386814373495,0.0,0.0,0.0,0.0,0.8,0.0,1.2100518640569921e-05,1.364058464936973e-05,3.133290109758674e-08,0.3,10193417.840773376,-16.614797060614475
279.34999999999997,4,cGDL,-16.614816896591662,0.0,9.952034003408786,0.000806136399358213,0.000806136399358213,0.0,0.0,0.0,0.0,0.8,0.0,1.2100515577616585e-05,1.3640581196585968e-05,3.1332852249409254e-08,0.3,10193417.840773376,-16.614834164463964
279.45,4,cGDL,-16.61485416209007,0.0,9.952099697366426,0.0008044341165147882,0.0008044341165147882,0.0,0.0,0.0,0.0,0.8,0.0,1.2100512501506324e-05,1.3640577728970768e-05,3.13328031914443e-08,0.3,10193417.840773376,-16.614871427714693
279.54999999999995,4,cGDL,-16.614891586961107,0.0,9.952165391335356,0.000802731832905928,0.000802731832905928,0.0,0.0,0.0,0.0,0.8,0.0,1.2100509412240863e-05,1.3640574246526063e-05,3.133275392371981e-08,0.3,10193417.840773376,-16.614908850345888
279.65,4,cGDL,-16.614929171184144,0.0,9.952231085315635,0.0008010295485304869,0.0008010295485304869,0.0,0.0,0.0,0.0,0.8,0.0,1.21005063098219e-05,1.3640570749253779e-05,3.133270444626358e-08,0.3,10193417.840773376,-16.614946432336875
279.74999999999994,4,cGDL,-16.614966914738602,0.0,9.952296779307323,0.0007993272633873184,0.0007993272633873184,0.0,0.0,0.0,0.0,0.8,0.0,1.2100503194251149e-05,1.364056723715584e-05,3.1332654759103214e-08,0.3,10193417.840773376,-16.614984173667025
279.85,4,cGDL,-16.615004817603847,0.0,9.952362473310478,0.0007976249774752772,0.0007976249774752772,0.0,0.0,0.0,0.0,0.8,0.0,1.2100500065530308e-05,1.3640563710234165e-05,3.133260486226653e-08,0.3,10193417.840773376,-16.615022074315803
279.94999999999993,4,cGDL,-16.615042879759585,0.0,9.952428167325163,0.0007959226907932175,0.0007959226907932175,0.0,0.0,0.0,0.0,0.8,0.0,1.2100496923661063e-05,1.364056016849065e-05,3.133255475578085e-08,0.3,10193417.840773376,-16.61506013426273
280.05,4,cGDL,-16.615081101185297,0.0,9.952493861351435,0.0007942204033399938,0.0007942204033399938,0.0,0.0,0.0,0.0,0.8,0.0,1.210049376864511e-05,1.3640556611927215e-05,3.1332504439673714e-08,0.3,10193417.840773376,-16.6150983534874
280.15,4,cGDL,-16.615119481860745,0.0,9.952559555389355,0.0007925181151144611,0.0007925181151144611,0.0,0.0,0.0,0.0,0.8,0.0,1.2100490600484124e-05,1.3640553040545742e-05,3.133245391397239e-08,0.3,10193417.840773376,-16.615136731969496
280.25,4,cGDL,-16.615158021765637,0.0,9.952625249438984,0.0007908158261154746,0.0007908158261154746,0.0,0.0,0.0,0.0,0.8,0.0,1.2100487419179785e-05,1.3640549454348122e-05,3.133240317870418e-08,0.3,10193417.840773376,-16.615175269688745
280.34999999999997,4,cGDL,-16.615196720879908,0.0,9.95269094350038,0.0007891135363418892,0.0007891135363418892,0.0,0.0,0.0,0.0,0.8,0.0,1.2100484224733753e-05,1.3640545853336232e-05,3.133235223389614e-08,0.3,10193417.840773376,-16.61521396662497
280.45,4,cGDL,-16.61523557918332,0.0,9.952756637573605,0.0007874112457925608,0.0007874112457925608,0.0,0.0,0.0,0.0,0.8,0.0,1.2100481017147704e-05,1.3640542237511958e-05,3.1332301079575495e-08,0.3,10193417.840773376,-16.61525282275805
280.54999999999995,4,cGDL,-16.615274596655922,0.0,9.952822331658716,0.0007857089544663449,0.0007857089544663449,0.0,0.0,0.0,0.0,0.8,0.0,1.2100477796423287e-05,1.3640538606877162e-05,3.1332249715769114e-08,0.3,10193417.840773376,-16.615291838067932
280.65000000000003,4,cGDL,-16.615313773277762,0.0,9.952888025755776,0.0007840066623620974,0.0007840066623620974,0.0,0.0,0.0,0.0,0.8,0.0,1.2100474562562156e-05,1.3640534961433704e-05,3.133219814250386e-08,0.3,10193417.840773376,-16.615331012534643
280.74999999999994,4,cGDL,-16.615353109028888,0.0,9.952953719864842,0.0007823043694786745,0.0007823043694786745,0.0,0.0,0.0,0.0,0.8,0.0,1.2100471315565964e-05,1.3640531301183448e-05,3.133214635980661e-08,0.3,10193417.840773376,-16.615370346138285
280.85,4,cGDL,-16.615392603889575,0.0,9.953019413985977,0.0007806020758149325,0.0007806020758149325,0.0,0.0,0.0,0.0,0.8,0.0,1.2100468055436336e-05,1.3640527626128233e-05,3.133209436770399e-08,0.3,10193417.840773376,-16.615409838859012
280.95,4,cGDL,-16.615432257839984,0.0,9.953085108119238,0.000778899781369728,0.000778899781369728,0.0,0.0,0.0,0.0,0.8,0.0,1.2100464782174922e-05,1.3640523936269915e-05,3.133204216622267e-08,0.3,10193417.840773376,-16.615449490677065
281.05,4,cGDL,-16.615472070860505,0.0,9.953150802264688,0.0007771974861419178,0.0007771974861419178,0.0,0.0,0.0,0.0,0.8,0.0,1.2100461495783345e-05,1.3640520231610315e-05,3.133198975538913e-08,0.3,10193417.840773376,-16.61548930157275
281.15,4,cGDL,-16.615512042931528,0.0,9.953216496422383,0.0007754951901303589,0.0007754951901303589,0.0,0.0,0.0,0.0,0.8,0.0,1.2100458196263223e-05,1.364051651215127e-05,3.1331937135229785e-08,0.3,10193417.840773376,-16.615529271526434
281.25000000000006,4,cGDL,-16.61555217403344,0.0,9.953282190592388,0.0007737928933339083,0.0007737928933339083,0.0,0.0,0.0,0.0,0.8,0.0,1.2100454883616183e-05,1.3640512777894605e-05,3.1331884305771113e-08,0.3,10193417.840773376,-16.615569400518563
281.34999999999997,4,cGDL,-16.615592464146857,0.0,9.95334788477476,0.0007720905957514236,0.0007720905957514236,0.0,0.0,0.0,0.0,0.8,0.0,1.2100451557843829e-05,1.3640509028842135e-05,3.133183126703919e-08,0.3,10193417.840773376,-16.61560968852965
281.45000000000005,4,cGDL,-16.61563291325234,0.0,9.953413578969558,0.0007703882973817623,0.0007703882973817623,0.0,0.0,0.0,0.0,0.8,0.0,1.2100448218947773e-05,1.3640505264995672e-05,3.133177801906029e-08,0.3,10193417.840773376,-16.61565013554027
281.55,4,cGDL,-16.615673521330564,0.0,9.953479273176843,0.0007686859982237824,0.0007686859982237824,0.0,0.0,0.0,0.0,0.8,0.0,1.2100444866929611e-05,1.3640501486357015e-05,3.1331724561860476e-08,0.3,10193417.840773376,-16.615690741531076
281.65,4,cGDL,-16.615714288362256,0.0,9.953544967396677,0.0007669836982763421,0.0007669836982763421,0.0,0.0,0.0,0.0,0.8,0.0,1.2100441501790938e-05,1.3640497692927967e-05,3.133167089546573e-08,0.3,10193417.840773376,-16.61573150648278
281.75,4,cGDL,-16.61575521432826,0.0,9.953610661629119,0.0007652813975382992,0.0007652813975382992,0.0,0.0,0.0,0.0,0.8,0.0,1.2100438123533348e-05,1.364049388471032e-05,3.133161701990191e-08,0.3,10193417.840773376,-16.615772430376186
281.84999999999997,4,cGDL,-16.615796299209364,0.0,9.953676355874228,0.0007635790960085118,0.0007635790960085118,0.0,0.0,0.0,0.0,0.8,0.0,1.2100434732158418e-05,1.3640490061705854e-05,3.133156293519499e-08,0.3,10193417.840773376,-16.61581351319214
281.95,4,cGDL,-16.615837542986583,0.0,9.953742050132064,0.000761876793685839,0.000761876793685839,0.0,0.0,0.0,0.0,0.8,0.0,1.2100431327667733e-05,1.3640486223916354e-05,3.133150864137054e-08,0.3,10193417.840773376,-16.61585475491157
282.04999999999995,4,cGDL,-16.61587894564093,0.0,9.953807744402688,0.0007601744905691395,0.0007601744905691395,0.0,0.0,0.0,0.0,0.8,0.0,1.2100427910062857e-05,1.3640482371343584e-05,3.133145413845422e-08,0.3,10193417.840773376,-16.615896155506668
282.15,4,cGDL,-16.61592050715342,0.0,9.953873438686161,0.0007584721866572725,0.0007584721866572725,0.0,0.0,0.0,0.0,0.8,0.0,1.2100424479345365e-05,1.364047850398932e-05,3.133139942647171e-08,0.3,10193417.840773376,-16.615937714950928
282.24999999999994,4,cGDL,-16.615962227505293,0.0,9.953939132982542,0.0007567698819490971,0.0007567698819490971,0.0,0.0,0.0,0.0,0.8,0.0,1.2100421035516806e-05,1.3640474621855311e-05,3.133134450544829e-08,0.3,10193417.840773376,-16.615979433229807
282.35,4,cGDL,-16.61600410667768,0.0,9.954004827291891,0.0007550675764434727,0.0007550675764434727,0.0,0.0,0.0,0.0,0.8,0.0,1.2100417578578752e-05,1.3640470724943318e-05,3.1331289375409476e-08,0.3,10193417.840773376,-16.616021310330588
282.44999999999993,4,cGDL,-16.616046144651875,0.0,9.95407052161427,0.000753365270139259,0.000753365270139259,0.0,0.0,0.0,0.0,0.8,0.0,1.2100414108532742e-05,1.3640466813255092e-05,3.133123403638056e-08,0.3,10193417.840773376,-16.61606334623892
282.55,4,cGDL,-16.616088341409238,0.0,9.954136215949736,0.0007516629630353158,0.0007516629630353158,0.0,0.0,0.0,0.0,0.8,0.0,1.2100410625380325e-05,1.3640462886792366e-05,3.133117848838672e-08,0.3,10193417.840773376,-16.616105540937458
282.65,4,cGDL,-16.616130696931236,0.0,9.954201910298352,0.0007499606551305032,0.0007499606551305032,0.0,0.0,0.0,0.0,0.8,0.0,1.2100407129123032e-05,1.3640458945556875e-05,3.133112273145299e-08,0.3,10193417.840773376,-16.61614789440759
282.75,4,cGDL,-16.616173211199282,0.0,9.954267604660176,0.0007482583464236813,0.0007482583464236813,0.0,0.0,0.0,0.0,0.8,0.0,1.2100403619762407e-05,1.364045498955035e-05,3.1331066765604546e-08,0.3,10193417.840773376,-16.616190406630786
282.84999999999997,4,cGDL,-16.616215884194958,0.0,9.954333299035268,0.0007465560369137107,0.0007465560369137107,0.0,0.0,0.0,0.0,0.8,0.0,1.2100400097299969e-05,1.3640451018774511e-05,3.133101059086624e-08,0.3,10193417.840773376,-16.616233077588575
282.95000000000005,4,cGDL,-16.616258715899846,0.0,9.954398993423691,0.0007448537265994519,0.0007448537265994519,0.0,0.0,0.0,0.0,0.8,0.0,1.210039656173725e-05,1.3640447033231082e-05,3.133095420726306e-08,0.3,10193417.840773376,-16.61627590726257
283.04999999999995,4,cGDL,-16.6163017062957,0.0,9.954464687825505,0.0007431514154797657,0.0007431514154797657,0.0,0.0,0.0,0.0,0.8,0.0,1.2100393013075755e-05,1.364044303292176e-05,3.133089761481959e-08,0.3,10193417.840773376,-16.616318895634418
283.15000000000003,4,cGDL,-16.61634485536416,0.0,9.954530382240767,0.0007414491035535131,0.0007414491035535131,0.0,0.0,0.0,0.0,0.8,0.0,1.210038945131701e-05,1.3640439017848264e-05,3.133084081356074e-08,0.3,10193417.840773376,-16.61636204268586
283.25,4,cGDL,-16.61638816308715,0.0,9.954596076669539,0.0007397467908195555,0.0007397467908195555,0.0,0.0,0.0,0.0,0.8,0.0,1.2100385876462505e-05,1.3640434988012278e-05,3.133078380351098e-08,0.3,10193417.840773376,-16.6164053483987
283.35,4,cGDL,-16.61643162944648,0.0,9.954661771111882,0.0007380444772767539,0.0007380444772767539,0.0,0.0,0.0,0.0,0.8,0.0,1.2100382288513753e-05,1.3640430943415503e-05,3.133072658469492e-08,0.3,10193417.840773376,-16.616448812754797
283.45,4,cGDL,-16.616475254424188,0.0,9.954727465567856,0.0007363421629239703,0.0007363421629239703,0.0,0.0,0.0,0.0,0.8,0.0,1.2100378687472242e-05,1.3640426884059617e-05,3.133066915713684e-08,0.3,10193417.840773376,-16.616492435736077
283.55,4,cGDL,-16.61651903800214,0.0,9.954793160037521,0.0007346398477600663,0.0007346398477600663,0.0,0.0,0.0,0.0,0.8,0.0,1.2100375073339467e-05,1.3640422809946309e-05,3.133061152086134e-08,0.3,10193417.840773376,-16.61653621732454
283.65,4,cGDL,-16.61656298016254,0.0,9.954858854520937,0.0007329375317839037,0.0007329375317839037,0.0,0.0,0.0,0.0,0.8,0.0,1.2100371446116908e-05,1.364041872107724e-05,3.133055367589248e-08,0.3,10193417.840773376,-16.616580157502256
283.75000000000006,4,cGDL,-16.61660708088749,0.0,9.954924549018166,0.000731235214994345,0.000731235214994345,0.0,0.0,0.0,0.0,0.8,0.0,1.2100367805806044e-05,1.3640414617454087e-05,3.133049562225455e-08,0.3,10193417.840773376,-16.61662425625134
283.84999999999997,4,cGDL,-16.616651340159194,0.0,9.954990243529267,0.0007295328973902529,0.0007295328973902529,0.0,0.0,0.0,0.0,0.8,0.0,1.2100364152408353e-05,1.3640410499078507e-05,3.133043735997168e-08,0.3,10193417.840773376,-16.616668513553993
283.94999999999993,4,cGDL,-16.616695757959747,0.0,9.955055938054347,0.0007285467621324851,0.000727830578969247,0.0,7.161831632382071e-07,0.0,7.784599600415295e-10,0.7999999992215401,0.0,1.2100360468263475e-05,1.3640406346042462e-05,3.133037888906807e-08,0.3000000017719842,10193417.987482993,-16.616712929392463
284.05,4,cGDL,-16.61674033427164,0.0,9.955121632593448,0.0007265583233759966,0.0007261282597306858,0.0,4.300636453108555e-07,0.0,4.674604840335386e-10,0.7999999995325395,0.0,1.2100356795752556e-05,1.3640402206121064e-05,3.133032020956749e-08,0.30000000106406577,10193417.928871611,-16.61675750374909
284.1499999999999,4,cGDL,-16.616785069077423,0.0,9.955187327146566,0.000724604595639687,0.0007244259396751114,0.0,1.7865596457562502e-07,0.0,1.9419126584307068e-10,0.7999999998058088,0.0,1.210035310930315e-05,1.3640398050487187e-05,3.133026132149359e-08,0.3000000004420315,10193417.877370926,-16.616802236606237
284.25,4,cGDL,-16.616829962359475,0.0,9.955253021713773,0.0007227465519008373,0.0007227236188011606,0.0,2.293309967673323e-08,0.0,2.4927282257318727e-11,0.7999999999750728,0.0,1.2100349407413065e-05,1.3640393877447456e-05,3.133020222487028e-08,0.3000000000567412,10193417.845471207,-16.616847127946354
284.34999999999997,4,cGDL,-16.6168750141004,0.0,9.955318716295139,0.0007210212971073004,0.0007210212971073004,0.0,0.0,0.0,0.0,0.8,0.0,1.2100345689168694e-05,1.3640389685971984e-05,3.133014291972114e-08,0.3,10193417.840773376,-16.616892177751964
284.45,4,cGDL,-16.616920224282637,0.0,9.955384410890739,0.0007193189745921241,0.0007193189745921241,0.0,0.0,0.0,0.0,0.8,0.0,1.2100341957280676e-05,1.3640385479116397e-05,3.133008340607002e-08,0.3,10193417.840773376,-16.616937386005656
284.54999999999995,4,cGDL,-16.616965592440067,0.0,9.955450105661264,0.003117066711162235,0.0007176166470921038,0.0,0.002399450064070131,0.0,2.6080978957284036e-06,0.7999973919021043,0.0,1.2100279039526338e-05,1.3640314553647872e-05,3.1330023684531166e-08,0.30000593673214715,10193909.366430776,-16.61698275269007
284.65000000000003,4,cGDL,-16.617011118618223,0.0,9.955515800581411,0.002736513850555628,0.000715914315263304,0.0,0.002020599535292324,0.0,2.1963038427090477e-06,0.7999978036961574,0.0,1.2100284624395504e-05,1.364032084931857e-05,3.132996375504538e-08,0.30000499937814806,10193831.759166513,-16.617028277787927
284.74999999999994,4,cGDL,-16.617056803406967,0.0,9.955581495434847,0.0019018094469162362,0.0007142119847119662,0.0,0.00118759746220427,0.0,1.2908668067437717e-06,0.7999987091331933,0.0,1.2100301395989745e-05,1.3640339755479349e-05,3.132990361683687e-08,0.3000029383599756,10193661.11927793,-16.617073961281996
284.85,4,cGDL,-16.617102646878493,0.0,9.955647190191229,0.0010670968414365429,0.0007125096562247855,0.0,0.00035458718521175735,0.0,3.854208534910406e-07,0.7999996145791466,0.0,1.2100318154687131e-05,1.3640358647101856e-05,3.132984326981132e-08,0.300000877321505,10193490.477708783,-16.617119803155127
284.95,4,cGDL,-16.617148648928833,0.0,9.955712884882644,0.0007108073289707088,0.0007108073289707088,0.0,0.0,0.0,0.0,0.8,0.0,1.2100323101907453e-05,1.3640364223968402e-05,3.132978271410627e-08,0.3,10193417.840773376,-16.617165803390197
285.05,4,cGDL,-16.617194809384785,0.0,9.955778579564917,0.0007091050015035667,0.0007091050015035667,0.0,0.0,0.0,0.0,0.8,0.0,1.2100319291581858e-05,1.3640359928692279e-05,3.132972194995051e-08,0.3,10193417.840773376,-16.617211961970188
285.15,4,cGDL,-16.61724112816205,0.0,9.955844274261848,0.0007074026732071183,0.0007074026732071183,0.0,0.0,0.0,0.0,0.8,0.0,1.2100315468188113e-05,1.3640355618684782e-05,3.1329660977455667e-08,0.3,10193417.840773376,-16.617258278878122
285.25,4,cGDL,-16.617287605243746,0.0,9.955909968973497,0.0007057003440802285,0.0007057003440802285,0.0,0.0,0.0,0.0,0.8,0.0,1.210031163172761e-05,1.3640351293947487e-05,3.132959979664468e-08,0.3,10193417.840773376,-16.617304754097088
285.34999999999997,4,cGDL,-16.617334240613104,0.0,9.955975663699926,0.0007039980141217624,0.0007039980141217624,0.0,0.0,0.0,0.0,0.8,0.0,1.2100307782201744e-05,1.3640346954481966e-05,3.13295384075404e-08,0.3,10193417.840773376,-16.617351387610253
285.45000000000005,4,cGDL,-16.617381034253356,0.0,9.956041358441192,0.0007022956833305852,0.0007022956833305852,0.0,0.0,0.0,0.0,0.8,0.0,1.2100303919611907e-05,1.3640342600289785e-05,3.132947681016558e-08,0.3,10193417.840773376,-16.61739817940083
285.54999999999995,4,cGDL,-16.61742798614773,0.0,9.956107053197359,0.0007005933517055624,0.0007005933517055624,0.0,0.0,0.0,0.0,0.8,0.0,1.2100300043959479e-05,1.3640338231372506e-05,3.132941500454301e-08,0.3,10193417.840773376,-16.617445129452104
285.65000000000003,4,cGDL,-16.617475096279634,0.0,9.956172747968486,0.0006988910192455596,0.0006988910192455596,0.0,0.0,0.0,0.0,0.8,0.0,1.2100296155245841e-05,1.3640333847731676e-05,3.13293529906953e-08,0.3,10193417.840773376,-16.617492237747413
285.75,4,cGDL,-16.617522364632464,0.0,9.956238442754634,0.0006971886859494427,0.0006971886859494427,0.0,0.0,0.0,0.0,0.8,0.0,1.2100292253472373e-05,1.3640329449368858e-05,3.132929076864503e-08,0.3,10193417.840773376,-16.617539504270166
285.85,4,cGDL,-16.617569791189737,0.0,9.956304137555861,0.0006954863518160775,0.0006954863518160775,0.0,0.0,0.0,0.0,0.8,0.0,1.2100288338640436e-05,1.3640325036285583e-05,3.132922833841462e-08,0.3,10193417.840773376,-16.617586929003828
285.95,4,cGDL,-16.61761737593497,0.0,9.956369832372232,0.0006937840168443304,0.0006937840168443304,0.0,0.0,0.0,0.0,0.8,0.0,1.2100284410751392e-05,1.3640320608483389e-05,3.13291657000265e-08,0.3,10193417.840773376,-16.61763451193194
286.05,4,cGDL,-16.617665118851733,0.0,9.956435527203805,0.000692081681033068,0.000692081681033068,0.0,0.0,0.0,0.0,0.8,0.0,1.2100280469806614e-05,1.364031616596382e-05,3.132910285350302e-08,0.3,10193417.840773376,-16.617682253038073
286.15,4,cGDL,-16.617713019923826,0.0,9.95650122205064,0.0006903793443811566,0.0006903793443811566,0.0,0.0,0.0,0.0,0.8,0.0,1.2100276515807435e-05,1.3640311708728382e-05,3.132903979886631e-08,0.3,10193417.840773376,-16.617730152305903
286.24999999999994,4,cGDL,-16.617761079134823,0.0,9.9565669169128,0.000688677006887462,0.000688677006887462,0.0,0.0,0.0,0.0,0.8,0.0,1.2100272548755223e-05,1.3640307236778612e-05,3.1328976536138664e-08,0.3,10193417.840773376,-16.617778209719134
286.34999999999997,4,cGDL,-16.617809296468636,0.0,9.956632611790344,0.0006869746685508519,0.0006869746685508519,0.0,0.0,0.0,0.0,0.8,0.0,1.2100268568651303e-05,1.3640302750116013e-05,3.1328913065342065e-08,0.3,10193417.840773376,-16.617826425261555
286.44999999999993,4,cGDL,-16.617857671909064,0.0,9.956698306683332,0.000685272329370193,0.000685272329370193,0.0,0.0,0.0,0.0,0.8,0.0,1.2100264575497022e-05,1.3640298248742098e-05,3.1328849386498543e-08,0.3,10193417.840773376,-16.61787479891699
286.55,4,cGDL,-16.61790620544008,0.0,9.956764001591827,0.0006835699893443528,0.0006835699893443528,0.0,0.0,0.0,0.0,0.8,0.0,1.2100260569293714e-05,1.3640293732658368e-05,3.132878549962999e-08,0.3,10193417.840773376,-16.617923330669356
286.6499999999999,4,cGDL,-16.61795489704508,0.0,9.956829696516035,0.0006840589439579255,0.0006818676484683971,0.0,2.1912954895283945e-06,0.0,2.381842923400429e-09,0.7999999976181571,0.0,1.2100256496003537e-05,1.3640289140949444e-05,3.132872140475896e-08,0.30000000542171495,10193418.289658716,-16.61797202050261
286.75,4,cGDL,-16.618003746708325,0.0,9.956895391455989,0.0006819593487520313,0.0006801653067418828,0.0,1.7940420101484415e-06,0.0,1.9500456632048277e-09,0.7999999980499544,0.0,1.2100252473502843e-05,1.3640284606494115e-05,3.132865710190693e-08,0.3000000044388283,10193418.20828162,-16.618020868400773
286.84999999999997,4,cGDL,-16.618052754414407,0.0,9.956961086411573,0.0006797759583596953,0.0006784629641683131,0.0,1.3129941913821685e-06,0.0,1.4271675993284441e-09,0.7999999985728324,0.0,1.210024844002351e-05,1.3640280059662865e-05,3.1328592591095005e-08,0.3000000032486172,10193418.109739311,-16.61806987434793
286.95,4,cGDL,-16.618101920147524,0.0,9.957026781382838,0.0006775716660222876,0.0006767606207467376,0.0,8.110452755500339e-07,0.0,8.815709516848194e-10,0.7999999991184291,0.0,1.2100244394015844e-05,1.3640275498708771e-05,3.132852787234469e-08,0.3000000020066925,10193418.00691543,-16.618119038328224
287.04999999999995,4,cGDL,-16.618151243891816,0.0,9.95709247636985,0.0006754294081769667,0.0006750582764759531,0.0,3.711317010135377e-07,0.0,4.0340402284080183e-10,0.7999999995965961,0.0,1.2100240333435876e-05,1.3640270921327717e-05,3.132846294567766e-08,0.300000000918256,10193417.916799443,-16.61816836032584
287.15000000000003,4,cGDL,-16.618200725631596,0.0,9.957158171372681,0.0006734321178497748,0.0006733559313544685,0.0,7.618649530625609e-08,0.0,8.28114079415827e-11,0.7999999999171886,0.0,1.2100236256239716e-05,1.3640266325215679e-05,3.1328397811115295e-08,0.30000000018850104,10193417.856380127,-16.618217840333866
287.24999999999994,4,cGDL,-16.618250365351116,0.0,9.95722386639142,0.0006716535853805212,0.0006716535853805212,0.0,0.0,0.0,0.0,0.8,0.0,1.2100232160608945e-05,1.364026170832281e-05,3.1328332468679107e-08,0.3,10193417.840773376,-16.618267478344187
287.35,4,cGDL,-16.61830016303469,0.0,9.957289561426144,0.0006699512385524683,0.0006699512385524683,0.0,0.0,0.0,0.0,0.8,0.0,1.2100228050060812e-05,1.3640257074614005e-05,3.132826691839051e-08,0.3,10193417.840773376,-16.61831727433687
287.45,4,cGDL,-16.618350118666513,0.0,9.957355256477008,0.0006695854800180074,0.0006682488908667275,0.0,1.3365891512800017e-06,0.0,1.4528142948695671e-09,0.7999999985471857,0.0,1.2100223893514112e-05,1.3640252389052271e-05,3.1328201160271063e-08,0.300000003306996,10193418.114572724,-16.618367228290275
287.55,4,cGDL,-16.618400232231238,0.0,9.957420951544043,0.0006673795311891308,0.0006665465423230412,0.0,8.329888660895277e-07,0.0,9.054226805320954e-10,0.7999999990945774,0.0,1.2100219769311969e-05,1.3640247739951674e-05,3.13281351943418e-08,0.3000000020609855,10193418.011410559,-16.61841734018453
287.65,4,cGDL,-16.618450503713746,0.0,9.957486646627187,0.0006652320598796696,0.0006648441929233694,0.0,3.8786695630017504e-07,0.0,4.215945177175816e-10,0.7999999995784055,0.0,1.2100215630632991e-05,1.3640243074531738e-05,3.1328069020623346e-08,0.3000000009596625,10193417.920227649,-16.618467610002877
287.75,4,cGDL,-16.618500933098687,0.0,9.957552341726515,0.0006632263984706706,0.0006631418426662338,0.0,8.455580443678294e-08,0.0,9.190848308345971e-11,0.7999999999080916,0.0,1.2100211475423415e-05,1.3640238390477304e-05,3.132800263913668e-08,0.3000000002092084,10193417.858094573,-16.61851803772994
287.84999999999997,4,cGDL,-16.618551520370715,0.0,9.957618036842113,0.000661439491549878,0.000661439491549878,0.0,0.0,0.0,0.0,0.8,0.0,1.2100207301787003e-05,1.3640233685650805e-05,3.1327936049902834e-08,0.3,10193417.840773376,-16.618568623350416
287.95000000000005,4,cGDL,-16.618602265514426,0.0,9.957683731974061,0.0006597371395726457,0.0006597371395726457,0.0,0.0,0.0,0.0,0.8,0.0,1.21002031130345e-05,1.3640228963784347e-05,3.132786925294285e-08,0.3,10193417.840773376,-16.61861936684905
288.04999999999995,4,cGDL,-16.618653168514754,0.0,9.957749427122424,0.0006580347867332598,0.0006580347867332598,0.0,0.0,0.0,0.0,0.8,0.0,1.2100198911252357e-05,1.3640224227229932e-05,3.132780224827732e-08,0.3,10193417.840773376,-16.618670268210636
288.15000000000003,4,cGDL,-16.618704229356467,0.0,9.957815122287267,0.0006563324330305898,0.0006563324330305898,0.0,0.0,0.0,0.0,0.8,0.0,1.210019469644185e-05,1.3640219475988993e-05,3.132773503592707e-08,0.3,10193417.840773376,-16.618721327420047
288.25,4,cGDL,-16.618755448024558,0.0,9.957880817468647,0.0006546300784635065,0.0006546300784635065,0.0,0.0,0.0,0.0,0.8,0.0,1.2100190468604214e-05,1.3640214710062933e-05,3.1327667615912726e-08,0.3,10193417.840773376,-16.618772544462203
288.3499999999999,4,cGDL,-16.61880682450402,0.0,9.957946512666627,0.0006529277230308795,0.0006529277230308795,0.0,0.0,0.0,0.0,0.8,0.0,1.2100186227740698e-05,1.3640209929453153e-05,3.1327599988254736e-08,0.3,10193417.840773376,-16.61882391932209
288.45,4,cGDL,-16.618858358779903,0.0,9.958012207881268,0.0006512253667315785,0.0006512253667315785,0.0,0.0,0.0,0.0,0.8,0.0,1.2100181973852542e-05,1.3640205134161048e-05,3.132753215297365e-08,0.3,10193417.840773376,-16.618875451984742
288.54999999999995,4,cGDL,-16.618910050837258,0.0,9.958077903112628,0.0006495230095644746,0.0006495230095644746,0.0,0.0,0.0,0.0,0.8,0.0,1.2100177706940984e-05,1.3640200324188019e-05,3.132746411008991e-08,0.3,10193417.840773376,-16.618927142435272
288.65,4,cGDL,-16.61896190066136,0.0,9.95814359836077,0.0006478206515284382,0.0006478206515284382,0.0,0.0,0.0,0.0,0.8,0.0,1.2100173427007246e-05,1.3640195499535441e-05,3.13273958596237e-08,0.3,10193417.840773376,-16.618978990658825
288.74999999999994,4,cGDL,-16.619013908237434,0.0,9.958209293625757,0.0006461182926223401,0.0006461182926223401,0.0,0.0,0.0,0.0,0.8,0.0,1.2100169134052554e-05,1.3640190660204697e-05,3.132732740159527e-08,0.3,10193417.840773376,-16.619030996640625
288.85,4,cGDL,-16.619066073550698,0.0,9.958274988907647,0.0006444159328450514,0.0006444159328450514,0.0,0.0,0.0,0.0,0.8,0.0,1.2100164828078135e-05,1.364018580619717e-05,3.132725873602493e-08,0.3,10193417.840773376,-16.619083160365943
288.94999999999993,4,cGDL,-16.619118396586543,0.0,9.9583406842065,0.000642713572195443,0.000642713572195443,0.0,0.0,0.0,0.0,0.8,0.0,1.2100160509085196e-05,1.364018093751422e-05,3.132718986293264e-08,0.3,10193417.840773376,-16.61913548182012
289.05,4,cGDL,-16.61917087733036,0.0,9.95840637952238,0.0006410112106723861,0.0006410112106723861,0.0,0.0,0.0,0.0,0.8,0.0,1.2100156177074954e-05,1.3640176054157221e-05,3.132712078233848e-08,0.3,10193417.840773376,-16.619187960988533
289.15,4,cGDL,-16.6192235157676,0.0,9.958472074855345,0.0006393088482747522,0.0006393088482747522,0.0,0.0,0.0,0.0,0.8,0.0,1.2100151832048615e-05,1.364017115612753e-05,3.1327051494262425e-08,0.3,10193417.840773376,-16.619240597856646
289.25,4,cGDL,-16.619276311883823,0.0,9.95853777020546,0.0006376064850014128,0.0006376064850014128,0.0,0.0,0.0,0.0,0.8,0.0,1.2100147474007376e-05,1.3640166243426499e-05,3.132698199872424e-08,0.3,10193417.840773376,-16.61929339240996
289.34999999999997,4,cGDL,-16.61932926566459,0.0,9.958603465572782,0.0006359041208512396,0.0006359041208512396,0.0,0.0,0.0,0.0,0.8,0.0,1.2100143102952435e-05,1.3640161316055474e-05,3.1326912295743835e-08,0.3,10193417.840773376,-16.619346344634064
289.45,4,cGDL,-16.61938237709512,0.0,9.958669160957491,0.0006359757224384498,0.000634201755820027,0.0,1.7739666184227295e-06,0.0,1.9282245852420974e-09,0.7999999980717755,0.0,1.2100138675137923e-05,1.3640156324700929e-05,3.13268423853414e-08,0.30000000438915764,10193418.20416919,-16.619399454514568
289.54999999999995,4,cGDL,-16.619435646161207,0.0,9.958734856359618,0.0006337714264724337,0.0006324993899075177,0.0,1.2720365649159487e-06,0.0,1.3826484401260312e-09,0.7999999986173516,0.0,1.210013429043712e-05,1.36401513819473e-05,3.132677226753653e-08,0.30000000314727965,10193418.101349171,-16.619452722037142
289.65000000000003,4,cGDL,-16.619489072849206,0.0,9.958800551779067,0.0006315519043788504,0.0006307970231165584,0.0,7.548812622920848e-07,0.0,8.205231111870487e-10,0.799999999179477,0.0,1.2100129893101608e-05,1.3640146424950905e-05,3.1326701942347964e-08,0.30000000186773124,10193417.995410271,-16.619506147187522
289.74999999999994,4,cGDL,-16.61954265714479,0.0,9.958866247215903,0.0006294093350974361,0.0006290946554459143,0.0,3.146796515217789e-07,0.0,3.420430994801944e-10,0.799999999657957,0.0,1.2100125480859389e-05,1.3640141451150585e-05,3.1326631409795425e-08,0.3000000007785821,10193417.905235281,-16.619559729951508
289.85,4,cGDL,-16.61959639903381,0.0,9.958931942670207,0.000627435894762273,0.0006273922868940308,0.0,4.3607868242214875e-08,0.0,4.7399856785016167e-11,0.7999999999526002,0.0,1.2100121051438524e-05,1.3640136457985245e-05,3.1326560669898326e-08,0.3000000001078948,10193417.849706415,-16.619613470314942
289.95,4,cGDL,-16.619650298502165,0.0,9.958997638142062,0.0006256899174590927,0.0006256899174590927,0.0,0.0,0.0,0.0,0.8,0.0,1.2100116603401633e-05,1.3640131443834568e-05,3.132648972267607e-08,0.3,10193417.840773376,-16.619667368263727
290.05,4,cGDL,-16.619704355535646,0.0,9.959063333631551,0.0006239875471395023,0.0006239875471395023,0.0,0.0,0.0,0.0,0.8,0.0,1.2100112141283892e-05,1.3640126413810934e-05,3.1326418568148176e-08,0.3,10193417.840773376,-16.619721423783837
290.15,4,cGDL,-16.61975857012044,0.0,9.959129029138737,0.0006222851759340569,0.0006222851759340569,0.0,0.0,0.0,0.0,0.8,0.0,1.2100107666161847e-05,1.3640121369127901e-05,3.1326347206333686e-08,0.3,10193417.840773376,-16.6197756368613
290.25000000000006,4,cGDL,-16.619812942242504,0.0,9.959194724663678,0.0006205828038416296,0.0006205828038416296,0.0,0.0,0.0,0.0,0.8,0.0,1.2100103178036659e-05,1.364011630978678e-05,3.132627563725195e-08,0.3,10193417.840773376,-16.619830007482186
290.34999999999997,4,cGDL,-16.61986747188803,0.0,9.95926042020644,0.0006188804308610935,0.0006188804308610935,0.0,0.0,0.0,0.0,0.8,0.0,1.2100098676909477e-05,1.3640111235788865e-05,3.132620386092193e-08,0.3,10193417.840773376,-16.61988453563263
290.45000000000005,4,cGDL,-16.6199221590432,0.0,9.959326115767082,0.0006171780569913218,0.0006171780569913218,0.0,0.0,0.0,0.0,0.8,0.0,1.2100094162781448e-05,1.364010614713545e-05,3.13261318773627e-08,0.3,10193417.840773376,-16.619939221298814
290.55,4,cGDL,-16.619977003694316,0.0,9.959391811345665,0.0006154756822311885,0.0006154756822311885,0.0,0.0,0.0,0.0,0.8,0.0,1.2100089635653706e-05,1.3640101043827815e-05,3.1326059686593116e-08,0.3,10193417.840773376,-16.61999406446699
290.6499999999999,4,cGDL,-16.62003200582768,0.0,9.959457506942247,0.0006137733065795668,0.0006137733065795668,0.0,0.0,0.0,0.0,0.8,0.0,1.2100085095527392e-05,1.364009592586724e-05,3.132598728863203e-08,0.3,10193417.840773376,-16.620049065123457
290.75,4,cGDL,-16.620087165429652,0.0,9.959523202556895,0.00061207093003533,0.00061207093003533,0.0,0.0,0.0,0.0,0.8,0.0,1.2100080542403634e-05,1.3640090793255008e-05,3.1325914683498306e-08,0.3,10193417.840773376,-16.62010422325457
290.84999999999997,4,cGDL,-16.620142482486642,0.0,9.959588898189665,0.0006103685525973523,0.0006103685525973523,0.0,0.0,0.0,0.0,0.8,0.0,1.2100075976283563e-05,1.364008564599238e-05,3.1325841871210614e-08,0.3,10193417.840773376,-16.620159538846753
290.95,4,cGDL,-16.62019795698518,0.0,9.959654593840622,0.0006086661742645078,0.0006086661742645078,0.0,0.0,0.0,0.0,0.8,0.0,1.2100071397168294e-05,1.3640080484080624e-05,3.132576885178762e-08,0.3,10193417.840773376,-16.62021501188647
291.04999999999995,4,cGDL,-16.620253588911794,0.0,9.959720289509823,0.0006069637950356706,0.0006069637950356706,0.0,0.0,0.0,0.0,0.8,0.0,1.2100066805058951e-05,1.3640075307521e-05,3.1325695625247856e-08,0.3,10193417.840773376,-16.620270642360243
291.15,4,cGDL,-16.620309378253012,0.0,9.959785985197334,0.0006052614149097152,0.0006052614149097152,0.0,0.0,0.0,0.0,0.8,0.0,1.2100062199956646e-05,1.3640070116314764e-05,3.1325622191609934e-08,0.3,10193417.840773376,-16.620326430254657
291.24999999999994,4,cGDL,-16.62036532499559,0.0,9.959851680903212,0.0006035590338855159,0.0006035590338855159,0.0,0.0,0.0,0.0,0.8,0.0,1.2100057581862482e-05,1.3640064910463162e-05,3.132554855089214e-08,0.3,10193417.840773376,-16.620382375556346
291.35,4,cGDL,-16.62042142912611,0.0,9.959917376627521,0.0006018566519619471,0.0006018566519619471,0.0,0.0,0.0,0.0,0.8,0.0,1.2100052950777575e-05,1.3640059689967448e-05,3.132547470311298e-08,0.3,10193417.840773376,-16.620438478251998
291.44999999999993,4,cGDL,-16.620477690631446,0.0,9.95998307237032,0.0006001542691378838,0.0006001542691378838,0.0,0.0,0.0,0.0,0.8,0.0,1.210004830670301e-05,1.3640054454828847e-05,3.132540064829065e-08,0.3,10193417.840773376,-16.620494738328368
291.55,4,cGDL,-16.62053410949835,0.0,9.96004876813167,0.0005984518854122009,0.0005984518854122009,0.0,0.0,0.0,0.0,0.8,0.0,1.2100043649639888e-05,1.3640049205048601e-05,3.13253263864434e-08,0.3,10193417.840773376,-16.620551155772247
291.65,4,cGDL,-16.620590685713694,0.0,9.960114463911637,0.0005967495007837732,0.0005967495007837732,0.0,0.0,0.0,0.0,0.8,0.0,1.2100038979589302e-05,1.364004394062794e-05,3.132525191758945e-08,0.3,10193417.840773376,-16.620607730570498
291.75,4,cGDL,-16.6206474192644,0.0,9.960180159710276,0.0005950471152514759,0.0005950471152514759,0.0,0.0,0.0,0.0,0.8,0.0,1.2100034296552336e-05,1.3640038661568089e-05,3.132517724174682e-08,0.3,10193417.840773376,-16.620664462710028
291.84999999999997,4,cGDL,-16.620704310137455,0.0,9.960245855527651,0.0005933447288141842,0.0005933447288141842,0.0,0.0,0.0,0.0,0.8,0.0,1.2100029600530072e-05,1.3640033367870261e-05,3.1325102358933563e-08,0.3,10193417.840773376,-16.6207213521778
291.95000000000005,4,cGDL,-16.620761358319953,0.0,9.960311551363823,0.0005916423414707737,0.0005916423414707737,0.0,0.0,0.0,0.0,0.8,0.0,1.210002489152358e-05,1.364002805953567e-05,3.132502726916752e-08,0.3,10193417.840773376,-16.620778398960837
292.04999999999995,4,cGDL,-16.620818563798878,0.0,9.960377247218855,0.0005899399532201199,0.0005899399532201199,0.0,0.0,0.0,0.0,0.8,0.0,1.2100020169533942e-05,1.3640022736565534e-05,3.1324951972466687e-08,0.3,10193417.840773376,-16.62083560304622
292.15000000000003,4,cGDL,-16.620875926561382,0.0,9.960442943092804,0.0005882375640610982,0.0005882375640610982,0.0,0.0,0.0,0.0,0.8,0.0,1.2100015434562224e-05,1.3640017398961054e-05,3.1324876468848874e-08,0.3,10193417.840773376,-16.620892964421085
292.25,4,cGDL,-16.620933446594734,0.0,9.960508638985734,0.0005865351739925848,0.0005865351739925848,0.0,0.0,0.0,0.0,0.8,0.0,1.2100010686609484e-05,1.364001204672342e-05,3.132480075833177e-08,0.3,10193417.840773376,-16.6209504830726
292.35,4,cGDL,-16.620991123886085,0.0,9.960574334897709,0.0005848327830134554,0.0005848327830134554,0.0,0.0,0.0,0.0,0.8,0.0,1.210000592567679e-05,1.3640006679853836e-05,3.1324724840933115e-08,0.3,10193417.840773376,-16.621008158988015
292.45,4,cGDL,-16.62104895842282,0.0,9.960640030828785,0.0005831303911225861,0.0005831303911225861,0.0,0.0,0.0,0.0,0.8,0.0,1.2100001151765189e-05,1.3640001298353487e-05,3.132464871667041e-08,0.3,10193417.840773376,-16.6210659921546
292.55,4,cGDL,-16.621106950192257,0.0,9.960705726779025,0.0005814279983188532,0.0005814279983188532,0.0,0.0,0.0,0.0,0.8,0.0,1.2099996364875734e-05,1.3639995902223552e-05,3.132457238556126e-08,0.3,10193417.840773376,-16.621123982559702
292.65,4,cGDL,-16.621165099181837,0.0,9.960771422748492,0.000579725604601133,0.000579725604601133,0.0,0.0,0.0,0.0,0.8,0.0,1.2099991565009466e-05,1.3639990491465217e-05,3.1324495847623096e-08,0.3,10193417.840773376,-16.62118213019072
292.75,4,cGDL,-16.621223405379,0.0,9.960837118737246,0.0005780232099683023,0.0005780232099683023,0.0,0.0,0.0,0.0,0.8,0.0,1.2099986752167437e-05,1.3639985066079656e-05,3.132441910287333e-08,0.3,10193417.840773376,-16.621240435035105
292.84999999999997,4,cGDL,-16.621281868771234,0.0,9.960902814745348,0.0005763208144192375,0.0005763208144192375,0.0,0.0,0.0,0.0,0.8,0.0,1.2099981926350678e-05,1.3639979626068039e-05,3.132434215132931e-08,0.3,10193417.840773376,-16.621298897080365
292.94999999999993,4,cGDL,-16.621340489346153,0.0,9.96096851077286,0.0005746184179528147,0.0005746184179528147,0.0,0.0,0.0,0.0,0.8,0.0,1.2099977087560218e-05,1.3639974171431519e-05,3.1324264993008304e-08,0.3,10193417.840773376,-16.62135751631405
293.05,4,cGDL,-16.621399267091363,0.0,9.961034206819843,0.0005729160205679111,0.0005729160205679111,0.0,0.0,0.0,0.0,0.8,0.0,1.2099972235797092e-05,1.3639968702171268e-05,3.132418762792746e-08,0.3,10193417.840773376,-16.621416292723776
293.1499999999999,4,cGDL,-16.62145820199453,0.0,9.961099902886358,0.000571213622263404,0.000571213622263404,0.0,0.0,0.0,0.0,0.8,0.0,1.2099967371062323e-05,1.3639963218288438e-05,3.132411005610398e-08,0.3,10193417.840773376,-16.621475226297203
293.25,4,cGDL,-16.62151729404343,0.0,9.96116559897247,0.0005695112230381703,0.0005695112230381703,0.0,0.0,0.0,0.0,0.8,0.0,1.2099962493356926e-05,1.363995771978417e-05,3.132403227755481e-08,0.3,10193417.840773376,-16.621534317022054
293.34999999999997,4,cGDL,-16.621576543225785,0.0,9.961231295078234,0.0005678088228910874,0.0005678088228910874,0.0,0.0,0.0,0.0,0.8,0.0,1.2099957602681918e-05,1.3639952206659615e-05,3.1323954292297076e-08,0.3,10193417.840773376,-16.621593564886087
293.45,4,cGDL,-16.62163594952949,0.0,9.961296991203715,0.0005661064218210325,0.0005661064218210325,0.0,0.0,0.0,0.0,0.8,0.0,1.2099952699038309e-05,1.3639946678915913e-05,3.132387610034755e-08,0.3,10193417.840773376,-16.62165296987714
293.54999999999995,4,cGDL,-16.621695512942324,0.0,9.961362687348974,0.0005644040198268831,0.0005644040198268831,0.0,0.0,0.0,0.0,0.8,0.0,1.2099947782427115e-05,1.3639941136554203e-05,3.132379770172332e-08,0.3,10193417.840773376,-16.621712531983082
293.65000000000003,4,cGDL,-16.621755233452348,0.0,9.961428383514072,0.0005627016169075169,0.0005627016169075169,0.0,0.0,0.0,0.0,0.8,0.0,1.2099942852849325e-05,1.3639935579575603e-05,3.132371909644095e-08,0.3,10193417.840773376,-16.621772251191835
293.74999999999994,4,cGDL,-16.62181511104751,0.0,9.961494079699072,0.0005609992130618116,0.0005609992130618116,0.0,0.0,0.0,0.0,0.8,0.0,1.2099937910305946e-05,1.3639930007981248e-05,3.1323640284517276e-08,0.3,10193417.840773376,-16.621832127491384
293.85,4,cGDL,-16.62187514571582,0.0,9.961559775904034,0.0005592968082886453,0.0005592968082886453,0.0,0.0,0.0,0.0,0.8,0.0,1.2099932954797966e-05,1.3639924421772254e-05,3.1323561265968946e-08,0.3,10193417.840773376,-16.62189216086976
293.95,4,cGDL,-16.621935337445393,0.0,9.961625472129018,0.0005575944025868956,0.0005575944025868956,0.0,0.0,0.0,0.0,0.8,0.0,1.2099927986326382e-05,1.3639918820949737e-05,3.1323482040812585e-08,0.3,10193417.840773376,-16.621952351315052
294.05,4,cGDL,-16.621995686224466,0.0,9.961691168374088,0.0005558919959554409,0.0005558919959554409,0.0,0.0,0.0,0.0,0.8,0.0,1.2099923004892165e-05,1.3639913205514805e-05,3.132340260906455e-08,0.3,10193417.840773376,-16.62201269881539
294.15,4,cGDL,-16.6220561920411,0.0,9.961756864639305,0.0005541895883931595,0.0005541895883931595,0.0,0.0,0.0,0.0,0.8,0.0,1.209991801049631e-05,1.3639907575468569e-05,3.1323322970741545e-08,0.3,10193417.840773376,-16.62207320335897
294.25,4,cGDL,-16.622116854883586,0.0,9.961822560924729,0.0005524871798989295,0.0005524871798989295,0.0,0.0,0.0,0.0,0.8,0.0,1.209991300313979e-05,1.3639901930812126e-05,3.132324312585987e-08,0.3,10193417.840773376,-16.622133864934018
294.34999999999997,4,cGDL,-16.62217767474027,0.0,9.961888257230422,0.0005507847704716294,0.0005507847704716294,0.0,0.0,0.0,0.0,0.8,0.0,1.2099907982823576e-05,1.3639896271546576e-05,3.13231630744358e-08,0.3,10193417.840773376,-16.622194683528846
294.45000000000005,4,cGDL,-16.622238651599503,0.0,9.961953953556447,0.0005490823601101381,0.0005490823601101381,0.0,0.0,0.0,0.0,0.8,0.0,1.2099902949548635e-05,1.3639890597673008e-05,3.132308281648564e-08,0.3,10193417.840773376,-16.622255659131785
294.54999999999995,4,cGDL,-16.622299785449684,0.0,9.962019649902864,0.0005473799488133341,0.0005473799488133341,0.0,0.0,0.0,0.0,0.8,0.0,1.2099897903315928e-05,1.36398849091925e-05,3.1323002352025565e-08,0.3,10193417.840773376,-16.622316791731233
294.65000000000003,4,cGDL,-16.62236107627922,0.0,9.962085346269733,0.0005456775365800963,0.0005456775365800963,0.0,0.0,0.0,0.0,0.8,0.0,1.2099892844126425e-05,1.363987920610615e-05,3.132292168107179e-08,0.3,10193417.840773376,-16.622378081315635
294.75,4,cGDL,-16.62242252407674,0.0,9.96215104265712,0.0005439751234093035,0.0005439751234093035,0.0,0.0,0.0,0.0,0.8,0.0,1.2099887771981068e-05,1.363987348841502e-05,3.1322840803640214e-08,0.3,10193417.840773376,-16.622439527873496
294.85,4,cGDL,-16.62248412883065,0.0,9.96221673906508,0.0005422727092998351,0.0005422727092998351,0.0,0.0,0.0,0.0,0.8,0.0,1.209988268688082e-05,1.3639867756120196e-05,3.132275971974706e-08,0.3,10193417.840773376,-16.622501131393356
294.95,4,cGDL,-16.622545890529693,0.0,9.96228243549368,0.0005405702942505707,0.0005405702942505707,0.0,0.0,0.0,0.0,0.8,0.0,1.2099877588826623e-05,1.3639862009222738e-05,3.132267842940806e-08,0.3,10193417.840773376,-16.622562891863826
295.04999999999995,4,cGDL,-16.622607809162446,0.0,9.96234813194298,0.000538867878260389,0.000538867878260389,0.0,0.0,0.0,0.0,0.8,0.0,1.2099872477819418e-05,1.363985624772371e-05,3.1322596932639244e-08,0.3,10193417.840773376,-16.622624809273546
295.15,4,cGDL,-16.622669884717652,0.0,9.962413828413041,0.000537165461328169,0.000537165461328169,0.0,0.0,0.0,0.0,0.8,0.0,1.2099867353860147e-05,1.3639850471624168e-05,3.1322515229456345e-08,0.3,10193417.840773376,-16.62268688361123
295.24999999999994,4,cGDL,-16.622732117184114,0.0,9.962479524903925,0.0005354630434527906,0.0005354630434527906,0.0,0.0,0.0,0.0,0.8,0.0,1.2099862216949746e-05,1.3639844680925166e-05,3.13224333198751e-08,0.3,10193417.840773376,-16.622749114865623
295.35,4,cGDL,-16.622794506550576,0.0,9.962545221415693,0.0005337606246331338,0.0005337606246331338,0.0,0.0,0.0,0.0,0.8,0.0,1.209985706708914e-05,1.3639838875627758e-05,3.132235120391126e-08,0.3,10193417.840773376,-16.62281150302553
295.44999999999993,4,cGDL,-16.622857052805955,0.0,9.962610917948407,0.0005320582048680783,0.0005320582048680783,0.0,0.0,0.0,0.0,0.8,0.0,1.2099851904279256e-05,1.3639833055732979e-05,3.1322268881580364e-08,0.3,10193417.840773376,-16.62287404807981
295.55,4,cGDL,-16.622919755939165,0.0,9.96267661450213,0.0005303557841565038,0.0005303557841565038,0.0,0.0,0.0,0.0,0.8,0.0,1.2099846728521018e-05,1.3639827221241877e-05,3.132218635289798e-08,0.3,10193417.840773376,-16.62293675001737
295.65,4,cGDL,-16.62298261593918,0.0,9.96274231107692,0.0005286533624972905,0.0005286533624972905,0.0,0.0,0.0,0.0,0.8,0.0,1.2099841539815344e-05,1.3639821372155477e-05,3.132210361787955e-08,0.3,10193417.840773376,-16.622999608827154
295.75,4,cGDL,-16.62304563279497,0.0,9.962808007672841,0.0005269509398893184,0.0005269509398893184,0.0,0.0,0.0,0.0,0.8,0.0,1.2099836338163143e-05,1.3639815508474816e-05,3.1322020676540614e-08,0.3,10193417.840773376,-16.62306262449818
295.84999999999997,4,cGDL,-16.623108806495623,0.0,9.962873704289953,0.0005252485163314677,0.0005252485163314677,0.0,0.0,0.0,0.0,0.8,0.0,1.2099831123565334e-05,1.3639809630200925e-05,3.132193752889647e-08,0.3,10193417.840773376,-16.623125797019494
295.95,4,cGDL,-16.62317213703028,0.0,9.96293940092832,0.000523546091822619,0.000523546091822619,0.0,0.0,0.0,0.0,0.8,0.0,1.2099825896022818e-05,1.3639803737334814e-05,3.132185417496236e-08,0.3,10193417.840773376,-16.62318912638021
296.04999999999995,4,cGDL,-16.623235624388087,0.0,9.963005097588002,0.0005218436663616525,0.0005218436663616525,0.0,0.0,0.0,0.0,0.8,0.0,1.2099820655536493e-05,1.3639797829877502e-05,3.13217706147536e-08,0.3,10193417.840773376,-16.623252612569477
296.15000000000003,4,cGDL,-16.62329926855824,0.0,9.963070794269061,0.000520141239947449,0.000520141239947449,0.0,0.0,0.0,0.0,0.8,0.0,1.209981540210726e-05,1.363979190783e-05,3.1321686848285385e-08,0.3,10193417.840773376,-16.62331625557651
296.24999999999994,4,cGDL,-16.623363069530058,0.0,9.963136490971559,0.000518438812578889,0.000518438812578889,0.0,0.0,0.0,0.0,0.8,0.0,1.2099810135736011e-05,1.363978597119332e-05,3.132160287557269e-08,0.3,10193417.840773376,-16.62338005539055
296.35,4,cGDL,-16.62342702729279,0.0,9.963202187695556,0.0005167363842548534,0.0005167363842548534,0.0,0.0,0.0,0.0,0.8,0.0,1.2099804856423637e-05,1.3639780019968461e-05,3.132151869663071e-08,0.3,10193417.840773376,-16.62344401200092
296.45,4,cGDL,-16.623491141835927,0.0,9.963267884441116,0.0005150339549742231,0.0005150339549742231,0.0,0.0,0.0,0.0,0.8,0.0,1.2099799564171014e-05,1.3639774054156415e-05,3.1321434311474237e-08,0.3,10193417.840773376,-16.623508125396967
296.55,4,cGDL,-16.623555413148722,0.0,9.9633335812083,0.0005133315247358791,0.0005133315247358791,0.0,0.0,0.0,0.0,0.8,0.0,1.2099794258979035e-05,1.3639768073758188e-05,3.1321349720118396e-08,0.3,10193417.840773376,-16.62357239556809
296.65,4,cGDL,-16.623619841220716,0.0,9.963399277997167,0.0005116290935387026,0.0005116290935387026,0.0,0.0,0.0,0.0,0.8,0.0,1.2099788940848576e-05,1.3639762078774757e-05,3.132126492257794e-08,0.3,10193417.840773376,-16.62363682250375
296.75000000000006,4,cGDL,-16.62368442604145,0.0,9.963464974807781,0.0005099266613815747,0.0005099266613815747,0.0,0.0,0.0,0.0,0.8,0.0,1.2099783609780505e-05,1.3639756069207114e-05,3.132117991886765e-08,0.3,10193417.840773376,-16.62370140619345
296.84999999999997,4,cGDL,-16.623749167600465,0.0,9.963530671640205,0.0005082242282633769,0.0005082242282633769,0.0,0.0,0.0,0.0,0.8,0.0,1.2099778265775688e-05,1.3639750045056228e-05,3.1321094709002255e-08,0.3,10193417.840773376,-16.623766146626743
296.95000000000005,4,cGDL,-16.62381406588736,0.0,9.963596368494498,0.0005065217941829904,0.0005065217941829904,0.0,0.0,0.0,0.0,0.8,0.0,1.2099772908834994e-05,1.3639744006323085e-05,3.132100929299645e-08,0.3,10193417.840773376,-16.623831043793224
297.05,4,cGDL,-16.623879120891786,0.0,9.963662065370723,0.0005048193591392971,0.0005048193591392971,0.0,0.0,0.0,0.0,0.8,0.0,1.2099767538959287e-05,1.3639737953008652e-05,3.132092367086487e-08,0.3,10193417.840773376,-16.62389609768255
297.15,4,cGDL,-16.623944332603457,0.0,9.963727762268942,0.0005031169231311789,0.0005031169231311789,0.0,0.0,0.0,0.0,0.8,0.0,1.2099762156149421e-05,1.3639731885113892e-05,3.132083784262204e-08,0.3,10193417.840773376,-16.623961308284418
297.25,4,cGDL,-16.6240097010122,0.0,9.963793459189217,0.0005014144861575172,0.0005014144861575172,0.0,0.0,0.0,0.0,0.8,0.0,1.2099756760406243e-05,1.3639725802639765e-05,3.132075180828237e-08,0.3,10193417.840773376,-16.624026675588574
297.3499999999999,4,cGDL,-16.62407522610772,0.0,9.963859156131607,0.0004997120482171933,0.0004997120482171933,0.0,0.0,0.0,0.0,0.8,0.0,1.2099751351730609e-05,1.3639719705587235e-05,3.132066556786038e-08,0.3,10193417.840773376,-16.62409219958482
297.45,4,cGDL,-16.624140907879905,0.0,9.963924853096177,0.0004980096093090897,0.0004980096093090897,0.0,0.0,0.0,0.0,0.8,0.0,1.2099745930123366e-05,1.363971359395725e-05,3.132057912137042e-08,0.3,10193417.840773376,-16.624157880263
297.54999999999995,4,cGDL,-16.62420674631869,0.0,9.963990550082986,0.0004963071694320886,0.0004963071694320886,0.0,0.0,0.0,0.0,0.8,0.0,1.2099740495585348e-05,1.3639707467750757e-05,3.132049246882672e-08,0.3,10193417.840773376,-16.624223717613003
297.65,4,cGDL,-16.624272741414018,0.0,9.964056247092099,0.0004946047285850719,0.0004946047285850719,0.0,0.0,0.0,0.0,0.8,0.0,1.2099735048117395e-05,1.36397013269687e-05,3.1320405610243536e-08,0.3,10193417.840773376,-16.624289711624773
297.74999999999994,4,cGDL,-16.624338893155937,0.0,9.964121944123574,0.0004929022867669221,0.0004929022867669221,0.0,0.0,0.0,0.0,0.8,0.0,1.2099729587720332e-05,1.363969517161201e-05,3.132031854563499e-08,0.3,10193417.840773376,-16.624355862288308
297.85,4,cGDL,-16.624405201534387,0.0,9.964187641177475,0.0004911998439765216,0.0004911998439765216,0.0,0.0,0.0,0.0,0.8,0.0,1.2099724114395002e-05,1.3639689001681637e-05,3.1320231275015355e-08,0.3,10193417.840773376,-16.62442216959364
297.94999999999993,4,cGDL,-16.624471666539534,0.0,9.964253338253863,0.0004894974002127529,0.0004894974002127529,0.0,0.0,0.0,0.0,0.8,0.0,1.209971862814222e-05,1.3639682817178502e-05,3.132014379839854e-08,0.3,10193417.840773376,-16.624488633530856
298.05,4,cGDL,-16.62453828816149,0.0,9.964319035352801,0.00048779495547449846,0.00048779495547449846,0.0,0.0,0.0,0.0,0.8,0.0,1.2099713128962812e-05,1.3639676618103532e-05,3.132005611579865e-08,0.3,10193417.840773376,-16.624555254090094
298.15,4,cGDL,-16.624605066390473,0.0,9.96438473247435,0.00048609250976064107,0.00048609250976064107,0.0,0.0,0.0,0.0,0.8,0.0,1.2099707616857593e-05,1.363967040445765e-05,3.131996822722954e-08,0.3,10193417.840773376,-16.624622031261538
298.25,4,cGDL,-16.62467200121671,0.0,9.964450429618571,0.0004843900630700635,0.0004843900630700635,0.0,0.0,0.0,0.0,0.8,0.0,1.2099702091827376e-05,1.3639664176241768e-05,3.131988013270508e-08,0.3,10193417.840773376,-16.624688965035418
298.34999999999997,4,cGDL,-16.624739092630534,0.0,9.964516126785528,0.00048268761540164873,0.00048268761540164873,0.0,0.0,0.0,0.0,0.8,0.0,1.209969655387297e-05,1.3639657933456801e-05,3.1319791832239075e-08,0.3,10193417.840773376,-16.62475605540201
298.45000000000005,4,cGDL,-16.62480634062223,0.0,9.96458182397528,0.0004809851667542796,0.0004809851667542796,0.0,0.0,0.0,0.0,0.8,0.0,1.2099691002995175e-05,1.3639651676103654e-05,3.1319703325845296e-08,0.3,10193417.840773376,-16.624823302351643
298.54999999999995,4,cGDL,-16.624873745182185,0.0,9.96464752118789,0.00047928271712683934,0.00047928271712683934,0.0,0.0,0.0,0.0,0.8,0.0,1.2099685439194807e-05,1.3639645404183238e-05,3.131961461353747e-08,0.3,10193417.840773376,-16.624890705874687
298.65000000000003,4,cGDL,-16.624941306300855,0.0,9.96471321842342,0.00047758026651821106,0.00047758026651821106,0.0,0.0,0.0,0.0,0.8,0.0,1.2099679862472646e-05,1.363963911769644e-05,3.131952569532918e-08,0.3,10193417.840773376,-16.624958265961574
298.74999999999994,4,cGDL,-16.625009023968687,0.0,9.964778915681931,0.00047587781492727804,0.00047587781492727804,0.0,0.0,0.0,0.0,0.8,0.0,1.2099674272829503e-05,1.3639632816644168e-05,3.131943657123398e-08,0.3,10193417.840773376,-16.625025982602764
298.85,4,cGDL,-16.625076898176246,0.0,9.964844612963487,0.00047417536235292373,0.00047417536235292373,0.0,0.0,0.0,0.0,0.8,0.0,1.2099668670266153e-05,1.36396265010273e-05,3.131934724126543e-08,0.3,10193417.840773376,-16.625093855788773
298.95,4,cGDL,-16.625144928914096,0.0,9.964910310268147,0.00047247290879403155,0.00047247290879403155,0.0,0.0,0.0,0.0,0.8,0.0,1.2099663054783386e-05,1.3639620170846729e-05,3.13192577054369e-08,0.3,10193417.840773376,-16.625161885510163
299.05,4,cGDL,-16.62521311617286,0.0,9.964976007595975,0.00047077045424948516,0.00047077045424948516,0.0,0.0,0.0,0.0,0.8,0.0,1.2099657426381989e-05,1.3639613826103332e-05,3.131916796376184e-08,0.3,10193417.840773376,-16.625230071757557
299.15,4,cGDL,-16.625281459943153,0.0,9.965041704947032,0.00046906799871816816,0.00046906799871816816,0.0,0.0,0.0,0.0,0.8,0.0,1.2099651785062736e-05,1.3639607466797994e-05,3.131907801625362e-08,0.3,10193417.840773376,-16.625298414521595
299.25000000000006,4,cGDL,-16.62534996021577,0.0,9.96510740232138,0.0004673655421989643,0.0004673655421989643,0.0,0.0,0.0,0.0,0.8,0.0,1.2099646130826398e-05,1.3639601092931576e-05,3.13189878629254e-08,0.3,10193417.840773376,-16.625366913793
299.34999999999997,4,cGDL,-16.625418616981392,0.0,9.965173099719081,0.00046566308469075756,0.00046566308469075756,0.0,0.0,0.0,0.0,0.8,0.0,1.2099640463673751e-05,1.3639594704504957e-05,3.1318897503790515e-08,0.3,10193417.840773376,-16.625435569562512
299.45,4,cGDL,-16.62548743023092,0.0,9.965238797140197,0.0004639606261924323,0.0004639606261924323,0.0,0.0,0.0,0.0,0.8,0.0,1.209963478360556e-05,1.3639588301518994e-05,3.1318806938861955e-08,0.3,10193417.840773376,-16.625504381820924
299.55,4,cGDL,-16.625556399955087,0.0,9.965304494584787,0.0004622581667028721,0.0004622581667028721,0.0,0.0,0.0,0.0,0.8,0.0,1.2099629090622589e-05,1.3639581883974553e-05,3.1318716168153046e-08,0.3,10193417.840773376,-16.625573350559094
299.6499999999999,4,cGDL,-16.625625526144916,0.0,9.965370192052918,0.00046055570622096064,0.00046055570622096064,0.0,0.0,0.0,0.0,0.8,0.0,1.209962338472559e-05,1.3639575451872484e-05,3.131862519167658e-08,0.3,10193417.840773376,-16.62564247576791
299.75,4,cGDL,-16.62569480879131,0.0,9.965435889544649,0.0004588532447455826,0.0004588532447455826,0.0,0.0,0.0,0.0,0.8,0.0,1.2099617665915326e-05,1.3639569005213641e-05,3.131853400944566e-08,0.3,10193417.840773376,-16.625711757438303
299.84999999999997,4,cGDL,-16.625764247885172,0.0,9.965501587060041,0.00045715078227562234,0.00045715078227562234,0.0,0.0,0.0,0.0,0.8,0.0,1.2099611934192548e-05,1.3639562543998874e-05,3.131844262147327e-08,0.3,10193417.840773376,-16.625781195561267
299.95,4,cGDL,-16.625833843417695,0.0,9.965567284599159,0.0004554483188099643,0.0004554483188099643,0.0,0.0,0.0,0.0,0.8,0.0,1.2099606189557996e-05,1.3639556068229014e-05,3.131835102777209e-08,0.3,10193417.840773376,-16.625850790127824
300.04999999999995,4,cGDL,-16.625903595379896,0.0,9.965632982162063,0.0004537458543474929,0.0004537458543474929,0.0,0.0,0.0,0.0,0.8,0.0,1.209960043201242e-05,1.3639549577904911e-05,3.131825922835502e-08,0.3,10193417.840773376,-16.62592054112906
300.15,4,cGDL,-16.62597350376285,0.0,9.965698679748813,0.0004520433888870929,0.0004520433888870929,0.0,0.0,0.0,0.0,0.8,0.0,1.2099594661556563e-05,1.3639543073027398e-05,3.1318167223234885e-08,0.3,10193417.840773376,-16.625990448556088
300.24999999999994,4,cGDL,-16.62604356855786,0.0,9.965764377359475,0.00045034092242764883,0.00045034092242764883,0.0,0.0,0.0,0.0,0.8,0.0,1.209958887819115e-05,1.3639536553597298e-05,3.131807501242416e-08,0.3,10193417.840773376,-16.626060512400088
300.35,4,cGDL,-16.626113789756005,0.0,9.965830074994109,0.00044863845496804556,0.00044863845496804556,0.0,0.0,0.0,0.0,0.8,0.0,1.2099583081916924e-05,1.3639530019615442e-05,3.131798259593569e-08,0.3,10193417.840773376,-16.626130732652268
300.44999999999993,4,cGDL,-16.626184167348697,0.0,9.965895772652775,0.000446935986507168,0.000446935986507168,0.0,0.0,0.0,0.0,0.8,0.0,1.209957727273461e-05,1.3639523471082652e-05,3.131788997378187e-08,0.3,10193417.840773376,-16.626201109303892
300.55,4,cGDL,-16.626254701327127,0.0,9.96596147033554,0.00044523351704390103,0.00044523351704390103,0.0,0.0,0.0,0.0,0.8,0.0,1.209957145064493e-05,1.363951690799974e-05,3.1317797145975336e-08,0.3,10193417.840773376,-16.626271642346264
300.65,4,cGDL,-16.62632539168277,0.0,9.96602716804246,0.00044353104657712973,0.00044353104657712973,0.0,0.0,0.0,0.0,0.8,0.0,1.2099565615648607e-05,1.3639510330367521e-05,3.1317704112528414e-08,0.3,10193417.840773376,-16.626342331770743
300.75,4,cGDL,-16.626396238406983,0.0,9.9660928657736,0.00044182857510573925,0.00044182857510573925,0.0,0.0,0.0,0.0,0.8,0.0,1.2099559767746355e-05,1.3639503738186801e-05,3.131761087345357e-08,0.3,10193417.840773376,-16.626413177568722
300.84999999999997,4,cGDL,-16.626467241491184,0.0,9.966158563529023,0.00044012610262861475,0.00044012610262861475,0.0,0.0,0.0,0.0,0.8,0.0,1.2099553906938897e-05,1.363949713145839e-05,3.1317517428763166e-08,0.3,10193417.840773376,-16.626484179731648
300.95000000000005,4,cGDL,-16.626538400926904,0.0,9.966224261308788,0.0004384236291446416,0.0004384236291446416,0.0,0.0,0.0,0.0,0.8,0.0,1.2099548033226932e-05,1.3639490510183089e-05,3.131742377846946e-08,0.3,10193417.840773376,-16.62655533825101
301.04999999999995,4,cGDL,-16.626609716705673,0.0,9.96628995911296,0.0004367211546527052,0.0004367211546527052,0.0,0.0,0.0,0.0,0.8,0.0,1.2099542146611174e-05,1.3639483874361687e-05,3.1317329922584664e-08,0.3,10193417.840773376,-16.626626653118343
301.15000000000003,4,cGDL,-16.626681188819134,0.0,9.9663556569416,0.000435018679151691,0.000435018679151691,0.0,0.0,0.0,0.0,0.8,0.0,1.2099536247092318e-05,1.3639477223994977e-05,3.131723586112089e-08,0.3,10193417.840773376,-16.626698124325223
301.25,4,cGDL,-16.626752817258875,0.0,9.96642135479477,0.0004333162026404846,0.0004333162026404846,0.0,0.0,0.0,0.0,0.8,0.0,1.209953033467107e-05,1.3639470559083751e-05,3.131714159409032e-08,0.3,10193417.840773376,-16.626769751863282
301.35,4,cGDL,-16.62682460201654,0.0,9.96648705267253,0.00043161372511797154,0.00043161372511797154,0.0,0.0,0.0,0.0,0.8,0.0,1.2099524409348124e-05,1.3639463879628792e-05,3.1317047121505004e-08,0.3,10193417.840773376,-16.62684153572419
301.45,4,cGDL,-16.626896543083944,0.0,9.966552750574944,0.0004299112465830377,0.0004299112465830377,0.0,0.0,0.0,0.0,0.8,0.0,1.209951847112416e-05,1.3639457185630871e-05,3.131695244337684e-08,0.3,10193417.840773376,-16.626913475899656
301.55,4,cGDL,-16.626968640452787,0.0,9.966618448502077,0.0004282087670345688,0.0004282087670345688,0.0,0.0,0.0,0.0,0.8,0.0,1.2099512519999878e-05,1.3639450477090773e-05,3.131685755971788e-08,0.3,10193417.840773376,-16.62698557238145
301.65,4,cGDL,-16.627040894114884,0.0,9.966684146453984,0.0004265062864714512,0.0004265062864714512,0.0,0.0,0.0,0.0,0.8,0.0,1.209950655597596e-05,1.3639443754009264e-05,3.131676247053995e-08,0.3,10193417.840773376,-16.627057825161376
301.74999999999994,4,cGDL,-16.627113304062163,0.0,9.966749844430733,0.00042480380489257053,0.00042480380489257053,0.0,0.0,0.0,0.0,0.8,0.0,1.2099500579053081e-05,1.3639437016387109e-05,3.131666717585483e-08,0.3,10193417.840773376,-16.62713023423128
301.84999999999997,4,cGDL,-16.62718587028644,0.0,9.966815542432384,0.0004231013222968123,0.0004231013222968123,0.0,0.0,0.0,0.0,0.8,0.0,1.209949458923192e-05,1.3639430264225074e-05,3.1316571675674404e-08,0.3,10193417.840773376,-16.627202799583056
301.94999999999993,4,cGDL,-16.627258592779754,0.0,9.966881240458997,0.00042139883868306307,0.00042139883868306307,0.0,0.0,0.0,0.0,0.8,0.0,1.2099488586513154e-05,1.363942349752392e-05,3.13164759700102e-08,0.3,10193417.840773376,-16.627275521208656
302.05,4,cGDL,-16.627331471533978,0.0,9.966946938510638,0.0004196963540502092,0.0004196963540502092,0.0,0.0,0.0,0.0,0.8,0.0,1.2099482570897448e-05,1.3639416716284395e-05,3.1316380058874067e-08,0.3,10193417.840773376,-16.627348399100047
302.1499999999999,4,cGDL,-16.627404506541268,0.0,9.967012636587368,0.0004179938683971369,0.0004179938683971369,0.0,0.0,0.0,0.0,0.8,0.0,1.2099476542385467e-05,1.3639409920507255e-05,3.131628394227745e-08,0.3,10193417.840773376,-16.62742143324927
302.25,4,cGDL,-16.62747769779361,0.0,9.967078334689248,0.0004162913817227326,0.0004162913817227326,0.0,0.0,0.0,0.0,0.8,0.0,1.2099470500977875e-05,1.363940311019324e-05,3.131618762023203e-08,0.3,10193417.840773376,-16.6274946236484
302.34999999999997,4,cGDL,-16.627551045283212,0.0,9.96714403281634,0.00041458889402588275,0.00041458889402588275,0.0,0.0,0.0,0.0,0.8,0.0,1.2099464446675328e-05,1.3639396285343099e-05,3.1316091092749155e-08,0.3,10193417.840773376,-16.627567970289547
302.45,4,cGDL,-16.627624549002235,0.0,9.967209730968705,0.0004128864053054739,0.0004128864053054739,0.0,0.0,0.0,0.0,0.8,0.0,1.2099458379478479e-05,1.363938944595756e-05,3.131599435984028e-08,0.3,10193417.840773376,-16.627641473164882
302.54999999999995,4,cGDL,-16.62769820894283,0.0,9.967275429146406,0.00041118391556039266,0.00041118391556039266,0.0,0.0,0.0,0.0,0.8,0.0,1.2099452299387987e-05,1.3639382592037366e-05,3.131589742151684e-08,0.3,10193417.840773376,-16.6277151322666
302.65000000000003,4,cGDL,-16.627772025097272,0.0,9.967341127349508,0.00040948142478952577,0.00040948142478952577,0.0,0.0,0.0,0.0,0.8,0.0,1.2099446206404493e-05,1.3639375723583245e-05,3.131580027779018e-08,0.3,10193417.840773376,-16.627788947586964
302.74999999999994,4,cGDL,-16.62784599745794,0.0,9.96740682557807,0.00040777893299176005,0.00040777893299176005,0.0,0.0,0.0,0.0,0.8,0.0,1.2099440100528636e-05,1.3639368840595916e-05,3.13157029286714e-08,0.3,10193417.840773376,-16.62786291911826
302.85,4,cGDL,-16.627920126017102,0.0,9.967472523832155,0.00040607644016598223,0.00040607644016598223,0.0,0.0,0.0,0.0,0.8,0.0,1.2099433981761064e-05,1.363936194307611e-05,3.1315605374171885e-08,0.3,10193417.840773376,-16.627937046852832
302.95,4,cGDL,-16.627994410767144,0.0,9.967538222111825,0.00040437394631107933,0.00040437394631107933,0.0,0.0,0.0,0.0,0.8,0.0,1.2099427850102412e-05,1.3639355031024537e-05,3.131550761430269e-08,0.3,10193417.840773376,-16.62801133078306
303.05,4,cGDL,-16.62806885170062,0.0,9.967603920417142,0.00040267145142593836,0.00040267145142593836,0.0,0.0,0.0,0.0,0.8,0.0,1.2099421705553309e-05,1.3639348104441912e-05,3.131540964907485e-08,0.3,10193417.840773376,-16.628085770901375
303.15,4,cGDL,-16.62814344880985,0.0,9.967669618748168,0.00040096895550944644,0.00040096895550944644,0.0,0.0,0.0,0.0,0.8,0.0,1.2099415548114389e-05,1.3639341163328947e-05,3.1315311478499536e-08,0.3,10193417.840773376,-16.628160367200238
303.25,4,cGDL,-16.628218202087453,0.0,9.967735317104966,0.00039926645856049064,0.00039926645856049064,0.0,0.0,0.0,0.0,0.8,0.0,1.2099409377786277e-05,1.363933420768635e-05,3.131521310258766e-08,0.3,10193417.840773376,-16.628235119672173
303.34999999999997,4,cGDL,-16.62829311152592,0.0,9.967801015487597,0.0003975639605779583,0.0003975639605779583,0.0,0.0,0.0,0.0,0.8,0.0,1.2099403194569595e-05,1.3639327237514819e-05,3.131511452135024e-08,0.3,10193417.840773376,-16.628310028309727
303.45000000000005,4,cGDL,-16.628368177117977,0.0,9.967866713896123,0.0003958614615607367,0.0003958614615607367,0.0,0.0,0.0,0.0,0.8,0.0,1.2099396998464954e-05,1.363932025281504e-05,3.131501573479798e-08,0.3,10193417.840773376,-16.628385093105514
303.54999999999995,4,cGDL,-16.62844339885612,0.0,9.967932412330608,0.00039415896150771316,0.00039415896150771316,0.0,0.0,0.0,0.0,0.8,0.0,1.2099390789472985e-05,1.363931325358773e-05,3.131491674294192e-08,0.3,10193417.840773376,-16.628460314052166
303.65000000000003,4,cGDL,-16.628518776733188,0.0,9.967998110791115,0.0003924564604177752,0.0003924564604177752,0.0,0.0,0.0,0.0,0.8,0.0,1.2099384567594284e-05,1.3639306239833557e-05,3.131481754579262e-08,0.3,10193417.840773376,-16.628535691142382
303.75,4,cGDL,-16.628594310741903,0.0,9.968063809277702,0.0003907539582898104,0.0003907539582898104,0.0,0.0,0.0,0.0,0.8,0.0,1.209937833282946e-05,1.3639299211553211e-05,3.1314718143360825e-08,0.3,10193417.840773376,-16.628611224368882
303.84999999999997,4,cGDL,-16.628670000874934,0.0,9.968129507790433,0.0003890514551227067,0.0003890514551227067,0.0,0.0,0.0,0.0,0.8,0.0,1.2099372085179132e-05,1.3639292168747386e-05,3.131461853565734e-08,0.3,10193417.840773376,-16.628686913724447
303.95,4,cGDL,-16.62874584712523,0.0,9.968195206329373,0.0003873489509153514,0.0003873489509153514,0.0,0.0,0.0,0.0,0.8,0.0,1.2099365824643883e-05,1.3639285111416741e-05,3.131451872269259e-08,0.3,10193417.840773376,-16.628762759201894
304.04999999999995,4,cGDL,-16.628821849485576,0.0,9.96826090489458,0.00038564644566663176,0.00038564644566663176,0.0,0.0,0.0,0.0,0.8,0.0,1.209935955122432e-05,1.3639278039561961e-05,3.131441870447727e-08,0.3,10193417.840773376,-16.62883876079409
304.15,4,cGDL,-16.62889800794892,0.0,9.968326603486119,0.00038394393937543614,0.00038394393937543614,0.0,0.0,0.0,0.0,0.8,0.0,1.2099353264921041e-05,1.3639270953183717e-05,3.131431848102179e-08,0.3,10193417.840773376,-16.628914918493926
304.24999999999994,4,cGDL,-16.628974322508213,0.0,9.96839230210405,0.0003822414320406523,0.0003822414320406523,0.0,0.0,0.0,0.0,0.8,0.0,1.2099346965734624e-05,1.3639263852282667e-05,3.131421805233657e-08,0.3,10193417.840773376,-16.628991232294357
304.35,4,cGDL,-16.629050793156466,0.0,9.968458000748438,0.00038053892366116826,0.00038053892366116826,0.0,0.0,0.0,0.0,0.8,0.0,1.2099340653665663e-05,1.3639256736859475e-05,3.131411741843204e-08,0.3,10193417.840773376,-16.629067702188372
304.44999999999993,4,cGDL,-16.629127419886743,0.0,9.968523699419343,0.0003788364142358721,0.0003788364142358721,0.0,0.0,0.0,0.0,0.8,0.0,1.2099334328714734e-05,1.3639249606914791e-05,3.131401657931846e-08,0.3,10193417.840773376,-16.629144328169
304.55,4,cGDL,-16.62920420269205,0.0,9.968589398116828,0.00037713390376365184,0.00037713390376365184,0.0,0.0,0.0,0.0,0.8,0.0,1.2099327990882425e-05,1.3639242462449282e-05,3.1313915535006214e-08,0.3,10193417.840773376,-16.629221110229324
304.65,4,cGDL,-16.629281141565514,0.0,9.968655096840955,0.0003754313922433957,0.0003754313922433957,0.0,0.0,0.0,0.0,0.8,0.0,1.209932164016932e-05,1.3639235303463596e-05,3.131381428550553e-08,0.3,10193417.840773376,-16.62929804836245
304.75,4,cGDL,-16.629358236500423,0.0,9.968720795591787,0.0003737288796739919,0.0003737288796739919,0.0,0.0,0.0,0.0,0.8,0.0,1.2099315276575968e-05,1.3639228129958362e-05,3.131371283082641e-08,0.3,10193417.840773376,-16.629375142561546
304.84999999999997,4,cGDL,-16.629435487489843,0.0,9.968786494369386,0.0003720263660543287,0.0003720263660543287,0.0,0.0,0.0,0.0,0.8,0.0,1.2099308900102954e-05,1.3639220941934239e-05,3.131361117097917e-08,0.3,10193417.840773376,-16.629452392819815
304.95,4,cGDL,-16.629512894527124,0.0,9.968852193173813,0.0003703238513832946,0.0003703238513832946,0.0,0.0,0.0,0.0,0.8,0.0,1.2099302510750838e-05,1.3639213739391855e-05,3.131350930597372e-08,0.3,10193417.840773376,-16.629529799130502
305.04999999999995,4,cGDL,-16.629590457605502,0.0,9.968917892005132,0.0003686213356597779,0.0003686213356597779,0.0,0.0,0.0,0.0,0.8,0.0,1.2099296108520191e-05,1.3639206522331853e-05,3.1313407235820184e-08,0.3,10193417.840773376,-16.629607361486894
305.15000000000003,4,cGDL,-16.629668176718383,0.0,9.968983590863404,0.0003669188188826672,0.0003669188188826672,0.0,0.0,0.0,0.0,0.8,0.0,1.2099289693411563e-05,1.3639199290754852e-05,3.131330496052839e-08,0.3,10193417.840773376,-16.62968507988232
305.24999999999994,4,cGDL,-16.62974605185906,0.0,9.969049289748693,0.00036521630105085094,0.00036521630105085094,0.0,0.0,0.0,0.0,0.8,0.0,1.2099283265425512e-05,1.3639192044661485e-05,3.131320248010837e-08,0.3,10193417.840773376,-16.629762954310156
305.35,4,cGDL,-16.629824083020992,0.0,9.96911498866106,0.0003635137821632179,0.0003635137821632179,0.0,0.0,0.0,0.0,0.8,0.0,1.2099276824562592e-05,1.3639184784052376e-05,3.131309979456994e-08,0.3,10193417.840773376,-16.629840984763813
305.45,4,cGDL,-16.629902270197704,0.0,9.969180687600566,0.0003618112622186568,0.0003618112622186568,0.0,0.0,0.0,0.0,0.8,0.0,1.2099270370823344e-05,1.3639177508928132e-05,3.1312996903922786e-08,0.3,10193417.840773376,-16.629919171236754
305.55,4,cGDL,-16.6299806133826,0.0,9.969246386567274,0.0003601087412160563,0.0003601087412160563,0.0,0.0,0.0,0.0,0.8,0.0,1.2099263904208318e-05,1.3639170219289379e-05,3.13128938081768e-08,0.3,10193417.840773376,-16.62999751372247
305.65,4,cGDL,-16.630059112569256,0.0,9.96931208556125,0.00035840621915430524,0.00035840621915430524,0.0,0.0,0.0,0.0,0.8,0.0,1.2099257424718061e-05,1.3639162915136725e-05,3.1312790507341676e-08,0.3,10193417.840773376,-16.630076012214506
305.75000000000006,4,cGDL,-16.630137767751364,0.0,9.969377784582552,0.00035670369603229256,0.00035670369603229256,0.0,0.0,0.0,0.0,0.8,0.0,1.2099250932353098e-05,1.3639155596470766e-05,3.131268700142683e-08,0.3,10193417.840773376,-16.630154666706446
305.84999999999997,4,cGDL,-16.630216578922386,0.0,9.969443483631242,0.00035500117184890715,0.00035500117184890715,0.0,0.0,0.0,0.0,0.8,0.0,1.2099244427113978e-05,1.3639148263292122e-05,3.131258329044213e-08,0.3,10193417.840773376,-16.63023347719191
305.95000000000005,4,cGDL,-16.630295546076127,0.0,9.969509182707386,0.0003532986466030381,0.0003532986466030381,0.0,0.0,0.0,0.0,0.8,0.0,1.2099237909001221e-05,1.3639140915601378e-05,3.1312479374396914e-08,0.3,10193417.840773376,-16.630312443664568
306.05,4,cGDL,-16.630374669206276,0.0,9.969574881811042,0.00035159612029357493,0.00035159612029357493,0.0,0.0,0.0,0.0,0.8,0.0,1.2099231378015354e-05,1.3639133553399125e-05,3.131237525330074e-08,0.3,10193417.840773376,-16.630391566118128
306.1499999999999,4,cGDL,-16.630453948306524,0.0,9.969640580942276,0.00034989359291940633,0.00034989359291940633,0.0,0.0,0.0,0.0,0.8,0.0,1.2099224834156915e-05,1.3639126176685976e-05,3.131227092716304e-08,0.3,10193417.840773376,-16.63047084454634
306.25,4,cGDL,-16.63053338337079,0.0,9.969706280101148,0.000348191064479421,0.000348191064479421,0.0,0.0,0.0,0.0,0.8,0.0,1.2099218277426406e-05,1.3639118785462496e-05,3.1312166395993113e-08,0.3,10193417.840773376,-16.63055027894299
306.34999999999997,4,cGDL,-16.63061297439276,0.0,9.969771979287723,0.0003464885349725088,0.0003464885349725088,0.0,0.0,0.0,0.0,0.8,0.0,1.2099211707824359e-05,1.3639111379729278e-05,3.13120616598004e-08,0.3,10193417.840773376,-16.630629869301924
306.45,4,cGDL,-16.630692721366415,0.0,9.96983767850206,0.0003447860043975589,0.0003447860043975589,0.0,0.0,0.0,0.0,0.8,0.0,1.2099205125351286e-05,1.3639103959486903e-05,3.1311956718594114e-08,0.3,10193417.840773376,-16.630709615617004
306.54999999999995,4,cGDL,-16.630772624285726,0.0,9.969903377744224,0.0003430834727534608,0.0003430834727534608,0.0,0.0,0.0,0.0,0.8,0.0,1.2099198530007686e-05,1.3639096524735939e-05,3.13118515723834e-08,0.3,10193417.840773376,-16.63078951788215
306.65,4,cGDL,-16.630852683144496,0.0,9.969969077014277,0.0003413809400391038,0.0003413809400391038,0.0,0.0,0.0,0.0,0.8,0.0,1.209919192179408e-05,1.3639089075476964e-05,3.1311746221177595e-08,0.3,10193417.840773376,-16.63086957609132
306.74999999999994,4,cGDL,-16.630932897936873,0.0,9.970034776312279,0.00033967840625337756,0.00033967840625337756,0.0,0.0,0.0,0.0,0.8,0.0,1.2099185300710969e-05,1.3639081611710548e-05,3.131164066498562e-08,0.3,10193417.840773376,-16.630949790238514
306.85,4,cGDL,-16.631013268656886,0.0,9.970100475638294,0.00033797587139517164,0.00033797587139517164,0.0,0.0,0.0,0.0,0.8,0.0,1.2099178666758845e-05,1.3639074133437244e-05,3.131153490381661e-08,0.3,10193417.840773376,-16.631030160317767
306.94999999999993,4,cGDL,-16.63109379529857,0.0,9.970166174992386,0.00033627333546337555,0.00033627333546337555,0.0,0.0,0.0,0.0,0.8,0.0,1.2099172019938211e-05,1.3639066640657622e-05,3.1311428937679646e-08,0.3,10193417.840773376,-16.631110686323165
307.05,4,cGDL,-16.631174477856064,0.0,9.970231874374614,0.00033457079845687903,0.00033457079845687903,0.0,0.0,0.0,0.0,0.8,0.0,1.2099165360249567e-05,1.3639059133372238e-05,3.1311322766583596e-08,0.3,10193417.840773376,-16.631191368248825
307.15,4,cGDL,-16.631255316323518,0.0,9.970297573785043,0.0003328682603745719,0.0003328682603745719,0.0,0.0,0.0,0.0,0.8,0.0,1.20991586876934e-05,1.3639051611581648e-05,3.1311216390537495e-08,0.3,10193417.840773376,-16.631272206088916
307.25,4,cGDL,-16.63133631069519,0.0,9.970363273223734,0.0003311657212153438,0.0003311657212153438,0.0,0.0,0.0,0.0,0.8,0.0,1.209915200227019e-05,1.3639044075286394e-05,3.1311109809550045e-08,0.3,10193417.840773376,-16.631353199837633
307.34999999999997,4,cGDL,-16.631417460965338,0.0,9.970428972690751,0.00032946318097808473,0.00032946318097808473,0.0,0.0,0.0,0.0,0.8,0.0,1.209914530398042e-05,1.3639036524487019e-05,3.131100302363011e-08,0.3,10193417.840773376,-16.63143434948923
307.45000000000005,4,cGDL,-16.63149876712822,0.0,9.970494672186156,0.0003277606396616845,0.0003277606396616845,0.0,0.0,0.0,0.0,0.8,0.0,1.2099138592824582e-05,1.3639028959184075e-05,3.131089603278643e-08,0.3,10193417.840773376,-16.63151565503799
307.54999999999995,4,cGDL,-16.631580229178212,0.0,9.97056037171001,0.0003260580972650331,0.0003260580972650331,0.0,0.0,0.0,0.0,0.8,0.0,1.2099131868803143e-05,1.3639021379378087e-05,3.131078883702772e-08,0.3,10193417.840773376,-16.631597116478236
307.65000000000003,4,cGDL,-16.631661847109626,0.0,9.970626071262375,0.00032435555378702055,0.00032435555378702055,0.0,0.0,0.0,0.0,0.8,0.0,1.209912513191658e-05,1.3639013785069597e-05,3.1310681436362644e-08,0.3,10193417.840773376,-16.631678733804343
307.75,4,cGDL,-16.631743620916893,0.0,9.970691770843317,0.00032265300922653696,0.00032265300922653696,0.0,0.0,0.0,0.0,0.8,0.0,1.2099118382165364e-05,1.3639006176259138e-05,3.1310573830799774e-08,0.3,10193417.840773376,-16.631760507010714
307.85,4,cGDL,-16.6318255505945,0.0,9.970757470452893,0.0003209504635824724,0.0003209504635824724,0.0,0.0,0.0,0.0,0.8,0.0,1.209911161954996e-05,1.3638998552947229e-05,3.1310466020347713e-08,0.3,10193417.840773376,-16.631842436091798
307.95,4,cGDL,-16.63190763613693,0.0,9.97082317009117,0.00031924791685371707,0.00031924791685371707,0.0,0.0,0.0,0.0,0.8,0.0,1.2099104844070834e-05,1.3638990915134393e-05,3.131035800501487e-08,0.3,10193417.840773376,-16.631924521042077
308.05,4,cGDL,-16.63198987753873,0.0,9.97088886975821,0.00031754536903916123,0.00031754536903916123,0.0,0.0,0.0,0.0,0.8,0.0,1.209909805572844e-05,1.3638983262821152e-05,3.13102497848097e-08,0.3,10193417.840773376,-16.632006761856093
308.15,4,cGDL,-16.63207227479444,0.0,9.970954569454074,0.00031584282013769516,0.00031584282013769516,0.0,0.0,0.0,0.0,0.8,0.0,1.2099091254523242e-05,1.3638975596008019e-05,3.1310141359740665e-08,0.3,10193417.840773376,-16.632089158528412
308.25000000000006,4,cGDL,-16.632154827898717,0.0,9.971020269178824,0.0003141402701482091,0.0003141402701482091,0.0,0.0,0.0,0.0,0.8,0.0,1.2099084440455693e-05,1.3638967914695509e-05,3.131003272981607e-08,0.3,10193417.840773376,-16.632171711053644
308.34999999999997,4,cGDL,-16.632237536846162,0.0,9.971085968932524,0.0003124377190695941,0.0003124377190695941,0.0,0.0,0.0,0.0,0.8,0.0,1.2099077613526245e-05,1.363896021888413e-05,3.1309923895044236e-08,0.3,10193417.840773376,-16.632254419426435
308.44999999999993,4,cGDL,-16.63232040163149,0.0,9.971151668715237,0.00031073516690074,0.00031073516690074,0.0,0.0,0.0,0.0,0.8,0.0,1.209907077373534e-05,1.3638952508574383e-05,3.1309814855433424e-08,0.3,10193417.840773376,-16.632337283641483
308.55,4,cGDL,-16.632403422249524,0.0,9.971217368527022,0.0003090326136405368,0.0003090326136405368,0.0,0.0,0.0,0.0,0.8,0.0,1.2099063921083416e-05,1.363894478376676e-05,3.130970561099171e-08,0.3,10193417.840773376,-16.632420303693515
308.6499999999999,4,cGDL,-16.632486598694925,0.0,9.971283068367946,0.0003073300592878757,0.0003073300592878757,0.0,0.0,0.0,0.0,0.8,0.0,1.209905705557093e-05,1.3638937044461775e-05,3.130959616172737e-08,0.3,10193417.840773376,-16.632503479577302
308.75,4,cGDL,-16.632569930962575,0.0,9.971348768238068,0.00030562750384164705,0.00030562750384164705,0.0,0.0,0.0,0.0,0.8,0.0,1.2099050177198307e-05,1.3638929290659908e-05,3.130948650764841e-08,0.3,10193417.840773376,-16.63258681128766
308.84999999999997,4,cGDL,-16.6326534190473,0.0,9.97141446813745,0.0003039249473007417,0.0003039249473007417,0.0,0.0,0.0,0.0,0.8,0.0,1.2099043285965985e-05,1.3638921522361658e-05,3.130937664876292e-08,0.3,10193417.840773376,-16.632670298819434
308.95,4,cGDL,-16.632737062944045,0.0,9.971480168066158,0.00030222238966405026,0.00030222238966405026,0.0,0.0,0.0,0.0,0.8,0.0,1.2099036381874392e-05,1.3638913739567495e-05,3.130926658507886e-08,0.3,10193417.840773376,-16.632753942167522
309.04999999999995,4,cGDL,-16.63282086264769,0.0,9.971545868024252,0.0003005198309304635,0.0003005198309304635,0.0,0.0,0.0,0.0,0.8,0.0,1.2099029464923955e-05,1.3638905942277914e-05,3.1309156316604176e-08,0.3,10193417.840773376,-16.632837741326856
309.15000000000003,4,cGDL,-16.632904818153236,0.0,9.971611568011795,0.0002988172710988722,0.0002988172710988722,0.0,0.0,0.0,0.0,0.8,0.0,1.2099022535115105e-05,1.3638898130493391e-05,3.130904584334678e-08,0.3,10193417.840773376,-16.6329216962924
309.24999999999994,4,cGDL,-16.632988929455735,0.0,9.97167726802885,0.0002971147101681672,0.0002971147101681672,0.0,0.0,0.0,0.0,0.8,0.0,1.2099015592448254e-05,1.3638890304214397e-05,3.130893516531447e-08,0.3,10193417.840773376,-16.63300580705917
309.35,4,cGDL,-16.633073196550185,0.0,9.97174296807548,0.00029541214813723934,0.00029541214813723934,0.0,0.0,0.0,0.0,0.8,0.0,1.2099008636923822e-05,1.36388824634414e-05,3.1308824282515064e-08,0.3,10193417.840773376,-16.633090073622217
309.44999999999993,4,cGDL,-16.6331576194317,0.0,9.971808668151747,0.00029370958500497964,0.00029370958500497964,0.0,0.0,0.0,0.0,0.8,0.0,1.2099001668542228e-05,1.3638874608174874e-05,3.130871319495633e-08,0.3,10193417.840773376,-16.633174495976633
309.55,4,cGDL,-16.633242198095445,0.0,9.97187436825771,0.0002920070207702791,0.0002920070207702791,0.0,0.0,0.0,0.0,0.8,0.0,1.2098994687303874e-05,1.3638866738415278e-05,3.1308601902645916e-08,0.3,10193417.840773376,-16.633259074117543
309.65,4,cGDL,-16.63332693253659,0.0,9.971940068393438,0.00029030445543202864,0.00029030445543202864,0.0,0.0,0.0,0.0,0.8,0.0,1.2098987693209175e-05,1.3638858854163072e-05,3.1308490405591445e-08,0.3,10193417.840773376,-16.63334380804012
309.75,4,cGDL,-16.633411822750304,0.0,9.972005768558988,0.00028860188898911944,0.00028860188898911944,0.0,0.0,0.0,0.0,0.8,0.0,1.209898068625854e-05,1.3638850955418716e-05,3.1308378703800575e-08,0.3,10193417.840773376,-16.633428697739575
309.84999999999997,4,cGDL,-16.633496868731868,0.0,9.972071468754427,0.0002868993214404426,0.0002868993214404426,0.0,0.0,0.0,0.0,0.8,0.0,1.2098973666452362e-05,1.363884304218266e-05,3.130826679728084e-08,0.3,10193417.840773376,-16.633513743211154
309.95000000000005,4,cGDL,-16.633582070476564,0.0,9.972137168979813,0.00028519675278488926,0.00028519675278488926,0.0,0.0,0.0,0.0,0.8,0.0,1.209896663379104e-05,1.3638835114455354e-05,3.130815468603976e-08,0.3,10193417.840773376,-16.63359894445015
310.04999999999995,4,cGDL,-16.633667427979788,0.0,9.972202869235213,0.00028349418302135065,0.00028349418302135065,0.0,0.0,0.0,0.0,0.8,0.0,1.2098959588274965e-05,1.3638827172237234e-05,3.130804237008461e-08,0.3,10193417.840773376,-16.633684301451886
310.15000000000003,4,cGDL,-16.633752941236878,0.0,9.972268569520686,0.000281791612148718,0.000281791612148718,0.0,0.0,0.0,0.0,0.8,0.0,1.2098952529904536e-05,1.3638819215528749e-05,3.130792984942288e-08,0.3,10193417.840773376,-16.633769814211732
310.25,4,cGDL,-16.633838610243174,0.0,9.972334269836297,0.00028008904016588263,0.00028008904016588263,0.0,0.0,0.0,0.0,0.8,0.0,1.2098945458680142e-05,1.3638811244330344e-05,3.130781712406206e-08,0.3,10193417.840773376,-16.633855482725092
310.35,4,cGDL,-16.633924434994242,0.0,9.972399970182106,0.00027838646707173593,0.00027838646707173593,0.0,0.0,0.0,0.0,0.8,0.0,1.2098938374602158e-05,1.3638803258642434e-05,3.130770419400924e-08,0.3,10193417.840773376,-16.633941306987413
310.45,4,cGDL,-16.634010415485477,0.0,9.972465670558178,0.00027668389286516923,0.00027668389286516923,0.0,0.0,0.0,0.0,0.8,0.0,1.209893127767098e-05,1.3638795258465468e-05,3.130759105927178e-08,0.3,10193417.840773376,-16.63402728699418
310.55,4,cGDL,-16.634096551712503,0.0,9.972531370964575,0.0002749813175450744,0.0002749813175450744,0.0,0.0,0.0,0.0,0.8,0.0,1.2098924167886973e-05,1.3638787243799858e-05,3.130747771985677e-08,0.3,10193417.840773376,-16.634113422740917
310.65,4,cGDL,-16.63418284367077,0.0,9.972597071401358,0.0002732787411103425,0.0002732787411103425,0.0,0.0,0.0,0.0,0.8,0.0,1.2098917045250526e-05,1.363877921464605e-05,3.130736417577152e-08,0.3,10193417.840773376,-16.634199714223186
310.74999999999994,4,cGDL,-16.63426929135602,0.0,9.972662771868592,0.0002715761635598646,0.0002715761635598646,0.0,0.0,0.0,0.0,0.8,0.0,1.2098909909761997e-05,1.3638771171004435e-05,3.1307250427022956e-08,0.3,10193417.840773376,-16.634286161436584
310.84999999999997,4,cGDL,-16.634355894763758,0.0,9.972728472366338,0.00026987358489253264,0.00026987358489253264,0.0,0.0,0.0,0.0,0.8,0.0,1.2098902761421768e-05,1.3638763112875447e-05,3.1307136473618275e-08,0.3,10193417.840773376,-16.634372764376767
310.94999999999993,4,cGDL,-16.634442653889778,0.0,9.972794172894659,0.0002681710051072383,0.0002681710051072383,0.0,0.0,0.0,0.0,0.8,0.0,1.2098895600230198e-05,1.3638755040259495e-05,3.130702231556438e-08,0.3,10193417.840773376,-16.6344595230394
311.05,4,cGDL,-16.63452956872976,0.0,9.972859873453618,0.00026646842420287314,0.00026646842420287314,0.0,0.0,0.0,0.0,0.8,0.0,1.209888842618765e-05,1.3638746953156988e-05,3.130690795286828e-08,0.3,10193417.840773376,-16.634546437420212
311.1499999999999,4,cGDL,-16.6346166392795,0.0,9.972925574043277,0.0002647658421783289,0.0002647658421783289,0.0,0.0,0.0,0.0,0.8,0.0,1.2098881239294487e-05,1.3638738851568329e-05,3.130679338553682e-08,0.3,10193417.840773376,-16.634633507514955
311.25,4,cGDL,-16.634703865534732,0.0,9.972991274663698,0.0002630632590324973,0.0002630632590324973,0.0,0.0,0.0,0.0,0.8,0.0,1.2098874039551057e-05,1.3638730735493922e-05,3.1306678613576896e-08,0.3,10193417.840773376,-16.634720733319426
311.34999999999997,4,cGDL,-16.634791247491364,0.0,9.973056975314945,0.00026136067476427004,0.00026136067476427004,0.0,0.0,0.0,0.0,0.8,0.0,1.2098866826957723e-05,1.363872260493416e-05,3.1306563636995326e-08,0.3,10193417.840773376,-16.634808114829465
311.45,4,cGDL,-16.634878785145247,0.0,9.973122675997079,0.00025965808937253895,0.00025965808937253895,0.0,0.0,0.0,0.0,0.8,0.0,1.209885960151483e-05,1.3638714459889446e-05,3.1306448455798845e-08,0.3,10193417.840773376,-16.634895652040942
311.54999999999995,4,cGDL,-16.634966478492345,0.0,9.973188376710164,0.00025795550285619584,0.00025795550285619584,0.0,0.0,0.0,0.0,0.8,0.0,1.2098852363222723e-05,1.363870630036016e-05,3.1306333069994084e-08,0.3,10193417.840773376,-16.634983344949767
311.65000000000003,4,cGDL,-16.635054327528508,0.0,9.973254077454262,0.00025625291521413267,0.00025625291521413267,0.0,0.0,0.0,0.0,0.8,0.0,1.2098845112081753e-05,1.3638698126346702e-05,3.1306217479587886e-08,0.3,10193417.840773376,-16.635071193551894
311.74999999999994,4,cGDL,-16.635142332249814,0.0,9.973319778229436,0.0002545503264452412,0.0002545503264452412,0.0,0.0,0.0,0.0,0.8,0.0,1.2098837848092253e-05,1.363868993784945e-05,3.130610168458672e-08,0.3,10193417.840773376,-16.635159197843315
311.85,4,cGDL,-16.635230492652283,0.0,9.97338547903575,0.00025284773654841346,0.00025284773654841346,0.0,0.0,0.0,0.0,0.8,0.0,1.2098830571254565e-05,1.3638681734868782e-05,3.1305985684997187e-08,0.3,10193417.840773376,-16.63524735782006
311.95,4,cGDL,-16.635318808731995,0.0,9.973451179873264,0.0002511451455225415,0.0002511451455225415,0.0,0.0,0.0,0.0,0.8,0.0,1.209882328156902e-05,1.3638673517405078e-05,3.1305869480825794e-08,0.3,10193417.840773376,-16.635335673478192
312.05,4,cGDL,-16.635407280485026,0.0,9.973516880742041,0.0002494425533665172,0.0002494425533665172,0.0,0.0,0.0,0.0,0.8,0.0,1.209881597903595e-05,1.3638665285458707e-05,3.130575307207905e-08,0.3,10193417.840773376,-16.63542414481381
312.15,4,cGDL,-16.63549590790751,0.0,9.973582581642145,0.0002477399600792327,0.0002477399600792327,0.0,0.0,0.0,0.0,0.8,0.0,1.2098808663655688e-05,1.363865703903005e-05,3.130563645876336e-08,0.3,10193417.840773376,-16.63551277182307
312.25,4,cGDL,-16.6355846909957,0.0,9.973648282573638,0.0002460373656595801,0.0002460373656595801,0.0,0.0,0.0,0.0,0.8,0.0,1.209880133542855e-05,1.3638648778119458e-05,3.130551964088509e-08,0.3,10193417.840773376,-16.635601554502145
312.34999999999997,4,cGDL,-16.63567362974578,0.0,9.973713983536584,0.0002443347701064515,0.0002443347701064515,0.0,0.0,0.0,0.0,0.8,0.0,1.2098793994354861e-05,1.36386405027273e-05,3.1305402618450536e-08,0.3,10193417.840773376,-16.635690492847257
312.45000000000005,4,cGDL,-16.635762724154063,0.0,9.973779684531042,0.00024263217341873906,0.00024263217341873906,0.0,0.0,0.0,0.0,0.8,0.0,1.2098786640434939e-05,1.3638632212853933e-05,3.1305285391465914e-08,0.3,10193417.840773376,-16.63577958685467
312.54999999999995,4,cGDL,-16.63585197421679,0.0,9.973845385557079,0.00024092957559533496,0.00024092957559533496,0.0,0.0,0.0,0.0,0.8,0.0,1.2098779273669102e-05,1.3638623908499716e-05,3.130516795993761e-08,0.3,10193417.840773376,-16.635868836520675
312.65000000000003,4,cGDL,-16.635941379930273,0.0,9.973911086614754,0.00023922697663513145,0.00023922697663513145,0.0,0.0,0.0,0.0,0.8,0.0,1.2098771894057666e-05,1.3638615589665005e-05,3.130505032387173e-08,0.3,10193417.840773376,-16.635958241841607
312.75,4,cGDL,-16.636030941290983,0.0,9.973976787704132,0.0002375243765370213,0.0002375243765370213,0.0,0.0,0.0,0.0,0.8,0.0,1.209876450160093e-05,1.3638607256350138e-05,3.1304932483274356e-08,0.3,10193417.840773376,-16.636047802813838
312.8499999999999,4,cGDL,-16.636120658295283,0.0,9.974042488825274,0.00023582177529989624,0.00023582177529989624,0.0,0.0,0.0,0.0,0.8,0.0,1.2098757096299204e-05,1.3638598908555466e-05,3.130481443815165e-08,0.3,10193417.840773376,-16.63613751943378
312.95,4,cGDL,-16.636210530939593,0.0,9.974108189978244,0.0002341191729226482,0.0002341191729226482,0.0,0.0,0.0,0.0,0.8,0.0,1.2098749678152794e-05,1.3638590546281332e-05,3.130469618850965e-08,0.3,10193417.840773376,-16.636227391697886
313.04999999999995,4,cGDL,-16.6363005592205,0.0,9.974173891163105,0.00023241656940417,0.00023241656940417,0.0,0.0,0.0,0.0,0.8,0.0,1.2098742247161991e-05,1.3638582169528062e-05,3.130457773435421e-08,0.3,10193417.840773376,-16.63631741960264
313.15,4,cGDL,-16.636390743134427,0.0,9.974239592379918,0.00023071396474335404,0.00023071396474335404,0.0,0.0,0.0,0.0,0.8,0.0,1.2098734803327107e-05,1.3638573778296011e-05,3.130445907569148e-08,0.3,10193417.840773376,-16.636407603144566
313.24999999999994,4,cGDL,-16.636481082678017,0.0,9.974305293628749,0.00022901135893909272,0.00022901135893909272,0.0,0.0,0.0,0.0,0.8,0.0,1.209872734664842e-05,1.3638565372585492e-05,3.1304340212527173e-08,0.3,10193417.840773376,-16.63649794232023
313.35,4,cGDL,-16.63657157784786,0.0,9.974370994909656,0.00022730875199027852,0.00022730875199027852,0.0,0.0,0.0,0.0,0.8,0.0,1.2098719877126229e-05,1.3638556952396839e-05,3.130422114486721e-08,0.3,10193417.840773376,-16.636588437126225
313.44999999999993,4,cGDL,-16.636662228640546,0.0,9.974436696222705,0.0002256061438958039,0.0002256061438958039,0.0,0.0,0.0,0.0,0.8,0.0,1.2098712394760819e-05,1.363854851773038e-05,3.130410187271745e-08,0.3,10193417.840773376,-16.636679087559198
313.55,4,cGDL,-16.636753035052834,0.0,9.974502397567958,0.0002239035346545614,0.0002239035346545614,0.0,0.0,0.0,0.0,0.8,0.0,1.2098704899552474e-05,1.3638540068586427e-05,3.130398239608353e-08,0.3,10193417.840773376,-16.63676989361582
313.65,4,cGDL,-16.636843997081428,0.0,9.974568098945477,0.00022220092426544357,0.00022220092426544357,0.0,0.0,0.0,0.0,0.8,0.0,1.2098697391501471e-05,1.3638531604965296e-05,3.130386271497119e-08,0.3,10193417.840773376,-16.63686085529281
313.75,4,cGDL,-16.63693511472303,0.0,9.974633800355326,0.00022049831272734295,0.00022049831272734295,0.0,0.0,0.0,0.0,0.8,0.0,1.2098689870608098e-05,1.3638523126867314e-05,3.1303742829386145e-08,0.3,10193417.840773376,-16.63695197258691
313.84999999999997,4,cGDL,-16.63702638797446,0.0,9.974699501797566,0.00021879570003915217,0.00021879570003915217,0.0,0.0,0.0,0.0,0.8,0.0,1.2098682336872625e-05,1.3638514634292779e-05,3.130362273933396e-08,0.3,10193417.840773376,-16.63704324549492
313.95,4,cGDL,-16.637117816832586,0.0,9.974765203272261,0.00021709308619976384,0.00021709308619976384,0.0,0.0,0.0,0.0,0.8,0.0,1.2098674790295318e-05,1.3638506127241995e-05,3.130350244482016e-08,0.3,10193417.840773376,-16.637134674013662
314.04999999999995,4,cGDL,-16.63720940129423,0.0,9.974830904779473,0.00021539047120807065,0.00021539047120807065,0.0,0.0,0.0,0.0,0.8,0.0,1.2098667230876454e-05,1.3638497605715277e-05,3.130338194585033e-08,0.3,10193417.840773376,-16.63722625814
314.15000000000003,4,cGDL,-16.63730114135626,0.0,9.974896606319266,0.00021368785506296526,0.00021368785506296526,0.0,0.0,0.0,0.0,0.8,0.0,1.2098659658616299e-05,1.363848906971292e-05,3.1303261242430014e-08,0.3,10193417.840773376,-16.637317997870834
314.24999999999994,4,cGDL,-16.637393037015727,0.0,9.974962307891701,0.00021198523776334044,0.00021198523776334044,0.0,0.0,0.0,0.0,0.8,0.0,1.2098652073515111e-05,1.3638480519235215e-05,3.130314033456443e-08,0.3,10193417.840773376,-16.637409893203113
314.35,4,cGDL,-16.637485088269557,0.0,9.975028009496842,0.00021028261930808886,0.00021028261930808886,0.0,0.0,0.0,0.0,0.8,0.0,1.2098644475573147e-05,1.3638471954282457e-05,3.130301922225908e-08,0.3,10193417.840773376,-16.6375019441338
314.45,4,cGDL,-16.637577295114795,0.0,9.975093711134752,0.00020857999969610335,0.00020857999969610335,0.0,0.0,0.0,0.0,0.8,0.0,1.2098636864790664e-05,1.3638463374854931e-05,3.130289790551923e-08,0.3,10193417.840773376,-16.63759415065992
314.55,4,cGDL,-16.63766965754843,0.0,9.975159412805493,0.00020687737892627667,0.00020687737892627667,0.0,0.0,0.0,0.0,0.8,0.0,1.2098629241167924e-05,1.3638454780952933e-05,3.130277638435025e-08,0.3,10193417.840773376,-16.63768651277852
314.65,4,cGDL,-16.637762175567616,0.0,9.975225114509126,0.00020517475699750165,0.00020517475699750165,0.0,0.0,0.0,0.0,0.8,0.0,1.2098621604705168e-05,1.3638446172576738e-05,3.130265465875731e-08,0.3,10193417.840773376,-16.637779030486694
314.75000000000006,4,cGDL,-16.637854849169457,0.0,9.975290816245717,0.00020347213390867116,0.00020347213390867116,0.0,0.0,0.0,0.0,0.8,0.0,1.2098613955402651e-05,1.3638437549726627e-05,3.130253272874561e-08,0.3,10193417.840773376,-16.63787170378156
314.84999999999997,4,cGDL,-16.63794767835111,0.0,9.975356518015326,0.00020176950965867803,0.00020176950965867803,0.0,0.0,0.0,0.0,0.8,0.0,1.2098606293260615e-05,1.3638428912402877e-05,3.130241059432033e-08,0.3,10193417.840773376,-16.637964532660288
314.95,4,cGDL,-16.63804066310979,0.0,9.975422219818018,0.00020006688424641564,0.00020006688424641564,0.0,0.0,0.0,0.0,0.8,0.0,1.2098598618279302e-05,1.3638420260605757e-05,3.130228825548657e-08,0.3,10193417.840773376,-16.638057517120078
315.05,4,cGDL,-16.63813380344277,0.0,9.975487921653855,0.00019836425767077645,0.00019836425767077645,0.0,0.0,0.0,0.0,0.8,0.0,1.209859093045894e-05,1.3638411594335533e-05,3.130216571224926e-08,0.3,10193417.840773376,-16.638150657158167
315.1499999999999,4,cGDL,-16.63822709934732,0.0,9.975553623522899,0.00019666162993065293,0.00019666162993065293,0.0,0.0,0.0,0.0,0.8,0.0,1.2098583229799774e-05,1.3638402913592473e-05,3.1302042964613506e-08,0.3,10193417.840773376,-16.63824395277183
315.25,4,cGDL,-16.63832055082071,0.0,9.975619325425214,0.00019495900102493854,0.00019495900102493854,0.0,0.0,0.0,0.0,0.8,0.0,1.2098575516302038e-05,1.3638394218376842e-05,3.130192001258426e-08,0.3,10193417.840773376,-16.638337403958378
315.34999999999997,4,cGDL,-16.63841415786038,0.0,9.975685027360862,0.00019325637095252626,0.00019325637095252626,0.0,0.0,0.0,0.0,0.8,0.0,1.2098567789965947e-05,1.3638385508688886e-05,3.130179685616635e-08,0.3,10193417.840773376,-16.638431010715166
315.45,4,cGDL,-16.63850792046361,0.0,9.975750729329905,0.00019155373971230908,0.00019155373971230908,0.0,0.0,0.0,0.0,0.8,0.0,1.209856005079175e-05,1.3638376784528879e-05,3.130167349536476e-08,0.3,10193417.840773376,-16.638524773039574
315.54999999999995,4,cGDL,-16.638601838627892,0.0,9.975816431332408,0.00018985110730318006,0.00018985110730318006,0.0,0.0,0.0,0.0,0.8,0.0,1.2098552298779649e-05,1.3638368045897058e-05,3.130154993018425e-08,0.3,10193417.840773376,-16.63861869092903
315.65,4,cGDL,-16.638695912350727,0.0,9.975882133368431,0.00018814847372403224,0.00018814847372403224,0.0,0.0,0.0,0.0,0.8,0.0,1.209854453392987e-05,1.3638359292793671e-05,3.130142616062953e-08,0.3,10193417.840773376,-16.63871276438099
315.74999999999994,4,cGDL,-16.6387901416295,0.0,9.975947835438038,0.0001864458389737587,0.0001864458389737587,0.0,0.0,0.0,0.0,0.8,0.0,1.2098536756242634e-05,1.363835052521897e-05,3.130130218670546e-08,0.3,10193417.840773376,-16.638806993392958
315.85,4,cGDL,-16.63888452646188,0.0,9.976013537541293,0.00018474320305125256,0.00018474320305125256,0.0,0.0,0.0,0.0,0.8,0.0,1.209852896571815e-05,1.3638341743173188e-05,3.130117800841654e-08,0.3,10193417.840773376,-16.638901377962465
315.94999999999993,4,cGDL,-16.63897906684531,0.0,9.976079239678258,0.00018304056595540692,0.00018304056595540692,0.0,0.0,0.0,0.0,0.8,0.0,1.2098521162356638e-05,1.3638332946656575e-05,3.1301053625767616e-08,0.3,10193417.840773376,-16.638995918087076
316.05,4,cGDL,-16.639073762777514,0.0,9.976144941848995,0.00018133792768511493,0.00018133792768511493,0.0,0.0,0.0,0.0,0.8,0.0,1.2098513346158295e-05,1.363832413566935e-05,3.13009290387631e-08,0.3,10193417.840773376,-16.639090613764406
316.15,4,cGDL,-16.639168614256107,0.0,9.976210644053568,0.00017963528823926976,0.00017963528823926976,0.0,0.0,0.0,0.0,0.8,0.0,1.2098505517123328e-05,1.363831531021175e-05,3.1300804247407584e-08,0.3,10193417.840773376,-16.6391854649921
316.25,4,cGDL,-16.639263621278758,0.0,9.976276346292039,0.00017793264761676455,0.00017793264761676455,0.0,0.0,0.0,0.0,0.8,0.0,1.209849767525194e-05,1.3638306470284006e-05,3.130067925170559e-08,0.3,10193417.840773376,-16.639280471767837
316.34999999999997,4,cGDL,-16.639358783843193,0.0,9.97634204856447,0.00017623000581649254,0.00017623000581649254,0.0,0.0,0.0,0.0,0.8,0.0,1.209848982054433e-05,1.3638297615886336e-05,3.130055405166151e-08,0.3,10193417.840773376,-16.63937563408934
316.45000000000005,4,cGDL,-16.639454101947194,0.0,9.976407750870926,0.00017452736283734692,0.00017452736283734692,0.0,0.0,0.0,0.0,0.8,0.0,1.2098481953000693e-05,1.3638288747018965e-05,3.1300428647279774e-08,0.3,10193417.840773376,-16.639470951954358
316.54999999999995,4,cGDL,-16.63954957558849,0.0,9.976473453211469,0.00017282471867822096,0.00017282471867822096,0.0,0.0,0.0,0.0,0.8,0.0,1.2098474072621229e-05,1.3638279863682112e-05,3.130030303856479e-08,0.3,10193417.840773376,-16.63956642536068
316.65000000000003,4,cGDL,-16.639645204764975,0.0,9.97653915558616,0.00017112207333800787,0.00017112207333800787,0.0,0.0,0.0,0.0,0.8,0.0,1.2098466179406116e-05,1.3638270965875987e-05,3.1300177225520804e-08,0.3,10193417.840773376,-16.639662054306147
316.75,4,cGDL,-16.639740989474546,0.0,9.976604857995063,0.00016941942681560095,0.00016941942681560095,0.0,0.0,0.0,0.0,0.8,0.0,1.2098458273355546e-05,1.3638262053600798e-05,3.130005120815206e-08,0.3,10193417.840773376,-16.639757838788615
316.85,4,cGDL,-16.639836929715045,0.0,9.976670560438242,0.0001677167791098935,0.0001677167791098935,0.0,0.0,0.0,0.0,0.8,0.0,1.2098450354469703e-05,1.3638253126856754e-05,3.129992498646281e-08,0.3,10193417.840773376,-16.63985377880599
316.95,4,cGDL,-16.639933025484368,0.0,9.97673626291576,0.00016601413021977878,0.00016601413021977878,0.0,0.0,0.0,0.0,0.8,0.0,1.2098442422748771e-05,1.363824418564407e-05,3.129979856045732e-08,0.3,10193417.840773376,-16.639949874356205
317.05,4,cGDL,-16.640029276780638,0.0,9.976801965427677,0.00016431148014415015,0.00016431148014415015,0.0,0.0,0.0,0.0,0.8,0.0,1.2098434478192919e-05,1.3638235229962926e-05,3.129967193013952e-08,0.3,10193417.840773376,-16.640046125437234
317.15,4,cGDL,-16.640125683601752,0.0,9.976867667974059,0.00016260882888190093,0.00016260882888190093,0.0,0.0,0.0,0.0,0.8,0.0,1.209842652080233e-05,1.3638226259813537e-05,3.129954509551365e-08,0.3,10193417.840773376,-16.640142532047097
317.25,4,cGDL,-16.64022224594578,0.0,9.976933370554967,0.00016090617643192494,0.00016090617643192494,0.0,0.0,0.0,0.0,0.8,0.0,1.209841855057717e-05,1.3638217275196082e-05,3.12994180565837e-08,0.3,10193417.840773376,-16.640239094183837
317.34999999999997,4,cGDL,-16.64031896381084,0.0,9.976999073170463,0.00015920352279311507,0.00015920352279311507,0.0,0.0,0.0,0.0,0.8,0.0,1.2098410567517614e-05,1.3638208276110765e-05,3.129929081335364e-08,0.3,10193417.840773376,-16.64033581184553
317.44999999999993,4,cGDL,-16.640415837195064,0.0,9.977064775820612,0.00015750086796436426,0.00015750086796436426,0.0,0.0,0.0,0.0,0.8,0.0,1.2098402571623823e-05,1.3638199262557765e-05,3.129916336582743e-08,0.3,10193417.840773376,-16.640432685030312
317.55,4,cGDL,-16.64051286609657,0.0,9.977130478505476,0.00015579821194456635,0.00015579821194456635,0.0,0.0,0.0,0.0,0.8,0.0,1.2098394562895958e-05,1.3638190234537262e-05,3.129903571400895e-08,0.3,10193417.840773376,-16.64052971373633
317.6499999999999,4,cGDL,-16.6406100505136,0.0,9.977196181225118,0.00015409555473261475,0.00015409555473261475,0.0,0.0,0.0,0.0,0.8,0.0,1.2098386541334184e-05,1.3638181192049441e-05,3.129890785790206e-08,0.3,10193417.840773376,-16.640626897961777
317.75,4,cGDL,-16.640707390444334,0.0,9.9772618839796,0.0001523928963274029,0.0001523928963274029,0.0,0.0,0.0,0.0,0.8,0.0,1.2098378506938654e-05,1.3638172135094484e-05,3.129877979751062e-08,0.3,10193417.840773376,-16.64072423770489
317.84999999999997,4,cGDL,-16.640804885887064,0.0,9.977327586768986,0.00015069023672782423,0.00015069023672782423,0.0,0.0,0.0,0.0,0.8,0.0,1.2098370459709525e-05,1.3638163063672556e-05,3.1298651532838343e-08,0.3,10193417.840773376,-16.64082173296393
317.95,4,cGDL,-16.640902536840144,0.0,9.977393289593337,0.00014898757593277218,0.00014898757593277218,0.0,0.0,0.0,0.0,0.8,0.0,1.2098362399646943e-05,1.3638153977783827e-05,3.129852306388893e-08,0.3,10193417.840773376,-16.640919383737195
318.04999999999995,4,cGDL,-16.641000343301812,0.0,9.97745899245272,0.0001472849139411402,0.0001472849139411402,0.0,0.0,0.0,0.0,0.8,0.0,1.2098354326751066e-05,1.3638144877428473e-05,3.1298394390666134e-08,0.3,10193417.840773376,-16.64101719002303
318.15000000000003,4,cGDL,-16.641098305270532,0.0,9.977524695347192,0.0001455822507518218,0.0001455822507518218,0.0,0.0,0.0,0.0,0.8,0.0,1.2098346241022024e-05,1.3638135762606646e-05,3.129826551317349e-08,0.3,10193417.840773376,-16.641115151819807
318.24999999999994,4,cGDL,-16.641196422744713,0.0,9.97759039827682,0.00014387958636371043,0.00014387958636371043,0.0,0.0,0.0,0.0,0.8,0.0,1.2098338142459969e-05,1.363812663331851e-05,3.12981364314146e-08,0.3,10193417.840773376,-16.641213269125938
318.35,4,cGDL,-16.641294695722706,0.0,9.977656101241667,0.00014217692077569963,0.00014217692077569963,0.0,0.0,0.0,0.0,0.8,0.0,1.2098330031065045e-05,1.3638117489564233e-05,3.129800714539311e-08,0.3,10193417.840773376,-16.64131154193987
318.45,4,cGDL,-16.641393124203148,0.0,9.977721804241794,0.00014047425398668284,0.00014047425398668284,0.0,0.0,0.0,0.0,0.8,0.0,1.2098321906837375e-05,1.3638108331343948e-05,3.129787765511231e-08,0.3,10193417.840773376,-16.641409970260085
318.55,4,cGDL,-16.641491708184446,0.0,9.977787507277265,0.00013877158599555364,0.00013877158599555364,0.0,0.0,0.0,0.0,0.8,0.0,1.2098313769777096e-05,1.3638099158657817e-05,3.129774796057583e-08,0.3,10193417.840773376,-16.641508554085103
318.65,4,cGDL,-16.641590447665237,0.0,9.977853210348142,0.00013706891680120555,0.00013706891680120555,0.0,0.0,0.0,0.0,0.8,0.0,1.2098305619884343e-05,1.3638089971505988e-05,3.1297618061786955e-08,0.3,10193417.840773376,-16.641607293413475
318.75,4,cGDL,-16.641689342644042,0.0,9.977918913454488,0.00013536624640253205,0.00013536624640253205,0.0,0.0,0.0,0.0,0.8,0.0,1.209829745715924e-05,1.36380807698886e-05,3.129748795874909e-08,0.3,10193417.840773376,-16.641706188243806
318.84999999999997,4,cGDL,-16.641788393119555,0.0,9.977984616596366,0.00013366357479842675,0.00013366357479842675,0.0,0.0,0.0,0.0,0.8,0.0,1.2098289281601911e-05,1.3638071553805789e-05,3.1297357651465544e-08,0.3,10193417.840773376,-16.641805238574705
318.95000000000005,4,cGDL,-16.641887599090353,0.0,9.97805031977384,0.0001319609019877832,0.0001319609019877832,0.0,0.0,0.0,0.0,0.8,0.0,1.2098281093212481e-05,1.3638062323257709e-05,3.129722713993963e-08,0.3,10193417.840773376,-16.64190444440485
319.04999999999995,4,cGDL,-16.641986960555244,0.0,9.978116022986972,0.0001302582279694949,0.0001302582279694949,0.0,0.0,0.0,0.0,0.8,0.0,1.2098272891991063e-05,1.363805307824447e-05,3.129709642417448e-08,0.3,10193417.840773376,-16.642003805732934
319.15000000000003,4,cGDL,-16.64208647751292,0.0,9.978181726235825,0.00012855555274245552,0.00012855555274245552,0.0,0.0,0.0,0.0,0.8,0.0,1.2098264677937772e-05,1.3638043818766216e-05,3.129696550417331e-08,0.3,10193417.840773376,-16.64210332255769
319.25,4,cGDL,-16.64218614996213,0.0,9.97824742952046,0.00012685287630555855,0.00012685287630555855,0.0,0.0,0.0,0.0,0.8,0.0,1.2098256451052727e-05,1.3638034544823074e-05,3.129683437993927e-08,0.3,10193417.840773376,-16.6422029948779
319.35,4,cGDL,-16.642285977901736,0.0,9.978313132840944,0.0001251501986576976,0.0001251501986576976,0.0,0.0,0.0,0.0,0.8,0.0,1.209824821133603e-05,1.3638025256415163e-05,3.1296703051475403e-08,0.3,10193417.840773376,-16.642302822692358
319.45,4,cGDL,-16.642385961330547,0.0,9.978378836197336,0.00012344751979776679,0.00012344751979776679,0.0,0.0,0.0,0.0,0.8,0.0,1.2098239958787791e-05,1.3638015953542599e-05,3.129657151878477e-08,0.3,10193417.840773376,-16.642402805999918
319.54999999999995,4,cGDL,-16.642486100247424,0.0,9.9784445395897,0.00012174483972465917,0.00012174483972465917,0.0,0.0,0.0,0.0,0.8,0.0,1.209823169340812e-05,1.3638006636205517e-05,3.1296439781870433e-08,0.3,10193417.840773376,-16.64250294479945
319.65,4,cGDL,-16.642586394651346,0.0,9.978510243018102,0.00012004215843726792,0.00012004215843726792,0.0,0.0,0.0,0.0,0.8,0.0,1.20982234151971e-05,1.3637997304404006e-05,3.129630784073524e-08,0.3,10193417.840773376,-16.642603239089876
319.74999999999994,4,cGDL,-16.64268684454123,0.0,9.9785759464826,0.00011833947593448713,0.00011833947593448713,0.0,0.0,0.0,0.0,0.8,0.0,1.2098215124154848e-05,1.3637987958138191e-05,3.129617569538214e-08,0.3,10193417.840773376,-16.642703688870142
319.85,4,cGDL,-16.642787449916057,0.0,9.97864164998326,0.00011663679221521038,0.00011663679221521038,0.0,0.0,0.0,0.0,0.8,0.0,1.2098206820281448e-05,1.3637978597408179e-05,3.129604334581403e-08,0.3,10193417.840773376,-16.642804294139243
319.94999999999993,4,cGDL,-16.642888210774856,0.0,9.978707353520143,0.00011493410727833133,0.00011493410727833133,0.0,0.0,0.0,0.0,0.8,0.0,1.2098198503576994e-05,1.3637969222214066e-05,3.1295910792033724e-08,0.3,10193417.840773376,-16.64290505489619
320.05,4,cGDL,-16.64298912711672,0.0,9.978773057093314,0.00011323142112274357,0.00011323142112274357,0.0,0.0,0.0,0.0,0.8,0.0,1.2098190174041576e-05,1.363795983255596e-05,3.129577803404391e-08,0.3,10193417.840773376,-16.64300597114005
320.1499999999999,4,cGDL,-16.64309019894074,0.0,9.978838760702835,0.00011152873374734077,0.00011152873374734077,0.0,0.0,0.0,0.0,0.8,0.0,1.209818183167528e-05,1.363795042843395e-05,3.129564507184737e-08,0.3,10193417.840773376,-16.64310704286991
320.25,4,cGDL,-16.64319142624595,0.0,9.97890446434877,0.00010982604515101653,0.00010982604515101653,0.0,0.0,0.0,0.0,0.8,0.0,1.2098173476478188e-05,1.363794100984814e-05,3.12955119054469e-08,0.3,10193417.840773376,-16.643208270084905
320.34999999999997,4,cGDL,-16.643292809031664,0.0,9.978970168031179,0.0001081233553326645,0.0001081233553326645,0.0,0.0,0.0,0.0,0.8,0.0,1.2098165108450376e-05,1.3637931576798607e-05,3.129537853484493e-08,0.3,10193417.840773376,-16.643309652784197
320.45,4,cGDL,-16.643394347296976,0.0,9.979035871750128,0.00010642066429117834,0.00010642066429117834,0.0,0.0,0.0,0.0,0.8,0.0,1.2098156727591929e-05,1.3637922129285448e-05,3.1295244960044224e-08,0.3,10193417.840773376,-16.643411190966987
320.54999999999995,4,cGDL,-16.643496041041203,0.0,9.979101575505677,0.00010471797202545167,0.00010471797202545167,0.0,0.0,0.0,0.0,0.8,0.0,1.2098148333902915e-05,1.3637912667308742e-05,3.1295111181047213e-08,0.3,10193417.840773376,-16.64351288463251
320.65000000000003,4,cGDL,-16.64359789026355,0.0,9.979167279297892,0.00010301527853437814,0.00010301527853437814,0.0,0.0,0.0,0.0,0.8,0.0,1.2098139927383413e-05,1.3637903190868573e-05,3.129497719785654e-08,0.3,10193417.840773376,-16.643614733780048
320.74999999999994,4,cGDL,-16.64369989496339,0.0,9.979232983126835,0.00010131258381685141,0.00010131258381685141,0.0,0.0,0.0,0.0,0.8,0.0,1.2098131508033484e-05,1.3637893699965017e-05,3.1294843010474505e-08,0.3,10193417.840773376,-16.6437167384089
320.85,4,cGDL,-16.643802055139986,0.0,9.979298686992566,9.960988787176512e-05,9.960988787176512e-05,0.0,0.0,0.0,0.0,0.8,0.0,1.2098123075853198e-05,1.363788419459815e-05,3.129470861890366e-08,0.3,10193417.840773376,-16.64381889851841
320.95,4,cGDL,-16.643904370792825,0.0,9.979364390895153,9.790719069801292e-05,9.790719069801292e-05,0.0,0.0,0.0,0.0,0.8,0.0,1.209811463084261e-05,1.3637874674768034e-05,3.129457402314629e-08,0.3,10193417.840773376,-16.643921214107962
321.05,4,cGDL,-16.644006841921225,0.0,9.979430094834655,9.620449229448846e-05,9.620449229448846e-05,0.0,0.0,0.0,0.0,0.8,0.0,1.2098106173001794e-05,1.3637865140474749e-05,3.129443922320482e-08,0.3,10193417.840773376,-16.64402368517696
321.15,4,cGDL,-16.644109468524675,0.0,9.979495798811136,9.450179266008542e-05,9.450179266008542e-05,0.0,0.0,0.0,0.0,0.8,0.0,1.2098097702330792e-05,1.3637855591718347e-05,3.1294304219081485e-08,0.3,10193417.840773376,-16.64412631172487
321.25000000000006,4,cGDL,-16.64421225060272,0.0,9.97956150282466,9.27990917936974e-05,9.27990917936974e-05,0.0,0.0,0.0,0.0,0.8,0.0,1.2098089218829664e-05,1.3637846028498895e-05,3.129416901077841e-08,0.3,10193417.840773376,-16.644229093751168
321.34999999999997,4,cGDL,-16.644315188154792,0.0,9.97962720687529,9.109638969421811e-05,9.109638969421811e-05,0.0,0.0,0.0,0.0,0.8,0.0,1.2098080722498464e-05,1.363783645081645e-05,3.129403359829797e-08,0.3,10193417.840773376,-16.644332031255374
321.45000000000005,4,cGDL,-16.644418281180492,0.0,9.979692910963086,8.939368636054115e-05,8.939368636054115e-05,0.0,0.0,0.0,0.0,0.8,0.0,1.2098072213337235e-05,1.3637826858671064e-05,3.129389798164227e-08,0.3,10193417.840773376,-16.64443512423705
321.54999999999995,4,cGDL,-16.644521529679423,0.0,9.979758615088114,8.76909817915602e-05,8.76909817915602e-05,0.0,0.0,0.0,0.0,0.8,0.0,1.2098063691346022e-05,1.363781725206279e-05,3.129376216081334e-08,0.3,10193417.840773376,-16.644538372695784
321.65,4,cGDL,-16.644624933651187,0.0,9.979824319250437,8.598827598616936e-05,8.598827598616936e-05,0.0,0.0,0.0,0.0,0.8,0.0,1.2098055156524872e-05,1.3637807630991676e-05,3.12936261358133e-08,0.3,10193417.840773376,-16.644641776631207
321.75,4,cGDL,-16.6447284930955,0.0,9.979890023450116,8.428556894326183e-05,8.428556894326183e-05,0.0,0.0,0.0,0.0,0.8,0.0,1.2098046608873821e-05,1.3637797995457763e-05,3.129348990664415e-08,0.3,10193417.840773376,-16.64474533604298
321.8499999999999,4,cGDL,-16.64483220801202,0.0,9.979955727687216,8.258286066173076e-05,8.258286066173076e-05,0.0,0.0,0.0,0.0,0.8,0.0,1.2098038048392906e-05,1.3637788345461094e-05,3.129335347330788e-08,0.3,10193417.840773376,-16.644849050930805
321.95,4,cGDL,-16.644936078400463,0.0,9.980021431961799,8.088015114047028e-05,8.088015114047028e-05,0.0,0.0,0.0,0.0,0.8,0.0,1.209802947508216e-05,1.363777868100171e-05,3.1293216835806416e-08,0.3,10193417.840773376,-16.64495292129441
322.04999999999995,4,cGDL,-16.64504010426066,0.0,9.980087136273927,7.917744037837402e-05,7.917744037837402e-05,0.0,0.0,0.0,0.0,0.8,0.0,1.2098020888941615e-05,1.3637769002079637e-05,3.129307999414162e-08,0.3,10193417.840773376,-16.645056947133572
322.15,4,cGDL,-16.645144285592323,0.0,9.980152840623663,7.747472837433563e-05,7.747472837433563e-05,0.0,0.0,0.0,0.0,0.8,0.0,1.2098012289971295e-05,1.3637759308694916e-05,3.1292942948315465e-08,0.3,10193417.840773376,-16.645161128448088
322.24999999999994,4,cGDL,-16.6452486223954,0.0,9.980218545011072,7.577201512724872e-05,7.577201512724872e-05,0.0,0.0,0.0,0.0,0.8,0.0,1.2098003678171232e-05,1.363774960084757e-05,3.1292805698329545e-08,0.3,10193417.840773376,-16.645265465237802
322.35,4,cGDL,-16.645353114669774,0.0,9.980284249436215,7.406930063600692e-05,7.406930063600692e-05,0.0,0.0,0.0,0.0,0.8,0.0,1.2097995053541437e-05,1.3637739878537618e-05,3.1292668244185677e-08,0.3,10193417.840773376,-16.64536995750259
322.44999999999993,4,cGDL,-16.64545776241522,0.0,9.980349953899156,7.236658489950386e-05,7.236658489950386e-05,0.0,0.0,0.0,0.0,0.8,0.0,1.2097986416081942e-05,1.3637730141765098e-05,3.129253058588569e-08,0.3,10193417.840773376,-16.64547460524237
322.55,4,cGDL,-16.64556256563185,0.0,9.980415658399957,7.066386791663315e-05,7.066386791663315e-05,0.0,0.0,0.0,0.0,0.8,0.0,1.2097977765792746e-05,1.3637720390530007e-05,3.129239272343108e-08,0.3,10193417.840773376,-16.645579408457074
322.65,4,cGDL,-16.645667524319492,0.0,9.980481362938683,6.896114968628841e-05,6.896114968628841e-05,0.0,0.0,0.0,0.0,0.8,0.0,1.2097969102673883e-05,1.3637710624832377e-05,3.1292254656823634e-08,0.3,10193417.840773376,-16.645684367146693
322.75,4,cGDL,-16.645772638478263,0.0,9.980547067515396,6.725843020736325e-05,6.725843020736325e-05,0.0,0.0,0.0,0.0,0.8,0.0,1.2097960426725352e-05,1.3637700844672214e-05,3.1292116386064816e-08,0.3,10193417.840773376,-16.64578948131124
322.84999999999997,4,cGDL,-16.64587790810822,0.0,9.980612772130158,6.555570947875127e-05,6.555570947875127e-05,0.0,0.0,0.0,0.0,0.8,0.0,1.2097951737947156e-05,1.3637691050049522e-05,3.1291977911156176e-08,0.3,10193417.840773376,-16.645894750950774
322.95,4,cGDL,-16.645983333209415,0.0,9.980678476783032,6.385298749934605e-05,6.385298749934605e-05,0.0,0.0,0.0,0.0,0.8,0.0,1.2097943036339308e-05,1.3637681240964312e-05,3.129183923209924e-08,0.3,10193417.840773376,-16.64600017606537
323.04999999999995,4,cGDL,-16.646088913782023,0.0,9.980744181474083,6.215026426804119e-05,6.215026426804119e-05,0.0,0.0,0.0,0.0,0.8,0.0,1.2097934321901805e-05,1.3637671417416578e-05,3.129170034889535e-08,0.3,10193417.840773376,-16.64610575665516
323.15000000000003,4,cGDL,-16.6461946498261,0.0,9.980809886203371,6.044753978373025e-05,6.044753978373025e-05,0.0,0.0,0.0,0.0,0.8,0.0,1.209792559463465e-05,1.3637661579406333e-05,3.1291561261546095e-08,0.3,10193417.840773376,-16.646211492720305
323.24999999999994,4,cGDL,-16.646300541341986,0.0,9.980875590970962,5.874481404530683e-05,5.874481404530683e-05,0.0,0.0,0.0,0.0,0.8,0.0,1.209791685453783e-05,1.3637651726933553e-05,3.1291421970052615e-08,0.3,10193417.840773376,-16.646317384260993
323.35,4,cGDL,-16.64640658832974,0.0,9.980941295776917,5.704208705166448e-05,5.704208705166448e-05,0.0,0.0,0.0,0.0,0.8,0.0,1.2097908101611351e-05,1.363764185999825e-05,3.1291282474416446e-08,0.3,10193417.840773376,-16.646423431277448
323.45,4,cGDL,-16.646512790789757,0.0,9.9810070006213,5.533935880169677e-05,5.533935880169677e-05,0.0,0.0,0.0,0.0,0.8,0.0,1.2097899335855193e-05,1.3637631978600401e-05,3.12911427746387e-08,0.3,10193417.840773376,-16.64652963376994
323.55,4,cGDL,-16.646619148722323,0.0,9.981072705504173,5.363662929429723e-05,5.363662929429723e-05,0.0,0.0,0.0,0.0,0.8,0.0,1.2097890557269343e-05,1.3637622082739989e-05,3.129100287072061e-08,0.3,10193417.840773376,-16.64663599173877
323.65,4,cGDL,-16.64672566212772,0.0,9.981138410425599,5.19338985283594e-05,5.19338985283594e-05,0.0,0.0,0.0,0.0,0.8,0.0,1.2097881765853795e-05,1.3637612172417005e-05,3.1290862762663444e-08,0.3,10193417.840773376,-16.646742505184267
323.75000000000006,4,cGDL,-16.64683233100635,0.0,9.981204115385642,5.023116650277682e-05,5.023116650277682e-05,0.0,0.0,0.0,0.0,0.8,0.0,1.209787296160852e-05,1.3637602247631424e-05,3.129072245046828e-08,0.3,10193417.840773376,-16.646849174106805
323.84999999999997,4,cGDL,-16.64693915535861,0.0,9.981269820384366,4.852843321644346e-05,4.852843321644346e-05,0.0,0.0,0.0,0.0,0.8,0.0,1.2097864144533499e-05,1.363759230838322e-05,3.129058193413622e-08,0.3,10193417.840773376,-16.64695599850678
323.94999999999993,4,cGDL,-16.64704613518495,0.0,9.981335525421832,4.6825698668252375e-05,4.6825698668252375e-05,0.0,0.0,0.0,0.0,0.8,0.0,1.2097855314628715e-05,1.363758235467237e-05,3.1290441213668325e-08,0.3,10193417.840773376,-16.647062978384643
324.05,4,cGDL,-16.64715327048583,0.0,9.981401230498102,4.5122962857096604e-05,4.5122962857096604e-05,0.0,0.0,0.0,0.0,0.8,0.0,1.2097846471894129e-05,1.363757238649884e-05,3.129030028906558e-08,0.3,10193417.840773376,-16.647170113740863
324.1499999999999,4,cGDL,-16.647260561261817,0.0,9.981466935613241,4.342022578187009e-05,4.342022578187009e-05,0.0,0.0,0.0,0.0,0.8,0.0,1.209783761632972e-05,1.3637562403862594e-05,3.129015916032894e-08,0.3,10193417.840773376,-16.64727740457595
324.25,4,cGDL,-16.647368007513364,0.0,9.981532640767313,4.171748744146631e-05,4.171748744146631e-05,0.0,0.0,0.0,0.0,0.8,0.0,1.2097828747935452e-05,1.3637552406763599e-05,3.129001782745937e-08,0.3,10193417.840773376,-16.647330453994446
324.34999999999997,4,cGDL,-16.6474756092411,0.0,9.981598345960379,4.001474783477873e-05,4.001474783477873e-05,0.0,0.0,0.0,0.0,0.8,0.0,1.2097819866711288e-05,1.3637542395201815e-05,3.128987629045777e-08,0.3,10193417.840773376,-16.64738355523728
324.45,4,cGDL,-16.647583366445645,0.0,9.981664051192501,3.83120069607008e-05,3.83120069607008e-05,0.0,0.0,0.0,0.0,0.8,0.0,1.209781097265719e-05,1.3637532369177196e-05,3.1289734549324886e-08,0.3,10193417.840773376,-16.647436708304472
324.54999999999995,4,cGDL,-16.647691279127685,0.0,9.981729756463745,3.6609264818125966e-05,3.6609264818125966e-05,0.0,0.0,0.0,0.0,0.8,0.0,1.2097802065773115e-05,1.3637522328689693e-05,3.128959260406151e-08,0.3,10193417.840773376,-16.64748991319605
324.65,4,cGDL,-16.647799347287844,0.0,9.981795461774173,3.490652140594765e-05,3.490652140594765e-05,0.0,0.0,0.0,0.0,0.8,0.0,1.2097793146059021e-05,1.3637512273739262e-05,3.128945045466843e-08,0.3,10193417.840773376,-16.647543169912034
324.74999999999994,4,cGDL,-16.64790757092686,0.0,9.981861167123846,3.320377672305926e-05,3.320377672305926e-05,0.0,0.0,0.0,0.0,0.8,0.0,1.209778421351486e-05,1.3637502204325845e-05,3.128930810114637e-08,0.3,10193417.840773376,-16.647596478452474
324.85,4,cGDL,-16.648015950045533,0.0,9.98192687251283,3.15010307683542e-05,3.15010307683542e-05,0.0,0.0,0.0,0.0,0.8,0.0,1.209777526814058e-05,1.363749212044938e-05,3.128916554349587e-08,0.3,10193417.840773376,-16.647649838817404
324.94999999999993,4,cGDL,-16.648124484644597,0.0,9.981992577941186,2.979828354072586e-05,2.979828354072586e-05,0.0,0.0,0.0,0.0,0.8,0.0,1.2097766309936132e-05,1.3637482022109822e-05,3.1289022781717645e-08,0.3,10193417.840773376,-16.647703251006888
325.05,4,cGDL,-16.64823317472485,0.0,9.982058283408977,2.809553503906761e-05,2.809553503906761e-05,0.0,0.0,0.0,0.0,0.8,0.0,1.2097757338901459e-05,1.3637471909307098e-05,3.128887981581234e-08,0.3,10193417.840773376,-16.64775671502097
325.15,4,cGDL,-16.64834202028726,0.0,9.982123988916268,2.639278526227281e-05,2.639278526227281e-05,0.0,0.0,0.0,0.0,0.8,0.0,1.2097748355036495e-05,1.3637461782041139e-05,3.1288736645780286e-08,0.3,10193417.840773376,-16.647810230859733
325.25,4,cGDL,-16.648451021332676,0.0,9.98218969446312,2.4690034209234796e-05,2.4690034209234796e-05,0.0,0.0,0.0,0.0,0.8,0.0,1.2097739358341184e-05,1.3637451640311882e-05,3.128859327162207e-08,0.3,10193417.840773376,-16.64786379852324
325.34999999999997,4,cGDL,-16.64856017786201,0.0,9.982255400049597,2.29872818788469e-05,2.29872818788469e-05,0.0,0.0,0.0,0.0,0.8,0.0,1.2097730348815464e-05,1.3637441484119251e-05,3.128844969333815e-08,0.3,10193417.840773376,-16.647917418011573
325.45000000000005,4,cGDL,-16.648669489876227,0.0,9.98232110567576,2.1284528270002424e-05,2.1284528270002424e-05,0.0,0.0,0.0,0.0,0.8,0.0,1.2097721326459263e-05,1.3637431313463167e-05,3.1288305910928874e-08,0.3,10193417.840773376,-16.647971089324816
325.54999999999995,4,cGDL,-16.64877895737635,0.0,9.982386811341676,1.958177338159467e-05,1.958177338159467e-05,0.0,0.0,0.0,0.0,0.8,0.0,1.2097712291272512e-05,1.3637421128343559e-05,3.128816192439459e-08,0.3,10193417.840773376,-16.64802481246307
325.65000000000003,4,cGDL,-16.64888858036346,0.0,9.982452517047404,1.7879017212516917e-05,1.7879017212516917e-05,0.0,0.0,0.0,0.0,0.8,0.0,1.2097703243255132e-05,1.3637410928760332e-05,3.1288017733735585e-08,0.3,10193417.840773376,-16.648078587426433
325.75,4,cGDL,-16.648998358838526,0.0,9.982518222793011,1.617625976166242e-05,1.617625976166242e-05,0.0,0.0,0.0,0.0,0.8,0.0,1.2097694182407063e-05,1.3637400714713415e-05,3.1287873338952216e-08,0.3,10193417.840773376,-16.648132414215013
325.85,4,cGDL,-16.649108292802737,0.0,9.982583928578556,1.4473501027924424e-05,1.4473501027924424e-05,0.0,0.0,0.0,0.0,0.8,0.0,1.2097685108728205e-05,1.3637390486202704e-05,3.1287728740044594e-08,0.3,10193417.840773376,-16.648186292828928
325.95,4,cGDL,-16.649218382257175,0.0,9.982649634404105,1.2770741010196157e-05,1.2770741010196157e-05,0.0,0.0,0.0,0.0,0.8,0.0,1.2097676022218495e-05,1.3637380243228123e-05,3.128758393701298e-08,0.3,10193417.840773376,-16.648240223268296
326.05,4,cGDL,-16.649328627203033,0.0,9.982715340269719,1.1067979707370825e-05,1.1067979707370825e-05,0.0,0.0,0.0,0.0,0.8,0.0,1.2097666922877837e-05,1.3637369985789564e-05,3.128743892985748e-08,0.3,10193417.840773376,-16.64829420553325
326.15,4,cGDL,-16.649439027641563,0.0,9.982781046175463,9.36521711834208e-06,9.36521711834208e-06,0.0,0.0,0.0,0.0,0.8,0.0,1.2097657810706147e-05,1.3637359713886929e-05,3.128729371857817e-08,0.3,10193417.840773376,-16.648348239623925
326.24999999999994,4,cGDL,-16.649549583574014,0.0,9.982846752121397,7.662453242002625e-06,7.662453242002625e-06,0.0,0.0,0.0,0.0,0.8,0.0,1.2097648685703329e-05,1.3637349427520119e-05,3.128714830317503e-08,0.3,10193417.840773376,-16.648402325540467
326.34999999999997,4,cGDL,-16.649660295001638,0.0,9.982912458107586,5.9596880772451565e-06,5.9596880772451565e-06,0.0,0.0,0.0,0.0,0.8,0.0,1.2097639547869298e-05,1.3637339126689026e-05,3.128700268364815e-08,0.3,10193417.840773376,-16.648456463283022
326.44999999999993,4,cGDL,-16.64977116192574,0.0,9.982978164134096,4.256921622963264e-06,4.256921622963264e-06,0.0,0.0,0.0,0.0,0.8,0.0,1.2097630397203954e-05,1.3637328811393547e-05,3.1286856859997496e-08,0.3,10193417.840773376,-16.64851065285175
326.55,4,cGDL,-16.64988218434769,0.0,9.983043870200984,2.554153878050059e-06,2.554153878050059e-06,0.0,0.0,0.0,0.0,0.8,0.0,1.2097621233707198e-05,1.3637318481633569e-05,3.128671083222293e-08,0.3,10193417.840773376,-16.648564894246817
326.6499999999999,4,cGDL,-16.649993362268845,0.0,9.983109576308317,8.513848413986332e-07,8.513848413986332e-07,0.0,0.0,0.0,0.0,0.8,0.0,1.209761205737893e-05,1.3637308137408979e-05,3.128656460032439e-08,0.3,10193417.840773376,-16.648619187468395
